
 /----------------------------------------------------------------------------\
 |  yosys -- Yosys Open SYnthesis Suite                                       |
 |  Copyright (C) 2012 - 2026  Claire Xenia Wolf <claire@yosyshq.com>         |
 |  Distributed under an ISC-like license, type "license" to see terms        |
 \----------------------------------------------------------------------------/
 Yosys 0.66+91 (git sha1 8869ce61d, Release, Clang /usr/local/osxcross/target/bin/aarch64-apple-darwin23.5-clang++ 18.1.8)

-- Running command `read_verilog rtl/uart_rx.v rtl/uart_tx.v rtl/message_rx.v rtl/message_tx.v rtl/report_fifo.v rtl/order_book_side.v rtl/matching_engine.v rtl/top.v; synth_gowin -top top -json build/report.json; stat' --

1. Executing Verilog-2005 frontend: rtl/uart_rx.v
Parsing Verilog input from `rtl/uart_rx.v' to AST representation.
Generating RTLIL representation for module `\uart_rx'.
Successfully finished Verilog frontend.

2. Executing Verilog-2005 frontend: rtl/uart_tx.v
Parsing Verilog input from `rtl/uart_tx.v' to AST representation.
Generating RTLIL representation for module `\uart_tx'.
Successfully finished Verilog frontend.

3. Executing Verilog-2005 frontend: rtl/message_rx.v
Parsing Verilog input from `rtl/message_rx.v' to AST representation.
Generating RTLIL representation for module `\message_rx'.
Successfully finished Verilog frontend.

4. Executing Verilog-2005 frontend: rtl/message_tx.v
Parsing Verilog input from `rtl/message_tx.v' to AST representation.
Generating RTLIL representation for module `\message_tx'.
Successfully finished Verilog frontend.

5. Executing Verilog-2005 frontend: rtl/report_fifo.v
Parsing Verilog input from `rtl/report_fifo.v' to AST representation.
Generating RTLIL representation for module `\report_fifo'.
Successfully finished Verilog frontend.

6. Executing Verilog-2005 frontend: rtl/order_book_side.v
Parsing Verilog input from `rtl/order_book_side.v' to AST representation.
Generating RTLIL representation for module `\order_book_side'.
Successfully finished Verilog frontend.

7. Executing Verilog-2005 frontend: rtl/matching_engine.v
Parsing Verilog input from `rtl/matching_engine.v' to AST representation.
Generating RTLIL representation for module `\matching_engine'.
Successfully finished Verilog frontend.

8. Executing Verilog-2005 frontend: rtl/top.v
Parsing Verilog input from `rtl/top.v' to AST representation.
Generating RTLIL representation for module `\top'.
Successfully finished Verilog frontend.

9. Executing SYNTH_GOWIN pass.

9.1. Executing Verilog-2005 frontend: /Users/paoloverwey/oss-cad-suite/libexec/../share/yosys/gowin/cells_sim.v
Parsing Verilog input from `/Users/paoloverwey/oss-cad-suite/libexec/../share/yosys/gowin/cells_sim.v' to AST representation.
Generating RTLIL representation for module `\LUT1'.
Generating RTLIL representation for module `\LUT2'.
Generating RTLIL representation for module `\LUT3'.
Generating RTLIL representation for module `\LUT4'.
Generating RTLIL representation for module `\__APICULA_LUT5'.
Generating RTLIL representation for module `\__APICULA_LUT6'.
Generating RTLIL representation for module `\__APICULA_LUT7'.
Generating RTLIL representation for module `\__APICULA_LUT8'.
Generating RTLIL representation for module `\MUX2'.
Generating RTLIL representation for module `\MUX2_LUT5'.
Generating RTLIL representation for module `\MUX2_LUT6'.
Generating RTLIL representation for module `\MUX2_LUT7'.
Generating RTLIL representation for module `\MUX2_LUT8'.
Generating RTLIL representation for module `\DFF'.
Generating RTLIL representation for module `\DFFE'.
Generating RTLIL representation for module `\DFFS'.
Generating RTLIL representation for module `\DFFSE'.
Generating RTLIL representation for module `\DFFR'.
Generating RTLIL representation for module `\DFFRE'.
Generating RTLIL representation for module `\DFFP'.
Generating RTLIL representation for module `\DFFPE'.
Generating RTLIL representation for module `\DFFC'.
Generating RTLIL representation for module `\DFFCE'.
Generating RTLIL representation for module `\DFFN'.
Generating RTLIL representation for module `\DFFNE'.
Generating RTLIL representation for module `\DFFNS'.
Generating RTLIL representation for module `\DFFNSE'.
Generating RTLIL representation for module `\DFFNR'.
Generating RTLIL representation for module `\DFFNRE'.
Generating RTLIL representation for module `\DFFNP'.
Generating RTLIL representation for module `\DFFNPE'.
Generating RTLIL representation for module `\DFFNC'.
Generating RTLIL representation for module `\DFFNCE'.
Generating RTLIL representation for module `\DL'.
Generating RTLIL representation for module `\DLN'.
Generating RTLIL representation for module `\DLE'.
Generating RTLIL representation for module `\DLNE'.
Generating RTLIL representation for module `\DLC'.
Generating RTLIL representation for module `\DLCE'.
Generating RTLIL representation for module `\DLNC'.
Generating RTLIL representation for module `\DLNCE'.
Generating RTLIL representation for module `\DLP'.
Generating RTLIL representation for module `\DLPE'.
Generating RTLIL representation for module `\DLNP'.
Generating RTLIL representation for module `\DLNPE'.
Generating RTLIL representation for module `\VCC'.
Generating RTLIL representation for module `\GND'.
Generating RTLIL representation for module `\IBUF'.
Generating RTLIL representation for module `\OBUF'.
Generating RTLIL representation for module `\TBUF'.
Generating RTLIL representation for module `\IOBUF'.
Generating RTLIL representation for module `\ELVDS_OBUF'.
Generating RTLIL representation for module `\TLVDS_OBUF'.
Generating RTLIL representation for module `\OSER4'.
Generating RTLIL representation for module `\OSER4_MEM'.
Generating RTLIL representation for module `\OSER8'.
Generating RTLIL representation for module `\OSER10'.
Generating RTLIL representation for module `\OVIDEO'.
Generating RTLIL representation for module `\OSER16'.
Generating RTLIL representation for module `\IDES4'.
Generating RTLIL representation for module `\IDES4_MEM'.
Generating RTLIL representation for module `\IDES8'.
Generating RTLIL representation for module `\IDES10'.
Generating RTLIL representation for module `\IVIDEO'.
Generating RTLIL representation for module `\IDES16'.
Generating RTLIL representation for module `\IDDR'.
Generating RTLIL representation for module `\IDDRC'.
Generating RTLIL representation for module `\DQS'.
Generating RTLIL representation for module `\ODDR'.
Generating RTLIL representation for module `\ODDRC'.
Generating RTLIL representation for module `\GSR'.
Generating RTLIL representation for module `\BANDGAP'.
Generating RTLIL representation for module `\ALU'.
Generating RTLIL representation for module `\RAM16S1'.
Generating RTLIL representation for module `\RAM16S2'.
Generating RTLIL representation for module `\RAM16S4'.
Generating RTLIL representation for module `\RAM16SDP1'.
Generating RTLIL representation for module `\RAM16SDP2'.
Generating RTLIL representation for module `\RAM16SDP4'.
Generating RTLIL representation for module `\SP'.
Generating RTLIL representation for module `\SPX9'.
Generating RTLIL representation for module `\SDP'.
Generating RTLIL representation for module `\SDPX9'.
Generating RTLIL representation for module `\DP'.
Generating RTLIL representation for module `\DPX9'.
Generating RTLIL representation for module `\rPLL'.
Generating RTLIL representation for module `\PLLVR'.
Generating RTLIL representation for module `\OSC'.
Generating RTLIL representation for module `\OSCZ'.
Generating RTLIL representation for module `\OSCF'.
Generating RTLIL representation for module `\OSCH'.
Generating RTLIL representation for module `\OSCW'.
Generating RTLIL representation for module `\OSCO'.
Generating RTLIL representation for module `\EMCU'.
Successfully finished Verilog frontend.

9.2. Executing Verilog-2005 frontend: /Users/paoloverwey/oss-cad-suite/libexec/../share/yosys/gowin/cells_xtra_gw1n.v
Parsing Verilog input from `/Users/paoloverwey/oss-cad-suite/libexec/../share/yosys/gowin/cells_xtra_gw1n.v' to AST representation.
Generating RTLIL representation for module `\LUT5'.
Generating RTLIL representation for module `\LUT6'.
Generating RTLIL representation for module `\LUT7'.
Generating RTLIL representation for module `\LUT8'.
Generating RTLIL representation for module `\INV'.
Generating RTLIL representation for module `\IODELAY'.
Generating RTLIL representation for module `\IEM'.
Generating RTLIL representation for module `\ROM16'.
Generating RTLIL representation for module `\ROM'.
Generating RTLIL representation for module `\ROMX9'.
Generating RTLIL representation for module `\pROM'.
Generating RTLIL representation for module `\pROMX9'.
Generating RTLIL representation for module `\SDPB'.
Generating RTLIL representation for module `\SDPX9B'.
Generating RTLIL representation for module `\DPB'.
Generating RTLIL representation for module `\DPX9B'.
Generating RTLIL representation for module `\PADD18'.
Generating RTLIL representation for module `\PADD9'.
Generating RTLIL representation for module `\MULT9X9'.
Generating RTLIL representation for module `\MULT18X18'.
Generating RTLIL representation for module `\MULT36X36'.
Generating RTLIL representation for module `\MULTALU36X18'.
Generating RTLIL representation for module `\MULTADDALU18X18'.
Generating RTLIL representation for module `\MULTALU18X18'.
Generating RTLIL representation for module `\ALU54D'.
Generating RTLIL representation for module `\BUFG'.
Generating RTLIL representation for module `\BUFS'.
Generating RTLIL representation for module `\PLL'.
Generating RTLIL representation for module `\TLVDS_IBUF'.
Generating RTLIL representation for module `\TLVDS_TBUF'.
Generating RTLIL representation for module `\TLVDS_IOBUF'.
Generating RTLIL representation for module `\ELVDS_IBUF'.
Generating RTLIL representation for module `\ELVDS_TBUF'.
Generating RTLIL representation for module `\ELVDS_IOBUF'.
Generating RTLIL representation for module `\MIPI_IBUF'.
Generating RTLIL representation for module `\MIPI_IBUF_HS'.
Generating RTLIL representation for module `\MIPI_IBUF_LP'.
Generating RTLIL representation for module `\MIPI_OBUF'.
Generating RTLIL representation for module `\MIPI_OBUF_A'.
Generating RTLIL representation for module `\ELVDS_IBUF_MIPI'.
Generating RTLIL representation for module `\I3C_IOBUF'.
Generating RTLIL representation for module `\CLKDIV'.
Generating RTLIL representation for module `\DHCEN'.
Generating RTLIL representation for module `\DLLDLY'.
Generating RTLIL representation for module `\FLASH96K'.
Generating RTLIL representation for module `\FLASH256K'.
Generating RTLIL representation for module `\FLASH608K'.
Generating RTLIL representation for module `\DCS'.
Generating RTLIL representation for module `\DQCE'.
Generating RTLIL representation for module `\CLKDIV2'.
Generating RTLIL representation for module `\DHCENC'.
Generating RTLIL representation for module `\FLASH64K'.
Generating RTLIL representation for module `\FLASH64KZ'.
Successfully finished Verilog frontend.

9.3. Executing HIERARCHY pass (managing design hierarchy).

9.3.1. Analyzing design hierarchy..
Top module:  \top
Used module:     \matching_engine
Used module:         \report_fifo
Used module:         \order_book_side
Used module:         \message_tx
Used module:             \uart_tx
Used module:         \message_rx
Used module:             \uart_rx
Parameter \ACC_INCREMENT = 3
Parameter \ACC_MODULUS = 8
Parameter \BAUD_DIVISOR = 234

9.3.2. Executing AST frontend in derive mode using pre-parsed AST for module `\uart_rx'.
Parameter \ACC_INCREMENT = 3
Parameter \ACC_MODULUS = 8
Parameter \BAUD_DIVISOR = 234
Generating RTLIL representation for module `$paramod$a7c3c30138af1325a60904ccdffc2805a4e27d04\uart_rx'.
Parameter \ACC_INCREMENT = 3
Parameter \ACC_MODULUS = 8
Parameter \BAUD_DIVISOR = 234

9.3.3. Executing AST frontend in derive mode using pre-parsed AST for module `\uart_tx'.
Parameter \ACC_INCREMENT = 3
Parameter \ACC_MODULUS = 8
Parameter \BAUD_DIVISOR = 234
Generating RTLIL representation for module `$paramod$a7c3c30138af1325a60904ccdffc2805a4e27d04\uart_tx'.
Parameter \DATA_WIDTH = 64

9.3.4. Executing AST frontend in derive mode using pre-parsed AST for module `\report_fifo'.
Parameter \DATA_WIDTH = 64
Generating RTLIL representation for module `$paramod\report_fifo\DATA_WIDTH=s32'00000000000000000000000001000000'.
Parameter \N = 8
Parameter \DESCENDING = 0

9.3.5. Executing AST frontend in derive mode using pre-parsed AST for module `\order_book_side'.
Parameter \N = 8
Parameter \DESCENDING = 0
Generating RTLIL representation for module `$paramod$a3aa78ed85d09664340a4408971ee05153696140\order_book_side'.
Parameter \N = 8
Parameter \DESCENDING = 1

9.3.6. Executing AST frontend in derive mode using pre-parsed AST for module `\order_book_side'.
Parameter \N = 8
Parameter \DESCENDING = 1
Generating RTLIL representation for module `$paramod$1f27663a425bf4ff6b1e7da55be7e5eff5f5cdf5\order_book_side'.
Parameter \SENTINEL = 8'10101010
Parameter \BAUD_DIVISOR = 234
Parameter \ACC_INCREMENT = 3
Parameter \ACC_MODULUS = 8

9.3.7. Executing AST frontend in derive mode using pre-parsed AST for module `\message_tx'.
Parameter \SENTINEL = 8'10101010
Parameter \BAUD_DIVISOR = 234
Parameter \ACC_INCREMENT = 3
Parameter \ACC_MODULUS = 8
Generating RTLIL representation for module `$paramod$4b94c7d0562a85dcb91aad001c598912e2f3fd02\message_tx'.
Parameter \SENTINEL = 8'10101010
Parameter \BAUD_DIVISOR = 234
Parameter \ACC_INCREMENT = 3
Parameter \ACC_MODULUS = 8

9.3.8. Executing AST frontend in derive mode using pre-parsed AST for module `\message_rx'.
Parameter \SENTINEL = 8'10101010
Parameter \BAUD_DIVISOR = 234
Parameter \ACC_INCREMENT = 3
Parameter \ACC_MODULUS = 8
Generating RTLIL representation for module `$paramod$4b94c7d0562a85dcb91aad001c598912e2f3fd02\message_rx'.

9.3.9. Analyzing design hierarchy..
Top module:  \top
Used module:     \matching_engine
Used module:         $paramod\report_fifo\DATA_WIDTH=s32'00000000000000000000000001000000
Used module:         $paramod$a3aa78ed85d09664340a4408971ee05153696140\order_book_side
Used module:         $paramod$1f27663a425bf4ff6b1e7da55be7e5eff5f5cdf5\order_book_side
Used module:         $paramod$4b94c7d0562a85dcb91aad001c598912e2f3fd02\message_tx
Used module:             \uart_tx
Used module:         $paramod$4b94c7d0562a85dcb91aad001c598912e2f3fd02\message_rx
Used module:             \uart_rx
Parameter \ACC_INCREMENT = 3
Parameter \ACC_MODULUS = 8
Parameter \BAUD_DIVISOR = 234
Found cached RTLIL representation for module `$paramod$a7c3c30138af1325a60904ccdffc2805a4e27d04\uart_tx'.
Parameter \ACC_INCREMENT = 3
Parameter \ACC_MODULUS = 8
Parameter \BAUD_DIVISOR = 234
Found cached RTLIL representation for module `$paramod$a7c3c30138af1325a60904ccdffc2805a4e27d04\uart_rx'.

9.3.10. Analyzing design hierarchy..
Top module:  \top
Used module:     \matching_engine
Used module:         $paramod\report_fifo\DATA_WIDTH=s32'00000000000000000000000001000000
Used module:         $paramod$a3aa78ed85d09664340a4408971ee05153696140\order_book_side
Used module:         $paramod$1f27663a425bf4ff6b1e7da55be7e5eff5f5cdf5\order_book_side
Used module:         $paramod$4b94c7d0562a85dcb91aad001c598912e2f3fd02\message_tx
Used module:             $paramod$a7c3c30138af1325a60904ccdffc2805a4e27d04\uart_tx
Used module:         $paramod$4b94c7d0562a85dcb91aad001c598912e2f3fd02\message_rx
Used module:             $paramod$a7c3c30138af1325a60904ccdffc2805a4e27d04\uart_rx

9.3.11. Analyzing design hierarchy..
Top module:  \top
Used module:     \matching_engine
Used module:         $paramod\report_fifo\DATA_WIDTH=s32'00000000000000000000000001000000
Used module:         $paramod$a3aa78ed85d09664340a4408971ee05153696140\order_book_side
Used module:         $paramod$1f27663a425bf4ff6b1e7da55be7e5eff5f5cdf5\order_book_side
Used module:         $paramod$4b94c7d0562a85dcb91aad001c598912e2f3fd02\message_tx
Used module:             $paramod$a7c3c30138af1325a60904ccdffc2805a4e27d04\uart_tx
Used module:         $paramod$4b94c7d0562a85dcb91aad001c598912e2f3fd02\message_rx
Used module:             $paramod$a7c3c30138af1325a60904ccdffc2805a4e27d04\uart_rx
Removing unused module `\order_book_side'.
Removing unused module `\report_fifo'.
Removing unused module `\message_tx'.
Removing unused module `\message_rx'.
Removing unused module `\uart_tx'.
Removing unused module `\uart_rx'.
Removed 6 unused modules.

9.4. Executing PROC pass (convert processes to netlists).

9.4.1. Executing PROC_CLEAN pass (remove empty switches from decision trees).
Found and cleaned up 8 empty switches in `$paramod$1f27663a425bf4ff6b1e7da55be7e5eff5f5cdf5\order_book_side.$proc$rtl/order_book_side.v:90$865'.
Found and cleaned up 8 empty switches in `$paramod$a3aa78ed85d09664340a4408971ee05153696140\order_book_side.$proc$rtl/order_book_side.v:90$798'.
Cleaned up 16 empty switches.

9.4.2. Executing PROC_RMDEAD pass (remove dead branches from decision trees).
Marked 5 switch rules as full_case in process $proc$rtl/uart_rx.v:48$638 in module $paramod$a7c3c30138af1325a60904ccdffc2805a4e27d04\uart_rx.
Marked 12 switch rules as full_case in process $proc$rtl/matching_engine.v:287$265 in module matching_engine.
Marked 17 switch rules as full_case in process $proc$rtl/message_rx.v:87$922 in module $paramod$4b94c7d0562a85dcb91aad001c598912e2f3fd02\message_rx.
Marked 3 switch rules as full_case in process $proc$rtl/message_tx.v:106$903 in module $paramod$4b94c7d0562a85dcb91aad001c598912e2f3fd02\message_tx.
Marked 23 switch rules as full_case in process $proc$rtl/order_book_side.v:90$865 in module $paramod$1f27663a425bf4ff6b1e7da55be7e5eff5f5cdf5\order_book_side.
Marked 16 switch rules as full_case in process $proc$rtl/order_book_side.v:55$831 in module $paramod$1f27663a425bf4ff6b1e7da55be7e5eff5f5cdf5\order_book_side.
Marked 23 switch rules as full_case in process $proc$rtl/order_book_side.v:90$798 in module $paramod$a3aa78ed85d09664340a4408971ee05153696140\order_book_side.
Marked 16 switch rules as full_case in process $proc$rtl/order_book_side.v:55$764 in module $paramod$a3aa78ed85d09664340a4408971ee05153696140\order_book_side.
Marked 2 switch rules as full_case in process $proc$rtl/report_fifo.v:90$753 in module $paramod\report_fifo\DATA_WIDTH=s32'00000000000000000000000001000000.
Marked 2 switch rules as full_case in process $proc$rtl/report_fifo.v:76$749 in module $paramod\report_fifo\DATA_WIDTH=s32'00000000000000000000000001000000.
Marked 1 switch rules as full_case in process $proc$rtl/report_fifo.v:63$743 in module $paramod\report_fifo\DATA_WIDTH=s32'00000000000000000000000001000000.
Marked 2 switch rules as full_case in process $proc$rtl/report_fifo.v:52$725 in module $paramod\report_fifo\DATA_WIDTH=s32'00000000000000000000000001000000.
Marked 10 switch rules as full_case in process $proc$rtl/uart_tx.v:56$678 in module $paramod$a7c3c30138af1325a60904ccdffc2805a4e27d04\uart_tx.
Removed a total of 0 dead cases.

9.4.3. Executing PROC_PRUNE pass (remove redundant assignments in processes).
Removed 1 redundant assignment.
Promoted 130 assignments to connections.

9.4.4. Executing PROC_INIT pass (extract init attributes).
Found init rule in `$paramod$a7c3c30138af1325a60904ccdffc2805a4e27d04\uart_rx.$proc$rtl/uart_rx.v:36$674'.
  Set init value: \byteReady = 1'0
  Set init value: \uartFrameError = 1'0
  Set init value: \parityError = 1'0
  Set init value: \dataIn = 8'00000000
  Set init value: \rxState = 4'0000
  Set init value: \rxCounter = 13'0000000000000
  Set init value: \rxBitNumber = 3'000
  Set init value: \rxAccumulator = 4'0000
  Set init value: \rxDelayFrames = 13'0000011101010
Found init rule in `\matching_engine.$proc$rtl/matching_engine.v:227$293'.
  Set init value: \sendMessageValid = 1'0
  Set init value: \wr_en = 1'0
  Set init value: \wr_data = 64'0000000000000000000000000000000000000000000000000000000000000000
  Set init value: \rd_en = 1'0
  Set init value: \orderFilled = 1'0
  Set init value: \orderResting = 1'0
  Set init value: \orderRejected = 1'0
  Set init value: \wrongMsgType = 1'0
  Set init value: \wrongMsgSide = 1'0
  Set init value: \matchLoopOverrunError = 1'0
  Set init value: \sentinelErrorLatched = 1'0
  Set init value: \timeOutErrorLatched = 1'0
  Set init value: \checksumErrorLatched = 1'0
  Set init value: \msgTypeOut = 8'00000000
  Set init value: \outcomeOut = 8'00000000
  Set init value: \orderIDOut = 16'0000000000000000
  Set init value: \priceOut = 16'0000000000000000
  Set init value: \quantityOut = 16'0000000000000000
  Set init value: \insertValidBid = 1'0
  Set init value: \removeValidBid = 1'0
  Set init value: \insertValidAsk = 1'0
  Set init value: \removeValidAsk = 1'0
  Set init value: \reduceValidBid = 1'0
  Set init value: \reduceValidAsk = 1'0
  Set init value: \reduceAmountBid = 16'0000000000000000
  Set init value: \reduceAmountAsk = 16'0000000000000000
  Set init value: \globalSeqNum = 16'0000000000000000
  Set init value: \remainingQuantity = 16'0000000000000000
  Set init value: \matchLoopCount = 4'0000
  Set init value: \messageReadyPrev = 1'0
  Set init value: \meState = 4'0000
  Set init value: \drainState = 2'00
Found init rule in `$paramod$4b94c7d0562a85dcb91aad001c598912e2f3fd02\message_rx.$proc$rtl/message_rx.v:66$949'.
  Set init value: \messageReady = 1'0
  Set init value: \sentinelError = 1'0
  Set init value: \timeOutError = 1'0
  Set init value: \checksumError = 1'0
  Set init value: \msgType = 8'00000000
  Set init value: \orderID = 16'0000000000000000
  Set init value: \side = 8'00000000
  Set init value: \price = 16'0000000000000000
  Set init value: \quantity = 16'0000000000000000
  Set init value: \msgState = 4'0000
  Set init value: \checksumAcc = 8'00000000
  Set init value: \byteCounter = 1'0
  Set init value: \byteWaitCounter = 20'00000000000000000000
  Set init value: \byteReadyPrev = 1'0
Found init rule in `$paramod$4b94c7d0562a85dcb91aad001c598912e2f3fd02\message_tx.$proc$rtl/message_tx.v:80$918'.
  Set init value: \txByteValid = 1'0
  Set init value: \txByteData = 8'00000000
  Set init value: \msgType = 8'00000000
  Set init value: \orderID = 16'0000000000000000
  Set init value: \price = 16'0000000000000000
  Set init value: \quantity = 16'0000000000000000
  Set init value: \byteCounter = 1'0
  Set init value: \messageSent = 1'0
  Set init value: \txBusy = 1'0
  Set init value: \sendWhileBusyError = 1'0
  Set init value: \outcome = 8'00000000
  Set init value: \mtxState = 4'0000
  Set init value: \sendMessageValidPrev = 1'0
  Set init value: \txByteConsumedPrev = 1'0
Found init rule in `$paramod$1f27663a425bf4ff6b1e7da55be7e5eff5f5cdf5\order_book_side.$proc$rtl/order_book_side.v:69$889'.
  Set init value: \orderID = 128'00000000000000000000000000000000000000000000000000000000000000000000000000000000000000000000000000000000000000000000000000000000
  Set init value: \price = 128'00000000000000000000000000000000000000000000000000000000000000000000000000000000000000000000000000000000000000000000000000000000
  Set init value: \quantity = 128'00000000000000000000000000000000000000000000000000000000000000000000000000000000000000000000000000000000000000000000000000000000
  Set init value: \valid = 8'00000000
  Set init value: \seqNum = 128'00000000000000000000000000000000000000000000000000000000000000000000000000000000000000000000000000000000000000000000000000000000
  Set init value: \simultaneousOpError = 1'0
  Set init value: \insertFullError = 1'0
  Set init value: \removeEmptyError = 1'0
  Set init value: \reduceEmptyError = 1'0
  Set init value: \overReduceError = 1'0
  Set init value: \insertValidPrev = 1'0
  Set init value: \removeValidPrev = 1'0
Found init rule in `$paramod$a3aa78ed85d09664340a4408971ee05153696140\order_book_side.$proc$rtl/order_book_side.v:69$822'.
  Set init value: \orderID = 128'00000000000000000000000000000000000000000000000000000000000000000000000000000000000000000000000000000000000000000000000000000000
  Set init value: \price = 128'00000000000000000000000000000000000000000000000000000000000000000000000000000000000000000000000000000000000000000000000000000000
  Set init value: \quantity = 128'00000000000000000000000000000000000000000000000000000000000000000000000000000000000000000000000000000000000000000000000000000000
  Set init value: \valid = 8'00000000
  Set init value: \seqNum = 128'00000000000000000000000000000000000000000000000000000000000000000000000000000000000000000000000000000000000000000000000000000000
  Set init value: \simultaneousOpError = 1'0
  Set init value: \insertFullError = 1'0
  Set init value: \removeEmptyError = 1'0
  Set init value: \reduceEmptyError = 1'0
  Set init value: \overReduceError = 1'0
  Set init value: \insertValidPrev = 1'0
  Set init value: \removeValidPrev = 1'0
Found init rule in `$paramod\report_fifo\DATA_WIDTH=s32'00000000000000000000000001000000.$proc$rtl/report_fifo.v:36$755'.
  Set init value: \rd_data = 64'0000000000000000000000000000000000000000000000000000000000000000
  Set init value: \full_latched = 1'0
  Set init value: \mem_flat = 512'00000000000000000000000000000000000000000000000000000000000000000000000000000000000000000000000000000000000000000000000000000000000000000000000000000000000000000000000000000000000000000000000000000000000000000000000000000000000000000000000000000000000000000000000000000000000000000000000000000000000000000000000000000000000000000000000000000000000000000000000000000000000000000000000000000000000000000000000000000000000000000000000000000000000000000000000000000000000000000000000000000000000000000000000000000000
  Set init value: \wr_ptr = 3'000
  Set init value: \rd_ptr = 3'000
  Set init value: \count = 4'0000
Found init rule in `$paramod$a7c3c30138af1325a60904ccdffc2805a4e27d04\uart_tx.$proc$rtl/uart_tx.v:40$716'.
  Set init value: \txByteConsumed = 1'0
  Set init value: \txState = 4'0000
  Set init value: \txCounter = 13'0000000000000
  Set init value: \dataOut = 8'00000000
  Set init value: \txPinRegister = 1'1
  Set init value: \txBitNumber = 3'000
  Set init value: \txAccumulator = 4'0000
  Set init value: \txDelayFrames = 13'0000011101010
  Set init value: \txByteValidPrev = 1'0

9.4.5. Executing PROC_ARST pass (detect async resets in processes).
Found async reset \rst_n in `$paramod\report_fifo\DATA_WIDTH=s32'00000000000000000000000001000000.$proc$rtl/report_fifo.v:90$753'.
Found async reset \rst_n in `$paramod\report_fifo\DATA_WIDTH=s32'00000000000000000000000001000000.$proc$rtl/report_fifo.v:76$749'.
Found async reset \rst_n in `$paramod\report_fifo\DATA_WIDTH=s32'00000000000000000000000001000000.$proc$rtl/report_fifo.v:63$743'.
Found async reset \rst_n in `$paramod\report_fifo\DATA_WIDTH=s32'00000000000000000000000001000000.$proc$rtl/report_fifo.v:52$725'.

9.4.6. Executing PROC_ROM pass (convert switches to ROMs).
Converted 0 switches.
<suppressed ~159 debug messages>

9.4.7. Executing PROC_MUX pass (convert decision trees to multiplexers).
Creating decoders for process `$paramod$a7c3c30138af1325a60904ccdffc2805a4e27d04\uart_rx.$proc$rtl/uart_rx.v:36$674'.
Creating decoders for process `$paramod$a7c3c30138af1325a60904ccdffc2805a4e27d04\uart_rx.$proc$rtl/uart_rx.v:48$638'.
     1/9: $0\rxDelayFrames[12:0]
     2/9: $0\rxAccumulator[3:0]
     3/9: $0\rxBitNumber[2:0]
     4/9: $0\rxCounter[12:0]
     5/9: $0\rxState[3:0]
     6/9: $0\dataIn[7:0]
     7/9: $0\parityError[0:0]
     8/9: $0\uartFrameError[0:0]
     9/9: $0\byteReady[0:0]
Creating decoders for process `\matching_engine.$proc$rtl/matching_engine.v:227$293'.
Creating decoders for process `\matching_engine.$proc$rtl/matching_engine.v:420$289'.
     1/8: $0\rd_en[0:0]
     2/8: $0\sendMessageValid[0:0]
     3/8: $0\drainState[1:0]
     4/8: $0\quantityOut[15:0]
     5/8: $0\priceOut[15:0]
     6/8: $0\orderIDOut[15:0]
     7/8: $0\outcomeOut[7:0]
     8/8: $0\msgTypeOut[7:0]
Creating decoders for process `\matching_engine.$proc$rtl/matching_engine.v:287$265'.
     1/20: $0\wr_en[0:0]
     2/20: $0\reduceValidAsk[0:0]
     3/20: $0\reduceValidBid[0:0]
     4/20: $0\removeValidAsk[0:0]
     5/20: $0\insertValidAsk[0:0]
     6/20: $0\removeValidBid[0:0]
     7/20: $0\insertValidBid[0:0]
     8/20: $0\meState[3:0]
     9/20: $0\matchLoopCount[3:0]
    10/20: $0\remainingQuantity[15:0]
    11/20: $0\globalSeqNum[15:0]
    12/20: $0\reduceAmountAsk[15:0]
    13/20: $0\reduceAmountBid[15:0]
    14/20: $0\matchLoopOverrunError[0:0]
    15/20: $0\wrongMsgSide[0:0]
    16/20: $0\wrongMsgType[0:0]
    17/20: $0\orderRejected[0:0]
    18/20: $0\orderResting[0:0]
    19/20: $0\orderFilled[0:0]
    20/20: $0\wr_data[63:0]
Creating decoders for process `\matching_engine.$proc$rtl/matching_engine.v:283$264'.
     1/1: $0\checksumErrorLatched[0:0]
Creating decoders for process `\matching_engine.$proc$rtl/matching_engine.v:279$263'.
     1/1: $0\timeOutErrorLatched[0:0]
Creating decoders for process `\matching_engine.$proc$rtl/matching_engine.v:275$262'.
     1/1: $0\sentinelErrorLatched[0:0]
Creating decoders for process `\matching_engine.$proc$rtl/matching_engine.v:271$261'.
Creating decoders for process `$paramod$4b94c7d0562a85dcb91aad001c598912e2f3fd02\message_rx.$proc$rtl/message_rx.v:66$949'.
Creating decoders for process `$paramod$4b94c7d0562a85dcb91aad001c598912e2f3fd02\message_rx.$proc$rtl/message_rx.v:87$922'.
     1/13: $0\byteWaitCounter[19:0]
     2/13: $0\byteCounter[0:0]
     3/13: $0\checksumAcc[7:0]
     4/13: $0\msgState[3:0]
     5/13: $0\quantity[15:0]
     6/13: $0\price[15:0]
     7/13: $0\side[7:0]
     8/13: $0\orderID[15:0]
     9/13: $0\msgType[7:0]
    10/13: $0\checksumError[0:0]
    11/13: $0\timeOutError[0:0]
    12/13: $0\sentinelError[0:0]
    13/13: $0\messageReady[0:0]
Creating decoders for process `$paramod$4b94c7d0562a85dcb91aad001c598912e2f3fd02\message_rx.$proc$rtl/message_rx.v:83$921'.
Creating decoders for process `$paramod$4b94c7d0562a85dcb91aad001c598912e2f3fd02\message_tx.$proc$rtl/message_tx.v:80$918'.
Creating decoders for process `$paramod$4b94c7d0562a85dcb91aad001c598912e2f3fd02\message_tx.$proc$rtl/message_tx.v:106$903'.
     1/12: $0\mtxState[3:0]
     2/12: $0\outcome[7:0]
     3/12: $0\sendWhileBusyError[0:0]
     4/12: $0\txBusy[0:0]
     5/12: $0\messageSent[0:0]
     6/12: $0\byteCounter[0:0]
     7/12: $0\quantity[15:0]
     8/12: $0\price[15:0]
     9/12: $0\orderID[15:0]
    10/12: $0\msgType[7:0]
    11/12: $0\txByteData[7:0]
    12/12: $0\txByteValid[0:0]
Creating decoders for process `$paramod$4b94c7d0562a85dcb91aad001c598912e2f3fd02\message_tx.$proc$rtl/message_tx.v:101$902'.
Creating decoders for process `$paramod$1f27663a425bf4ff6b1e7da55be7e5eff5f5cdf5\order_book_side.$proc$rtl/order_book_side.v:69$889'.
Creating decoders for process `$paramod$1f27663a425bf4ff6b1e7da55be7e5eff5f5cdf5\order_book_side.$proc$rtl/order_book_side.v:90$865'.
     1/51: $6\i[31:0]
     2/51: $5\i[31:0]
     3/51: $0\seqNum[127:0] [127:112]
     4/51: $0\seqNum[127:0] [111:96]
     5/51: $0\orderID[127:0] [111:96]
     6/51: $0\quantity[127:0] [111:96]
     7/51: $0\price[127:0] [111:96]
     8/51: $0\valid[7:0] [6]
     9/51: $0\seqNum[127:0] [95:80]
    10/51: $0\orderID[127:0] [95:80]
    11/51: $0\quantity[127:0] [95:80]
    12/51: $0\price[127:0] [95:80]
    13/51: $0\valid[7:0] [5]
    14/51: $0\seqNum[127:0] [79:64]
    15/51: $0\orderID[127:0] [79:64]
    16/51: $0\quantity[127:0] [79:64]
    17/51: $0\price[127:0] [79:64]
    18/51: $0\valid[7:0] [4]
    19/51: $0\seqNum[127:0] [63:48]
    20/51: $0\orderID[127:0] [63:48]
    21/51: $0\quantity[127:0] [63:48]
    22/51: $0\price[127:0] [63:48]
    23/51: $0\valid[7:0] [3]
    24/51: $0\seqNum[127:0] [47:32]
    25/51: $0\orderID[127:0] [47:32]
    26/51: $0\quantity[127:0] [47:32]
    27/51: $0\price[127:0] [47:32]
    28/51: $0\valid[7:0] [2]
    29/51: $0\seqNum[127:0] [31:16]
    30/51: $0\orderID[127:0] [31:16]
    31/51: $0\quantity[127:0] [31:16]
    32/51: $0\price[127:0] [31:16]
    33/51: $0\valid[7:0] [1]
    34/51: $0\quantity[127:0] [127:112]
    35/51: $0\seqNum[127:0] [15:0]
    36/51: $0\orderID[127:0] [15:0]
    37/51: $0\quantity[127:0] [15:0]
    38/51: $0\price[127:0] [15:0]
    39/51: $0\valid[7:0] [0]
    40/51: $2\i[31:0]
    41/51: $1\i[31:0]
    42/51: $0\overReduceError[0:0]
    43/51: $0\reduceEmptyError[0:0]
    44/51: $0\removeEmptyError[0:0]
    45/51: $0\insertFullError[0:0]
    46/51: $0\simultaneousOpError[0:0]
    47/51: $0\price[127:0] [127:112]
    48/51: $3\i[31:0]
    49/51: $0\orderID[127:0] [127:112]
    50/51: $4\i[31:0]
    51/51: $0\valid[7:0] [7]
Creating decoders for process `$paramod$1f27663a425bf4ff6b1e7da55be7e5eff5f5cdf5\order_book_side.$proc$rtl/order_book_side.v:84$864'.
Creating decoders for process `$paramod$1f27663a425bf4ff6b1e7da55be7e5eff5f5cdf5\order_book_side.$proc$rtl/order_book_side.v:55$831'.
     1/16: $16\insertIndex[3:0]
     2/16: $15\insertIndex[3:0]
     3/16: $14\insertIndex[3:0]
     4/16: $13\insertIndex[3:0]
     5/16: $12\insertIndex[3:0]
     6/16: $11\insertIndex[3:0]
     7/16: $10\insertIndex[3:0]
     8/16: $9\insertIndex[3:0]
     9/16: $8\insertIndex[3:0]
    10/16: $7\insertIndex[3:0]
    11/16: $6\insertIndex[3:0]
    12/16: $5\insertIndex[3:0]
    13/16: $4\insertIndex[3:0]
    14/16: $3\insertIndex[3:0]
    15/16: $2\insertIndex[3:0]
    16/16: $1\insertIndex[3:0]
Creating decoders for process `$paramod$a3aa78ed85d09664340a4408971ee05153696140\order_book_side.$proc$rtl/order_book_side.v:69$822'.
Creating decoders for process `$paramod$a3aa78ed85d09664340a4408971ee05153696140\order_book_side.$proc$rtl/order_book_side.v:90$798'.
     1/51: $6\i[31:0]
     2/51: $5\i[31:0]
     3/51: $0\seqNum[127:0] [127:112]
     4/51: $0\seqNum[127:0] [111:96]
     5/51: $0\orderID[127:0] [111:96]
     6/51: $0\quantity[127:0] [111:96]
     7/51: $0\price[127:0] [111:96]
     8/51: $0\valid[7:0] [6]
     9/51: $0\seqNum[127:0] [95:80]
    10/51: $0\orderID[127:0] [95:80]
    11/51: $0\quantity[127:0] [95:80]
    12/51: $0\price[127:0] [95:80]
    13/51: $0\valid[7:0] [5]
    14/51: $0\seqNum[127:0] [79:64]
    15/51: $0\orderID[127:0] [79:64]
    16/51: $0\quantity[127:0] [79:64]
    17/51: $0\price[127:0] [79:64]
    18/51: $0\valid[7:0] [4]
    19/51: $0\seqNum[127:0] [63:48]
    20/51: $0\orderID[127:0] [63:48]
    21/51: $0\quantity[127:0] [63:48]
    22/51: $0\price[127:0] [63:48]
    23/51: $0\valid[7:0] [3]
    24/51: $0\seqNum[127:0] [47:32]
    25/51: $0\orderID[127:0] [47:32]
    26/51: $0\quantity[127:0] [47:32]
    27/51: $0\price[127:0] [47:32]
    28/51: $0\valid[7:0] [2]
    29/51: $0\seqNum[127:0] [31:16]
    30/51: $0\orderID[127:0] [31:16]
    31/51: $0\quantity[127:0] [31:16]
    32/51: $0\price[127:0] [31:16]
    33/51: $0\valid[7:0] [1]
    34/51: $0\quantity[127:0] [127:112]
    35/51: $0\seqNum[127:0] [15:0]
    36/51: $0\orderID[127:0] [15:0]
    37/51: $0\quantity[127:0] [15:0]
    38/51: $0\price[127:0] [15:0]
    39/51: $0\valid[7:0] [0]
    40/51: $2\i[31:0]
    41/51: $1\i[31:0]
    42/51: $0\overReduceError[0:0]
    43/51: $0\reduceEmptyError[0:0]
    44/51: $0\removeEmptyError[0:0]
    45/51: $0\insertFullError[0:0]
    46/51: $0\simultaneousOpError[0:0]
    47/51: $0\price[127:0] [127:112]
    48/51: $3\i[31:0]
    49/51: $0\orderID[127:0] [127:112]
    50/51: $4\i[31:0]
    51/51: $0\valid[7:0] [7]
Creating decoders for process `$paramod$a3aa78ed85d09664340a4408971ee05153696140\order_book_side.$proc$rtl/order_book_side.v:84$797'.
Creating decoders for process `$paramod$a3aa78ed85d09664340a4408971ee05153696140\order_book_side.$proc$rtl/order_book_side.v:55$764'.
     1/16: $16\insertIndex[3:0]
     2/16: $15\insertIndex[3:0]
     3/16: $14\insertIndex[3:0]
     4/16: $13\insertIndex[3:0]
     5/16: $12\insertIndex[3:0]
     6/16: $11\insertIndex[3:0]
     7/16: $10\insertIndex[3:0]
     8/16: $9\insertIndex[3:0]
     9/16: $8\insertIndex[3:0]
    10/16: $7\insertIndex[3:0]
    11/16: $6\insertIndex[3:0]
    12/16: $5\insertIndex[3:0]
    13/16: $4\insertIndex[3:0]
    14/16: $3\insertIndex[3:0]
    15/16: $2\insertIndex[3:0]
    16/16: $1\insertIndex[3:0]
Creating decoders for process `$paramod\report_fifo\DATA_WIDTH=s32'00000000000000000000000001000000.$proc$rtl/report_fifo.v:36$755'.
Creating decoders for process `$paramod\report_fifo\DATA_WIDTH=s32'00000000000000000000000001000000.$proc$rtl/report_fifo.v:90$753'.
     1/1: $0\full_latched[0:0]
Creating decoders for process `$paramod\report_fifo\DATA_WIDTH=s32'00000000000000000000000001000000.$proc$rtl/report_fifo.v:76$749'.
     1/1: $0\count[3:0]
Creating decoders for process `$paramod\report_fifo\DATA_WIDTH=s32'00000000000000000000000001000000.$proc$rtl/report_fifo.v:63$743'.
     1/2: $0\rd_ptr[2:0]
     2/2: $0\rd_data[63:0]
Creating decoders for process `$paramod\report_fifo\DATA_WIDTH=s32'00000000000000000000000001000000.$proc$rtl/report_fifo.v:52$725'.
     1/5: $2$lookahead\mem_flat$724[511:0]$732
     2/5: $2$bitselwrite$pos$rtl/report_fifo.v:56$717[31:0]$731
     3/5: $1$lookahead\mem_flat$724[511:0]$730
     4/5: $1$bitselwrite$pos$rtl/report_fifo.v:56$717[31:0]$729
     5/5: $0\wr_ptr[2:0]
Creating decoders for process `$paramod$a7c3c30138af1325a60904ccdffc2805a4e27d04\uart_tx.$proc$rtl/uart_tx.v:40$716'.
Creating decoders for process `$paramod$a7c3c30138af1325a60904ccdffc2805a4e27d04\uart_tx.$proc$rtl/uart_tx.v:56$678'.
     1/8: $0\txDelayFrames[12:0]
     2/8: $0\txAccumulator[3:0]
     3/8: $0\txBitNumber[2:0]
     4/8: $0\txPinRegister[0:0]
     5/8: $0\dataOut[7:0]
     6/8: $0\txCounter[12:0]
     7/8: $0\txState[3:0]
     8/8: $0\txByteConsumed[0:0]
Creating decoders for process `$paramod$a7c3c30138af1325a60904ccdffc2805a4e27d04\uart_tx.$proc$rtl/uart_tx.v:52$677'.

9.4.8. Executing PROC_DLATCH pass (convert process syncs to latches).
No latch inferred for signal `\matching_engine.\rst_n' from process `\matching_engine.$proc$rtl/matching_engine.v:227$293'.
No latch inferred for signal `\matching_engine.\clear_full' from process `\matching_engine.$proc$rtl/matching_engine.v:227$293'.
No latch inferred for signal `$paramod$1f27663a425bf4ff6b1e7da55be7e5eff5f5cdf5\order_book_side.\insertIndex' from process `$paramod$1f27663a425bf4ff6b1e7da55be7e5eff5f5cdf5\order_book_side.$proc$rtl/order_book_side.v:55$831'.
No latch inferred for signal `$paramod$1f27663a425bf4ff6b1e7da55be7e5eff5f5cdf5\order_book_side.\j' from process `$paramod$1f27663a425bf4ff6b1e7da55be7e5eff5f5cdf5\order_book_side.$proc$rtl/order_book_side.v:55$831'.
No latch inferred for signal `$paramod$a3aa78ed85d09664340a4408971ee05153696140\order_book_side.\insertIndex' from process `$paramod$a3aa78ed85d09664340a4408971ee05153696140\order_book_side.$proc$rtl/order_book_side.v:55$764'.
No latch inferred for signal `$paramod$a3aa78ed85d09664340a4408971ee05153696140\order_book_side.\j' from process `$paramod$a3aa78ed85d09664340a4408971ee05153696140\order_book_side.$proc$rtl/order_book_side.v:55$764'.

9.4.9. Executing PROC_DFF pass (convert process syncs to FFs).
Creating register for signal `$paramod$a7c3c30138af1325a60904ccdffc2805a4e27d04\uart_rx.\byteReady' using process `$paramod$a7c3c30138af1325a60904ccdffc2805a4e27d04\uart_rx.$proc$rtl/uart_rx.v:48$638'.
  created $dff cell `$procdff$4316' with positive edge clock.
Creating register for signal `$paramod$a7c3c30138af1325a60904ccdffc2805a4e27d04\uart_rx.\uartFrameError' using process `$paramod$a7c3c30138af1325a60904ccdffc2805a4e27d04\uart_rx.$proc$rtl/uart_rx.v:48$638'.
  created $dff cell `$procdff$4317' with positive edge clock.
Creating register for signal `$paramod$a7c3c30138af1325a60904ccdffc2805a4e27d04\uart_rx.\parityError' using process `$paramod$a7c3c30138af1325a60904ccdffc2805a4e27d04\uart_rx.$proc$rtl/uart_rx.v:48$638'.
  created $dff cell `$procdff$4318' with positive edge clock.
Creating register for signal `$paramod$a7c3c30138af1325a60904ccdffc2805a4e27d04\uart_rx.\dataIn' using process `$paramod$a7c3c30138af1325a60904ccdffc2805a4e27d04\uart_rx.$proc$rtl/uart_rx.v:48$638'.
  created $dff cell `$procdff$4319' with positive edge clock.
Creating register for signal `$paramod$a7c3c30138af1325a60904ccdffc2805a4e27d04\uart_rx.\rxState' using process `$paramod$a7c3c30138af1325a60904ccdffc2805a4e27d04\uart_rx.$proc$rtl/uart_rx.v:48$638'.
  created $dff cell `$procdff$4320' with positive edge clock.
Creating register for signal `$paramod$a7c3c30138af1325a60904ccdffc2805a4e27d04\uart_rx.\rxCounter' using process `$paramod$a7c3c30138af1325a60904ccdffc2805a4e27d04\uart_rx.$proc$rtl/uart_rx.v:48$638'.
  created $dff cell `$procdff$4321' with positive edge clock.
Creating register for signal `$paramod$a7c3c30138af1325a60904ccdffc2805a4e27d04\uart_rx.\rxBitNumber' using process `$paramod$a7c3c30138af1325a60904ccdffc2805a4e27d04\uart_rx.$proc$rtl/uart_rx.v:48$638'.
  created $dff cell `$procdff$4322' with positive edge clock.
Creating register for signal `$paramod$a7c3c30138af1325a60904ccdffc2805a4e27d04\uart_rx.\rxAccumulator' using process `$paramod$a7c3c30138af1325a60904ccdffc2805a4e27d04\uart_rx.$proc$rtl/uart_rx.v:48$638'.
  created $dff cell `$procdff$4323' with positive edge clock.
Creating register for signal `$paramod$a7c3c30138af1325a60904ccdffc2805a4e27d04\uart_rx.\rxDelayFrames' using process `$paramod$a7c3c30138af1325a60904ccdffc2805a4e27d04\uart_rx.$proc$rtl/uart_rx.v:48$638'.
  created $dff cell `$procdff$4324' with positive edge clock.
Creating register for signal `\matching_engine.\sendMessageValid' using process `\matching_engine.$proc$rtl/matching_engine.v:420$289'.
  created $dff cell `$procdff$4325' with positive edge clock.
Creating register for signal `\matching_engine.\rd_en' using process `\matching_engine.$proc$rtl/matching_engine.v:420$289'.
  created $dff cell `$procdff$4326' with positive edge clock.
Creating register for signal `\matching_engine.\msgTypeOut' using process `\matching_engine.$proc$rtl/matching_engine.v:420$289'.
  created $dff cell `$procdff$4327' with positive edge clock.
Creating register for signal `\matching_engine.\outcomeOut' using process `\matching_engine.$proc$rtl/matching_engine.v:420$289'.
  created $dff cell `$procdff$4328' with positive edge clock.
Creating register for signal `\matching_engine.\orderIDOut' using process `\matching_engine.$proc$rtl/matching_engine.v:420$289'.
  created $dff cell `$procdff$4329' with positive edge clock.
Creating register for signal `\matching_engine.\priceOut' using process `\matching_engine.$proc$rtl/matching_engine.v:420$289'.
  created $dff cell `$procdff$4330' with positive edge clock.
Creating register for signal `\matching_engine.\quantityOut' using process `\matching_engine.$proc$rtl/matching_engine.v:420$289'.
  created $dff cell `$procdff$4331' with positive edge clock.
Creating register for signal `\matching_engine.\drainState' using process `\matching_engine.$proc$rtl/matching_engine.v:420$289'.
  created $dff cell `$procdff$4332' with positive edge clock.
Creating register for signal `\matching_engine.\wr_en' using process `\matching_engine.$proc$rtl/matching_engine.v:287$265'.
  created $dff cell `$procdff$4333' with positive edge clock.
Creating register for signal `\matching_engine.\wr_data' using process `\matching_engine.$proc$rtl/matching_engine.v:287$265'.
  created $dff cell `$procdff$4334' with positive edge clock.
Creating register for signal `\matching_engine.\orderFilled' using process `\matching_engine.$proc$rtl/matching_engine.v:287$265'.
  created $dff cell `$procdff$4335' with positive edge clock.
Creating register for signal `\matching_engine.\orderResting' using process `\matching_engine.$proc$rtl/matching_engine.v:287$265'.
  created $dff cell `$procdff$4336' with positive edge clock.
Creating register for signal `\matching_engine.\orderRejected' using process `\matching_engine.$proc$rtl/matching_engine.v:287$265'.
  created $dff cell `$procdff$4337' with positive edge clock.
Creating register for signal `\matching_engine.\wrongMsgType' using process `\matching_engine.$proc$rtl/matching_engine.v:287$265'.
  created $dff cell `$procdff$4338' with positive edge clock.
Creating register for signal `\matching_engine.\wrongMsgSide' using process `\matching_engine.$proc$rtl/matching_engine.v:287$265'.
  created $dff cell `$procdff$4339' with positive edge clock.
Creating register for signal `\matching_engine.\matchLoopOverrunError' using process `\matching_engine.$proc$rtl/matching_engine.v:287$265'.
  created $dff cell `$procdff$4340' with positive edge clock.
Creating register for signal `\matching_engine.\insertValidBid' using process `\matching_engine.$proc$rtl/matching_engine.v:287$265'.
  created $dff cell `$procdff$4341' with positive edge clock.
Creating register for signal `\matching_engine.\removeValidBid' using process `\matching_engine.$proc$rtl/matching_engine.v:287$265'.
  created $dff cell `$procdff$4342' with positive edge clock.
Creating register for signal `\matching_engine.\insertValidAsk' using process `\matching_engine.$proc$rtl/matching_engine.v:287$265'.
  created $dff cell `$procdff$4343' with positive edge clock.
Creating register for signal `\matching_engine.\removeValidAsk' using process `\matching_engine.$proc$rtl/matching_engine.v:287$265'.
  created $dff cell `$procdff$4344' with positive edge clock.
Creating register for signal `\matching_engine.\reduceValidBid' using process `\matching_engine.$proc$rtl/matching_engine.v:287$265'.
  created $dff cell `$procdff$4345' with positive edge clock.
Creating register for signal `\matching_engine.\reduceValidAsk' using process `\matching_engine.$proc$rtl/matching_engine.v:287$265'.
  created $dff cell `$procdff$4346' with positive edge clock.
Creating register for signal `\matching_engine.\reduceAmountBid' using process `\matching_engine.$proc$rtl/matching_engine.v:287$265'.
  created $dff cell `$procdff$4347' with positive edge clock.
Creating register for signal `\matching_engine.\reduceAmountAsk' using process `\matching_engine.$proc$rtl/matching_engine.v:287$265'.
  created $dff cell `$procdff$4348' with positive edge clock.
Creating register for signal `\matching_engine.\globalSeqNum' using process `\matching_engine.$proc$rtl/matching_engine.v:287$265'.
  created $dff cell `$procdff$4349' with positive edge clock.
Creating register for signal `\matching_engine.\remainingQuantity' using process `\matching_engine.$proc$rtl/matching_engine.v:287$265'.
  created $dff cell `$procdff$4350' with positive edge clock.
Creating register for signal `\matching_engine.\matchLoopCount' using process `\matching_engine.$proc$rtl/matching_engine.v:287$265'.
  created $dff cell `$procdff$4351' with positive edge clock.
Creating register for signal `\matching_engine.\meState' using process `\matching_engine.$proc$rtl/matching_engine.v:287$265'.
  created $dff cell `$procdff$4352' with positive edge clock.
Creating register for signal `\matching_engine.\checksumErrorLatched' using process `\matching_engine.$proc$rtl/matching_engine.v:283$264'.
  created $dff cell `$procdff$4353' with positive edge clock.
Creating register for signal `\matching_engine.\timeOutErrorLatched' using process `\matching_engine.$proc$rtl/matching_engine.v:279$263'.
  created $dff cell `$procdff$4354' with positive edge clock.
Creating register for signal `\matching_engine.\sentinelErrorLatched' using process `\matching_engine.$proc$rtl/matching_engine.v:275$262'.
  created $dff cell `$procdff$4355' with positive edge clock.
Creating register for signal `\matching_engine.\messageReadyPrev' using process `\matching_engine.$proc$rtl/matching_engine.v:271$261'.
  created $dff cell `$procdff$4356' with positive edge clock.
Creating register for signal `$paramod$4b94c7d0562a85dcb91aad001c598912e2f3fd02\message_rx.\messageReady' using process `$paramod$4b94c7d0562a85dcb91aad001c598912e2f3fd02\message_rx.$proc$rtl/message_rx.v:87$922'.
  created $dff cell `$procdff$4357' with positive edge clock.
Creating register for signal `$paramod$4b94c7d0562a85dcb91aad001c598912e2f3fd02\message_rx.\sentinelError' using process `$paramod$4b94c7d0562a85dcb91aad001c598912e2f3fd02\message_rx.$proc$rtl/message_rx.v:87$922'.
  created $dff cell `$procdff$4358' with positive edge clock.
Creating register for signal `$paramod$4b94c7d0562a85dcb91aad001c598912e2f3fd02\message_rx.\timeOutError' using process `$paramod$4b94c7d0562a85dcb91aad001c598912e2f3fd02\message_rx.$proc$rtl/message_rx.v:87$922'.
  created $dff cell `$procdff$4359' with positive edge clock.
Creating register for signal `$paramod$4b94c7d0562a85dcb91aad001c598912e2f3fd02\message_rx.\checksumError' using process `$paramod$4b94c7d0562a85dcb91aad001c598912e2f3fd02\message_rx.$proc$rtl/message_rx.v:87$922'.
  created $dff cell `$procdff$4360' with positive edge clock.
Creating register for signal `$paramod$4b94c7d0562a85dcb91aad001c598912e2f3fd02\message_rx.\msgType' using process `$paramod$4b94c7d0562a85dcb91aad001c598912e2f3fd02\message_rx.$proc$rtl/message_rx.v:87$922'.
  created $dff cell `$procdff$4361' with positive edge clock.
Creating register for signal `$paramod$4b94c7d0562a85dcb91aad001c598912e2f3fd02\message_rx.\orderID' using process `$paramod$4b94c7d0562a85dcb91aad001c598912e2f3fd02\message_rx.$proc$rtl/message_rx.v:87$922'.
  created $dff cell `$procdff$4362' with positive edge clock.
Creating register for signal `$paramod$4b94c7d0562a85dcb91aad001c598912e2f3fd02\message_rx.\side' using process `$paramod$4b94c7d0562a85dcb91aad001c598912e2f3fd02\message_rx.$proc$rtl/message_rx.v:87$922'.
  created $dff cell `$procdff$4363' with positive edge clock.
Creating register for signal `$paramod$4b94c7d0562a85dcb91aad001c598912e2f3fd02\message_rx.\price' using process `$paramod$4b94c7d0562a85dcb91aad001c598912e2f3fd02\message_rx.$proc$rtl/message_rx.v:87$922'.
  created $dff cell `$procdff$4364' with positive edge clock.
Creating register for signal `$paramod$4b94c7d0562a85dcb91aad001c598912e2f3fd02\message_rx.\quantity' using process `$paramod$4b94c7d0562a85dcb91aad001c598912e2f3fd02\message_rx.$proc$rtl/message_rx.v:87$922'.
  created $dff cell `$procdff$4365' with positive edge clock.
Creating register for signal `$paramod$4b94c7d0562a85dcb91aad001c598912e2f3fd02\message_rx.\msgState' using process `$paramod$4b94c7d0562a85dcb91aad001c598912e2f3fd02\message_rx.$proc$rtl/message_rx.v:87$922'.
  created $dff cell `$procdff$4366' with positive edge clock.
Creating register for signal `$paramod$4b94c7d0562a85dcb91aad001c598912e2f3fd02\message_rx.\checksumAcc' using process `$paramod$4b94c7d0562a85dcb91aad001c598912e2f3fd02\message_rx.$proc$rtl/message_rx.v:87$922'.
  created $dff cell `$procdff$4367' with positive edge clock.
Creating register for signal `$paramod$4b94c7d0562a85dcb91aad001c598912e2f3fd02\message_rx.\byteCounter' using process `$paramod$4b94c7d0562a85dcb91aad001c598912e2f3fd02\message_rx.$proc$rtl/message_rx.v:87$922'.
  created $dff cell `$procdff$4368' with positive edge clock.
Creating register for signal `$paramod$4b94c7d0562a85dcb91aad001c598912e2f3fd02\message_rx.\byteWaitCounter' using process `$paramod$4b94c7d0562a85dcb91aad001c598912e2f3fd02\message_rx.$proc$rtl/message_rx.v:87$922'.
  created $dff cell `$procdff$4369' with positive edge clock.
Creating register for signal `$paramod$4b94c7d0562a85dcb91aad001c598912e2f3fd02\message_rx.\byteReadyPrev' using process `$paramod$4b94c7d0562a85dcb91aad001c598912e2f3fd02\message_rx.$proc$rtl/message_rx.v:83$921'.
  created $dff cell `$procdff$4370' with positive edge clock.
Creating register for signal `$paramod$4b94c7d0562a85dcb91aad001c598912e2f3fd02\message_tx.\txByteValid' using process `$paramod$4b94c7d0562a85dcb91aad001c598912e2f3fd02\message_tx.$proc$rtl/message_tx.v:106$903'.
  created $dff cell `$procdff$4371' with positive edge clock.
Creating register for signal `$paramod$4b94c7d0562a85dcb91aad001c598912e2f3fd02\message_tx.\txByteData' using process `$paramod$4b94c7d0562a85dcb91aad001c598912e2f3fd02\message_tx.$proc$rtl/message_tx.v:106$903'.
  created $dff cell `$procdff$4372' with positive edge clock.
Creating register for signal `$paramod$4b94c7d0562a85dcb91aad001c598912e2f3fd02\message_tx.\msgType' using process `$paramod$4b94c7d0562a85dcb91aad001c598912e2f3fd02\message_tx.$proc$rtl/message_tx.v:106$903'.
  created $dff cell `$procdff$4373' with positive edge clock.
Creating register for signal `$paramod$4b94c7d0562a85dcb91aad001c598912e2f3fd02\message_tx.\orderID' using process `$paramod$4b94c7d0562a85dcb91aad001c598912e2f3fd02\message_tx.$proc$rtl/message_tx.v:106$903'.
  created $dff cell `$procdff$4374' with positive edge clock.
Creating register for signal `$paramod$4b94c7d0562a85dcb91aad001c598912e2f3fd02\message_tx.\price' using process `$paramod$4b94c7d0562a85dcb91aad001c598912e2f3fd02\message_tx.$proc$rtl/message_tx.v:106$903'.
  created $dff cell `$procdff$4375' with positive edge clock.
Creating register for signal `$paramod$4b94c7d0562a85dcb91aad001c598912e2f3fd02\message_tx.\quantity' using process `$paramod$4b94c7d0562a85dcb91aad001c598912e2f3fd02\message_tx.$proc$rtl/message_tx.v:106$903'.
  created $dff cell `$procdff$4376' with positive edge clock.
Creating register for signal `$paramod$4b94c7d0562a85dcb91aad001c598912e2f3fd02\message_tx.\byteCounter' using process `$paramod$4b94c7d0562a85dcb91aad001c598912e2f3fd02\message_tx.$proc$rtl/message_tx.v:106$903'.
  created $dff cell `$procdff$4377' with positive edge clock.
Creating register for signal `$paramod$4b94c7d0562a85dcb91aad001c598912e2f3fd02\message_tx.\messageSent' using process `$paramod$4b94c7d0562a85dcb91aad001c598912e2f3fd02\message_tx.$proc$rtl/message_tx.v:106$903'.
  created $dff cell `$procdff$4378' with positive edge clock.
Creating register for signal `$paramod$4b94c7d0562a85dcb91aad001c598912e2f3fd02\message_tx.\txBusy' using process `$paramod$4b94c7d0562a85dcb91aad001c598912e2f3fd02\message_tx.$proc$rtl/message_tx.v:106$903'.
  created $dff cell `$procdff$4379' with positive edge clock.
Creating register for signal `$paramod$4b94c7d0562a85dcb91aad001c598912e2f3fd02\message_tx.\sendWhileBusyError' using process `$paramod$4b94c7d0562a85dcb91aad001c598912e2f3fd02\message_tx.$proc$rtl/message_tx.v:106$903'.
  created $dff cell `$procdff$4380' with positive edge clock.
Creating register for signal `$paramod$4b94c7d0562a85dcb91aad001c598912e2f3fd02\message_tx.\outcome' using process `$paramod$4b94c7d0562a85dcb91aad001c598912e2f3fd02\message_tx.$proc$rtl/message_tx.v:106$903'.
  created $dff cell `$procdff$4381' with positive edge clock.
Creating register for signal `$paramod$4b94c7d0562a85dcb91aad001c598912e2f3fd02\message_tx.\mtxState' using process `$paramod$4b94c7d0562a85dcb91aad001c598912e2f3fd02\message_tx.$proc$rtl/message_tx.v:106$903'.
  created $dff cell `$procdff$4382' with positive edge clock.
Creating register for signal `$paramod$4b94c7d0562a85dcb91aad001c598912e2f3fd02\message_tx.\sendMessageValidPrev' using process `$paramod$4b94c7d0562a85dcb91aad001c598912e2f3fd02\message_tx.$proc$rtl/message_tx.v:101$902'.
  created $dff cell `$procdff$4383' with positive edge clock.
Creating register for signal `$paramod$4b94c7d0562a85dcb91aad001c598912e2f3fd02\message_tx.\txByteConsumedPrev' using process `$paramod$4b94c7d0562a85dcb91aad001c598912e2f3fd02\message_tx.$proc$rtl/message_tx.v:101$902'.
  created $dff cell `$procdff$4384' with positive edge clock.
Creating register for signal `$paramod$1f27663a425bf4ff6b1e7da55be7e5eff5f5cdf5\order_book_side.\i' using process `$paramod$1f27663a425bf4ff6b1e7da55be7e5eff5f5cdf5\order_book_side.$proc$rtl/order_book_side.v:90$865'.
  created $dff cell `$procdff$4385' with positive edge clock.
Creating register for signal `$paramod$1f27663a425bf4ff6b1e7da55be7e5eff5f5cdf5\order_book_side.\orderID' using process `$paramod$1f27663a425bf4ff6b1e7da55be7e5eff5f5cdf5\order_book_side.$proc$rtl/order_book_side.v:90$865'.
  created $dff cell `$procdff$4386' with positive edge clock.
Creating register for signal `$paramod$1f27663a425bf4ff6b1e7da55be7e5eff5f5cdf5\order_book_side.\price' using process `$paramod$1f27663a425bf4ff6b1e7da55be7e5eff5f5cdf5\order_book_side.$proc$rtl/order_book_side.v:90$865'.
  created $dff cell `$procdff$4387' with positive edge clock.
Creating register for signal `$paramod$1f27663a425bf4ff6b1e7da55be7e5eff5f5cdf5\order_book_side.\quantity' using process `$paramod$1f27663a425bf4ff6b1e7da55be7e5eff5f5cdf5\order_book_side.$proc$rtl/order_book_side.v:90$865'.
  created $dff cell `$procdff$4388' with positive edge clock.
Creating register for signal `$paramod$1f27663a425bf4ff6b1e7da55be7e5eff5f5cdf5\order_book_side.\valid' using process `$paramod$1f27663a425bf4ff6b1e7da55be7e5eff5f5cdf5\order_book_side.$proc$rtl/order_book_side.v:90$865'.
  created $dff cell `$procdff$4389' with positive edge clock.
Creating register for signal `$paramod$1f27663a425bf4ff6b1e7da55be7e5eff5f5cdf5\order_book_side.\seqNum' using process `$paramod$1f27663a425bf4ff6b1e7da55be7e5eff5f5cdf5\order_book_side.$proc$rtl/order_book_side.v:90$865'.
  created $dff cell `$procdff$4390' with positive edge clock.
Creating register for signal `$paramod$1f27663a425bf4ff6b1e7da55be7e5eff5f5cdf5\order_book_side.\simultaneousOpError' using process `$paramod$1f27663a425bf4ff6b1e7da55be7e5eff5f5cdf5\order_book_side.$proc$rtl/order_book_side.v:90$865'.
  created $dff cell `$procdff$4391' with positive edge clock.
Creating register for signal `$paramod$1f27663a425bf4ff6b1e7da55be7e5eff5f5cdf5\order_book_side.\insertFullError' using process `$paramod$1f27663a425bf4ff6b1e7da55be7e5eff5f5cdf5\order_book_side.$proc$rtl/order_book_side.v:90$865'.
  created $dff cell `$procdff$4392' with positive edge clock.
Creating register for signal `$paramod$1f27663a425bf4ff6b1e7da55be7e5eff5f5cdf5\order_book_side.\removeEmptyError' using process `$paramod$1f27663a425bf4ff6b1e7da55be7e5eff5f5cdf5\order_book_side.$proc$rtl/order_book_side.v:90$865'.
  created $dff cell `$procdff$4393' with positive edge clock.
Creating register for signal `$paramod$1f27663a425bf4ff6b1e7da55be7e5eff5f5cdf5\order_book_side.\reduceEmptyError' using process `$paramod$1f27663a425bf4ff6b1e7da55be7e5eff5f5cdf5\order_book_side.$proc$rtl/order_book_side.v:90$865'.
  created $dff cell `$procdff$4394' with positive edge clock.
Creating register for signal `$paramod$1f27663a425bf4ff6b1e7da55be7e5eff5f5cdf5\order_book_side.\overReduceError' using process `$paramod$1f27663a425bf4ff6b1e7da55be7e5eff5f5cdf5\order_book_side.$proc$rtl/order_book_side.v:90$865'.
  created $dff cell `$procdff$4395' with positive edge clock.
Creating register for signal `$paramod$1f27663a425bf4ff6b1e7da55be7e5eff5f5cdf5\order_book_side.\insertValidPrev' using process `$paramod$1f27663a425bf4ff6b1e7da55be7e5eff5f5cdf5\order_book_side.$proc$rtl/order_book_side.v:84$864'.
  created $dff cell `$procdff$4396' with positive edge clock.
Creating register for signal `$paramod$1f27663a425bf4ff6b1e7da55be7e5eff5f5cdf5\order_book_side.\removeValidPrev' using process `$paramod$1f27663a425bf4ff6b1e7da55be7e5eff5f5cdf5\order_book_side.$proc$rtl/order_book_side.v:84$864'.
  created $dff cell `$procdff$4397' with positive edge clock.
Creating register for signal `$paramod$1f27663a425bf4ff6b1e7da55be7e5eff5f5cdf5\order_book_side.\reduceValidPrev' using process `$paramod$1f27663a425bf4ff6b1e7da55be7e5eff5f5cdf5\order_book_side.$proc$rtl/order_book_side.v:84$864'.
  created $dff cell `$procdff$4398' with positive edge clock.
Creating register for signal `$paramod$a3aa78ed85d09664340a4408971ee05153696140\order_book_side.\i' using process `$paramod$a3aa78ed85d09664340a4408971ee05153696140\order_book_side.$proc$rtl/order_book_side.v:90$798'.
  created $dff cell `$procdff$4399' with positive edge clock.
Creating register for signal `$paramod$a3aa78ed85d09664340a4408971ee05153696140\order_book_side.\orderID' using process `$paramod$a3aa78ed85d09664340a4408971ee05153696140\order_book_side.$proc$rtl/order_book_side.v:90$798'.
  created $dff cell `$procdff$4400' with positive edge clock.
Creating register for signal `$paramod$a3aa78ed85d09664340a4408971ee05153696140\order_book_side.\price' using process `$paramod$a3aa78ed85d09664340a4408971ee05153696140\order_book_side.$proc$rtl/order_book_side.v:90$798'.
  created $dff cell `$procdff$4401' with positive edge clock.
Creating register for signal `$paramod$a3aa78ed85d09664340a4408971ee05153696140\order_book_side.\quantity' using process `$paramod$a3aa78ed85d09664340a4408971ee05153696140\order_book_side.$proc$rtl/order_book_side.v:90$798'.
  created $dff cell `$procdff$4402' with positive edge clock.
Creating register for signal `$paramod$a3aa78ed85d09664340a4408971ee05153696140\order_book_side.\valid' using process `$paramod$a3aa78ed85d09664340a4408971ee05153696140\order_book_side.$proc$rtl/order_book_side.v:90$798'.
  created $dff cell `$procdff$4403' with positive edge clock.
Creating register for signal `$paramod$a3aa78ed85d09664340a4408971ee05153696140\order_book_side.\seqNum' using process `$paramod$a3aa78ed85d09664340a4408971ee05153696140\order_book_side.$proc$rtl/order_book_side.v:90$798'.
  created $dff cell `$procdff$4404' with positive edge clock.
Creating register for signal `$paramod$a3aa78ed85d09664340a4408971ee05153696140\order_book_side.\simultaneousOpError' using process `$paramod$a3aa78ed85d09664340a4408971ee05153696140\order_book_side.$proc$rtl/order_book_side.v:90$798'.
  created $dff cell `$procdff$4405' with positive edge clock.
Creating register for signal `$paramod$a3aa78ed85d09664340a4408971ee05153696140\order_book_side.\insertFullError' using process `$paramod$a3aa78ed85d09664340a4408971ee05153696140\order_book_side.$proc$rtl/order_book_side.v:90$798'.
  created $dff cell `$procdff$4406' with positive edge clock.
Creating register for signal `$paramod$a3aa78ed85d09664340a4408971ee05153696140\order_book_side.\removeEmptyError' using process `$paramod$a3aa78ed85d09664340a4408971ee05153696140\order_book_side.$proc$rtl/order_book_side.v:90$798'.
  created $dff cell `$procdff$4407' with positive edge clock.
Creating register for signal `$paramod$a3aa78ed85d09664340a4408971ee05153696140\order_book_side.\reduceEmptyError' using process `$paramod$a3aa78ed85d09664340a4408971ee05153696140\order_book_side.$proc$rtl/order_book_side.v:90$798'.
  created $dff cell `$procdff$4408' with positive edge clock.
Creating register for signal `$paramod$a3aa78ed85d09664340a4408971ee05153696140\order_book_side.\overReduceError' using process `$paramod$a3aa78ed85d09664340a4408971ee05153696140\order_book_side.$proc$rtl/order_book_side.v:90$798'.
  created $dff cell `$procdff$4409' with positive edge clock.
Creating register for signal `$paramod$a3aa78ed85d09664340a4408971ee05153696140\order_book_side.\insertValidPrev' using process `$paramod$a3aa78ed85d09664340a4408971ee05153696140\order_book_side.$proc$rtl/order_book_side.v:84$797'.
  created $dff cell `$procdff$4410' with positive edge clock.
Creating register for signal `$paramod$a3aa78ed85d09664340a4408971ee05153696140\order_book_side.\removeValidPrev' using process `$paramod$a3aa78ed85d09664340a4408971ee05153696140\order_book_side.$proc$rtl/order_book_side.v:84$797'.
  created $dff cell `$procdff$4411' with positive edge clock.
Creating register for signal `$paramod$a3aa78ed85d09664340a4408971ee05153696140\order_book_side.\reduceValidPrev' using process `$paramod$a3aa78ed85d09664340a4408971ee05153696140\order_book_side.$proc$rtl/order_book_side.v:84$797'.
  created $dff cell `$procdff$4412' with positive edge clock.
Creating register for signal `$paramod\report_fifo\DATA_WIDTH=s32'00000000000000000000000001000000.\full_latched' using process `$paramod\report_fifo\DATA_WIDTH=s32'00000000000000000000000001000000.$proc$rtl/report_fifo.v:90$753'.
  created $adff cell `$procdff$4417' with positive edge clock and positive level reset.
Creating register for signal `$paramod\report_fifo\DATA_WIDTH=s32'00000000000000000000000001000000.\count' using process `$paramod\report_fifo\DATA_WIDTH=s32'00000000000000000000000001000000.$proc$rtl/report_fifo.v:76$749'.
  created $adff cell `$procdff$4422' with positive edge clock and positive level reset.
Creating register for signal `$paramod\report_fifo\DATA_WIDTH=s32'00000000000000000000000001000000.\rd_data' using process `$paramod\report_fifo\DATA_WIDTH=s32'00000000000000000000000001000000.$proc$rtl/report_fifo.v:63$743'.
  created $adff cell `$procdff$4427' with positive edge clock and positive level reset.
Creating register for signal `$paramod\report_fifo\DATA_WIDTH=s32'00000000000000000000000001000000.\rd_ptr' using process `$paramod\report_fifo\DATA_WIDTH=s32'00000000000000000000000001000000.$proc$rtl/report_fifo.v:63$743'.
  created $adff cell `$procdff$4432' with positive edge clock and positive level reset.
Creating register for signal `$paramod\report_fifo\DATA_WIDTH=s32'00000000000000000000000001000000.\mem_flat' using process `$paramod\report_fifo\DATA_WIDTH=s32'00000000000000000000000001000000.$proc$rtl/report_fifo.v:52$725'.
  created $dff cell `$procdff$4439' with positive edge clock.
Creating register for signal `$paramod\report_fifo\DATA_WIDTH=s32'00000000000000000000000001000000.\wr_ptr' using process `$paramod\report_fifo\DATA_WIDTH=s32'00000000000000000000000001000000.$proc$rtl/report_fifo.v:52$725'.
  created $adff cell `$procdff$4444' with positive edge clock and positive level reset.
Creating register for signal `$paramod\report_fifo\DATA_WIDTH=s32'00000000000000000000000001000000.$bitselwrite$pos$rtl/report_fifo.v:56$717' using process `$paramod\report_fifo\DATA_WIDTH=s32'00000000000000000000000001000000.$proc$rtl/report_fifo.v:52$725'.
  created $adff cell `$procdff$4449' with positive edge clock and positive level reset.
Creating register for signal `$paramod\report_fifo\DATA_WIDTH=s32'00000000000000000000000001000000.$lookahead\mem_flat$724' using process `$paramod\report_fifo\DATA_WIDTH=s32'00000000000000000000000001000000.$proc$rtl/report_fifo.v:52$725'.
  created $adff cell `$procdff$4454' with positive edge clock and positive level reset.
Creating register for signal `$paramod$a7c3c30138af1325a60904ccdffc2805a4e27d04\uart_tx.\txByteConsumed' using process `$paramod$a7c3c30138af1325a60904ccdffc2805a4e27d04\uart_tx.$proc$rtl/uart_tx.v:56$678'.
  created $dff cell `$procdff$4455' with positive edge clock.
Creating register for signal `$paramod$a7c3c30138af1325a60904ccdffc2805a4e27d04\uart_tx.\txState' using process `$paramod$a7c3c30138af1325a60904ccdffc2805a4e27d04\uart_tx.$proc$rtl/uart_tx.v:56$678'.
  created $dff cell `$procdff$4456' with positive edge clock.
Creating register for signal `$paramod$a7c3c30138af1325a60904ccdffc2805a4e27d04\uart_tx.\txCounter' using process `$paramod$a7c3c30138af1325a60904ccdffc2805a4e27d04\uart_tx.$proc$rtl/uart_tx.v:56$678'.
  created $dff cell `$procdff$4457' with positive edge clock.
Creating register for signal `$paramod$a7c3c30138af1325a60904ccdffc2805a4e27d04\uart_tx.\dataOut' using process `$paramod$a7c3c30138af1325a60904ccdffc2805a4e27d04\uart_tx.$proc$rtl/uart_tx.v:56$678'.
  created $dff cell `$procdff$4458' with positive edge clock.
Creating register for signal `$paramod$a7c3c30138af1325a60904ccdffc2805a4e27d04\uart_tx.\txPinRegister' using process `$paramod$a7c3c30138af1325a60904ccdffc2805a4e27d04\uart_tx.$proc$rtl/uart_tx.v:56$678'.
  created $dff cell `$procdff$4459' with positive edge clock.
Creating register for signal `$paramod$a7c3c30138af1325a60904ccdffc2805a4e27d04\uart_tx.\txBitNumber' using process `$paramod$a7c3c30138af1325a60904ccdffc2805a4e27d04\uart_tx.$proc$rtl/uart_tx.v:56$678'.
  created $dff cell `$procdff$4460' with positive edge clock.
Creating register for signal `$paramod$a7c3c30138af1325a60904ccdffc2805a4e27d04\uart_tx.\txAccumulator' using process `$paramod$a7c3c30138af1325a60904ccdffc2805a4e27d04\uart_tx.$proc$rtl/uart_tx.v:56$678'.
  created $dff cell `$procdff$4461' with positive edge clock.
Creating register for signal `$paramod$a7c3c30138af1325a60904ccdffc2805a4e27d04\uart_tx.\txDelayFrames' using process `$paramod$a7c3c30138af1325a60904ccdffc2805a4e27d04\uart_tx.$proc$rtl/uart_tx.v:56$678'.
  created $dff cell `$procdff$4462' with positive edge clock.
Creating register for signal `$paramod$a7c3c30138af1325a60904ccdffc2805a4e27d04\uart_tx.\txByteValidPrev' using process `$paramod$a7c3c30138af1325a60904ccdffc2805a4e27d04\uart_tx.$proc$rtl/uart_tx.v:52$677'.
  created $dff cell `$procdff$4463' with positive edge clock.

9.4.10. Executing PROC_MEMWR pass (convert process memory writes to cells).

9.4.11. Executing PROC_CLEAN pass (remove empty switches from decision trees).
Removing empty process `$paramod$a7c3c30138af1325a60904ccdffc2805a4e27d04\uart_rx.$proc$rtl/uart_rx.v:36$674'.
Found and cleaned up 10 empty switches in `$paramod$a7c3c30138af1325a60904ccdffc2805a4e27d04\uart_rx.$proc$rtl/uart_rx.v:48$638'.
Removing empty process `$paramod$a7c3c30138af1325a60904ccdffc2805a4e27d04\uart_rx.$proc$rtl/uart_rx.v:48$638'.
Removing empty process `matching_engine.$proc$rtl/matching_engine.v:227$293'.
Found and cleaned up 2 empty switches in `\matching_engine.$proc$rtl/matching_engine.v:420$289'.
Removing empty process `matching_engine.$proc$rtl/matching_engine.v:420$289'.
Found and cleaned up 14 empty switches in `\matching_engine.$proc$rtl/matching_engine.v:287$265'.
Removing empty process `matching_engine.$proc$rtl/matching_engine.v:287$265'.
Found and cleaned up 1 empty switch in `\matching_engine.$proc$rtl/matching_engine.v:283$264'.
Removing empty process `matching_engine.$proc$rtl/matching_engine.v:283$264'.
Found and cleaned up 1 empty switch in `\matching_engine.$proc$rtl/matching_engine.v:279$263'.
Removing empty process `matching_engine.$proc$rtl/matching_engine.v:279$263'.
Found and cleaned up 1 empty switch in `\matching_engine.$proc$rtl/matching_engine.v:275$262'.
Removing empty process `matching_engine.$proc$rtl/matching_engine.v:275$262'.
Removing empty process `matching_engine.$proc$rtl/matching_engine.v:271$261'.
Removing empty process `$paramod$4b94c7d0562a85dcb91aad001c598912e2f3fd02\message_rx.$proc$rtl/message_rx.v:66$949'.
Found and cleaned up 19 empty switches in `$paramod$4b94c7d0562a85dcb91aad001c598912e2f3fd02\message_rx.$proc$rtl/message_rx.v:87$922'.
Removing empty process `$paramod$4b94c7d0562a85dcb91aad001c598912e2f3fd02\message_rx.$proc$rtl/message_rx.v:87$922'.
Removing empty process `$paramod$4b94c7d0562a85dcb91aad001c598912e2f3fd02\message_rx.$proc$rtl/message_rx.v:83$921'.
Removing empty process `$paramod$4b94c7d0562a85dcb91aad001c598912e2f3fd02\message_tx.$proc$rtl/message_tx.v:80$918'.
Found and cleaned up 13 empty switches in `$paramod$4b94c7d0562a85dcb91aad001c598912e2f3fd02\message_tx.$proc$rtl/message_tx.v:106$903'.
Removing empty process `$paramod$4b94c7d0562a85dcb91aad001c598912e2f3fd02\message_tx.$proc$rtl/message_tx.v:106$903'.
Removing empty process `$paramod$4b94c7d0562a85dcb91aad001c598912e2f3fd02\message_tx.$proc$rtl/message_tx.v:101$902'.
Removing empty process `$paramod$1f27663a425bf4ff6b1e7da55be7e5eff5f5cdf5\order_book_side.$proc$rtl/order_book_side.v:69$889'.
Found and cleaned up 25 empty switches in `$paramod$1f27663a425bf4ff6b1e7da55be7e5eff5f5cdf5\order_book_side.$proc$rtl/order_book_side.v:90$865'.
Removing empty process `$paramod$1f27663a425bf4ff6b1e7da55be7e5eff5f5cdf5\order_book_side.$proc$rtl/order_book_side.v:90$865'.
Removing empty process `$paramod$1f27663a425bf4ff6b1e7da55be7e5eff5f5cdf5\order_book_side.$proc$rtl/order_book_side.v:84$864'.
Found and cleaned up 16 empty switches in `$paramod$1f27663a425bf4ff6b1e7da55be7e5eff5f5cdf5\order_book_side.$proc$rtl/order_book_side.v:55$831'.
Removing empty process `$paramod$1f27663a425bf4ff6b1e7da55be7e5eff5f5cdf5\order_book_side.$proc$rtl/order_book_side.v:55$831'.
Removing empty process `$paramod$a3aa78ed85d09664340a4408971ee05153696140\order_book_side.$proc$rtl/order_book_side.v:69$822'.
Found and cleaned up 25 empty switches in `$paramod$a3aa78ed85d09664340a4408971ee05153696140\order_book_side.$proc$rtl/order_book_side.v:90$798'.
Removing empty process `$paramod$a3aa78ed85d09664340a4408971ee05153696140\order_book_side.$proc$rtl/order_book_side.v:90$798'.
Removing empty process `$paramod$a3aa78ed85d09664340a4408971ee05153696140\order_book_side.$proc$rtl/order_book_side.v:84$797'.
Found and cleaned up 16 empty switches in `$paramod$a3aa78ed85d09664340a4408971ee05153696140\order_book_side.$proc$rtl/order_book_side.v:55$764'.
Removing empty process `$paramod$a3aa78ed85d09664340a4408971ee05153696140\order_book_side.$proc$rtl/order_book_side.v:55$764'.
Removing empty process `$paramod\report_fifo\DATA_WIDTH=s32'00000000000000000000000001000000.$proc$rtl/report_fifo.v:36$755'.
Found and cleaned up 2 empty switches in `$paramod\report_fifo\DATA_WIDTH=s32'00000000000000000000000001000000.$proc$rtl/report_fifo.v:90$753'.
Removing empty process `$paramod\report_fifo\DATA_WIDTH=s32'00000000000000000000000001000000.$proc$rtl/report_fifo.v:90$753'.
Found and cleaned up 1 empty switch in `$paramod\report_fifo\DATA_WIDTH=s32'00000000000000000000000001000000.$proc$rtl/report_fifo.v:76$749'.
Removing empty process `$paramod\report_fifo\DATA_WIDTH=s32'00000000000000000000000001000000.$proc$rtl/report_fifo.v:76$749'.
Found and cleaned up 1 empty switch in `$paramod\report_fifo\DATA_WIDTH=s32'00000000000000000000000001000000.$proc$rtl/report_fifo.v:63$743'.
Removing empty process `$paramod\report_fifo\DATA_WIDTH=s32'00000000000000000000000001000000.$proc$rtl/report_fifo.v:63$743'.
Found and cleaned up 1 empty switch in `$paramod\report_fifo\DATA_WIDTH=s32'00000000000000000000000001000000.$proc$rtl/report_fifo.v:52$725'.
Removing empty process `$paramod\report_fifo\DATA_WIDTH=s32'00000000000000000000000001000000.$proc$rtl/report_fifo.v:52$725'.
Removing empty process `$paramod$a7c3c30138af1325a60904ccdffc2805a4e27d04\uart_tx.$proc$rtl/uart_tx.v:40$716'.
Found and cleaned up 11 empty switches in `$paramod$a7c3c30138af1325a60904ccdffc2805a4e27d04\uart_tx.$proc$rtl/uart_tx.v:56$678'.
Removing empty process `$paramod$a7c3c30138af1325a60904ccdffc2805a4e27d04\uart_tx.$proc$rtl/uart_tx.v:56$678'.
Removing empty process `$paramod$a7c3c30138af1325a60904ccdffc2805a4e27d04\uart_tx.$proc$rtl/uart_tx.v:52$677'.
Cleaned up 159 empty switches.

9.4.12. Executing OPT_EXPR pass (perform const folding).
Optimizing module $paramod$a7c3c30138af1325a60904ccdffc2805a4e27d04\uart_rx.
<suppressed ~16 debug messages>
Optimizing module top.
Optimizing module matching_engine.
<suppressed ~19 debug messages>
Optimizing module $paramod$4b94c7d0562a85dcb91aad001c598912e2f3fd02\message_rx.
<suppressed ~9 debug messages>
Optimizing module $paramod$4b94c7d0562a85dcb91aad001c598912e2f3fd02\message_tx.
<suppressed ~20 debug messages>
Optimizing module $paramod$1f27663a425bf4ff6b1e7da55be7e5eff5f5cdf5\order_book_side.
<suppressed ~5 debug messages>
Optimizing module $paramod$a3aa78ed85d09664340a4408971ee05153696140\order_book_side.
<suppressed ~5 debug messages>
Optimizing module $paramod\report_fifo\DATA_WIDTH=s32'00000000000000000000000001000000.
<suppressed ~17 debug messages>
Optimizing module $paramod$a7c3c30138af1325a60904ccdffc2805a4e27d04\uart_tx.
<suppressed ~6 debug messages>

9.5. Executing CHECK pass (checking for obvious problems).
Checking module $paramod$a7c3c30138af1325a60904ccdffc2805a4e27d04\uart_rx...
Checking module top...
Checking module matching_engine...
Checking module $paramod$4b94c7d0562a85dcb91aad001c598912e2f3fd02\message_rx...
Checking module $paramod$4b94c7d0562a85dcb91aad001c598912e2f3fd02\message_tx...
Checking module $paramod$1f27663a425bf4ff6b1e7da55be7e5eff5f5cdf5\order_book_side...
Checking module $paramod$a3aa78ed85d09664340a4408971ee05153696140\order_book_side...
Checking module $paramod\report_fifo\DATA_WIDTH=s32'00000000000000000000000001000000...
Checking module $paramod$a7c3c30138af1325a60904ccdffc2805a4e27d04\uart_tx...
Found and reported 0 problems.

9.6. Executing FLATTEN pass (flatten design).
Deleting now unused module $paramod$a7c3c30138af1325a60904ccdffc2805a4e27d04\uart_rx.
Deleting now unused module matching_engine.
Deleting now unused module $paramod$4b94c7d0562a85dcb91aad001c598912e2f3fd02\message_rx.
Deleting now unused module $paramod$4b94c7d0562a85dcb91aad001c598912e2f3fd02\message_tx.
Deleting now unused module $paramod$1f27663a425bf4ff6b1e7da55be7e5eff5f5cdf5\order_book_side.
Deleting now unused module $paramod$a3aa78ed85d09664340a4408971ee05153696140\order_book_side.
Deleting now unused module $paramod\report_fifo\DATA_WIDTH=s32'00000000000000000000000001000000.
Deleting now unused module $paramod$a7c3c30138af1325a60904ccdffc2805a4e27d04\uart_tx.
<suppressed ~8 debug messages>

9.7. Executing TRIBUF pass.

9.8. Executing DEMINOUT pass (demote inout ports to input or output).

9.9. Executing OPT_EXPR pass (perform const folding).
Optimizing module top.
<suppressed ~20 debug messages>

9.10. Executing OPT_CLEAN pass (remove unused cells and wires).
Finding unused cells or wires in module \top..
Removed 395 unused cells and 1824 unused wires.
<suppressed ~441 debug messages>

9.11. Executing CHECK pass (checking for obvious problems).
Checking module top...
Found and reported 0 problems.

9.12. Executing OPT pass (performing simple optimizations).

9.12.1. Executing OPT_EXPR pass (perform const folding).
Optimizing module top.

9.12.2. Executing OPT_MERGE pass (detect identical cells).
Finding identical cells in module `\top'.
Computing hashes of 1301 cells of `\top'.
Finding duplicate cells in `\top'.
Computing hashes of 1103 cells of `\top'.
Finding duplicate cells in `\top'.
Computing hashes of 1088 cells of `\top'.
Finding duplicate cells in `\top'.
<suppressed ~639 debug messages>
Removed a total of 213 cells.

9.12.3. Executing OPT_MUXTREE pass (detect dead branches in mux trees).
Running muxtree optimizer on module \top..
  Creating internal representation of mux trees.
  Evaluating internal representation of mux trees.
  Analyzing evaluation results.
    dead port 2/2 on $mux $flatten\matching_engine_inst.\bid_book.$procmux$3004.
    dead port 2/2 on $mux $flatten\matching_engine_inst.\bid_book.$procmux$2995.
    dead port 2/2 on $mux $flatten\matching_engine_inst.\bid_book.$procmux$2986.
    dead port 2/2 on $mux $flatten\matching_engine_inst.\bid_book.$procmux$2977.
    dead port 2/2 on $mux $flatten\matching_engine_inst.\bid_book.$procmux$2968.
    dead port 2/2 on $mux $flatten\matching_engine_inst.\bid_book.$procmux$2959.
    dead port 2/2 on $mux $flatten\matching_engine_inst.\bid_book.$procmux$2950.
    dead port 2/2 on $mux $flatten\matching_engine_inst.\ask_book.$procmux$4139.
    dead port 2/2 on $mux $flatten\matching_engine_inst.\ask_book.$procmux$4130.
    dead port 2/2 on $mux $flatten\matching_engine_inst.\ask_book.$procmux$4121.
    dead port 2/2 on $mux $flatten\matching_engine_inst.\ask_book.$procmux$4112.
    dead port 2/2 on $mux $flatten\matching_engine_inst.\ask_book.$procmux$4103.
    dead port 2/2 on $mux $flatten\matching_engine_inst.\ask_book.$procmux$4094.
    dead port 2/2 on $mux $flatten\matching_engine_inst.\ask_book.$procmux$4085.
Removed 14 multiplexer ports.
<suppressed ~882 debug messages>

9.12.4. Executing OPT_REDUCE pass (consolidate $*mux and $reduce_* inputs).
  Optimizing cells in module \top.
    New ctrl vector for $pmux cell $flatten\matching_engine_inst.$procmux$1202: { $auto$opt_reduce.cc:135:opt_pmux$4475 $flatten\matching_engine_inst.$procmux$1204_CMP $flatten\matching_engine_inst.$procmux$1205_CMP $flatten\matching_engine_inst.$procmux$1207_CMP $flatten\matching_engine_inst.$procmux$1342_CMP $flatten\matching_engine_inst.$procmux$1426_CMP $flatten\matching_engine_inst.$procmux$1413_CMP }
    New ctrl vector for $pmux cell $flatten\matching_engine_inst.$procmux$1084: { $auto$opt_reduce.cc:135:opt_pmux$4477 $flatten\matching_engine_inst.$procmux$1426_CMP }
  Optimizing cells in module \top.
Performed a total of 2 changes.

9.12.5. Executing OPT_MERGE pass (detect identical cells).
Finding identical cells in module `\top'.
Computing hashes of 1076 cells of `\top'.
Finding duplicate cells in `\top'.
Computing hashes of 1025 cells of `\top'.
Finding duplicate cells in `\top'.
Computing hashes of 1001 cells of `\top'.
Finding duplicate cells in `\top'.
<suppressed ~225 debug messages>
Removed a total of 75 cells.

9.12.6. Executing OPT_DFF pass (perform DFF optimizations).
Removing never-active ARST on $flatten\matching_engine_inst.\report_queue.$procdff$4444 ($adff) from module top.
Removing never-active ARST on $flatten\matching_engine_inst.\report_queue.$procdff$4422 ($adff) from module top.
Removing never-active ARST on $flatten\matching_engine_inst.\report_queue.$procdff$4427 ($adff) from module top.
Removing never-active ARST on $flatten\matching_engine_inst.\report_queue.$procdff$4432 ($adff) from module top.

9.12.7. Executing OPT_CLEAN pass (remove unused cells and wires).
Finding unused cells or wires in module \top..
Removed 0 unused cells and 302 unused wires.
<suppressed ~1 debug messages>

9.12.8. Executing OPT_EXPR pass (perform const folding).
Optimizing module top.

9.12.9. Rerunning OPT passes. (Maybe there is more to do..)

9.12.10. Executing OPT_MUXTREE pass (detect dead branches in mux trees).
Running muxtree optimizer on module \top..
  Creating internal representation of mux trees.
  Evaluating internal representation of mux trees.
  Analyzing evaluation results.
Removed 0 multiplexer ports.
<suppressed ~874 debug messages>

9.12.11. Executing OPT_REDUCE pass (consolidate $*mux and $reduce_* inputs).
  Optimizing cells in module \top.
    New ctrl vector for $pmux cell $flatten\matching_engine_inst.\msg_rx_inst.$procmux$1656: { $auto$opt_reduce.cc:135:opt_pmux$4479 $flatten\matching_engine_inst.\msg_rx_inst.$procmux$1539_CMP }
    New ctrl vector for $pmux cell $flatten\matching_engine_inst.\msg_rx_inst.\uart.$procmux$997: { $auto$opt_reduce.cc:135:opt_pmux$4481 $flatten\matching_engine_inst.\msg_rx_inst.\uart.$procmux$1002_CMP $flatten\matching_engine_inst.\msg_rx_inst.\uart.$procmux$1003_CMP $flatten\matching_engine_inst.\msg_rx_inst.\uart.$procmux$1007_CMP $flatten\matching_engine_inst.\msg_rx_inst.\uart.$procmux$1010_CMP }
    New ctrl vector for $pmux cell $flatten\matching_engine_inst.\msg_rx_inst.$procmux$1487: { $auto$opt_reduce.cc:135:opt_pmux$4485 $auto$opt_reduce.cc:135:opt_pmux$4483 }
    New ctrl vector for $pmux cell $flatten\matching_engine_inst.\msg_rx_inst.\uart.$procmux$974: $auto$opt_reduce.cc:135:opt_pmux$4487
    New ctrl vector for $pmux cell $flatten\matching_engine_inst.\msg_rx_inst.\uart.$procmux$955: $auto$opt_reduce.cc:135:opt_pmux$4489
    New ctrl vector for $pmux cell $flatten\matching_engine_inst.\msg_tx_inst.\uart_tx_inst.$procmux$4181: $auto$opt_reduce.cc:135:opt_pmux$4491
    New ctrl vector for $pmux cell $flatten\matching_engine_inst.\msg_tx_inst.\uart_tx_inst.$procmux$4210: $auto$opt_reduce.cc:135:opt_pmux$4493
    New ctrl vector for $pmux cell $flatten\matching_engine_inst.\msg_tx_inst.$procmux$1795: $auto$opt_reduce.cc:135:opt_pmux$4495
    New ctrl vector for $pmux cell $flatten\matching_engine_inst.\msg_tx_inst.$procmux$1863: $auto$opt_reduce.cc:135:opt_pmux$4497
    New ctrl vector for $pmux cell $flatten\matching_engine_inst.\msg_rx_inst.$procmux$1515: { $auto$opt_reduce.cc:135:opt_pmux$4499 $flatten\matching_engine_inst.\msg_rx_inst.$procmux$1479_CMP $flatten\matching_engine_inst.\msg_rx_inst.$procmux$1539_CMP }
    New ctrl vector for $pmux cell $flatten\matching_engine_inst.\msg_tx_inst.\uart_tx_inst.$procmux$4268: { $auto$opt_reduce.cc:135:opt_pmux$4501 $flatten\matching_engine_inst.\msg_tx_inst.\uart_tx_inst.$procmux$4255_CMP }
    New ctrl vector for $pmux cell $flatten\matching_engine_inst.\msg_rx_inst.$procmux$1439: { $auto$opt_reduce.cc:135:opt_pmux$4503 $flatten\matching_engine_inst.\msg_rx_inst.$procmux$1479_CMP }
  Optimizing cells in module \top.
Performed a total of 12 changes.

9.12.12. Executing OPT_MERGE pass (detect identical cells).
Finding identical cells in module `\top'.
Computing hashes of 1014 cells of `\top'.
Finding duplicate cells in `\top'.
Computing hashes of 1010 cells of `\top'.
Finding duplicate cells in `\top'.
<suppressed ~12 debug messages>
Removed a total of 4 cells.

9.12.13. Executing OPT_DFF pass (perform DFF optimizations).

9.12.14. Executing OPT_CLEAN pass (remove unused cells and wires).
Finding unused cells or wires in module \top..
Removed 0 unused cells and 4 unused wires.
<suppressed ~1 debug messages>

9.12.15. Executing OPT_EXPR pass (perform const folding).
Optimizing module top.

9.12.16. Rerunning OPT passes. (Maybe there is more to do..)

9.12.17. Executing OPT_MUXTREE pass (detect dead branches in mux trees).
Running muxtree optimizer on module \top..
  Creating internal representation of mux trees.
  Evaluating internal representation of mux trees.
  Analyzing evaluation results.
Removed 0 multiplexer ports.
<suppressed ~811 debug messages>

9.12.18. Executing OPT_REDUCE pass (consolidate $*mux and $reduce_* inputs).
  Optimizing cells in module \top.
Performed a total of 0 changes.

9.12.19. Executing OPT_MERGE pass (detect identical cells).
Finding identical cells in module `\top'.
Computing hashes of 1010 cells of `\top'.
Finding duplicate cells in `\top'.
Removed a total of 0 cells.

9.12.20. Executing OPT_DFF pass (perform DFF optimizations).

9.12.21. Executing OPT_CLEAN pass (remove unused cells and wires).
Finding unused cells or wires in module \top..

9.12.22. Executing OPT_EXPR pass (perform const folding).
Optimizing module top.

9.12.23. Finished fast OPT passes. (There is nothing left to do.)

9.13. Executing FSM pass (extract and optimize FSM).

9.13.1. Executing FSM_DETECT pass (finding FSMs in design).
Not marking top.matching_engine_inst.msg_tx_inst.mtxState as FSM state register:
    Register has an initialization value.
Not marking top.matching_engine_inst.msg_rx_inst.uart.rxDelayFrames as FSM state register:
    Users of register don't seem to benefit from recoding.
    Register has an initialization value.
Not marking top.matching_engine_inst.msg_rx_inst.uart.rxState as FSM state register:
    Register has an initialization value.
Not marking top.matching_engine_inst.msg_rx_inst.msgState as FSM state register:
    Register has an initialization value.
Not marking top.matching_engine_inst.msg_tx_inst.uart_tx_inst.txState as FSM state register:
    Register has an initialization value.
Not marking top.matching_engine_inst.msg_tx_inst.uart_tx_inst.txDelayFrames as FSM state register:
    Users of register don't seem to benefit from recoding.
    Register has an initialization value.
Not marking top.matching_engine_inst.drainState as FSM state register:
    Register has an initialization value.
Not marking top.matching_engine_inst.meState as FSM state register:
    Register has an initialization value.

9.13.2. Executing FSM_EXTRACT pass (extracting FSM from design).

9.13.3. Executing FSM_OPT pass (simple optimizations of FSMs).

9.13.4. Executing OPT_CLEAN pass (remove unused cells and wires).
Finding unused cells or wires in module \top..

9.13.5. Executing FSM_OPT pass (simple optimizations of FSMs).

9.13.6. Executing FSM_RECODE pass (re-assigning FSM state encoding).

9.13.7. Executing FSM_INFO pass (dumping all available information on FSM cells).

9.13.8. Executing FSM_MAP pass (mapping FSMs to basic logic).

9.14. Executing OPT pass (performing simple optimizations).

9.14.1. Executing OPT_EXPR pass (perform const folding).
Optimizing module top.

9.14.2. Executing OPT_MERGE pass (detect identical cells).
Finding identical cells in module `\top'.
Computing hashes of 1010 cells of `\top'.
Finding duplicate cells in `\top'.
Removed a total of 0 cells.

9.14.3. Executing OPT_MUXTREE pass (detect dead branches in mux trees).
Running muxtree optimizer on module \top..
  Creating internal representation of mux trees.
  Evaluating internal representation of mux trees.
  Analyzing evaluation results.
Removed 0 multiplexer ports.
<suppressed ~811 debug messages>

9.14.4. Executing OPT_REDUCE pass (consolidate $*mux and $reduce_* inputs).
  Optimizing cells in module \top.
Performed a total of 0 changes.

9.14.5. Executing OPT_MERGE pass (detect identical cells).
Finding identical cells in module `\top'.
Computing hashes of 1010 cells of `\top'.
Finding duplicate cells in `\top'.
Removed a total of 0 cells.

9.14.6. Executing OPT_DFF pass (perform DFF optimizations).
Adding EN signal on $flatten\matching_engine_inst.\report_queue.$procdff$4444 ($dff) from module top (D = $flatten\matching_engine_inst.\report_queue.$add$rtl/report_fifo.v:57$742_Y [2:0], Q = \matching_engine_inst.report_queue.wr_ptr).
Adding EN signal on $flatten\matching_engine_inst.\report_queue.$procdff$4422 ($dff) from module top (D = $flatten\matching_engine_inst.\report_queue.$0\count[3:0], Q = \matching_engine_inst.report_queue.count).
Adding EN signal on $flatten\matching_engine_inst.\report_queue.$procdff$4427 ($dff) from module top (D = $flatten\matching_engine_inst.\report_queue.$shiftx$rtl/report_fifo.v:68$747_Y, Q = \matching_engine_inst.report_queue.rd_data).
Adding EN signal on $flatten\matching_engine_inst.\report_queue.$procdff$4439 ($dff) from module top (D = $flatten\matching_engine_inst.\report_queue.$or$rtl/report_fifo.v:56$741_Y, Q = \matching_engine_inst.report_queue.mem_flat).
Adding EN signal on $flatten\matching_engine_inst.\msg_tx_inst.$procdff$4371 ($dff) from module top (D = $flatten\matching_engine_inst.\msg_tx_inst.$procmux$1861_Y, Q = \matching_engine_inst.msg_tx_inst.txByteValid).
Adding EN signal on $flatten\matching_engine_inst.\msg_tx_inst.$procdff$4372 ($dff) from module top (D = $flatten\matching_engine_inst.\msg_tx_inst.$0\txByteData[7:0], Q = \matching_engine_inst.msg_tx_inst.txByteData).
Adding EN signal on $flatten\matching_engine_inst.\ask_book.$procdff$4401 ($dff) from module top (D = $flatten\matching_engine_inst.\ask_book.$procmux$4002_Y, Q = \matching_engine_inst.ask_book.price [127:112]).
Adding EN signal on $flatten\matching_engine_inst.\ask_book.$procdff$4401 ($dff) from module top (D = $flatten\matching_engine_inst.\ask_book.$procmux$3890_Y, Q = \matching_engine_inst.ask_book.price [15:0]).
Adding EN signal on $flatten\matching_engine_inst.\ask_book.$procdff$4401 ($dff) from module top (D = $flatten\matching_engine_inst.\ask_book.$procmux$3748_Y, Q = \matching_engine_inst.ask_book.price [31:16]).
Adding EN signal on $flatten\matching_engine_inst.\ask_book.$procdff$4401 ($dff) from module top (D = $flatten\matching_engine_inst.\ask_book.$procmux$3628_Y, Q = \matching_engine_inst.ask_book.price [47:32]).
Adding EN signal on $flatten\matching_engine_inst.\ask_book.$procdff$4401 ($dff) from module top (D = $flatten\matching_engine_inst.\ask_book.$procmux$3508_Y, Q = \matching_engine_inst.ask_book.price [63:48]).
Adding EN signal on $flatten\matching_engine_inst.\ask_book.$procdff$4401 ($dff) from module top (D = $flatten\matching_engine_inst.\ask_book.$procmux$3388_Y, Q = \matching_engine_inst.ask_book.price [79:64]).
Adding EN signal on $flatten\matching_engine_inst.\ask_book.$procdff$4401 ($dff) from module top (D = $flatten\matching_engine_inst.\ask_book.$procmux$3268_Y, Q = \matching_engine_inst.ask_book.price [95:80]).
Adding EN signal on $flatten\matching_engine_inst.\ask_book.$procdff$4401 ($dff) from module top (D = $flatten\matching_engine_inst.\ask_book.$procmux$3148_Y, Q = \matching_engine_inst.ask_book.price [111:96]).
Adding EN signal on $flatten\matching_engine_inst.\ask_book.$procdff$4402 ($dff) from module top (D = $flatten\matching_engine_inst.\ask_book.$procmux$3779_Y, Q = \matching_engine_inst.ask_book.quantity [127:112]).
Adding EN signal on $flatten\matching_engine_inst.\ask_book.$procdff$4402 ($dff) from module top (D = $flatten\matching_engine_inst.\ask_book.$procmux$3724_Y, Q = \matching_engine_inst.ask_book.quantity [31:16]).
Adding EN signal on $flatten\matching_engine_inst.\ask_book.$procdff$4402 ($dff) from module top (D = $flatten\matching_engine_inst.\ask_book.$procmux$3604_Y, Q = \matching_engine_inst.ask_book.quantity [47:32]).
Adding EN signal on $flatten\matching_engine_inst.\ask_book.$procdff$4402 ($dff) from module top (D = $flatten\matching_engine_inst.\ask_book.$procmux$3484_Y, Q = \matching_engine_inst.ask_book.quantity [63:48]).
Adding EN signal on $flatten\matching_engine_inst.\ask_book.$procdff$4402 ($dff) from module top (D = $flatten\matching_engine_inst.\ask_book.$procmux$3364_Y, Q = \matching_engine_inst.ask_book.quantity [79:64]).
Adding EN signal on $flatten\matching_engine_inst.\ask_book.$procdff$4402 ($dff) from module top (D = $flatten\matching_engine_inst.\ask_book.$procmux$3244_Y, Q = \matching_engine_inst.ask_book.quantity [95:80]).
Adding EN signal on $flatten\matching_engine_inst.\ask_book.$procdff$4402 ($dff) from module top (D = $flatten\matching_engine_inst.\ask_book.$procmux$3124_Y, Q = \matching_engine_inst.ask_book.quantity [111:96]).
Adding EN signal on $flatten\matching_engine_inst.\ask_book.$procdff$4402 ($dff) from module top (D = $flatten\matching_engine_inst.\ask_book.$procmux$3867_Y, Q = \matching_engine_inst.ask_book.quantity [15:0]).
Adding EN signal on $flatten\matching_engine_inst.\ask_book.$procdff$4403 ($dff) from module top (D = $flatten\matching_engine_inst.\ask_book.$procmux$3913_Y, Q = \matching_engine_inst.ask_book.valid [0]).
Adding EN signal on $flatten\matching_engine_inst.\ask_book.$procdff$4403 ($dff) from module top (D = $flatten\matching_engine_inst.\ask_book.$procmux$3772_Y, Q = \matching_engine_inst.ask_book.valid [1]).
Adding EN signal on $flatten\matching_engine_inst.\ask_book.$procdff$4403 ($dff) from module top (D = $flatten\matching_engine_inst.\ask_book.$procmux$3652_Y, Q = \matching_engine_inst.ask_book.valid [2]).
Adding EN signal on $flatten\matching_engine_inst.\ask_book.$procdff$4403 ($dff) from module top (D = $flatten\matching_engine_inst.\ask_book.$procmux$3532_Y, Q = \matching_engine_inst.ask_book.valid [3]).
Adding EN signal on $flatten\matching_engine_inst.\ask_book.$procdff$4403 ($dff) from module top (D = $flatten\matching_engine_inst.\ask_book.$procmux$3412_Y, Q = \matching_engine_inst.ask_book.valid [4]).
Adding EN signal on $flatten\matching_engine_inst.\ask_book.$procdff$4403 ($dff) from module top (D = $flatten\matching_engine_inst.\ask_book.$procmux$3292_Y, Q = \matching_engine_inst.ask_book.valid [5]).
Adding EN signal on $flatten\matching_engine_inst.\ask_book.$procdff$4403 ($dff) from module top (D = $flatten\matching_engine_inst.\ask_book.$procmux$3172_Y, Q = \matching_engine_inst.ask_book.valid [6]).
Adding EN signal on $flatten\matching_engine_inst.\ask_book.$procdff$4403 ($dff) from module top (D = $flatten\matching_engine_inst.\ask_book.$procmux$4076_Y, Q = \matching_engine_inst.ask_book.valid [7]).
Adding EN signal on $flatten\matching_engine_inst.\ask_book.$procdff$4406 ($dff) from module top (D = $flatten\matching_engine_inst.\ask_book.$procmux$3984_Y, Q = \matching_engine_inst.ask_book.insertFullError).
Adding SRST signal on $flatten\matching_engine_inst.$procdff$4326 ($dff) from module top (D = $flatten\matching_engine_inst.$procmux$1060_Y, Q = \matching_engine_inst.rd_en, rval = 1'0).
Adding EN signal on $flatten\matching_engine_inst.$procdff$4327 ($dff) from module top (D = \matching_engine_inst.report_queue.rd_data [63:56], Q = \matching_engine_inst.msgTypeOut).
Adding EN signal on $flatten\matching_engine_inst.$procdff$4328 ($dff) from module top (D = \matching_engine_inst.report_queue.rd_data [39:32], Q = \matching_engine_inst.outcomeOut).
Adding EN signal on $flatten\matching_engine_inst.$procdff$4329 ($dff) from module top (D = \matching_engine_inst.report_queue.rd_data [55:40], Q = \matching_engine_inst.orderIDOut).
Adding EN signal on $flatten\matching_engine_inst.$procdff$4330 ($dff) from module top (D = \matching_engine_inst.report_queue.rd_data [31:16], Q = \matching_engine_inst.priceOut).
Adding EN signal on $flatten\matching_engine_inst.$procdff$4331 ($dff) from module top (D = \matching_engine_inst.report_queue.rd_data [15:0], Q = \matching_engine_inst.quantityOut).
Adding EN signal on $flatten\matching_engine_inst.$procdff$4332 ($dff) from module top (D = $flatten\matching_engine_inst.$0\drainState[1:0], Q = \matching_engine_inst.drainState).
Adding EN signal on $flatten\matching_engine_inst.$procdff$4334 ($dff) from module top (D = $flatten\matching_engine_inst.$0\wr_data[63:0], Q = \matching_engine_inst.wr_data).
Adding EN signal on $flatten\matching_engine_inst.$procdff$4335 ($dff) from module top (D = $flatten\matching_engine_inst.$0\orderFilled[0:0], Q = \matching_engine_inst.orderFilled).
Adding EN signal on $flatten\matching_engine_inst.$procdff$4336 ($dff) from module top (D = $flatten\matching_engine_inst.$0\orderResting[0:0], Q = \matching_engine_inst.orderResting).
Adding EN signal on $flatten\matching_engine_inst.$procdff$4337 ($dff) from module top (D = $flatten\matching_engine_inst.$0\orderRejected[0:0], Q = \matching_engine_inst.orderRejected).
Adding SRST signal on $flatten\matching_engine_inst.$procdff$4341 ($dff) from module top (D = $flatten\matching_engine_inst.$procmux$1101_Y, Q = \matching_engine_inst.insertValidBid, rval = 1'0).
Adding SRST signal on $flatten\matching_engine_inst.$procdff$4342 ($dff) from module top (D = $flatten\matching_engine_inst.$procmux$1186_Y, Q = \matching_engine_inst.removeValidBid, rval = 1'0).
Adding SRST signal on $flatten\matching_engine_inst.$procdff$4343 ($dff) from module top (D = $flatten\matching_engine_inst.$procmux$1123_Y, Q = \matching_engine_inst.insertValidAsk, rval = 1'0).
Adding SRST signal on $flatten\matching_engine_inst.$procdff$4344 ($dff) from module top (D = $flatten\matching_engine_inst.$procmux$1154_Y, Q = \matching_engine_inst.removeValidAsk, rval = 1'0).
Adding SRST signal on $flatten\matching_engine_inst.$procdff$4345 ($dff) from module top (D = $flatten\matching_engine_inst.$procmux$1123_Y, Q = \matching_engine_inst.reduceValidBid, rval = 1'0).
Adding SRST signal on $flatten\matching_engine_inst.$procdff$4346 ($dff) from module top (D = $flatten\matching_engine_inst.$procmux$1101_Y, Q = \matching_engine_inst.reduceValidAsk, rval = 1'0).
Adding EN signal on $flatten\matching_engine_inst.$procdff$4347 ($dff) from module top (D = \matching_engine_inst.remainingQuantity, Q = \matching_engine_inst.reduceAmountBid).
Adding EN signal on $flatten\matching_engine_inst.$procdff$4348 ($dff) from module top (D = \matching_engine_inst.remainingQuantity, Q = \matching_engine_inst.reduceAmountAsk).
Adding EN signal on $flatten\matching_engine_inst.$procdff$4350 ($dff) from module top (D = $flatten\matching_engine_inst.$0\remainingQuantity[15:0], Q = \matching_engine_inst.remainingQuantity).
Adding EN signal on $flatten\matching_engine_inst.$procdff$4351 ($dff) from module top (D = $flatten\matching_engine_inst.$0\matchLoopCount[3:0], Q = \matching_engine_inst.matchLoopCount).
Adding EN signal on $flatten\matching_engine_inst.$procdff$4352 ($dff) from module top (D = $flatten\matching_engine_inst.$0\meState[3:0], Q = \matching_engine_inst.meState).
Adding EN signal on $flatten\matching_engine_inst.$procdff$4353 ($dff) from module top (D = 1'1, Q = \matching_engine_inst.checksumErrorLatched).
Adding EN signal on $flatten\matching_engine_inst.$procdff$4354 ($dff) from module top (D = 1'1, Q = \matching_engine_inst.timeOutErrorLatched).
Adding EN signal on $flatten\matching_engine_inst.$procdff$4355 ($dff) from module top (D = 1'1, Q = \matching_engine_inst.sentinelErrorLatched).
Adding EN signal on $flatten\matching_engine_inst.\msg_tx_inst.$procdff$4381 ($dff) from module top (D = \matching_engine_inst.outcomeOut, Q = \matching_engine_inst.msg_tx_inst.outcome).
Adding EN signal on $flatten\matching_engine_inst.\msg_tx_inst.\uart_tx_inst.$procdff$4462 ($dff) from module top (D = $flatten\matching_engine_inst.\msg_tx_inst.\uart_tx_inst.$procmux$4177_Y, Q = \matching_engine_inst.msg_tx_inst.uart_tx_inst.txDelayFrames).
Adding EN signal on $flatten\matching_engine_inst.\msg_tx_inst.\uart_tx_inst.$procdff$4461 ($dff) from module top (D = $flatten\matching_engine_inst.\msg_tx_inst.\uart_tx_inst.$procmux$4206_Y, Q = \matching_engine_inst.msg_tx_inst.uart_tx_inst.txAccumulator).
Adding EN signal on $flatten\matching_engine_inst.\msg_rx_inst.\uart.$procdff$4324 ($dff) from module top (D = $flatten\matching_engine_inst.\msg_rx_inst.\uart.$procmux$951_Y, Q = \matching_engine_inst.msg_rx_inst.uart.rxDelayFrames).
Adding EN signal on $flatten\matching_engine_inst.\msg_tx_inst.\uart_tx_inst.$procdff$4460 ($dff) from module top (D = $flatten\matching_engine_inst.\msg_tx_inst.\uart_tx_inst.$0\txBitNumber[2:0], Q = \matching_engine_inst.msg_tx_inst.uart_tx_inst.txBitNumber).
Adding EN signal on $flatten\matching_engine_inst.\msg_tx_inst.\uart_tx_inst.$procdff$4459 ($dff) from module top (D = $flatten\matching_engine_inst.\msg_tx_inst.\uart_tx_inst.$0\txPinRegister[0:0], Q = \matching_engine_inst.msg_tx_inst.uart_tx_inst.txPinRegister).
Adding EN signal on $flatten\matching_engine_inst.\msg_tx_inst.\uart_tx_inst.$procdff$4458 ($dff) from module top (D = \matching_engine_inst.msg_tx_inst.txByteData, Q = \matching_engine_inst.msg_tx_inst.uart_tx_inst.dataOut).
Adding EN signal on $flatten\matching_engine_inst.\msg_rx_inst.\uart.$procdff$4323 ($dff) from module top (D = $flatten\matching_engine_inst.\msg_rx_inst.\uart.$procmux$970_Y, Q = \matching_engine_inst.msg_rx_inst.uart.rxAccumulator).
Adding EN signal on $flatten\matching_engine_inst.\msg_tx_inst.\uart_tx_inst.$procdff$4457 ($dff) from module top (D = $flatten\matching_engine_inst.\msg_tx_inst.\uart_tx_inst.$0\txCounter[12:0], Q = \matching_engine_inst.msg_tx_inst.uart_tx_inst.txCounter).
Adding EN signal on $flatten\matching_engine_inst.\msg_tx_inst.\uart_tx_inst.$procdff$4456 ($dff) from module top (D = $flatten\matching_engine_inst.\msg_tx_inst.\uart_tx_inst.$0\txState[3:0], Q = \matching_engine_inst.msg_tx_inst.uart_tx_inst.txState).
Adding EN signal on $flatten\matching_engine_inst.\msg_tx_inst.\uart_tx_inst.$procdff$4455 ($dff) from module top (D = $flatten\matching_engine_inst.\msg_tx_inst.\uart_tx_inst.$0\txByteConsumed[0:0], Q = \matching_engine_inst.msg_tx_inst.uart_tx_inst.txByteConsumed).
Adding EN signal on $flatten\matching_engine_inst.\msg_rx_inst.$procdff$4368 ($dff) from module top (D = $flatten\matching_engine_inst.\msg_rx_inst.$0\byteCounter[0:0], Q = \matching_engine_inst.msg_rx_inst.byteCounter).
Adding EN signal on $flatten\matching_engine_inst.\msg_rx_inst.$procdff$4369 ($dff) from module top (D = $flatten\matching_engine_inst.\msg_rx_inst.$0\byteWaitCounter[19:0], Q = \matching_engine_inst.msg_rx_inst.byteWaitCounter).
Adding EN signal on $flatten\matching_engine_inst.\msg_rx_inst.\uart.$procdff$4316 ($dff) from module top (D = $flatten\matching_engine_inst.\msg_rx_inst.\uart.$0\byteReady[0:0], Q = \matching_engine_inst.msg_rx_inst.uart.byteReady).
Adding EN signal on $flatten\matching_engine_inst.\msg_rx_inst.\uart.$procdff$4318 ($dff) from module top (D = $flatten\matching_engine_inst.\msg_rx_inst.\uart.$0\parityError[0:0], Q = \matching_engine_inst.msg_rx_inst.uart.parityError).
Adding EN signal on $flatten\matching_engine_inst.\msg_rx_inst.\uart.$procdff$4319 ($dff) from module top (D = { \uart_rx \matching_engine_inst.msg_rx_inst.uart.dataIn [7:1] }, Q = \matching_engine_inst.msg_rx_inst.uart.dataIn).
Adding EN signal on $flatten\matching_engine_inst.\msg_rx_inst.\uart.$procdff$4320 ($dff) from module top (D = $flatten\matching_engine_inst.\msg_rx_inst.\uart.$0\rxState[3:0], Q = \matching_engine_inst.msg_rx_inst.uart.rxState).
Adding EN signal on $flatten\matching_engine_inst.\msg_rx_inst.\uart.$procdff$4321 ($dff) from module top (D = $flatten\matching_engine_inst.\msg_rx_inst.\uart.$0\rxCounter[12:0], Q = \matching_engine_inst.msg_rx_inst.uart.rxCounter).
Adding EN signal on $flatten\matching_engine_inst.\msg_rx_inst.\uart.$procdff$4322 ($dff) from module top (D = $flatten\matching_engine_inst.\msg_rx_inst.\uart.$0\rxBitNumber[2:0], Q = \matching_engine_inst.msg_rx_inst.uart.rxBitNumber).
Adding EN signal on $flatten\matching_engine_inst.\msg_rx_inst.$procdff$4367 ($dff) from module top (D = $flatten\matching_engine_inst.\msg_rx_inst.$0\checksumAcc[7:0], Q = \matching_engine_inst.msg_rx_inst.checksumAcc).
Adding EN signal on $flatten\matching_engine_inst.\msg_rx_inst.$procdff$4366 ($dff) from module top (D = $flatten\matching_engine_inst.\msg_rx_inst.$0\msgState[3:0], Q = \matching_engine_inst.msg_rx_inst.msgState).
Adding EN signal on $flatten\matching_engine_inst.\msg_rx_inst.$procdff$4365 ($dff) from module top (D = { \matching_engine_inst.msg_rx_inst.quantity [7:0] \matching_engine_inst.msg_rx_inst.uart.dataIn }, Q = \matching_engine_inst.msg_rx_inst.quantity).
Adding EN signal on $flatten\matching_engine_inst.\msg_rx_inst.$procdff$4364 ($dff) from module top (D = { \matching_engine_inst.msg_rx_inst.price [7:0] \matching_engine_inst.msg_rx_inst.uart.dataIn }, Q = \matching_engine_inst.msg_rx_inst.price).
Adding EN signal on $flatten\matching_engine_inst.\msg_rx_inst.$procdff$4363 ($dff) from module top (D = \matching_engine_inst.msg_rx_inst.uart.dataIn, Q = \matching_engine_inst.msg_rx_inst.side).
Adding EN signal on $flatten\matching_engine_inst.\msg_rx_inst.$procdff$4362 ($dff) from module top (D = { \matching_engine_inst.msg_rx_inst.orderID [7:0] \matching_engine_inst.msg_rx_inst.uart.dataIn }, Q = \matching_engine_inst.msg_rx_inst.orderID).
Adding EN signal on $flatten\matching_engine_inst.\msg_rx_inst.$procdff$4361 ($dff) from module top (D = \matching_engine_inst.msg_rx_inst.uart.dataIn, Q = \matching_engine_inst.msg_rx_inst.msgType).
Adding EN signal on $flatten\matching_engine_inst.\msg_rx_inst.$procdff$4360 ($dff) from module top (D = $flatten\matching_engine_inst.\msg_rx_inst.$0\checksumError[0:0], Q = \matching_engine_inst.msg_rx_inst.checksumError).
Adding EN signal on $flatten\matching_engine_inst.\msg_rx_inst.$procdff$4359 ($dff) from module top (D = $flatten\matching_engine_inst.\msg_rx_inst.$0\timeOutError[0:0], Q = \matching_engine_inst.msg_rx_inst.timeOutError).
Adding EN signal on $flatten\matching_engine_inst.\msg_rx_inst.$procdff$4358 ($dff) from module top (D = $flatten\matching_engine_inst.\msg_rx_inst.$0\sentinelError[0:0], Q = \matching_engine_inst.msg_rx_inst.sentinelError).
Adding EN signal on $flatten\matching_engine_inst.\msg_rx_inst.$procdff$4357 ($dff) from module top (D = $flatten\matching_engine_inst.\msg_rx_inst.$0\messageReady[0:0], Q = \matching_engine_inst.msg_rx_inst.messageReady).
Adding EN signal on $flatten\matching_engine_inst.\msg_tx_inst.$procdff$4373 ($dff) from module top (D = \matching_engine_inst.msgTypeOut, Q = \matching_engine_inst.msg_tx_inst.msgType).
Adding EN signal on $flatten\matching_engine_inst.\msg_tx_inst.$procdff$4374 ($dff) from module top (D = \matching_engine_inst.orderIDOut, Q = \matching_engine_inst.msg_tx_inst.orderID).
Adding EN signal on $flatten\matching_engine_inst.\msg_tx_inst.$procdff$4375 ($dff) from module top (D = \matching_engine_inst.priceOut, Q = \matching_engine_inst.msg_tx_inst.price).
Adding EN signal on $flatten\matching_engine_inst.\msg_tx_inst.$procdff$4376 ($dff) from module top (D = \matching_engine_inst.quantityOut, Q = \matching_engine_inst.msg_tx_inst.quantity).
Adding EN signal on $flatten\matching_engine_inst.\msg_tx_inst.$procdff$4377 ($dff) from module top (D = $flatten\matching_engine_inst.\msg_tx_inst.$procmux$1791_Y, Q = \matching_engine_inst.msg_tx_inst.byteCounter).
Adding SRST signal on $auto$ff.cc:337:slice$5196 ($dffe) from module top (D = $flatten\matching_engine_inst.\msg_tx_inst.$add$rtl/message_tx.v:153$909_Y [0], Q = \matching_engine_inst.msg_tx_inst.byteCounter, rval = 1'0).
Adding EN signal on $flatten\matching_engine_inst.\msg_tx_inst.$procdff$4379 ($dff) from module top (D = $flatten\matching_engine_inst.\msg_tx_inst.$0\txBusy[0:0], Q = \matching_engine_inst.msg_tx_inst.txBusy).
Adding EN signal on $flatten\matching_engine_inst.\bid_book.$procdff$4387 ($dff) from module top (D = $flatten\matching_engine_inst.\bid_book.$procmux$2867_Y, Q = \matching_engine_inst.bid_book.price [127:112]).
Adding EN signal on $flatten\matching_engine_inst.\bid_book.$procdff$4387 ($dff) from module top (D = $flatten\matching_engine_inst.\bid_book.$procmux$2755_Y, Q = \matching_engine_inst.bid_book.price [15:0]).
Adding EN signal on $flatten\matching_engine_inst.\bid_book.$procdff$4387 ($dff) from module top (D = $flatten\matching_engine_inst.\bid_book.$procmux$2613_Y, Q = \matching_engine_inst.bid_book.price [31:16]).
Adding EN signal on $flatten\matching_engine_inst.\bid_book.$procdff$4387 ($dff) from module top (D = $flatten\matching_engine_inst.\bid_book.$procmux$2493_Y, Q = \matching_engine_inst.bid_book.price [47:32]).
Adding EN signal on $flatten\matching_engine_inst.\bid_book.$procdff$4387 ($dff) from module top (D = $flatten\matching_engine_inst.\bid_book.$procmux$2373_Y, Q = \matching_engine_inst.bid_book.price [63:48]).
Adding EN signal on $flatten\matching_engine_inst.\bid_book.$procdff$4387 ($dff) from module top (D = $flatten\matching_engine_inst.\bid_book.$procmux$2253_Y, Q = \matching_engine_inst.bid_book.price [79:64]).
Adding EN signal on $flatten\matching_engine_inst.\bid_book.$procdff$4387 ($dff) from module top (D = $flatten\matching_engine_inst.\bid_book.$procmux$2133_Y, Q = \matching_engine_inst.bid_book.price [95:80]).
Adding EN signal on $flatten\matching_engine_inst.\bid_book.$procdff$4387 ($dff) from module top (D = $flatten\matching_engine_inst.\bid_book.$procmux$2013_Y, Q = \matching_engine_inst.bid_book.price [111:96]).
Adding EN signal on $flatten\matching_engine_inst.\bid_book.$procdff$4388 ($dff) from module top (D = $flatten\matching_engine_inst.\bid_book.$procmux$2644_Y, Q = \matching_engine_inst.bid_book.quantity [127:112]).
Adding EN signal on $flatten\matching_engine_inst.\bid_book.$procdff$4388 ($dff) from module top (D = $flatten\matching_engine_inst.\bid_book.$procmux$2589_Y, Q = \matching_engine_inst.bid_book.quantity [31:16]).
Adding EN signal on $flatten\matching_engine_inst.\bid_book.$procdff$4388 ($dff) from module top (D = $flatten\matching_engine_inst.\bid_book.$procmux$2469_Y, Q = \matching_engine_inst.bid_book.quantity [47:32]).
Adding EN signal on $flatten\matching_engine_inst.\bid_book.$procdff$4388 ($dff) from module top (D = $flatten\matching_engine_inst.\bid_book.$procmux$2349_Y, Q = \matching_engine_inst.bid_book.quantity [63:48]).
Adding EN signal on $flatten\matching_engine_inst.\bid_book.$procdff$4388 ($dff) from module top (D = $flatten\matching_engine_inst.\bid_book.$procmux$2229_Y, Q = \matching_engine_inst.bid_book.quantity [79:64]).
Adding EN signal on $flatten\matching_engine_inst.\bid_book.$procdff$4388 ($dff) from module top (D = $flatten\matching_engine_inst.\bid_book.$procmux$2109_Y, Q = \matching_engine_inst.bid_book.quantity [95:80]).
Adding EN signal on $flatten\matching_engine_inst.\bid_book.$procdff$4388 ($dff) from module top (D = $flatten\matching_engine_inst.\bid_book.$procmux$1989_Y, Q = \matching_engine_inst.bid_book.quantity [111:96]).
Adding EN signal on $flatten\matching_engine_inst.\bid_book.$procdff$4388 ($dff) from module top (D = $flatten\matching_engine_inst.\bid_book.$procmux$2732_Y, Q = \matching_engine_inst.bid_book.quantity [15:0]).
Adding EN signal on $flatten\matching_engine_inst.\bid_book.$procdff$4389 ($dff) from module top (D = $flatten\matching_engine_inst.\bid_book.$procmux$2778_Y, Q = \matching_engine_inst.bid_book.valid [0]).
Adding EN signal on $flatten\matching_engine_inst.\bid_book.$procdff$4389 ($dff) from module top (D = $flatten\matching_engine_inst.\bid_book.$procmux$2637_Y, Q = \matching_engine_inst.bid_book.valid [1]).
Adding EN signal on $flatten\matching_engine_inst.\bid_book.$procdff$4389 ($dff) from module top (D = $flatten\matching_engine_inst.\bid_book.$procmux$2517_Y, Q = \matching_engine_inst.bid_book.valid [2]).
Adding EN signal on $flatten\matching_engine_inst.\bid_book.$procdff$4389 ($dff) from module top (D = $flatten\matching_engine_inst.\bid_book.$procmux$2397_Y, Q = \matching_engine_inst.bid_book.valid [3]).
Adding EN signal on $flatten\matching_engine_inst.\bid_book.$procdff$4389 ($dff) from module top (D = $flatten\matching_engine_inst.\bid_book.$procmux$2277_Y, Q = \matching_engine_inst.bid_book.valid [4]).
Adding EN signal on $flatten\matching_engine_inst.\bid_book.$procdff$4389 ($dff) from module top (D = $flatten\matching_engine_inst.\bid_book.$procmux$2157_Y, Q = \matching_engine_inst.bid_book.valid [5]).
Adding EN signal on $flatten\matching_engine_inst.\bid_book.$procdff$4389 ($dff) from module top (D = $flatten\matching_engine_inst.\bid_book.$procmux$2037_Y, Q = \matching_engine_inst.bid_book.valid [6]).
Adding EN signal on $flatten\matching_engine_inst.\bid_book.$procdff$4389 ($dff) from module top (D = $flatten\matching_engine_inst.\bid_book.$procmux$2941_Y, Q = \matching_engine_inst.bid_book.valid [7]).
Adding EN signal on $flatten\matching_engine_inst.\bid_book.$procdff$4392 ($dff) from module top (D = $flatten\matching_engine_inst.\bid_book.$procmux$2849_Y, Q = \matching_engine_inst.bid_book.insertFullError).
Adding EN signal on $flatten\matching_engine_inst.\msg_tx_inst.$procdff$4382 ($dff) from module top (D = $flatten\matching_engine_inst.\msg_tx_inst.$0\mtxState[3:0], Q = \matching_engine_inst.msg_tx_inst.mtxState).
Adding EN signal on $flatten\matching_engine_inst.\report_queue.$procdff$4432 ($dff) from module top (D = $flatten\matching_engine_inst.\report_queue.$add$rtl/report_fifo.v:69$748_Y [2:0], Q = \matching_engine_inst.report_queue.rd_ptr).

9.14.7. Executing OPT_CLEAN pass (remove unused cells and wires).
Finding unused cells or wires in module \top..
Removed 144 unused cells and 102 unused wires.
<suppressed ~145 debug messages>

9.14.8. Executing OPT_EXPR pass (perform const folding).
Optimizing module top.
<suppressed ~114 debug messages>

9.14.9. Rerunning OPT passes. (Maybe there is more to do..)

9.14.10. Executing OPT_MUXTREE pass (detect dead branches in mux trees).
Running muxtree optimizer on module \top..
  Creating internal representation of mux trees.
  Evaluating internal representation of mux trees.
  Analyzing evaluation results.
Removed 0 multiplexer ports.
<suppressed ~628 debug messages>

9.14.11. Executing OPT_REDUCE pass (consolidate $*mux and $reduce_* inputs).
  Optimizing cells in module \top.
Performed a total of 0 changes.

9.14.12. Executing OPT_MERGE pass (detect identical cells).
Finding identical cells in module `\top'.
Computing hashes of 1376 cells of `\top'.
Finding duplicate cells in `\top'.
Computing hashes of 1114 cells of `\top'.
Finding duplicate cells in `\top'.
Computing hashes of 1084 cells of `\top'.
Finding duplicate cells in `\top'.
<suppressed ~876 debug messages>
Removed a total of 292 cells.

9.14.13. Executing OPT_DFF pass (perform DFF optimizations).

9.14.14. Executing OPT_CLEAN pass (remove unused cells and wires).
Finding unused cells or wires in module \top..
Removed 0 unused cells and 292 unused wires.
<suppressed ~1 debug messages>

9.14.15. Executing OPT_EXPR pass (perform const folding).
Optimizing module top.

9.14.16. Rerunning OPT passes. (Maybe there is more to do..)

9.14.17. Executing OPT_MUXTREE pass (detect dead branches in mux trees).
Running muxtree optimizer on module \top..
  Creating internal representation of mux trees.
  Evaluating internal representation of mux trees.
  Analyzing evaluation results.
Removed 0 multiplexer ports.
<suppressed ~634 debug messages>

9.14.18. Executing OPT_REDUCE pass (consolidate $*mux and $reduce_* inputs).
  Optimizing cells in module \top.
Performed a total of 0 changes.

9.14.19. Executing OPT_MERGE pass (detect identical cells).
Finding identical cells in module `\top'.
Computing hashes of 1084 cells of `\top'.
Finding duplicate cells in `\top'.
Removed a total of 0 cells.

9.14.20. Executing OPT_DFF pass (perform DFF optimizations).

9.14.21. Executing OPT_CLEAN pass (remove unused cells and wires).
Finding unused cells or wires in module \top..

9.14.22. Executing OPT_EXPR pass (perform const folding).
Optimizing module top.

9.14.23. Finished fast OPT passes. (There is nothing left to do.)

9.15. Executing WREDUCE pass (reducing word size of cells).
Removed top 2 bits (of 3) from port B of cell top.$auto$opt_dff.cc:235:make_patterns_logic$5230 ($ne).
Removed top 1 bits (of 2) from port B of cell top.$auto$opt_dff.cc:235:make_patterns_logic$5159 ($ne).
Removed top 1 bits (of 2) from port B of cell top.$auto$opt_dff.cc:235:make_patterns_logic$5107 ($ne).
Removed top 1 bits (of 2) from port B of cell top.$auto$opt_dff.cc:235:make_patterns_logic$5086 ($ne).
Removed top 1 bits (of 2) from port B of cell top.$auto$opt_dff.cc:235:make_patterns_logic$5084 ($ne).
Removed top 1 bits (of 2) from port B of cell top.$auto$opt_dff.cc:235:make_patterns_logic$5082 ($ne).
Removed top 1 bits (of 2) from port B of cell top.$auto$opt_dff.cc:235:make_patterns_logic$5080 ($ne).
Removed top 1 bits (of 2) from port B of cell top.$auto$opt_dff.cc:235:make_patterns_logic$5043 ($ne).
Removed top 1 bits (of 2) from port B of cell top.$auto$opt_dff.cc:235:make_patterns_logic$5041 ($ne).
Removed top 1 bits (of 2) from port B of cell top.$auto$opt_dff.cc:235:make_patterns_logic$5034 ($ne).
Removed top 1 bits (of 2) from port B of cell top.$auto$opt_dff.cc:235:make_patterns_logic$5025 ($ne).
Removed top 1 bits (of 2) from port B of cell top.$auto$opt_dff.cc:235:make_patterns_logic$5023 ($ne).
Removed top 1 bits (of 2) from port B of cell top.$auto$opt_dff.cc:235:make_patterns_logic$5021 ($ne).
Removed top 1 bits (of 2) from port B of cell top.$auto$opt_dff.cc:235:make_patterns_logic$5019 ($ne).
Removed top 1 bits (of 2) from port B of cell top.$auto$opt_dff.cc:235:make_patterns_logic$5017 ($ne).
Removed top 1 bits (of 2) from port B of cell top.$auto$opt_dff.cc:235:make_patterns_logic$4964 ($ne).
Removed top 1 bits (of 2) from port B of cell top.$auto$opt_dff.cc:235:make_patterns_logic$4955 ($ne).
Removed top 1 bits (of 2) from port B of cell top.$auto$opt_dff.cc:235:make_patterns_logic$4953 ($ne).
Removed top 1 bits (of 2) from port B of cell top.$auto$opt_dff.cc:235:make_patterns_logic$4949 ($ne).
Removed top 1 bits (of 2) from port B of cell top.$auto$opt_dff.cc:235:make_patterns_logic$4879 ($ne).
Removed top 1 bits (of 3) from port B of cell top.$auto$opt_dff.cc:235:make_patterns_logic$4854 ($ne).
Removed top 1 bits (of 2) from port B of cell top.$auto$opt_dff.cc:235:make_patterns_logic$4847 ($ne).
Removed top 2 bits (of 3) from port B of cell top.$auto$opt_dff.cc:235:make_patterns_logic$4734 ($ne).
Removed top 23 bits (of 33) from port A of cell top.$flatten\matching_engine_inst.\report_queue.$neg$rtl/report_fifo.v:56$739 ($neg).
Converting cell top.$flatten\matching_engine_inst.\report_queue.$neg$rtl/report_fifo.v:56$739 ($neg) from signed to unsigned.
Removed top 1 bits (of 10) from port A of cell top.$flatten\matching_engine_inst.\report_queue.$neg$rtl/report_fifo.v:56$739 ($neg).
Removed top 31 bits (of 32) from port B of cell top.$flatten\matching_engine_inst.\report_queue.$add$rtl/report_fifo.v:57$742 ($add).
Removed top 29 bits (of 32) from port Y of cell top.$flatten\matching_engine_inst.\report_queue.$add$rtl/report_fifo.v:57$742 ($add).
Removed top 22 bits (of 32) from port B of cell top.$flatten\matching_engine_inst.\report_queue.$shiftx$rtl/report_fifo.v:68$747 ($shiftx).
Removed top 31 bits (of 32) from port B of cell top.$flatten\matching_engine_inst.\report_queue.$add$rtl/report_fifo.v:69$748 ($add).
Removed top 29 bits (of 32) from port Y of cell top.$flatten\matching_engine_inst.\report_queue.$add$rtl/report_fifo.v:69$748 ($add).
Removed top 31 bits (of 32) from port B of cell top.$flatten\matching_engine_inst.\report_queue.$add$rtl/report_fifo.v:81$751 ($add).
Removed top 28 bits (of 32) from port Y of cell top.$flatten\matching_engine_inst.\report_queue.$add$rtl/report_fifo.v:81$751 ($add).
Removed top 31 bits (of 32) from port B of cell top.$flatten\matching_engine_inst.\report_queue.$sub$rtl/report_fifo.v:82$752 ($sub).
Removed top 28 bits (of 32) from port Y of cell top.$flatten\matching_engine_inst.\report_queue.$sub$rtl/report_fifo.v:82$752 ($sub).
Removed top 1 bits (of 2) from port B of cell top.$flatten\matching_engine_inst.\report_queue.$procmux$4160_CMP0 ($eq).
Removed top 31 bits (of 32) from port A of cell top.$flatten\matching_engine_inst.\ask_book.$lt$rtl/order_book_side.v:114$804 ($lt).
Removed top 31 bits (of 32) from port A of cell top.$flatten\matching_engine_inst.\ask_book.$lt$rtl/order_book_side.v:114$806 ($lt).
Removed top 3 bits (of 4) from port A of cell top.$flatten\matching_engine_inst.\ask_book.$eq$rtl/order_book_side.v:116$807 ($eq).
Removed top 30 bits (of 32) from port A of cell top.$flatten\matching_engine_inst.\ask_book.$lt$rtl/order_book_side.v:114$808 ($lt).
Removed top 2 bits (of 4) from port A of cell top.$flatten\matching_engine_inst.\ask_book.$eq$rtl/order_book_side.v:116$809 ($eq).
Removed top 30 bits (of 32) from port A of cell top.$flatten\matching_engine_inst.\ask_book.$lt$rtl/order_book_side.v:114$810 ($lt).
Removed top 2 bits (of 4) from port A of cell top.$flatten\matching_engine_inst.\ask_book.$eq$rtl/order_book_side.v:116$811 ($eq).
Removed top 29 bits (of 32) from port A of cell top.$flatten\matching_engine_inst.\ask_book.$lt$rtl/order_book_side.v:114$812 ($lt).
Removed top 1 bits (of 4) from port A of cell top.$flatten\matching_engine_inst.\ask_book.$eq$rtl/order_book_side.v:116$813 ($eq).
Removed top 29 bits (of 32) from port A of cell top.$flatten\matching_engine_inst.\ask_book.$lt$rtl/order_book_side.v:114$814 ($lt).
Removed top 1 bits (of 4) from port A of cell top.$flatten\matching_engine_inst.\ask_book.$eq$rtl/order_book_side.v:116$815 ($eq).
Removed top 29 bits (of 32) from port A of cell top.$flatten\matching_engine_inst.\ask_book.$lt$rtl/order_book_side.v:114$816 ($lt).
Removed top 1 bits (of 4) from port A of cell top.$flatten\matching_engine_inst.\ask_book.$eq$rtl/order_book_side.v:116$817 ($eq).
Removed top 29 bits (of 32) from port A of cell top.$flatten\matching_engine_inst.\ask_book.$lt$rtl/order_book_side.v:114$818 ($lt).
Removed top 1 bits (of 4) from port A of cell top.$flatten\matching_engine_inst.\ask_book.$eq$rtl/order_book_side.v:116$819 ($eq).
Removed top 31 bits (of 32) from port A of cell top.$flatten\matching_engine_inst.\bid_book.$lt$rtl/order_book_side.v:114$871 ($lt).
Removed top 31 bits (of 32) from port A of cell top.$flatten\matching_engine_inst.\bid_book.$lt$rtl/order_book_side.v:114$873 ($lt).
Removed top 3 bits (of 4) from port A of cell top.$flatten\matching_engine_inst.\bid_book.$eq$rtl/order_book_side.v:116$874 ($eq).
Removed top 30 bits (of 32) from port A of cell top.$flatten\matching_engine_inst.\bid_book.$lt$rtl/order_book_side.v:114$875 ($lt).
Removed top 2 bits (of 4) from port A of cell top.$flatten\matching_engine_inst.\bid_book.$eq$rtl/order_book_side.v:116$876 ($eq).
Removed top 30 bits (of 32) from port A of cell top.$flatten\matching_engine_inst.\bid_book.$lt$rtl/order_book_side.v:114$877 ($lt).
Removed top 2 bits (of 4) from port A of cell top.$flatten\matching_engine_inst.\bid_book.$eq$rtl/order_book_side.v:116$878 ($eq).
Removed top 29 bits (of 32) from port A of cell top.$flatten\matching_engine_inst.\bid_book.$lt$rtl/order_book_side.v:114$879 ($lt).
Removed top 1 bits (of 4) from port A of cell top.$flatten\matching_engine_inst.\bid_book.$eq$rtl/order_book_side.v:116$880 ($eq).
Removed top 29 bits (of 32) from port A of cell top.$flatten\matching_engine_inst.\bid_book.$lt$rtl/order_book_side.v:114$881 ($lt).
Removed top 1 bits (of 4) from port A of cell top.$flatten\matching_engine_inst.\bid_book.$eq$rtl/order_book_side.v:116$882 ($eq).
Removed top 29 bits (of 32) from port A of cell top.$flatten\matching_engine_inst.\bid_book.$lt$rtl/order_book_side.v:114$883 ($lt).
Removed top 1 bits (of 4) from port A of cell top.$flatten\matching_engine_inst.\bid_book.$eq$rtl/order_book_side.v:116$884 ($eq).
Removed top 29 bits (of 32) from port A of cell top.$flatten\matching_engine_inst.\bid_book.$lt$rtl/order_book_side.v:114$885 ($lt).
Removed top 1 bits (of 4) from port A of cell top.$flatten\matching_engine_inst.\bid_book.$eq$rtl/order_book_side.v:116$886 ($eq).
Removed top 31 bits (of 32) from port B of cell top.$flatten\matching_engine_inst.\msg_tx_inst.$add$rtl/message_tx.v:187$917 ($add).
Removed top 31 bits (of 32) from port Y of cell top.$flatten\matching_engine_inst.\msg_tx_inst.$add$rtl/message_tx.v:187$917 ($add).
Removed top 1 bits (of 4) from port B of cell top.$flatten\matching_engine_inst.\msg_tx_inst.$procmux$1864_CMP0 ($eq).
Removed top 1 bits (of 4) from port B of cell top.$flatten\matching_engine_inst.\msg_tx_inst.$procmux$1867_CMP0 ($eq).
Removed top 1 bits (of 4) from port B of cell top.$flatten\matching_engine_inst.\msg_tx_inst.$procmux$1870_CMP0 ($eq).
Removed top 1 bits (of 4) from port B of cell top.$flatten\matching_engine_inst.\msg_tx_inst.$procmux$1873_CMP0 ($eq).
Removed top 2 bits (of 4) from port B of cell top.$flatten\matching_engine_inst.\msg_tx_inst.$procmux$1876_CMP0 ($eq).
Removed top 2 bits (of 4) from port B of cell top.$flatten\matching_engine_inst.\msg_tx_inst.$procmux$1879_CMP0 ($eq).
Removed top 3 bits (of 4) from port B of cell top.$flatten\matching_engine_inst.\msg_tx_inst.$procmux$1882_CMP0 ($eq).
Removed top 3 bits (of 4) from port B of cell top.$flatten\matching_engine_inst.\msg_tx_inst.\uart_tx_inst.$procmux$4203_CMP0 ($eq).
Removed top 2 bits (of 4) from port B of cell top.$flatten\matching_engine_inst.\msg_tx_inst.\uart_tx_inst.$procmux$4196_CMP0 ($eq).
Removed top 2 bits (of 4) from port B of cell top.$flatten\matching_engine_inst.\msg_tx_inst.\uart_tx_inst.$procmux$4189_CMP0 ($eq).
Removed top 1 bits (of 4) from port B of cell top.$flatten\matching_engine_inst.\msg_tx_inst.\uart_tx_inst.$procmux$4182_CMP0 ($eq).
Removed top 12 bits (of 13) from mux cell top.$flatten\matching_engine_inst.\msg_tx_inst.\uart_tx_inst.$procmux$4177 ($mux).
Removed top 31 bits (of 32) from port B of cell top.$flatten\matching_engine_inst.\msg_tx_inst.\uart_tx_inst.$add$rtl/uart_tx.v:92$691 ($add).
Removed top 29 bits (of 32) from port Y of cell top.$flatten\matching_engine_inst.\msg_tx_inst.\uart_tx_inst.$add$rtl/uart_tx.v:92$691 ($add).
Removed top 28 bits (of 32) from port B of cell top.$flatten\matching_engine_inst.\msg_tx_inst.\uart_tx_inst.$sub$rtl/uart_tx.v:77$684 ($sub).
Removed top 28 bits (of 32) from port Y of cell top.$flatten\matching_engine_inst.\msg_tx_inst.\uart_tx_inst.$sub$rtl/uart_tx.v:77$684 ($sub).
Removed top 28 bits (of 32) from port A of cell top.$flatten\matching_engine_inst.\msg_tx_inst.\uart_tx_inst.$sub$rtl/uart_tx.v:77$684 ($sub).
Removed top 28 bits (of 32) from port B of cell top.$flatten\matching_engine_inst.\msg_tx_inst.\uart_tx_inst.$ge$rtl/uart_tx.v:75$682 ($ge).
Removed top 30 bits (of 32) from port B of cell top.$flatten\matching_engine_inst.\msg_tx_inst.\uart_tx_inst.$add$rtl/uart_tx.v:75$681 ($add).
Removed top 27 bits (of 32) from port Y of cell top.$flatten\matching_engine_inst.\msg_tx_inst.\uart_tx_inst.$add$rtl/uart_tx.v:75$681 ($add).
Removed top 31 bits (of 32) from port B of cell top.$flatten\matching_engine_inst.\msg_tx_inst.\uart_tx_inst.$add$rtl/uart_tx.v:70$679 ($add).
Removed top 18 bits (of 32) from port Y of cell top.$flatten\matching_engine_inst.\msg_tx_inst.\uart_tx_inst.$add$rtl/uart_tx.v:70$679 ($add).
Removed top 31 bits (of 32) from port B of cell top.$flatten\matching_engine_inst.\msg_rx_inst.$add$rtl/message_rx.v:185$943 ($add).
Removed top 31 bits (of 32) from port Y of cell top.$flatten\matching_engine_inst.\msg_rx_inst.$add$rtl/message_rx.v:185$943 ($add).
Removed top 1 bits (of 20) from port B of cell top.$flatten\matching_engine_inst.\msg_rx_inst.$eq$rtl/message_rx.v:203$947 ($eq).
Removed top 31 bits (of 32) from port B of cell top.$flatten\matching_engine_inst.\msg_rx_inst.$add$rtl/message_rx.v:207$948 ($add).
Removed top 12 bits (of 32) from port Y of cell top.$flatten\matching_engine_inst.\msg_rx_inst.$add$rtl/message_rx.v:207$948 ($add).
Removed top 2 bits (of 4) from port B of cell top.$flatten\matching_engine_inst.\msg_rx_inst.$procmux$1528_CMP0 ($eq).
Removed top 2 bits (of 4) from port B of cell top.$flatten\matching_engine_inst.\msg_rx_inst.$procmux$1532_CMP0 ($eq).
Removed top 3 bits (of 4) from port B of cell top.$flatten\matching_engine_inst.\msg_rx_inst.$procmux$1536_CMP0 ($eq).
Removed top 1 bits (of 4) from port B of cell top.$flatten\matching_engine_inst.\msg_rx_inst.$procmux$1547_CMP0 ($eq).
Removed top 1 bits (of 4) from port B of cell top.$flatten\matching_engine_inst.\msg_rx_inst.$procmux$1557_CMP0 ($eq).
Removed top 1 bits (of 4) from port B of cell top.$flatten\matching_engine_inst.\msg_rx_inst.$procmux$1567_CMP0 ($eq).
Removed top 1 bits (of 4) from port B of cell top.$flatten\matching_engine_inst.\msg_rx_inst.$procmux$1574_CMP0 ($eq).
Removed top 2 bits (of 4) from mux cell top.$flatten\matching_engine_inst.\msg_rx_inst.$procmux$1593 ($mux).
Removed top 1 bits (of 4) from port B of cell top.$flatten\matching_engine_inst.\msg_rx_inst.\uart.$procmux$1054_CMP0 ($eq).
Removed top 1 bits (of 4) from port B of cell top.$flatten\matching_engine_inst.\msg_rx_inst.\uart.$procmux$1040_CMP0 ($eq).
Removed top 2 bits (of 4) from port B of cell top.$flatten\matching_engine_inst.\msg_rx_inst.\uart.$procmux$1035_CMP0 ($eq).
Removed top 3 bits (of 4) from port B of cell top.$flatten\matching_engine_inst.\msg_rx_inst.\uart.$procmux$1028_CMP0 ($eq).
Removed top 2 bits (of 4) from port B of cell top.$flatten\matching_engine_inst.\msg_rx_inst.\uart.$procmux$1024_CMP0 ($eq).
Removed top 1 bits (of 4) from mux cell top.$flatten\matching_engine_inst.\msg_rx_inst.\uart.$procmux$1019 ($mux).
Removed top 12 bits (of 13) from mux cell top.$flatten\matching_engine_inst.\msg_rx_inst.\uart.$procmux$964 ($mux).
Removed top 30 bits (of 32) from port B of cell top.$flatten\matching_engine_inst.\msg_rx_inst.\uart.$add$rtl/uart_rx.v:120$673 ($add).
Removed top 27 bits (of 32) from port Y of cell top.$flatten\matching_engine_inst.\msg_rx_inst.\uart.$add$rtl/uart_rx.v:120$673 ($add).
Removed top 27 bits (of 32) from port A of cell top.$flatten\matching_engine_inst.\msg_rx_inst.\uart.$sub$rtl/uart_rx.v:117$672 ($sub).
Removed top 28 bits (of 32) from port B of cell top.$flatten\matching_engine_inst.\msg_rx_inst.\uart.$sub$rtl/uart_rx.v:117$672 ($sub).
Removed top 28 bits (of 32) from port Y of cell top.$flatten\matching_engine_inst.\msg_rx_inst.\uart.$sub$rtl/uart_rx.v:117$672 ($sub).
Removed top 1 bits (of 5) from port A of cell top.$flatten\matching_engine_inst.\msg_rx_inst.\uart.$sub$rtl/uart_rx.v:117$672 ($sub).
Removed top 27 bits (of 32) from port A of cell top.$flatten\matching_engine_inst.\msg_rx_inst.\uart.$ge$rtl/uart_rx.v:115$670 ($ge).
Removed top 28 bits (of 32) from port B of cell top.$flatten\matching_engine_inst.\msg_rx_inst.\uart.$ge$rtl/uart_rx.v:115$670 ($ge).
Removed top 31 bits (of 32) from port B of cell top.$flatten\matching_engine_inst.\msg_rx_inst.\uart.$add$rtl/uart_rx.v:109$663 ($add).
Removed top 18 bits (of 32) from port Y of cell top.$flatten\matching_engine_inst.\msg_rx_inst.\uart.$add$rtl/uart_rx.v:109$663 ($add).
Removed top 31 bits (of 32) from port B of cell top.$flatten\matching_engine_inst.\msg_rx_inst.\uart.$add$rtl/uart_rx.v:85$650 ($add).
Removed top 29 bits (of 32) from port Y of cell top.$flatten\matching_engine_inst.\msg_rx_inst.\uart.$add$rtl/uart_rx.v:85$650 ($add).
Removed top 6 bits (of 13) from port B of cell top.$flatten\matching_engine_inst.\msg_rx_inst.\uart.$eq$rtl/uart_rx.v:61$640 ($eq).
Removed top 3 bits (of 4) from port B of cell top.$flatten\matching_engine_inst.$procmux$1426_CMP0 ($eq).
Removed top 1 bits (of 4) from port B of cell top.$flatten\matching_engine_inst.$procmux$1419_CMP0 ($eq).
Removed top 1 bits (of 4) from port B of cell top.$flatten\matching_engine_inst.$procmux$1418_CMP0 ($eq).
Removed top 31 bits (of 64) from mux cell top.$flatten\matching_engine_inst.$procmux$1415 ($mux).
Removed top 2 bits (of 4) from port B of cell top.$flatten\matching_engine_inst.$procmux$1342_CMP0 ($eq).
Removed top 1 bits (of 4) from mux cell top.$flatten\matching_engine_inst.$procmux$1222 ($mux).
Removed top 1 bits (of 4) from mux cell top.$flatten\matching_engine_inst.$procmux$1212 ($mux).
Removed top 2 bits (of 4) from port B of cell top.$flatten\matching_engine_inst.$procmux$1207_CMP0 ($eq).
Removed top 1 bits (of 4) from port B of cell top.$flatten\matching_engine_inst.$procmux$1205_CMP0 ($eq).
Removed top 1 bits (of 4) from port B of cell top.$flatten\matching_engine_inst.$procmux$1204_CMP0 ($eq).
Removed top 1 bits (of 2) from port B of cell top.$flatten\matching_engine_inst.$procmux$1068_CMP0 ($eq).
Removed top 7 bits (of 8) from port B of cell top.$flatten\matching_engine_inst.$eq$rtl/matching_engine.v:403$285 ($eq).
Removed top 31 bits (of 32) from port B of cell top.$flatten\matching_engine_inst.$add$rtl/matching_engine.v:345$276 ($add).
Removed top 28 bits (of 32) from port Y of cell top.$flatten\matching_engine_inst.$add$rtl/matching_engine.v:345$276 ($add).
Removed top 7 bits (of 8) from port B of cell top.$flatten\matching_engine_inst.$ne$rtl/matching_engine.v:311$266 ($ne).
Removed top 27 bits (of 32) from port A of cell top.$flatten\matching_engine_inst.\msg_tx_inst.\uart_tx_inst.$ge$rtl/uart_tx.v:75$682 ($ge).
Removed top 2 bits (of 4) from wire top.$flatten\matching_engine_inst.\msg_rx_inst.$procmux$1593_Y.
Removed top 1 bits (of 4) from wire top.$flatten\matching_engine_inst.\msg_rx_inst.\uart.$procmux$1019_Y.
Removed top 12 bits (of 13) from wire top.$flatten\matching_engine_inst.\msg_rx_inst.\uart.$procmux$951_Y.
Removed top 18 bits (of 32) from wire top.$flatten\matching_engine_inst.\msg_rx_inst.\uart.$add$rtl/uart_rx.v:108$662_Y.
Removed top 28 bits (of 32) from wire top.$flatten\matching_engine_inst.\msg_rx_inst.\uart.$sub$rtl/uart_rx.v:100$660_Y.
Removed top 27 bits (of 32) from wire top.$flatten\matching_engine_inst.\msg_rx_inst.\uart.$add$rtl/uart_rx.v:100$659_Y.
Removed top 31 bits (of 32) from wire top.$flatten\matching_engine_inst.\msg_rx_inst.\uart.$reduce_xor$rtl/uart_rx.v:94$655_Y.
Removed top 29 bits (of 32) from wire top.$flatten\matching_engine_inst.\msg_rx_inst.\uart.$add$rtl/uart_rx.v:85$650_Y.
Removed top 8 bits (of 64) from wire top.$flatten\matching_engine_inst.$procmux$1415_Y.
Removed top 31 bits (of 32) from wire top.$flatten\matching_engine_inst.\msg_rx_inst.$add$rtl/message_rx.v:133$930_Y.
Removed top 12 bits (of 32) from wire top.$flatten\matching_engine_inst.\msg_rx_inst.$add$rtl/message_rx.v:120$927_Y.
Removed top 31 bits (of 32) from wire top.$flatten\matching_engine_inst.\msg_tx_inst.$add$rtl/message_tx.v:153$909_Y.
Removed top 1 bits (of 4) from wire top.$flatten\matching_engine_inst.$procmux$1222_Y.
Removed top 1 bits (of 4) from wire top.$flatten\matching_engine_inst.$procmux$1212_Y.
Removed top 12 bits (of 13) from wire top.$flatten\matching_engine_inst.\msg_tx_inst.\uart_tx_inst.$procmux$4177_Y.
Removed top 28 bits (of 32) from wire top.$flatten\matching_engine_inst.\msg_tx_inst.\uart_tx_inst.$sub$rtl/uart_tx.v:116$705_Y.
Removed top 31 bits (of 32) from wire top.$flatten\matching_engine_inst.\msg_tx_inst.\uart_tx_inst.$reduce_xor$rtl/uart_tx.v:109$698_Y.
Removed top 18 bits (of 32) from wire top.$flatten\matching_engine_inst.\msg_tx_inst.\uart_tx_inst.$add$rtl/uart_tx.v:105$697_Y.
Removed top 27 bits (of 32) from wire top.$flatten\matching_engine_inst.\msg_tx_inst.\uart_tx_inst.$add$rtl/uart_tx.v:101$696_Y.
Removed top 28 bits (of 32) from wire top.$flatten\matching_engine_inst.$add$rtl/matching_engine.v:345$276_Y.
Removed top 29 bits (of 32) from wire top.$flatten\matching_engine_inst.\msg_tx_inst.\uart_tx_inst.$add$rtl/uart_tx.v:92$691_Y.
Removed top 28 bits (of 32) from wire top.$flatten\matching_engine_inst.\report_queue.$sub$rtl/report_fifo.v:82$752_Y.
Removed top 28 bits (of 32) from wire top.$flatten\matching_engine_inst.\report_queue.$add$rtl/report_fifo.v:81$751_Y.
Removed top 29 bits (of 32) from wire top.$flatten\matching_engine_inst.\report_queue.$add$rtl/report_fifo.v:69$748_Y.
Removed top 29 bits (of 32) from wire top.$flatten\matching_engine_inst.\report_queue.$add$rtl/report_fifo.v:57$742_Y.

9.16. Executing PEEPOPT pass (run peephole optimizers).
shiftpow2 pattern in top: shift=$flatten\matching_engine_inst.\report_queue.$shiftx$rtl/report_fifo.v:68$747, index=\matching_engine_inst.report_queue.rd_ptr, stride=64, width=64, ways=8

9.17. Executing OPT_CLEAN pass (remove unused cells and wires).
Finding unused cells or wires in module \top..
Removed 0 unused cells and 25 unused wires.
<suppressed ~1 debug messages>

9.18. Executing SHARE pass (SAT-based resource sharing).

9.19. Executing TECHMAP pass (map to technology primitives).

9.19.1. Executing Verilog-2005 frontend: /Users/paoloverwey/oss-cad-suite/libexec/../share/yosys/mul2dsp.v
Parsing Verilog input from `/Users/paoloverwey/oss-cad-suite/libexec/../share/yosys/mul2dsp.v' to AST representation.
Generating RTLIL representation for module `\_80_mul'.
Generating RTLIL representation for module `\_90_soft_mul'.
Successfully finished Verilog frontend.

9.19.2. Continuing TECHMAP pass.
No more expansions possible.
<suppressed ~4 debug messages>

9.20. Executing TECHMAP pass (map to technology primitives).

9.20.1. Executing Verilog-2005 frontend: /Users/paoloverwey/oss-cad-suite/libexec/../share/yosys/mul2dsp.v
Parsing Verilog input from `/Users/paoloverwey/oss-cad-suite/libexec/../share/yosys/mul2dsp.v' to AST representation.
Generating RTLIL representation for module `\_80_mul'.
Generating RTLIL representation for module `\_90_soft_mul'.
Successfully finished Verilog frontend.

9.20.2. Continuing TECHMAP pass.
No more expansions possible.
<suppressed ~4 debug messages>

9.21. Executing TECHMAP pass (map to technology primitives).

9.21.1. Executing Verilog-2005 frontend: /Users/paoloverwey/oss-cad-suite/libexec/../share/yosys/mul2dsp.v
Parsing Verilog input from `/Users/paoloverwey/oss-cad-suite/libexec/../share/yosys/mul2dsp.v' to AST representation.
Generating RTLIL representation for module `\_80_mul'.
Generating RTLIL representation for module `\_90_soft_mul'.
Successfully finished Verilog frontend.

9.21.2. Continuing TECHMAP pass.
No more expansions possible.
<suppressed ~4 debug messages>

9.22. Executing TECHMAP pass (map to technology primitives).

9.22.1. Executing Verilog-2005 frontend: /Users/paoloverwey/oss-cad-suite/libexec/../share/yosys/mul2dsp.v
Parsing Verilog input from `/Users/paoloverwey/oss-cad-suite/libexec/../share/yosys/mul2dsp.v' to AST representation.
Generating RTLIL representation for module `\_80_mul'.
Generating RTLIL representation for module `\_90_soft_mul'.
Successfully finished Verilog frontend.

9.22.2. Continuing TECHMAP pass.
No more expansions possible.
<suppressed ~4 debug messages>

9.23. Executing TECHMAP pass (map to technology primitives).

9.23.1. Executing Verilog-2005 frontend: /Users/paoloverwey/oss-cad-suite/libexec/../share/yosys/gowin/dsp_map.v
Parsing Verilog input from `/Users/paoloverwey/oss-cad-suite/libexec/../share/yosys/gowin/dsp_map.v' to AST representation.
Generating RTLIL representation for module `$__MUL9X9'.
Generating RTLIL representation for module `$__MUL18X18'.
Generating RTLIL representation for module `$__MUL36X36'.
Successfully finished Verilog frontend.

9.23.2. Continuing TECHMAP pass.
No more expansions possible.
<suppressed ~5 debug messages>

9.24. Executing ALUMACC pass (create $alu and $macc cells).
Extracting $alu and $macc cells in module top:
  creating $macc model for $flatten\matching_engine_inst.\msg_tx_inst.$add$rtl/message_tx.v:187$917 ($add).
  creating $macc model for $flatten\matching_engine_inst.\msg_tx_inst.\uart_tx_inst.$sub$rtl/uart_tx.v:77$684 ($sub).
  creating $macc model for $flatten\matching_engine_inst.\msg_tx_inst.\uart_tx_inst.$add$rtl/uart_tx.v:92$691 ($add).
  creating $macc model for $flatten\matching_engine_inst.\msg_rx_inst.$add$rtl/message_rx.v:185$943 ($add).
  creating $macc model for $flatten\matching_engine_inst.\msg_rx_inst.\uart.$add$rtl/uart_rx.v:120$673 ($add).
  creating $macc model for $flatten\matching_engine_inst.\msg_rx_inst.\uart.$sub$rtl/uart_rx.v:117$672 ($sub).
  creating $macc model for $flatten\matching_engine_inst.\msg_rx_inst.\uart.$add$rtl/uart_rx.v:109$663 ($add).
  creating $macc model for $flatten\matching_engine_inst.\msg_rx_inst.\uart.$add$rtl/uart_rx.v:85$650 ($add).
  creating $macc model for $flatten\matching_engine_inst.\bid_book.$sub$rtl/order_book_side.v:165$888 ($sub).
  creating $macc model for $flatten\matching_engine_inst.\msg_tx_inst.\uart_tx_inst.$add$rtl/uart_tx.v:70$679 ($add).
  creating $macc model for $flatten\matching_engine_inst.$add$rtl/matching_engine.v:345$276 ($add).
  creating $macc model for $flatten\matching_engine_inst.$sub$rtl/matching_engine.v:344$275 ($sub).
  creating $macc model for $flatten\matching_engine_inst.\msg_rx_inst.$add$rtl/message_rx.v:207$948 ($add).
  creating $macc model for $flatten\matching_engine_inst.\ask_book.$sub$rtl/order_book_side.v:165$821 ($sub).
  creating $macc model for $flatten\matching_engine_inst.\msg_tx_inst.\uart_tx_inst.$add$rtl/uart_tx.v:75$681 ($add).
  creating $macc model for $flatten\matching_engine_inst.\report_queue.$sub$rtl/report_fifo.v:82$752 ($sub).
  creating $macc model for $flatten\matching_engine_inst.\report_queue.$add$rtl/report_fifo.v:81$751 ($add).
  creating $macc model for $flatten\matching_engine_inst.\report_queue.$add$rtl/report_fifo.v:69$748 ($add).
  creating $macc model for $flatten\matching_engine_inst.\report_queue.$add$rtl/report_fifo.v:57$742 ($add).
  creating $macc model for $flatten\matching_engine_inst.\report_queue.$neg$rtl/report_fifo.v:56$739 ($neg).
  creating $alu model for $macc $flatten\matching_engine_inst.\report_queue.$neg$rtl/report_fifo.v:56$739.
  creating $alu model for $macc $flatten\matching_engine_inst.\report_queue.$add$rtl/report_fifo.v:57$742.
  creating $alu model for $macc $flatten\matching_engine_inst.\report_queue.$add$rtl/report_fifo.v:69$748.
  creating $alu model for $macc $flatten\matching_engine_inst.\report_queue.$add$rtl/report_fifo.v:81$751.
  creating $alu model for $macc $flatten\matching_engine_inst.\report_queue.$sub$rtl/report_fifo.v:82$752.
  creating $alu model for $macc $flatten\matching_engine_inst.\msg_tx_inst.\uart_tx_inst.$add$rtl/uart_tx.v:75$681.
  creating $alu model for $macc $flatten\matching_engine_inst.\ask_book.$sub$rtl/order_book_side.v:165$821.
  creating $alu model for $macc $flatten\matching_engine_inst.\msg_rx_inst.$add$rtl/message_rx.v:207$948.
  creating $alu model for $macc $flatten\matching_engine_inst.$sub$rtl/matching_engine.v:344$275.
  creating $alu model for $macc $flatten\matching_engine_inst.$add$rtl/matching_engine.v:345$276.
  creating $alu model for $macc $flatten\matching_engine_inst.\msg_tx_inst.\uart_tx_inst.$add$rtl/uart_tx.v:70$679.
  creating $alu model for $macc $flatten\matching_engine_inst.\bid_book.$sub$rtl/order_book_side.v:165$888.
  creating $alu model for $macc $flatten\matching_engine_inst.\msg_rx_inst.\uart.$add$rtl/uart_rx.v:85$650.
  creating $alu model for $macc $flatten\matching_engine_inst.\msg_rx_inst.\uart.$add$rtl/uart_rx.v:109$663.
  creating $alu model for $macc $flatten\matching_engine_inst.\msg_rx_inst.\uart.$sub$rtl/uart_rx.v:117$672.
  creating $alu model for $macc $flatten\matching_engine_inst.\msg_rx_inst.\uart.$add$rtl/uart_rx.v:120$673.
  creating $alu model for $macc $flatten\matching_engine_inst.\msg_rx_inst.$add$rtl/message_rx.v:185$943.
  creating $alu model for $macc $flatten\matching_engine_inst.\msg_tx_inst.\uart_tx_inst.$add$rtl/uart_tx.v:92$691.
  creating $alu model for $macc $flatten\matching_engine_inst.\msg_tx_inst.\uart_tx_inst.$sub$rtl/uart_tx.v:77$684.
  creating $alu model for $macc $flatten\matching_engine_inst.\msg_tx_inst.$add$rtl/message_tx.v:187$917.
  creating $alu model for $flatten\matching_engine_inst.\msg_tx_inst.\uart_tx_inst.$ge$rtl/uart_tx.v:75$682 ($ge): new $alu
  creating $alu model for $flatten\matching_engine_inst.\msg_rx_inst.\uart.$ge$rtl/uart_rx.v:115$670 ($ge): new $alu
  creating $alu model for $flatten\matching_engine_inst.\bid_book.$ge$rtl/order_book_side.v:161$887 ($ge): merged with $flatten\matching_engine_inst.\bid_book.$sub$rtl/order_book_side.v:165$888.
  creating $alu model for $flatten\matching_engine_inst.\bid_book.$lt$rtl/order_book_side.v:114$885 ($lt): new $alu
  creating $alu model for $flatten\matching_engine_inst.\bid_book.$lt$rtl/order_book_side.v:114$883 ($lt): new $alu
  creating $alu model for $flatten\matching_engine_inst.\bid_book.$lt$rtl/order_book_side.v:114$881 ($lt): new $alu
  creating $alu model for $flatten\matching_engine_inst.\bid_book.$lt$rtl/order_book_side.v:114$879 ($lt): new $alu
  creating $alu model for $flatten\matching_engine_inst.\bid_book.$lt$rtl/order_book_side.v:114$877 ($lt): new $alu
  creating $alu model for $flatten\matching_engine_inst.\bid_book.$lt$rtl/order_book_side.v:114$875 ($lt): new $alu
  creating $alu model for $flatten\matching_engine_inst.\bid_book.$lt$rtl/order_book_side.v:114$873 ($lt): new $alu
  creating $alu model for $flatten\matching_engine_inst.\bid_book.$lt$rtl/order_book_side.v:114$871 ($lt): new $alu
  creating $alu model for $flatten\matching_engine_inst.\bid_book.$gt$rtl/order_book_side.v:59$862 ($gt): new $alu
  creating $alu model for $flatten\matching_engine_inst.\bid_book.$gt$rtl/order_book_side.v:59$858 ($gt): new $alu
  creating $alu model for $flatten\matching_engine_inst.\bid_book.$gt$rtl/order_book_side.v:59$854 ($gt): new $alu
  creating $alu model for $flatten\matching_engine_inst.\bid_book.$gt$rtl/order_book_side.v:59$850 ($gt): new $alu
  creating $alu model for $flatten\matching_engine_inst.\bid_book.$gt$rtl/order_book_side.v:59$846 ($gt): new $alu
  creating $alu model for $flatten\matching_engine_inst.\bid_book.$gt$rtl/order_book_side.v:59$842 ($gt): new $alu
  creating $alu model for $flatten\matching_engine_inst.\bid_book.$gt$rtl/order_book_side.v:59$838 ($gt): new $alu
  creating $alu model for $flatten\matching_engine_inst.\bid_book.$gt$rtl/order_book_side.v:59$834 ($gt): new $alu
  creating $alu model for $flatten\matching_engine_inst.$lt$rtl/matching_engine.v:338$273 ($lt): merged with $flatten\matching_engine_inst.$sub$rtl/matching_engine.v:344$275.
  creating $alu model for $flatten\matching_engine_inst.\ask_book.$ge$rtl/order_book_side.v:161$820 ($ge): merged with $flatten\matching_engine_inst.\ask_book.$sub$rtl/order_book_side.v:165$821.
  creating $alu model for $flatten\matching_engine_inst.\ask_book.$lt$rtl/order_book_side.v:114$818 ($lt): new $alu
  creating $alu model for $flatten\matching_engine_inst.\ask_book.$lt$rtl/order_book_side.v:114$816 ($lt): new $alu
  creating $alu model for $flatten\matching_engine_inst.\ask_book.$lt$rtl/order_book_side.v:114$814 ($lt): new $alu
  creating $alu model for $flatten\matching_engine_inst.\ask_book.$lt$rtl/order_book_side.v:114$812 ($lt): new $alu
  creating $alu model for $flatten\matching_engine_inst.\ask_book.$lt$rtl/order_book_side.v:114$810 ($lt): new $alu
  creating $alu model for $flatten\matching_engine_inst.\ask_book.$lt$rtl/order_book_side.v:114$808 ($lt): new $alu
  creating $alu model for $flatten\matching_engine_inst.\ask_book.$lt$rtl/order_book_side.v:114$806 ($lt): new $alu
  creating $alu model for $flatten\matching_engine_inst.\ask_book.$lt$rtl/order_book_side.v:114$804 ($lt): new $alu
  creating $alu model for $flatten\matching_engine_inst.\ask_book.$lt$rtl/order_book_side.v:59$795 ($lt): new $alu
  creating $alu model for $flatten\matching_engine_inst.\ask_book.$lt$rtl/order_book_side.v:59$791 ($lt): new $alu
  creating $alu model for $flatten\matching_engine_inst.\ask_book.$lt$rtl/order_book_side.v:59$787 ($lt): new $alu
  creating $alu model for $flatten\matching_engine_inst.\ask_book.$lt$rtl/order_book_side.v:59$783 ($lt): new $alu
  creating $alu model for $flatten\matching_engine_inst.\ask_book.$lt$rtl/order_book_side.v:59$779 ($lt): new $alu
  creating $alu model for $flatten\matching_engine_inst.\ask_book.$lt$rtl/order_book_side.v:59$775 ($lt): new $alu
  creating $alu model for $flatten\matching_engine_inst.\ask_book.$lt$rtl/order_book_side.v:59$771 ($lt): new $alu
  creating $alu model for $flatten\matching_engine_inst.\ask_book.$lt$rtl/order_book_side.v:59$767 ($lt): new $alu
  creating $alu model for $flatten\matching_engine_inst.$le$rtl/matching_engine.v:74$257 ($le): new $alu
  creating $alu model for $flatten\matching_engine_inst.$ge$rtl/matching_engine.v:74$256 ($ge): merged with $flatten\matching_engine_inst.$le$rtl/matching_engine.v:74$257.
  creating $alu model for $flatten\matching_engine_inst.\bid_book.$eq$rtl/order_book_side.v:116$886 ($eq): merged with $flatten\matching_engine_inst.\bid_book.$lt$rtl/order_book_side.v:114$885.
  creating $alu model for $flatten\matching_engine_inst.\bid_book.$eq$rtl/order_book_side.v:116$884 ($eq): merged with $flatten\matching_engine_inst.\bid_book.$lt$rtl/order_book_side.v:114$883.
  creating $alu model for $flatten\matching_engine_inst.\bid_book.$eq$rtl/order_book_side.v:116$882 ($eq): merged with $flatten\matching_engine_inst.\bid_book.$lt$rtl/order_book_side.v:114$881.
  creating $alu model for $flatten\matching_engine_inst.\bid_book.$eq$rtl/order_book_side.v:116$880 ($eq): merged with $flatten\matching_engine_inst.\bid_book.$lt$rtl/order_book_side.v:114$879.
  creating $alu model for $flatten\matching_engine_inst.\bid_book.$eq$rtl/order_book_side.v:116$878 ($eq): merged with $flatten\matching_engine_inst.\bid_book.$lt$rtl/order_book_side.v:114$877.
  creating $alu model for $flatten\matching_engine_inst.\bid_book.$eq$rtl/order_book_side.v:116$876 ($eq): merged with $flatten\matching_engine_inst.\bid_book.$lt$rtl/order_book_side.v:114$875.
  creating $alu model for $flatten\matching_engine_inst.\bid_book.$eq$rtl/order_book_side.v:116$874 ($eq): merged with $flatten\matching_engine_inst.\bid_book.$lt$rtl/order_book_side.v:114$873.
  creating $alu model for $flatten\matching_engine_inst.$eq$rtl/matching_engine.v:347$277 ($eq): merged with $flatten\matching_engine_inst.$sub$rtl/matching_engine.v:344$275.
  creating $alu model for $flatten\matching_engine_inst.\ask_book.$eq$rtl/order_book_side.v:116$819 ($eq): merged with $flatten\matching_engine_inst.\ask_book.$lt$rtl/order_book_side.v:114$818.
  creating $alu model for $flatten\matching_engine_inst.\ask_book.$eq$rtl/order_book_side.v:116$817 ($eq): merged with $flatten\matching_engine_inst.\ask_book.$lt$rtl/order_book_side.v:114$816.
  creating $alu model for $flatten\matching_engine_inst.\ask_book.$eq$rtl/order_book_side.v:116$815 ($eq): merged with $flatten\matching_engine_inst.\ask_book.$lt$rtl/order_book_side.v:114$814.
  creating $alu model for $flatten\matching_engine_inst.\ask_book.$eq$rtl/order_book_side.v:116$813 ($eq): merged with $flatten\matching_engine_inst.\ask_book.$lt$rtl/order_book_side.v:114$812.
  creating $alu model for $flatten\matching_engine_inst.\ask_book.$eq$rtl/order_book_side.v:116$811 ($eq): merged with $flatten\matching_engine_inst.\ask_book.$lt$rtl/order_book_side.v:114$810.
  creating $alu model for $flatten\matching_engine_inst.\ask_book.$eq$rtl/order_book_side.v:116$809 ($eq): merged with $flatten\matching_engine_inst.\ask_book.$lt$rtl/order_book_side.v:114$808.
  creating $alu model for $flatten\matching_engine_inst.\ask_book.$eq$rtl/order_book_side.v:116$807 ($eq): merged with $flatten\matching_engine_inst.\ask_book.$lt$rtl/order_book_side.v:114$806.
  creating $alu cell for $flatten\matching_engine_inst.$le$rtl/matching_engine.v:74$257, $flatten\matching_engine_inst.$ge$rtl/matching_engine.v:74$256: $auto$alumacc.cc:512:replace_alu$5621
  creating $alu cell for $flatten\matching_engine_inst.\ask_book.$lt$rtl/order_book_side.v:59$767: $auto$alumacc.cc:512:replace_alu$5636
  creating $alu cell for $flatten\matching_engine_inst.\ask_book.$lt$rtl/order_book_side.v:59$771: $auto$alumacc.cc:512:replace_alu$5641
  creating $alu cell for $flatten\matching_engine_inst.\ask_book.$lt$rtl/order_book_side.v:59$775: $auto$alumacc.cc:512:replace_alu$5646
  creating $alu cell for $flatten\matching_engine_inst.\ask_book.$lt$rtl/order_book_side.v:59$779: $auto$alumacc.cc:512:replace_alu$5651
  creating $alu cell for $flatten\matching_engine_inst.\ask_book.$lt$rtl/order_book_side.v:59$783: $auto$alumacc.cc:512:replace_alu$5656
  creating $alu cell for $flatten\matching_engine_inst.\ask_book.$lt$rtl/order_book_side.v:59$787: $auto$alumacc.cc:512:replace_alu$5661
  creating $alu cell for $flatten\matching_engine_inst.\ask_book.$lt$rtl/order_book_side.v:59$791: $auto$alumacc.cc:512:replace_alu$5666
  creating $alu cell for $flatten\matching_engine_inst.\ask_book.$lt$rtl/order_book_side.v:59$795: $auto$alumacc.cc:512:replace_alu$5671
  creating $alu cell for $flatten\matching_engine_inst.\ask_book.$lt$rtl/order_book_side.v:114$804: $auto$alumacc.cc:512:replace_alu$5676
  creating $alu cell for $flatten\matching_engine_inst.\ask_book.$lt$rtl/order_book_side.v:114$806, $flatten\matching_engine_inst.\ask_book.$eq$rtl/order_book_side.v:116$807: $auto$alumacc.cc:512:replace_alu$5681
  creating $alu cell for $flatten\matching_engine_inst.\ask_book.$lt$rtl/order_book_side.v:114$808, $flatten\matching_engine_inst.\ask_book.$eq$rtl/order_book_side.v:116$809: $auto$alumacc.cc:512:replace_alu$5688
  creating $alu cell for $flatten\matching_engine_inst.\ask_book.$lt$rtl/order_book_side.v:114$810, $flatten\matching_engine_inst.\ask_book.$eq$rtl/order_book_side.v:116$811: $auto$alumacc.cc:512:replace_alu$5695
  creating $alu cell for $flatten\matching_engine_inst.\ask_book.$lt$rtl/order_book_side.v:114$812, $flatten\matching_engine_inst.\ask_book.$eq$rtl/order_book_side.v:116$813: $auto$alumacc.cc:512:replace_alu$5702
  creating $alu cell for $flatten\matching_engine_inst.\ask_book.$lt$rtl/order_book_side.v:114$814, $flatten\matching_engine_inst.\ask_book.$eq$rtl/order_book_side.v:116$815: $auto$alumacc.cc:512:replace_alu$5709
  creating $alu cell for $flatten\matching_engine_inst.\ask_book.$lt$rtl/order_book_side.v:114$816, $flatten\matching_engine_inst.\ask_book.$eq$rtl/order_book_side.v:116$817: $auto$alumacc.cc:512:replace_alu$5716
  creating $alu cell for $flatten\matching_engine_inst.\ask_book.$lt$rtl/order_book_side.v:114$818, $flatten\matching_engine_inst.\ask_book.$eq$rtl/order_book_side.v:116$819: $auto$alumacc.cc:512:replace_alu$5723
  creating $alu cell for $flatten\matching_engine_inst.\bid_book.$gt$rtl/order_book_side.v:59$834: $auto$alumacc.cc:512:replace_alu$5730
  creating $alu cell for $flatten\matching_engine_inst.\bid_book.$gt$rtl/order_book_side.v:59$838: $auto$alumacc.cc:512:replace_alu$5741
  creating $alu cell for $flatten\matching_engine_inst.\bid_book.$gt$rtl/order_book_side.v:59$842: $auto$alumacc.cc:512:replace_alu$5752
  creating $alu cell for $flatten\matching_engine_inst.\bid_book.$gt$rtl/order_book_side.v:59$846: $auto$alumacc.cc:512:replace_alu$5763
  creating $alu cell for $flatten\matching_engine_inst.\bid_book.$gt$rtl/order_book_side.v:59$850: $auto$alumacc.cc:512:replace_alu$5774
  creating $alu cell for $flatten\matching_engine_inst.\bid_book.$gt$rtl/order_book_side.v:59$854: $auto$alumacc.cc:512:replace_alu$5785
  creating $alu cell for $flatten\matching_engine_inst.\bid_book.$gt$rtl/order_book_side.v:59$858: $auto$alumacc.cc:512:replace_alu$5796
  creating $alu cell for $flatten\matching_engine_inst.\bid_book.$gt$rtl/order_book_side.v:59$862: $auto$alumacc.cc:512:replace_alu$5807
  creating $alu cell for $flatten\matching_engine_inst.\bid_book.$lt$rtl/order_book_side.v:114$871: $auto$alumacc.cc:512:replace_alu$5818
  creating $alu cell for $flatten\matching_engine_inst.\bid_book.$lt$rtl/order_book_side.v:114$873, $flatten\matching_engine_inst.\bid_book.$eq$rtl/order_book_side.v:116$874: $auto$alumacc.cc:512:replace_alu$5823
  creating $alu cell for $flatten\matching_engine_inst.\bid_book.$lt$rtl/order_book_side.v:114$875, $flatten\matching_engine_inst.\bid_book.$eq$rtl/order_book_side.v:116$876: $auto$alumacc.cc:512:replace_alu$5830
  creating $alu cell for $flatten\matching_engine_inst.\bid_book.$lt$rtl/order_book_side.v:114$877, $flatten\matching_engine_inst.\bid_book.$eq$rtl/order_book_side.v:116$878: $auto$alumacc.cc:512:replace_alu$5837
  creating $alu cell for $flatten\matching_engine_inst.\bid_book.$lt$rtl/order_book_side.v:114$879, $flatten\matching_engine_inst.\bid_book.$eq$rtl/order_book_side.v:116$880: $auto$alumacc.cc:512:replace_alu$5844
  creating $alu cell for $flatten\matching_engine_inst.\bid_book.$lt$rtl/order_book_side.v:114$881, $flatten\matching_engine_inst.\bid_book.$eq$rtl/order_book_side.v:116$882: $auto$alumacc.cc:512:replace_alu$5851
  creating $alu cell for $flatten\matching_engine_inst.\bid_book.$lt$rtl/order_book_side.v:114$883, $flatten\matching_engine_inst.\bid_book.$eq$rtl/order_book_side.v:116$884: $auto$alumacc.cc:512:replace_alu$5858
  creating $alu cell for $flatten\matching_engine_inst.\bid_book.$lt$rtl/order_book_side.v:114$885, $flatten\matching_engine_inst.\bid_book.$eq$rtl/order_book_side.v:116$886: $auto$alumacc.cc:512:replace_alu$5865
  creating $alu cell for $flatten\matching_engine_inst.\msg_rx_inst.\uart.$ge$rtl/uart_rx.v:115$670: $auto$alumacc.cc:512:replace_alu$5872
  creating $alu cell for $flatten\matching_engine_inst.\msg_tx_inst.\uart_tx_inst.$ge$rtl/uart_tx.v:75$682: $auto$alumacc.cc:512:replace_alu$5885
  creating $alu cell for $flatten\matching_engine_inst.\msg_tx_inst.$add$rtl/message_tx.v:187$917: $auto$alumacc.cc:512:replace_alu$5898
  creating $alu cell for $flatten\matching_engine_inst.\msg_tx_inst.\uart_tx_inst.$sub$rtl/uart_tx.v:77$684: $auto$alumacc.cc:512:replace_alu$5901
  creating $alu cell for $flatten\matching_engine_inst.\msg_tx_inst.\uart_tx_inst.$add$rtl/uart_tx.v:92$691: $auto$alumacc.cc:512:replace_alu$5904
  creating $alu cell for $flatten\matching_engine_inst.\msg_rx_inst.$add$rtl/message_rx.v:185$943: $auto$alumacc.cc:512:replace_alu$5907
  creating $alu cell for $flatten\matching_engine_inst.\msg_rx_inst.\uart.$add$rtl/uart_rx.v:120$673: $auto$alumacc.cc:512:replace_alu$5910
  creating $alu cell for $flatten\matching_engine_inst.\msg_rx_inst.\uart.$sub$rtl/uart_rx.v:117$672: $auto$alumacc.cc:512:replace_alu$5913
  creating $alu cell for $flatten\matching_engine_inst.\msg_rx_inst.\uart.$add$rtl/uart_rx.v:109$663: $auto$alumacc.cc:512:replace_alu$5916
  creating $alu cell for $flatten\matching_engine_inst.\msg_rx_inst.\uart.$add$rtl/uart_rx.v:85$650: $auto$alumacc.cc:512:replace_alu$5919
  creating $alu cell for $flatten\matching_engine_inst.\bid_book.$sub$rtl/order_book_side.v:165$888, $flatten\matching_engine_inst.\bid_book.$ge$rtl/order_book_side.v:161$887: $auto$alumacc.cc:512:replace_alu$5922
  creating $alu cell for $flatten\matching_engine_inst.\msg_tx_inst.\uart_tx_inst.$add$rtl/uart_tx.v:70$679: $auto$alumacc.cc:512:replace_alu$5931
  creating $alu cell for $flatten\matching_engine_inst.$add$rtl/matching_engine.v:345$276: $auto$alumacc.cc:512:replace_alu$5934
  creating $alu cell for $flatten\matching_engine_inst.$sub$rtl/matching_engine.v:344$275, $flatten\matching_engine_inst.$lt$rtl/matching_engine.v:338$273, $flatten\matching_engine_inst.$eq$rtl/matching_engine.v:347$277: $auto$alumacc.cc:512:replace_alu$5937
  creating $alu cell for $flatten\matching_engine_inst.\msg_rx_inst.$add$rtl/message_rx.v:207$948: $auto$alumacc.cc:512:replace_alu$5948
  creating $alu cell for $flatten\matching_engine_inst.\ask_book.$sub$rtl/order_book_side.v:165$821, $flatten\matching_engine_inst.\ask_book.$ge$rtl/order_book_side.v:161$820: $auto$alumacc.cc:512:replace_alu$5951
  creating $alu cell for $flatten\matching_engine_inst.\msg_tx_inst.\uart_tx_inst.$add$rtl/uart_tx.v:75$681: $auto$alumacc.cc:512:replace_alu$5960
  creating $alu cell for $flatten\matching_engine_inst.\report_queue.$sub$rtl/report_fifo.v:82$752: $auto$alumacc.cc:512:replace_alu$5963
  creating $alu cell for $flatten\matching_engine_inst.\report_queue.$add$rtl/report_fifo.v:81$751: $auto$alumacc.cc:512:replace_alu$5966
  creating $alu cell for $flatten\matching_engine_inst.\report_queue.$add$rtl/report_fifo.v:69$748: $auto$alumacc.cc:512:replace_alu$5969
  creating $alu cell for $flatten\matching_engine_inst.\report_queue.$add$rtl/report_fifo.v:57$742: $auto$alumacc.cc:512:replace_alu$5972
  creating $alu cell for $flatten\matching_engine_inst.\report_queue.$neg$rtl/report_fifo.v:56$739: $auto$alumacc.cc:512:replace_alu$5975
  created 55 $alu and 0 $macc cells.

9.25. Executing OPT pass (performing simple optimizations).

9.25.1. Executing OPT_EXPR pass (perform const folding).
Optimizing module top.
<suppressed ~52 debug messages>

9.25.2. Executing OPT_MERGE pass (detect identical cells).
Finding identical cells in module `\top'.
Computing hashes of 1158 cells of `\top'.
Finding duplicate cells in `\top'.
Removed a total of 0 cells.

9.25.3. Executing OPT_MUXTREE pass (detect dead branches in mux trees).
Running muxtree optimizer on module \top..
  Creating internal representation of mux trees.
  Evaluating internal representation of mux trees.
  Analyzing evaluation results.
Removed 0 multiplexer ports.
<suppressed ~634 debug messages>

9.25.4. Executing OPT_REDUCE pass (consolidate $*mux and $reduce_* inputs).
  Optimizing cells in module \top.
Performed a total of 0 changes.

9.25.5. Executing OPT_MERGE pass (detect identical cells).
Finding identical cells in module `\top'.
Computing hashes of 1158 cells of `\top'.
Finding duplicate cells in `\top'.
Removed a total of 0 cells.

9.25.6. Executing OPT_DFF pass (perform DFF optimizations).
Setting constant 1-bit at position 1 on $auto$ff.cc:337:slice$4979 ($dffe) from module top.
Setting constant 0-bit at position 2 on $auto$ff.cc:337:slice$4979 ($dffe) from module top.
Setting constant 1-bit at position 3 on $auto$ff.cc:337:slice$4979 ($dffe) from module top.
Setting constant 0-bit at position 4 on $auto$ff.cc:337:slice$4979 ($dffe) from module top.
Setting constant 1-bit at position 5 on $auto$ff.cc:337:slice$4979 ($dffe) from module top.
Setting constant 1-bit at position 6 on $auto$ff.cc:337:slice$4979 ($dffe) from module top.
Setting constant 1-bit at position 7 on $auto$ff.cc:337:slice$4979 ($dffe) from module top.
Setting constant 0-bit at position 8 on $auto$ff.cc:337:slice$4979 ($dffe) from module top.
Setting constant 0-bit at position 9 on $auto$ff.cc:337:slice$4979 ($dffe) from module top.
Setting constant 0-bit at position 10 on $auto$ff.cc:337:slice$4979 ($dffe) from module top.
Setting constant 0-bit at position 11 on $auto$ff.cc:337:slice$4979 ($dffe) from module top.
Setting constant 0-bit at position 12 on $auto$ff.cc:337:slice$4979 ($dffe) from module top.
Setting constant 1-bit at position 1 on $auto$ff.cc:337:slice$4973 ($dffe) from module top.
Setting constant 0-bit at position 2 on $auto$ff.cc:337:slice$4973 ($dffe) from module top.
Setting constant 1-bit at position 3 on $auto$ff.cc:337:slice$4973 ($dffe) from module top.
Setting constant 0-bit at position 4 on $auto$ff.cc:337:slice$4973 ($dffe) from module top.
Setting constant 1-bit at position 5 on $auto$ff.cc:337:slice$4973 ($dffe) from module top.
Setting constant 1-bit at position 6 on $auto$ff.cc:337:slice$4973 ($dffe) from module top.
Setting constant 1-bit at position 7 on $auto$ff.cc:337:slice$4973 ($dffe) from module top.
Setting constant 0-bit at position 8 on $auto$ff.cc:337:slice$4973 ($dffe) from module top.
Setting constant 0-bit at position 9 on $auto$ff.cc:337:slice$4973 ($dffe) from module top.
Setting constant 0-bit at position 10 on $auto$ff.cc:337:slice$4973 ($dffe) from module top.
Setting constant 0-bit at position 11 on $auto$ff.cc:337:slice$4973 ($dffe) from module top.
Setting constant 0-bit at position 12 on $auto$ff.cc:337:slice$4973 ($dffe) from module top.

9.25.7. Executing OPT_CLEAN pass (remove unused cells and wires).
Finding unused cells or wires in module \top..
Removed 0 unused cells and 57 unused wires.
<suppressed ~1 debug messages>

9.25.8. Executing OPT_EXPR pass (perform const folding).
Optimizing module top.

9.25.9. Rerunning OPT passes. (Maybe there is more to do..)

9.25.10. Executing OPT_MUXTREE pass (detect dead branches in mux trees).
Running muxtree optimizer on module \top..
  Creating internal representation of mux trees.
  Evaluating internal representation of mux trees.
  Analyzing evaluation results.
Removed 0 multiplexer ports.
<suppressed ~634 debug messages>

9.25.11. Executing OPT_REDUCE pass (consolidate $*mux and $reduce_* inputs).
  Optimizing cells in module \top.
Performed a total of 0 changes.

9.25.12. Executing OPT_MERGE pass (detect identical cells).
Finding identical cells in module `\top'.
Computing hashes of 1158 cells of `\top'.
Finding duplicate cells in `\top'.
Removed a total of 0 cells.

9.25.13. Executing OPT_DFF pass (perform DFF optimizations).

9.25.14. Executing OPT_CLEAN pass (remove unused cells and wires).
Finding unused cells or wires in module \top..

9.25.15. Executing OPT_EXPR pass (perform const folding).
Optimizing module top.

9.25.16. Finished fast OPT passes. (There is nothing left to do.)

9.26. Executing MEMORY pass.

9.26.1. Executing OPT_MEM pass (optimize memories).
Performed a total of 0 transformations.

9.26.2. Executing OPT_MEM_PRIORITY pass (removing unnecessary memory write priority relations).
Performed a total of 0 transformations.

9.26.3. Executing OPT_MEM_FEEDBACK pass (finding memory read-to-write feedback paths).

9.26.4. Executing MEMORY_BMUX2ROM pass (converting muxes to ROMs).

9.26.5. Executing MEMORY_DFF pass (merging $dff cells to $memrd).

9.26.6. Executing OPT_CLEAN pass (remove unused cells and wires).
Finding unused cells or wires in module \top..

9.26.7. Executing MEMORY_SHARE pass (consolidating $memrd/$memwr cells).

9.26.8. Executing OPT_MEM_WIDEN pass (optimize memories where all ports are wide).
Performed a total of 0 transformations.

9.26.9. Executing OPT_CLEAN pass (remove unused cells and wires).
Finding unused cells or wires in module \top..

9.26.10. Executing MEMORY_COLLECT pass (generating $mem cells).

9.27. Executing OPT_CLEAN pass (remove unused cells and wires).
Finding unused cells or wires in module \top..

9.28. Executing MEMORY_LIBMAP pass (mapping memories to cells).

9.29. Executing TECHMAP pass (map to technology primitives).

9.29.1. Executing Verilog-2005 frontend: /Users/paoloverwey/oss-cad-suite/libexec/../share/yosys/gowin/lutrams_map.v
Parsing Verilog input from `/Users/paoloverwey/oss-cad-suite/libexec/../share/yosys/gowin/lutrams_map.v' to AST representation.
Generating RTLIL representation for module `$__GOWIN_LUTRAM_'.
Successfully finished Verilog frontend.

9.29.2. Executing Verilog-2005 frontend: /Users/paoloverwey/oss-cad-suite/libexec/../share/yosys/gowin/brams_map.v
Parsing Verilog input from `/Users/paoloverwey/oss-cad-suite/libexec/../share/yosys/gowin/brams_map.v' to AST representation.
Generating RTLIL representation for module `$__GOWIN_SP_'.
Generating RTLIL representation for module `$__GOWIN_DP_'.
Generating RTLIL representation for module `$__GOWIN_SDP_'.
Successfully finished Verilog frontend.

9.29.3. Continuing TECHMAP pass.
No more expansions possible.
<suppressed ~6 debug messages>

9.30. Executing OPT pass (performing simple optimizations).

9.30.1. Executing OPT_EXPR pass (perform const folding).
Optimizing module top.
<suppressed ~352 debug messages>

9.30.2. Executing OPT_MERGE pass (detect identical cells).
Finding identical cells in module `\top'.
Computing hashes of 874 cells of `\top'.
Finding duplicate cells in `\top'.
Computing hashes of 858 cells of `\top'.
Finding duplicate cells in `\top'.
<suppressed ~48 debug messages>
Removed a total of 16 cells.

9.30.3. Executing OPT_DFF pass (perform DFF optimizations).
Adding SRST signal on $auto$ff.cc:337:slice$5525 ($dffe) from module top (D = $flatten\matching_engine_inst.\bid_book.$procmux$2844_Y, Q = \matching_engine_inst.bid_book.insertFullError, rval = 1'0).
Adding SRST signal on $auto$ff.cc:337:slice$5512 ($dffe) from module top (D = $flatten\matching_engine_inst.\bid_book.$procmux$2939_Y, Q = \matching_engine_inst.bid_book.valid [7], rval = 1'0).
Adding SRST signal on $auto$ff.cc:337:slice$4724 ($dffe) from module top (D = $flatten\matching_engine_inst.\ask_book.$procmux$3899_Y, Q = \matching_engine_inst.ask_book.valid [0], rval = 1'1).
Adding SRST signal on $auto$ff.cc:337:slice$5419 ($dffe) from module top (D = $flatten\matching_engine_inst.\bid_book.$procmux$2764_Y, Q = \matching_engine_inst.bid_book.valid [0], rval = 1'1).
Adding SRST signal on $auto$ff.cc:337:slice$5096 ($dffe) from module top (D = $auto$wreduce.cc:514:run$5567 [2:0], Q = \matching_engine_inst.msg_rx_inst.uart.rxBitNumber, rval = 3'000).
Adding SRST signal on $auto$ff.cc:337:slice$5046 ($dffe) from module top (D = $flatten\matching_engine_inst.\msg_rx_inst.$procmux$1434_Y, Q = \matching_engine_inst.msg_rx_inst.byteWaitCounter, rval = 20'00000000000000000000).
Adding SRST signal on $auto$ff.cc:337:slice$4817 ($dffe) from module top (D = $flatten\matching_engine_inst.\ask_book.$procmux$4074_Y, Q = \matching_engine_inst.ask_book.valid [7], rval = 1'0).
Adding SRST signal on $auto$ff.cc:337:slice$4830 ($dffe) from module top (D = $flatten\matching_engine_inst.\ask_book.$procmux$3979_Y, Q = \matching_engine_inst.ask_book.insertFullError, rval = 1'0).
Adding SRST signal on $auto$ff.cc:337:slice$4945 ($dffe) from module top (D = $flatten\matching_engine_inst.$procmux$1245_Y, Q = \matching_engine_inst.matchLoopCount, rval = 4'0000).
Adding SRST signal on $auto$ff.cc:337:slice$4982 ($dffe) from module top (D = $flatten\matching_engine_inst.\msg_tx_inst.\uart_tx_inst.$procmux$4239_Y, Q = \matching_engine_inst.msg_tx_inst.uart_tx_inst.txBitNumber, rval = 3'000).
Adding SRST signal on $auto$ff.cc:337:slice$5006 ($dffe) from module top (D = $auto$wreduce.cc:514:run$5577 [12:0], Q = \matching_engine_inst.msg_tx_inst.uart_tx_inst.txCounter, rval = 13'0000000000000).
Adding SRST signal on $auto$ff.cc:337:slice$5037 ($dffe) from module top (D = $flatten\matching_engine_inst.\msg_rx_inst.$procmux$1485_Y, Q = \matching_engine_inst.msg_rx_inst.byteCounter, rval = 1'0).
Adding SRST signal on $auto$ff.cc:337:slice$5055 ($dffe) from module top (D = $flatten\matching_engine_inst.\msg_rx_inst.\uart.$procmux$1051_Y, Q = \matching_engine_inst.msg_rx_inst.uart.byteReady, rval = 1'0).
Adding SRST signal on $auto$ff.cc:337:slice$5064 ($dffe) from module top (D = $flatten\matching_engine_inst.\msg_rx_inst.\uart.$procmux$1037_Y, Q = \matching_engine_inst.msg_rx_inst.uart.parityError, rval = 1'0).

9.30.4. Executing OPT_CLEAN pass (remove unused cells and wires).
Finding unused cells or wires in module \top..
Removed 24 unused cells and 356 unused wires.
<suppressed ~25 debug messages>

9.30.5. Rerunning OPT passes. (Removed registers in this run.)

9.30.6. Executing OPT_EXPR pass (perform const folding).
Optimizing module top.
<suppressed ~5 debug messages>

9.30.7. Executing OPT_MERGE pass (detect identical cells).
Finding identical cells in module `\top'.
Computing hashes of 835 cells of `\top'.
Finding duplicate cells in `\top'.
Removed a total of 0 cells.

9.30.8. Executing OPT_DFF pass (perform DFF optimizations).
Adding SRST signal on $auto$ff.cc:337:slice$6256 ($sdffce) from module top (D = $auto$wreduce.cc:514:run$5569 [0], Q = \matching_engine_inst.msg_rx_inst.byteCounter, rval = 1'0).

9.30.9. Executing OPT_CLEAN pass (remove unused cells and wires).
Finding unused cells or wires in module \top..
Removed 1 unused cells and 6 unused wires.
<suppressed ~2 debug messages>

9.30.10. Rerunning OPT passes. (Removed registers in this run.)

9.30.11. Executing OPT_EXPR pass (perform const folding).
Optimizing module top.

9.30.12. Executing OPT_MERGE pass (detect identical cells).
Finding identical cells in module `\top'.
Computing hashes of 835 cells of `\top'.
Finding duplicate cells in `\top'.
Removed a total of 0 cells.

9.30.13. Executing OPT_DFF pass (perform DFF optimizations).

9.30.14. Executing OPT_CLEAN pass (remove unused cells and wires).
Finding unused cells or wires in module \top..

9.30.15. Finished fast OPT passes.

9.31. Executing MEMORY_MAP pass (converting memories to logic and flip-flops).

9.32. Executing OPT pass (performing simple optimizations).

9.32.1. Executing OPT_EXPR pass (perform const folding).
Optimizing module top.

9.32.2. Executing OPT_MERGE pass (detect identical cells).
Finding identical cells in module `\top'.
Computing hashes of 835 cells of `\top'.
Finding duplicate cells in `\top'.
Removed a total of 0 cells.

9.32.3. Executing OPT_MUXTREE pass (detect dead branches in mux trees).
Running muxtree optimizer on module \top..
  Creating internal representation of mux trees.
  Evaluating internal representation of mux trees.
  Analyzing evaluation results.
Removed 0 multiplexer ports.
<suppressed ~261 debug messages>

9.32.4. Executing OPT_REDUCE pass (consolidate $*mux and $reduce_* inputs).
  Optimizing cells in module \top.
    New input vector for $reduce_or cell $auto$opt_dff.cc:277:combine_resets$6261: { $flatten\matching_engine_inst.\msg_rx_inst.$procmux$1475_CMP $flatten\matching_engine_inst.\msg_rx_inst.$procmux$1461_CMP \matching_engine_inst.msg_rx_inst.byteCounter }
    New ctrl vector for $pmux cell $flatten\matching_engine_inst.\msg_rx_inst.\uart.$procmux$997: { $auto$opt_reduce.cc:135:opt_pmux$6263 $flatten\matching_engine_inst.\msg_rx_inst.\uart.$procmux$1007_CMP $flatten\matching_engine_inst.\msg_rx_inst.\uart.$procmux$1003_CMP }
    Consolidated identical input bits for $mux cell $flatten\matching_engine_inst.\msg_rx_inst.\uart.$procmux$983:
      Old ports: A={ $auto$wreduce.cc:514:run$5565 [3] $auto$alumacc.cc:448:extract_cmp_alu$5587 [2:0] }, B={ $auto$wreduce.cc:514:run$5564 [3] $auto$alumacc.cc:448:extract_cmp_alu$5587 [2:0] }, Y=$flatten\matching_engine_inst.\msg_rx_inst.\uart.$procmux$970_Y
      New ports: A=$auto$wreduce.cc:514:run$5565 [3], B=$auto$wreduce.cc:514:run$5564 [3], Y=$flatten\matching_engine_inst.\msg_rx_inst.\uart.$procmux$970_Y [3]
      New connections: $flatten\matching_engine_inst.\msg_rx_inst.\uart.$procmux$970_Y [2:0] = $auto$alumacc.cc:448:extract_cmp_alu$5587 [2:0]
    Consolidated identical input bits for $mux cell $flatten\matching_engine_inst.\msg_rx_inst.\uart.$procmux$1019:
      Old ports: A=3'010, B=3'100, Y=$auto$wreduce.cc:514:run$5561 [2:0]
      New ports: A=2'01, B=2'10, Y=$auto$wreduce.cc:514:run$5561 [2:1]
      New connections: $auto$wreduce.cc:514:run$5561 [0] = 1'0
    Consolidated identical input bits for $pmux cell $flatten\matching_engine_inst.$procmux$1417:
      Old ports: A={ 8'00000001 \matching_engine_inst.msg_rx_inst.orderID 8'00000100 \matching_engine_inst.msg_rx_inst.price \matching_engine_inst.msg_rx_inst.quantity }, B={ 8'00000001 \matching_engine_inst.msg_rx_inst.orderID 8'00000001 \matching_engine_inst.msg_rx_inst.price \matching_engine_inst.msg_rx_inst.quantity 8'00000001 \matching_engine_inst.msg_rx_inst.orderID 7'0000001 $auto$wreduce.cc:514:run$5568 [32:0] }, Y=$flatten\matching_engine_inst.$0\wr_data[63:0]
      New ports: A={ 3'100 \matching_engine_inst.msg_rx_inst.price \matching_engine_inst.msg_rx_inst.quantity }, B={ 3'001 \matching_engine_inst.msg_rx_inst.price \matching_engine_inst.msg_rx_inst.quantity 2'01 $auto$wreduce.cc:514:run$5568 [32:0] }, Y=$flatten\matching_engine_inst.$0\wr_data[63:0] [34:0]
      New connections: $flatten\matching_engine_inst.$0\wr_data[63:0] [63:35] = { 8'00000001 \matching_engine_inst.msg_rx_inst.orderID 5'00000 }
    Consolidated identical input bits for $mux cell $flatten\matching_engine_inst.$procmux$1415:
      Old ports: A={ 1'0 \matching_engine_inst.msg_rx_inst.price \matching_engine_inst.remainingQuantity }, B={ 1'1 \matching_engine_inst.msg_rx_inst.price \matching_engine_inst.msg_rx_inst.quantity }, Y=$auto$wreduce.cc:514:run$5568 [32:0]
      New ports: A={ 1'0 \matching_engine_inst.remainingQuantity }, B={ 1'1 \matching_engine_inst.msg_rx_inst.quantity }, Y={ $auto$wreduce.cc:514:run$5568 [32] $auto$wreduce.cc:514:run$5568 [15:0] }
      New connections: $auto$wreduce.cc:514:run$5568 [31:16] = \matching_engine_inst.msg_rx_inst.price
    Consolidated identical input bits for $mux cell $flatten\matching_engine_inst.\ask_book.$procmux$4146:
      Old ports: A=4'1000, B=4'0000, Y=$flatten\matching_engine_inst.\ask_book.$1\insertIndex[3:0]
      New ports: A=1'1, B=1'0, Y=$flatten\matching_engine_inst.\ask_book.$1\insertIndex[3:0] [3]
      New connections: $flatten\matching_engine_inst.\ask_book.$1\insertIndex[3:0] [2:0] = 3'000
    Consolidated identical input bits for $mux cell $flatten\matching_engine_inst.\msg_tx_inst.\uart_tx_inst.$procmux$4206:
      Old ports: A={ $auto$wreduce.cc:514:run$5578 [3] $auto$alumacc.cc:448:extract_cmp_alu$5586 [2:0] }, B={ $auto$wreduce.cc:514:run$5575 [3] $auto$alumacc.cc:448:extract_cmp_alu$5586 [2:0] }, Y=$flatten\matching_engine_inst.\msg_tx_inst.\uart_tx_inst.$procmux$4206_Y
      New ports: A=$auto$wreduce.cc:514:run$5578 [3], B=$auto$wreduce.cc:514:run$5575 [3], Y=$flatten\matching_engine_inst.\msg_tx_inst.\uart_tx_inst.$procmux$4206_Y [3]
      New connections: $flatten\matching_engine_inst.\msg_tx_inst.\uart_tx_inst.$procmux$4206_Y [2:0] = $auto$alumacc.cc:448:extract_cmp_alu$5586 [2:0]
    Consolidated identical input bits for $mux cell $flatten\matching_engine_inst.\msg_rx_inst.$procmux$1593:
      Old ports: A=2'00, B=2'10, Y=$auto$wreduce.cc:514:run$5560 [1:0]
      New ports: A=1'0, B=1'1, Y=$auto$wreduce.cc:514:run$5560 [1]
      New connections: $auto$wreduce.cc:514:run$5560 [0] = 1'0
    Consolidated identical input bits for $pmux cell $flatten\matching_engine_inst.\msg_rx_inst.\uart.$procmux$1013:
      Old ports: A=4'0001, B={ 9'001000110 $auto$wreduce.cc:514:run$5561 [2:0] 8'01010000 }, Y=$flatten\matching_engine_inst.\msg_rx_inst.\uart.$0\rxState[3:0]
      New ports: A=3'001, B={ 6'010011 $auto$wreduce.cc:514:run$5561 [2:0] 6'101000 }, Y=$flatten\matching_engine_inst.\msg_rx_inst.\uart.$0\rxState[3:0] [2:0]
      New connections: $flatten\matching_engine_inst.\msg_rx_inst.\uart.$0\rxState[3:0] [3] = 1'0
    Consolidated identical input bits for $mux cell $flatten\matching_engine_inst.$procmux$1224:
      Old ports: A=4'0000, B={ 1'0 $auto$wreduce.cc:514:run$5572 [2:0] }, Y=$flatten\matching_engine_inst.$procmux$1224_Y
      New ports: A=3'000, B=$auto$wreduce.cc:514:run$5572 [2:0], Y=$flatten\matching_engine_inst.$procmux$1224_Y [2:0]
      New connections: $flatten\matching_engine_inst.$procmux$1224_Y [3] = 1'0
    Consolidated identical input bits for $mux cell $flatten\matching_engine_inst.$procmux$1222:
      Old ports: A=3'100, B=3'010, Y=$auto$wreduce.cc:514:run$5572 [2:0]
      New ports: A=2'10, B=2'01, Y=$auto$wreduce.cc:514:run$5572 [2:1]
      New connections: $auto$wreduce.cc:514:run$5572 [0] = 1'0
    Consolidated identical input bits for $mux cell $flatten\matching_engine_inst.$procmux$1215:
      Old ports: A={ 1'0 $auto$wreduce.cc:514:run$5573 [2:0] }, B=4'0000, Y=$flatten\matching_engine_inst.$procmux$1215_Y
      New ports: A=$auto$wreduce.cc:514:run$5573 [2:0], B=3'000, Y=$flatten\matching_engine_inst.$procmux$1215_Y [2:0]
      New connections: $flatten\matching_engine_inst.$procmux$1215_Y [3] = 1'0
    Consolidated identical input bits for $mux cell $flatten\matching_engine_inst.$procmux$1212:
      Old ports: A=3'011, B=3'111, Y=$auto$wreduce.cc:514:run$5573 [2:0]
      New ports: A=1'0, B=1'1, Y=$auto$wreduce.cc:514:run$5573 [2]
      New connections: $auto$wreduce.cc:514:run$5573 [1:0] = 2'11
    Consolidated identical input bits for $mux cell $flatten\matching_engine_inst.\bid_book.$procmux$3011:
      Old ports: A=4'1000, B=4'0000, Y=$flatten\matching_engine_inst.\bid_book.$1\insertIndex[3:0]
      New ports: A=1'1, B=1'0, Y=$flatten\matching_engine_inst.\bid_book.$1\insertIndex[3:0] [3]
      New connections: $flatten\matching_engine_inst.\bid_book.$1\insertIndex[3:0] [2:0] = 3'000
    Consolidated identical input bits for $pmux cell $flatten\matching_engine_inst.\msg_tx_inst.$procmux$1723:
      Old ports: A=4'0001, B=28'0010001101000101011001110000, Y=$flatten\matching_engine_inst.\msg_tx_inst.$0\mtxState[3:0]
      New ports: A=3'001, B=21'010011100101110111000, Y=$flatten\matching_engine_inst.\msg_tx_inst.$0\mtxState[3:0] [2:0]
      New connections: $flatten\matching_engine_inst.\msg_tx_inst.$0\mtxState[3:0] [3] = 1'0
    Consolidated identical input bits for $pmux cell $flatten\matching_engine_inst.\msg_tx_inst.\uart_tx_inst.$procmux$4289:
      Old ports: A=4'0001, B=16'0010001101000000, Y=$flatten\matching_engine_inst.\msg_tx_inst.\uart_tx_inst.$0\txState[3:0]
      New ports: A=3'001, B=12'010011100000, Y=$flatten\matching_engine_inst.\msg_tx_inst.\uart_tx_inst.$0\txState[3:0] [2:0]
      New connections: $flatten\matching_engine_inst.\msg_tx_inst.\uart_tx_inst.$0\txState[3:0] [3] = 1'0
  Optimizing cells in module \top.
    Consolidated identical input bits for $pmux cell $flatten\matching_engine_inst.$procmux$1417:
      Old ports: A={ 3'100 \matching_engine_inst.msg_rx_inst.price \matching_engine_inst.msg_rx_inst.quantity }, B={ 3'001 \matching_engine_inst.msg_rx_inst.price \matching_engine_inst.msg_rx_inst.quantity 2'01 $auto$wreduce.cc:514:run$5568 [32:0] }, Y=$flatten\matching_engine_inst.$0\wr_data[63:0] [34:0]
      New ports: A={ 3'100 \matching_engine_inst.msg_rx_inst.quantity }, B={ 3'001 \matching_engine_inst.msg_rx_inst.quantity 2'01 $auto$wreduce.cc:514:run$5568 [32] $auto$wreduce.cc:514:run$5568 [15:0] }, Y={ $flatten\matching_engine_inst.$0\wr_data[63:0] [34:32] $flatten\matching_engine_inst.$0\wr_data[63:0] [15:0] }
      New connections: $flatten\matching_engine_inst.$0\wr_data[63:0] [31:16] = \matching_engine_inst.msg_rx_inst.price
    Consolidated identical input bits for $mux cell $flatten\matching_engine_inst.\ask_book.$procmux$4137:
      Old ports: A=$flatten\matching_engine_inst.\ask_book.$1\insertIndex[3:0], B=4'0001, Y=$flatten\matching_engine_inst.\ask_book.$4\insertIndex[3:0]
      New ports: A={ $flatten\matching_engine_inst.\ask_book.$1\insertIndex[3:0] [3] 1'0 }, B=2'01, Y={ $flatten\matching_engine_inst.\ask_book.$4\insertIndex[3:0] [3] $flatten\matching_engine_inst.\ask_book.$4\insertIndex[3:0] [0] }
      New connections: $flatten\matching_engine_inst.\ask_book.$4\insertIndex[3:0] [2:1] = 2'00
    Consolidated identical input bits for $mux cell $flatten\matching_engine_inst.$procmux$1227:
      Old ports: A=$flatten\matching_engine_inst.$procmux$1224_Y, B=4'0000, Y=$flatten\matching_engine_inst.$procmux$1227_Y
      New ports: A=$flatten\matching_engine_inst.$procmux$1224_Y [2:0], B=3'000, Y=$flatten\matching_engine_inst.$procmux$1227_Y [2:0]
      New connections: $flatten\matching_engine_inst.$procmux$1227_Y [3] = 1'0
    Consolidated identical input bits for $mux cell $flatten\matching_engine_inst.$procmux$1224:
      Old ports: A=3'000, B=$auto$wreduce.cc:514:run$5572 [2:0], Y=$flatten\matching_engine_inst.$procmux$1224_Y [2:0]
      New ports: A=2'00, B=$auto$wreduce.cc:514:run$5572 [2:1], Y=$flatten\matching_engine_inst.$procmux$1224_Y [2:1]
      New connections: $flatten\matching_engine_inst.$procmux$1224_Y [0] = 1'0
    Consolidated identical input bits for $mux cell $flatten\matching_engine_inst.$procmux$1217:
      Old ports: A=4'0100, B=$flatten\matching_engine_inst.$procmux$1215_Y, Y=$flatten\matching_engine_inst.$procmux$1217_Y
      New ports: A=3'100, B=$flatten\matching_engine_inst.$procmux$1215_Y [2:0], Y=$flatten\matching_engine_inst.$procmux$1217_Y [2:0]
      New connections: $flatten\matching_engine_inst.$procmux$1217_Y [3] = 1'0
    Consolidated identical input bits for $mux cell $flatten\matching_engine_inst.$procmux$1215:
      Old ports: A=$auto$wreduce.cc:514:run$5573 [2:0], B=3'000, Y=$flatten\matching_engine_inst.$procmux$1215_Y [2:0]
      New ports: A={ $auto$wreduce.cc:514:run$5573 [2] 1'1 }, B=2'00, Y={ $flatten\matching_engine_inst.$procmux$1215_Y [2] $flatten\matching_engine_inst.$procmux$1215_Y [0] }
      New connections: $flatten\matching_engine_inst.$procmux$1215_Y [1] = $flatten\matching_engine_inst.$procmux$1215_Y [0]
    Consolidated identical input bits for $mux cell $flatten\matching_engine_inst.\bid_book.$procmux$3002:
      Old ports: A=$flatten\matching_engine_inst.\bid_book.$1\insertIndex[3:0], B=4'0001, Y=$flatten\matching_engine_inst.\bid_book.$4\insertIndex[3:0]
      New ports: A={ $flatten\matching_engine_inst.\bid_book.$1\insertIndex[3:0] [3] 1'0 }, B=2'01, Y={ $flatten\matching_engine_inst.\bid_book.$4\insertIndex[3:0] [3] $flatten\matching_engine_inst.\bid_book.$4\insertIndex[3:0] [0] }
      New connections: $flatten\matching_engine_inst.\bid_book.$4\insertIndex[3:0] [2:1] = 2'00
  Optimizing cells in module \top.
    Consolidated identical input bits for $mux cell $flatten\matching_engine_inst.\ask_book.$procmux$4142:
      Old ports: A=$flatten\matching_engine_inst.\ask_book.$1\insertIndex[3:0], B=$flatten\matching_engine_inst.\ask_book.$4\insertIndex[3:0], Y=$flatten\matching_engine_inst.\ask_book.$3\insertIndex[3:0]
      New ports: A={ $flatten\matching_engine_inst.\ask_book.$1\insertIndex[3:0] [3] 1'0 }, B={ $flatten\matching_engine_inst.\ask_book.$4\insertIndex[3:0] [3] $flatten\matching_engine_inst.\ask_book.$4\insertIndex[3:0] [0] }, Y={ $flatten\matching_engine_inst.\ask_book.$3\insertIndex[3:0] [3] $flatten\matching_engine_inst.\ask_book.$3\insertIndex[3:0] [0] }
      New connections: $flatten\matching_engine_inst.\ask_book.$3\insertIndex[3:0] [2:1] = 2'00
    Consolidated identical input bits for $mux cell $flatten\matching_engine_inst.$procmux$1227:
      Old ports: A=$flatten\matching_engine_inst.$procmux$1224_Y [2:0], B=3'000, Y=$flatten\matching_engine_inst.$procmux$1227_Y [2:0]
      New ports: A=$flatten\matching_engine_inst.$procmux$1224_Y [2:1], B=2'00, Y=$flatten\matching_engine_inst.$procmux$1227_Y [2:1]
      New connections: $flatten\matching_engine_inst.$procmux$1227_Y [0] = 1'0
    Consolidated identical input bits for $mux cell $flatten\matching_engine_inst.$procmux$1217:
      Old ports: A=3'100, B=$flatten\matching_engine_inst.$procmux$1215_Y [2:0], Y=$flatten\matching_engine_inst.$procmux$1217_Y [2:0]
      New ports: A=2'10, B={ $flatten\matching_engine_inst.$procmux$1215_Y [2] $flatten\matching_engine_inst.$procmux$1215_Y [0] }, Y={ $flatten\matching_engine_inst.$procmux$1217_Y [2] $flatten\matching_engine_inst.$procmux$1217_Y [0] }
      New connections: $flatten\matching_engine_inst.$procmux$1217_Y [1] = $flatten\matching_engine_inst.$procmux$1217_Y [0]
    Consolidated identical input bits for $pmux cell $flatten\matching_engine_inst.$procmux$1202:
      Old ports: A=4'0000, B={ 12'011001010010 $flatten\matching_engine_inst.$procmux$1217_Y $flatten\matching_engine_inst.$procmux$1227_Y 4'0001 }, Y=$flatten\matching_engine_inst.$0\meState[3:0]
      New ports: A=3'000, B={ 9'110101010 $flatten\matching_engine_inst.$procmux$1217_Y [2:0] $flatten\matching_engine_inst.$procmux$1227_Y [2:0] 3'001 }, Y=$flatten\matching_engine_inst.$0\meState[3:0] [2:0]
      New connections: $flatten\matching_engine_inst.$0\meState[3:0] [3] = 1'0
    Consolidated identical input bits for $mux cell $flatten\matching_engine_inst.\bid_book.$procmux$3007:
      Old ports: A=$flatten\matching_engine_inst.\bid_book.$1\insertIndex[3:0], B=$flatten\matching_engine_inst.\bid_book.$4\insertIndex[3:0], Y=$flatten\matching_engine_inst.\bid_book.$3\insertIndex[3:0]
      New ports: A={ $flatten\matching_engine_inst.\bid_book.$1\insertIndex[3:0] [3] 1'0 }, B={ $flatten\matching_engine_inst.\bid_book.$4\insertIndex[3:0] [3] $flatten\matching_engine_inst.\bid_book.$4\insertIndex[3:0] [0] }, Y={ $flatten\matching_engine_inst.\bid_book.$3\insertIndex[3:0] [3] $flatten\matching_engine_inst.\bid_book.$3\insertIndex[3:0] [0] }
      New connections: $flatten\matching_engine_inst.\bid_book.$3\insertIndex[3:0] [2:1] = 2'00
  Optimizing cells in module \top.
    Consolidated identical input bits for $mux cell $flatten\matching_engine_inst.\ask_book.$procmux$4128:
      Old ports: A=$flatten\matching_engine_inst.\ask_book.$3\insertIndex[3:0], B=4'0010, Y=$flatten\matching_engine_inst.\ask_book.$6\insertIndex[3:0]
      New ports: A={ $flatten\matching_engine_inst.\ask_book.$3\insertIndex[3:0] [3] 1'0 $flatten\matching_engine_inst.\ask_book.$3\insertIndex[3:0] [0] }, B=3'010, Y={ $flatten\matching_engine_inst.\ask_book.$6\insertIndex[3:0] [3] $flatten\matching_engine_inst.\ask_book.$6\insertIndex[3:0] [1:0] }
      New connections: $flatten\matching_engine_inst.\ask_book.$6\insertIndex[3:0] [2] = 1'0
    Consolidated identical input bits for $mux cell $flatten\matching_engine_inst.\bid_book.$procmux$2993:
      Old ports: A=$flatten\matching_engine_inst.\bid_book.$3\insertIndex[3:0], B=4'0010, Y=$flatten\matching_engine_inst.\bid_book.$6\insertIndex[3:0]
      New ports: A={ $flatten\matching_engine_inst.\bid_book.$3\insertIndex[3:0] [3] 1'0 $flatten\matching_engine_inst.\bid_book.$3\insertIndex[3:0] [0] }, B=3'010, Y={ $flatten\matching_engine_inst.\bid_book.$6\insertIndex[3:0] [3] $flatten\matching_engine_inst.\bid_book.$6\insertIndex[3:0] [1:0] }
      New connections: $flatten\matching_engine_inst.\bid_book.$6\insertIndex[3:0] [2] = 1'0
  Optimizing cells in module \top.
    Consolidated identical input bits for $mux cell $flatten\matching_engine_inst.\ask_book.$procmux$4133:
      Old ports: A=$flatten\matching_engine_inst.\ask_book.$3\insertIndex[3:0], B=$flatten\matching_engine_inst.\ask_book.$6\insertIndex[3:0], Y=$flatten\matching_engine_inst.\ask_book.$5\insertIndex[3:0]
      New ports: A={ $flatten\matching_engine_inst.\ask_book.$3\insertIndex[3:0] [3] 1'0 $flatten\matching_engine_inst.\ask_book.$3\insertIndex[3:0] [0] }, B={ $flatten\matching_engine_inst.\ask_book.$6\insertIndex[3:0] [3] $flatten\matching_engine_inst.\ask_book.$6\insertIndex[3:0] [1:0] }, Y={ $flatten\matching_engine_inst.\ask_book.$5\insertIndex[3:0] [3] $flatten\matching_engine_inst.\ask_book.$5\insertIndex[3:0] [1:0] }
      New connections: $flatten\matching_engine_inst.\ask_book.$5\insertIndex[3:0] [2] = 1'0
    Consolidated identical input bits for $mux cell $flatten\matching_engine_inst.\bid_book.$procmux$2998:
      Old ports: A=$flatten\matching_engine_inst.\bid_book.$3\insertIndex[3:0], B=$flatten\matching_engine_inst.\bid_book.$6\insertIndex[3:0], Y=$flatten\matching_engine_inst.\bid_book.$5\insertIndex[3:0]
      New ports: A={ $flatten\matching_engine_inst.\bid_book.$3\insertIndex[3:0] [3] 1'0 $flatten\matching_engine_inst.\bid_book.$3\insertIndex[3:0] [0] }, B={ $flatten\matching_engine_inst.\bid_book.$6\insertIndex[3:0] [3] $flatten\matching_engine_inst.\bid_book.$6\insertIndex[3:0] [1:0] }, Y={ $flatten\matching_engine_inst.\bid_book.$5\insertIndex[3:0] [3] $flatten\matching_engine_inst.\bid_book.$5\insertIndex[3:0] [1:0] }
      New connections: $flatten\matching_engine_inst.\bid_book.$5\insertIndex[3:0] [2] = 1'0
  Optimizing cells in module \top.
    Consolidated identical input bits for $mux cell $flatten\matching_engine_inst.\ask_book.$procmux$4119:
      Old ports: A=$flatten\matching_engine_inst.\ask_book.$5\insertIndex[3:0], B=4'0011, Y=$flatten\matching_engine_inst.\ask_book.$8\insertIndex[3:0]
      New ports: A={ $flatten\matching_engine_inst.\ask_book.$5\insertIndex[3:0] [3] $flatten\matching_engine_inst.\ask_book.$5\insertIndex[3:0] [1:0] }, B=3'011, Y={ $flatten\matching_engine_inst.\ask_book.$8\insertIndex[3:0] [3] $flatten\matching_engine_inst.\ask_book.$8\insertIndex[3:0] [1:0] }
      New connections: $flatten\matching_engine_inst.\ask_book.$8\insertIndex[3:0] [2] = 1'0
    Consolidated identical input bits for $mux cell $flatten\matching_engine_inst.\bid_book.$procmux$2984:
      Old ports: A=$flatten\matching_engine_inst.\bid_book.$5\insertIndex[3:0], B=4'0011, Y=$flatten\matching_engine_inst.\bid_book.$8\insertIndex[3:0]
      New ports: A={ $flatten\matching_engine_inst.\bid_book.$5\insertIndex[3:0] [3] $flatten\matching_engine_inst.\bid_book.$5\insertIndex[3:0] [1:0] }, B=3'011, Y={ $flatten\matching_engine_inst.\bid_book.$8\insertIndex[3:0] [3] $flatten\matching_engine_inst.\bid_book.$8\insertIndex[3:0] [1:0] }
      New connections: $flatten\matching_engine_inst.\bid_book.$8\insertIndex[3:0] [2] = 1'0
  Optimizing cells in module \top.
    Consolidated identical input bits for $mux cell $flatten\matching_engine_inst.\ask_book.$procmux$4124:
      Old ports: A=$flatten\matching_engine_inst.\ask_book.$5\insertIndex[3:0], B=$flatten\matching_engine_inst.\ask_book.$8\insertIndex[3:0], Y=$flatten\matching_engine_inst.\ask_book.$7\insertIndex[3:0]
      New ports: A={ $flatten\matching_engine_inst.\ask_book.$5\insertIndex[3:0] [3] $flatten\matching_engine_inst.\ask_book.$5\insertIndex[3:0] [1:0] }, B={ $flatten\matching_engine_inst.\ask_book.$8\insertIndex[3:0] [3] $flatten\matching_engine_inst.\ask_book.$8\insertIndex[3:0] [1:0] }, Y={ $flatten\matching_engine_inst.\ask_book.$7\insertIndex[3:0] [3] $flatten\matching_engine_inst.\ask_book.$7\insertIndex[3:0] [1:0] }
      New connections: $flatten\matching_engine_inst.\ask_book.$7\insertIndex[3:0] [2] = 1'0
    Consolidated identical input bits for $mux cell $flatten\matching_engine_inst.\bid_book.$procmux$2989:
      Old ports: A=$flatten\matching_engine_inst.\bid_book.$5\insertIndex[3:0], B=$flatten\matching_engine_inst.\bid_book.$8\insertIndex[3:0], Y=$flatten\matching_engine_inst.\bid_book.$7\insertIndex[3:0]
      New ports: A={ $flatten\matching_engine_inst.\bid_book.$5\insertIndex[3:0] [3] $flatten\matching_engine_inst.\bid_book.$5\insertIndex[3:0] [1:0] }, B={ $flatten\matching_engine_inst.\bid_book.$8\insertIndex[3:0] [3] $flatten\matching_engine_inst.\bid_book.$8\insertIndex[3:0] [1:0] }, Y={ $flatten\matching_engine_inst.\bid_book.$7\insertIndex[3:0] [3] $flatten\matching_engine_inst.\bid_book.$7\insertIndex[3:0] [1:0] }
      New connections: $flatten\matching_engine_inst.\bid_book.$7\insertIndex[3:0] [2] = 1'0
  Optimizing cells in module \top.
Performed a total of 37 changes.

9.32.5. Executing OPT_MERGE pass (detect identical cells).
Finding identical cells in module `\top'.
Computing hashes of 836 cells of `\top'.
Finding duplicate cells in `\top'.
Removed a total of 0 cells.

9.32.6. Executing OPT_DFF pass (perform DFF optimizations).

9.32.7. Executing OPT_CLEAN pass (remove unused cells and wires).
Finding unused cells or wires in module \top..

9.32.8. Executing OPT_EXPR pass (perform const folding).
Optimizing module top.
<suppressed ~4 debug messages>

9.32.9. Rerunning OPT passes. (Maybe there is more to do..)

9.32.10. Executing OPT_MUXTREE pass (detect dead branches in mux trees).
Running muxtree optimizer on module \top..
  Creating internal representation of mux trees.
  Evaluating internal representation of mux trees.
  Analyzing evaluation results.
Removed 0 multiplexer ports.
<suppressed ~265 debug messages>

9.32.11. Executing OPT_REDUCE pass (consolidate $*mux and $reduce_* inputs).
  Optimizing cells in module \top.
Performed a total of 0 changes.

9.32.12. Executing OPT_MERGE pass (detect identical cells).
Finding identical cells in module `\top'.
Computing hashes of 834 cells of `\top'.
Finding duplicate cells in `\top'.
Removed a total of 0 cells.

9.32.13. Executing OPT_DFF pass (perform DFF optimizations).
Setting constant 0-bit at position 3 on $auto$ff.cc:337:slice$5074 ($dffe) from module top.
Setting constant 0-bit at position 3 on $auto$ff.cc:337:slice$5532 ($dffe) from module top.
Setting constant 0-bit at position 3 on $auto$ff.cc:337:slice$5013 ($dffe) from module top.
Setting constant 0-bit at position 3 on $auto$ff.cc:337:slice$4960 ($dffe) from module top.
Setting constant 0-bit at position 35 on $auto$ff.cc:337:slice$4850 ($dffe) from module top.
Setting constant 0-bit at position 36 on $auto$ff.cc:337:slice$4850 ($dffe) from module top.
Setting constant 0-bit at position 37 on $auto$ff.cc:337:slice$4850 ($dffe) from module top.
Setting constant 0-bit at position 38 on $auto$ff.cc:337:slice$4850 ($dffe) from module top.
Setting constant 0-bit at position 39 on $auto$ff.cc:337:slice$4850 ($dffe) from module top.
Setting constant 0-bit at position 57 on $auto$ff.cc:337:slice$4850 ($dffe) from module top.
Setting constant 0-bit at position 58 on $auto$ff.cc:337:slice$4850 ($dffe) from module top.
Setting constant 0-bit at position 59 on $auto$ff.cc:337:slice$4850 ($dffe) from module top.
Setting constant 0-bit at position 60 on $auto$ff.cc:337:slice$4850 ($dffe) from module top.
Setting constant 0-bit at position 61 on $auto$ff.cc:337:slice$4850 ($dffe) from module top.
Setting constant 0-bit at position 62 on $auto$ff.cc:337:slice$4850 ($dffe) from module top.
Setting constant 0-bit at position 63 on $auto$ff.cc:337:slice$4850 ($dffe) from module top.

9.32.14. Executing OPT_CLEAN pass (remove unused cells and wires).
Finding unused cells or wires in module \top..
Removed 0 unused cells and 2 unused wires.
<suppressed ~1 debug messages>

9.32.15. Executing OPT_EXPR pass (perform const folding).
Optimizing module top.
<suppressed ~4 debug messages>

9.32.16. Rerunning OPT passes. (Maybe there is more to do..)

9.32.17. Executing OPT_MUXTREE pass (detect dead branches in mux trees).
Running muxtree optimizer on module \top..
  Creating internal representation of mux trees.
  Evaluating internal representation of mux trees.
  Analyzing evaluation results.
Removed 0 multiplexer ports.
<suppressed ~265 debug messages>

9.32.18. Executing OPT_REDUCE pass (consolidate $*mux and $reduce_* inputs).
  Optimizing cells in module \top.
Performed a total of 0 changes.

9.32.19. Executing OPT_MERGE pass (detect identical cells).
Finding identical cells in module `\top'.
Computing hashes of 834 cells of `\top'.
Finding duplicate cells in `\top'.
Removed a total of 0 cells.

9.32.20. Executing OPT_DFF pass (perform DFF optimizations).

9.32.21. Executing OPT_CLEAN pass (remove unused cells and wires).
Finding unused cells or wires in module \top..

9.32.22. Executing OPT_EXPR pass (perform const folding).
Optimizing module top.

9.32.23. Finished fast OPT passes. (There is nothing left to do.)

9.33. Executing TECHMAP pass (map to technology primitives).

9.33.1. Executing Verilog-2005 frontend: /Users/paoloverwey/oss-cad-suite/libexec/../share/yosys/techmap.v
Parsing Verilog input from `/Users/paoloverwey/oss-cad-suite/libexec/../share/yosys/techmap.v' to AST representation.
Generating RTLIL representation for module `\_90_simplemap_bool_ops'.
Generating RTLIL representation for module `\_90_simplemap_reduce_ops'.
Generating RTLIL representation for module `\_90_simplemap_logic_ops'.
Generating RTLIL representation for module `\_90_simplemap_compare_ops'.
Generating RTLIL representation for module `\_90_simplemap_various'.
Generating RTLIL representation for module `\_90_simplemap_registers'.
Generating RTLIL representation for module `\_90_shift_ops_shr_shl_sshl_sshr'.
Generating RTLIL representation for module `\_90_shift_shiftx'.
Generating RTLIL representation for module `\_90_fa'.
Generating RTLIL representation for module `\_90_lcu_brent_kung'.
Generating RTLIL representation for module `\_90_alu'.
Generating RTLIL representation for module `\_90_macc'.
Generating RTLIL representation for module `\_90_alumacc'.
Generating RTLIL representation for module `$__div_mod_u'.
Generating RTLIL representation for module `$__div_mod_trunc'.
Generating RTLIL representation for module `\_90_div'.
Generating RTLIL representation for module `\_90_mod'.
Generating RTLIL representation for module `$__div_mod_floor'.
Generating RTLIL representation for module `\_90_divfloor'.
Generating RTLIL representation for module `\_90_modfloor'.
Generating RTLIL representation for module `\_90_pow'.
Generating RTLIL representation for module `\_90_demux'.
Generating RTLIL representation for module `\_90_lut'.
Generating RTLIL representation for module `$connect'.
Generating RTLIL representation for module `$input_port'.
Successfully finished Verilog frontend.

9.33.2. Executing Verilog-2005 frontend: /Users/paoloverwey/oss-cad-suite/libexec/../share/yosys/gowin/arith_map.v
Parsing Verilog input from `/Users/paoloverwey/oss-cad-suite/libexec/../share/yosys/gowin/arith_map.v' to AST representation.
Generating RTLIL representation for module `\_80_gw1n_alu'.
Successfully finished Verilog frontend.

9.33.3. Continuing TECHMAP pass.
Using extmapper simplemap for cells of type $dffe.
Using extmapper simplemap for cells of type $reduce_or.
Using extmapper simplemap for cells of type $sdffce.
Using extmapper simplemap for cells of type $not.
Using template $paramod$91e48372c4727ea71d55ab176117dd734d7fabbc\_80_gw1n_alu for cells of type $alu.
Using template $paramod$3ef7d3dd227da7627a99c5e5a6a4deb817573e39\_80_gw1n_alu for cells of type $alu.
Using template $paramod$32a7b7b86c07519b7537abc18e96f0331f97914d\_80_gw1n_alu for cells of type $alu.
Using template $paramod$8742280fdebca84e1c87f2a86ed84f62d558f4cc\_80_gw1n_alu for cells of type $alu.
Using template $paramod$0ae6dcbc606d0267ec97d3ccf20343286af3366c\_80_gw1n_alu for cells of type $alu.
Using extmapper simplemap for cells of type $reduce_and.
Using template $paramod$6df0329addda9228fcc2546de2aaf14ad26c98e1\_80_gw1n_alu for cells of type $alu.
Using template $paramod$ce0ec84be7047712840b0952f343ee9e63ef75d1\_80_gw1n_alu for cells of type $alu.
Using extmapper simplemap for cells of type $or.
Using template $paramod$106402fc14ba87a4d8643cf9e9a3de5e7eff24e1\_80_gw1n_alu for cells of type $alu.
Using template $paramod$fc972a7a46956c1788f3cb5257b53c8f1df2d0cc\_90_alu for cells of type $alu.
Using template $paramod$ba698a254f9a5947e85cbe7beae6b161eefc5386\_90_alu for cells of type $alu.
Using template $paramod$adbaf76fa5a3091a329503792521395f8ff4d1a4\_90_alu for cells of type $alu.
Using template $paramod$1a3a0c35c4a4896fbfd612699525c057298e72d2\_80_gw1n_alu for cells of type $alu.
Using template $paramod$79fc7abbb3333dbd5736999d565fd903198fb1eb\_80_gw1n_alu for cells of type $alu.
Using template $paramod$d1615bf4e5e328245ffd1550e5fe105901cda77b\_90_alu for cells of type $alu.
Using template $paramod$f85408ed1aa3d09e465edae8a7bf590332ae9f7b\_80_gw1n_alu for cells of type $alu.
Using template $paramod$7af24cf7f572852703f08ef7a936c59efa2c57af\_80_gw1n_alu for cells of type $alu.
Using extmapper simplemap for cells of type $bmux.
Using extmapper simplemap for cells of type $reduce_bool.
Using extmapper simplemap for cells of type $ne.
Using extmapper simplemap for cells of type $sdff.
Using extmapper simplemap for cells of type $logic_not.
Using extmapper simplemap for cells of type $logic_and.
Using template $paramod$constmap:e116a16a7890c2aaf3e52fcc01378d369b37d9da$paramod$04ac01ac970300ba6022cb5556736727b1cc316b\_90_shift_shiftx for cells of type $shift.
Using extmapper simplemap for cells of type $and.
Using template $paramod$constmap:3be8482b20617bb9c13cc4cc3bf0eacf463d1a05$paramod$473d1139a57a2d8a84f36907696bc3b628d87316\_90_shift_shiftx for cells of type $shift.
Using extmapper simplemap for cells of type $eq.
Using extmapper simplemap for cells of type $mux.
Using extmapper simplemap for cells of type $dff.
Using extmapper simplemap for cells of type $logic_or.
Using extmapper simplemap for cells of type $xor.
Using extmapper simplemap for cells of type $pmux.
Using extmapper simplemap for cells of type $reduce_xor.
Using template $paramod$constmap:8876c1e1fa289f4793438d4e34d232728e6a9746$paramod$92adee9538f2381d8e5006822c900eb986d754e8\_90_shift_shiftx for cells of type $shiftx.
Using extmapper simplemap for cells of type $pos.
Using template $paramod\_90_fa\WIDTH=32'00000000000000000000000000000010 for cells of type $fa.
Using template $paramod\_90_lcu_brent_kung\WIDTH=32'00000000000000000000000000000010 for cells of type $lcu.
Using template $paramod\_90_fa\WIDTH=32'00000000000000000000000000000001 for cells of type $fa.
Using template $paramod\_90_lcu_brent_kung\WIDTH=32'00000000000000000000000000000001 for cells of type $lcu.
No more expansions possible.
<suppressed ~3449 debug messages>

9.34. Executing OPT pass (performing simple optimizations).

9.34.1. Executing OPT_EXPR pass (perform const folding).
Optimizing module top.
<suppressed ~32203 debug messages>

9.34.2. Executing OPT_MERGE pass (detect identical cells).
Finding identical cells in module `\top'.
Computing hashes of 14517 cells of `\top'.
Finding duplicate cells in `\top'.
Computing hashes of 14209 cells of `\top'.
Finding duplicate cells in `\top'.
Computing hashes of 14040 cells of `\top'.
Finding duplicate cells in `\top'.
Computing hashes of 13913 cells of `\top'.
Finding duplicate cells in `\top'.
Computing hashes of 13792 cells of `\top'.
Finding duplicate cells in `\top'.
Computing hashes of 13679 cells of `\top'.
Finding duplicate cells in `\top'.
Computing hashes of 13582 cells of `\top'.
Finding duplicate cells in `\top'.
Computing hashes of 13517 cells of `\top'.
Finding duplicate cells in `\top'.
Computing hashes of 13516 cells of `\top'.
Finding duplicate cells in `\top'.
Computing hashes of 13515 cells of `\top'.
Finding duplicate cells in `\top'.
Computing hashes of 13514 cells of `\top'.
Finding duplicate cells in `\top'.
Computing hashes of 13513 cells of `\top'.
Finding duplicate cells in `\top'.
Computing hashes of 13512 cells of `\top'.
Finding duplicate cells in `\top'.
Computing hashes of 13511 cells of `\top'.
Finding duplicate cells in `\top'.
Computing hashes of 13510 cells of `\top'.
Finding duplicate cells in `\top'.
Computing hashes of 13509 cells of `\top'.
Finding duplicate cells in `\top'.
Computing hashes of 13508 cells of `\top'.
Finding duplicate cells in `\top'.
Computing hashes of 13507 cells of `\top'.
Finding duplicate cells in `\top'.
Computing hashes of 13506 cells of `\top'.
Finding duplicate cells in `\top'.
Computing hashes of 13505 cells of `\top'.
Finding duplicate cells in `\top'.
Computing hashes of 13504 cells of `\top'.
Finding duplicate cells in `\top'.
Computing hashes of 13503 cells of `\top'.
Finding duplicate cells in `\top'.
Computing hashes of 13502 cells of `\top'.
Finding duplicate cells in `\top'.
<suppressed ~3045 debug messages>
Removed a total of 1015 cells.

9.34.3. Executing OPT_DFF pass (perform DFF optimizations).
Adding SRST signal on $auto$ff.cc:337:slice$9344 ($_DFFE_PP_) from module top (D = $auto$simplemap.cc:189:logic_reduce$13542, Q = \matching_engine_inst.msg_tx_inst.txByteData [7], rval = 1'1).
Adding SRST signal on $auto$ff.cc:337:slice$8813 ($_DFFE_PP_) from module top (D = $auto$simplemap.cc:189:logic_reduce$15084, Q = \matching_engine_inst.drainState [1], rval = 1'0).
Adding SRST signal on $auto$ff.cc:337:slice$14668 ($_DFF_P_) from module top (D = $auto$simplemap.cc:189:logic_reduce$15045, Q = \matching_engine_inst.wr_en, rval = 1'0).
Adding SRST signal on $auto$ff.cc:337:slice$6397 ($_DFFE_PP_) from module top (D = $auto$simplemap.cc:189:logic_reduce$15029, Q = \matching_engine_inst.meState [2], rval = 1'0).
Adding SRST signal on $auto$ff.cc:337:slice$6400 ($_DFFE_PP_) from module top (D = $auto$simplemap.cc:189:logic_reduce$13681, Q = \matching_engine_inst.msg_tx_inst.uart_tx_inst.txState [2], rval = 1'0).
Adding SRST signal on $auto$ff.cc:337:slice$8564 ($_DFFE_PP_) from module top (D = $auto$simplemap.cc:189:logic_reduce$13705, Q = \matching_engine_inst.msg_tx_inst.uart_tx_inst.txPinRegister, rval = 1'1).
Adding SRST signal on $auto$ff.cc:337:slice$6403 ($_DFFE_PP_) from module top (D = $auto$simplemap.cc:189:logic_reduce$13360, Q = \matching_engine_inst.msg_tx_inst.mtxState [2], rval = 1'0).
Adding SRST signal on $auto$ff.cc:337:slice$6406 ($_DFFE_PP_) from module top (D = $auto$simplemap.cc:189:logic_reduce$14391, Q = \matching_engine_inst.msg_rx_inst.uart.rxState [2], rval = 1'0).
Adding SRST signal on $auto$ff.cc:337:slice$8307 ($_DFFE_PP_) from module top (D = $auto$simplemap.cc:189:logic_reduce$14187, Q = \matching_engine_inst.msg_rx_inst.msgState [3], rval = 1'0).
Adding SRST signal on $auto$ff.cc:337:slice$6375 ($_DFFE_PP_) from module top (D = $auto$simplemap.cc:189:logic_reduce$14814, Q = \matching_engine_inst.wr_data [32], rval = 1'0).
Adding SRST signal on $auto$ff.cc:337:slice$6376 ($_DFFE_PP_) from module top (D = $auto$simplemap.cc:189:logic_reduce$14821, Q = \matching_engine_inst.wr_data [33], rval = 1'0).
Adding SRST signal on $auto$ff.cc:337:slice$6395 ($_DFFE_PP_) from module top (D = $auto$simplemap.cc:189:logic_reduce$14987, Q = \matching_engine_inst.meState [0], rval = 1'0).
Adding SRST signal on $auto$ff.cc:337:slice$6396 ($_DFFE_PP_) from module top (D = $auto$simplemap.cc:189:logic_reduce$15008, Q = \matching_engine_inst.meState [1], rval = 1'0).
Adding SRST signal on $auto$ff.cc:337:slice$6398 ($_DFFE_PP_) from module top (D = $auto$simplemap.cc:189:logic_reduce$13653, Q = \matching_engine_inst.msg_tx_inst.uart_tx_inst.txState [0], rval = 1'1).
Adding SRST signal on $auto$ff.cc:337:slice$6399 ($_DFFE_PP_) from module top (D = $auto$simplemap.cc:189:logic_reduce$13667, Q = \matching_engine_inst.msg_tx_inst.uart_tx_inst.txState [1], rval = 1'0).
Adding SRST signal on $auto$ff.cc:337:slice$6401 ($_DFFE_PP_) from module top (D = $auto$simplemap.cc:189:logic_reduce$13312, Q = \matching_engine_inst.msg_tx_inst.mtxState [0], rval = 1'1).
Adding SRST signal on $auto$ff.cc:337:slice$6402 ($_DFFE_PP_) from module top (D = $auto$simplemap.cc:189:logic_reduce$13336, Q = \matching_engine_inst.msg_tx_inst.mtxState [1], rval = 1'0).
Adding SRST signal on $auto$ff.cc:337:slice$6404 ($_DFFE_PP_) from module top (D = $auto$simplemap.cc:189:logic_reduce$14355, Q = \matching_engine_inst.msg_rx_inst.uart.rxState [0], rval = 1'1).
Adding SRST signal on $auto$ff.cc:337:slice$6405 ($_DFFE_PP_) from module top (D = $auto$simplemap.cc:189:logic_reduce$14373, Q = \matching_engine_inst.msg_rx_inst.uart.rxState [1], rval = 1'0).
Adding SRST signal on $auto$ff.cc:337:slice$8304 ($_DFFE_PP_) from module top (D = $auto$simplemap.cc:189:logic_reduce$14115, Q = \matching_engine_inst.msg_rx_inst.msgState [0], rval = 1'1).
Adding SRST signal on $auto$ff.cc:337:slice$8305 ($_DFFE_PP_) from module top (D = $auto$simplemap.cc:189:logic_reduce$14139, Q = \matching_engine_inst.msg_rx_inst.msgState [1], rval = 1'0).
Adding SRST signal on $auto$ff.cc:337:slice$8306 ($_DFFE_PP_) from module top (D = $auto$simplemap.cc:189:logic_reduce$14163, Q = \matching_engine_inst.msg_rx_inst.msgState [2], rval = 1'0).
Adding SRST signal on $auto$ff.cc:337:slice$9337 ($_DFFE_PP_) from module top (D = $auto$simplemap.cc:189:logic_reduce$13395, Q = \matching_engine_inst.msg_tx_inst.txByteData [0], rval = 1'0).
Adding SRST signal on $auto$ff.cc:337:slice$9338 ($_DFFE_PP_) from module top (D = $auto$simplemap.cc:189:logic_reduce$13416, Q = \matching_engine_inst.msg_tx_inst.txByteData [1], rval = 1'1).
Adding SRST signal on $auto$ff.cc:337:slice$9339 ($_DFFE_PP_) from module top (D = $auto$simplemap.cc:189:logic_reduce$13437, Q = \matching_engine_inst.msg_tx_inst.txByteData [2], rval = 1'0).
Adding SRST signal on $auto$ff.cc:337:slice$9340 ($_DFFE_PP_) from module top (D = $auto$simplemap.cc:189:logic_reduce$13458, Q = \matching_engine_inst.msg_tx_inst.txByteData [3], rval = 1'1).
Adding SRST signal on $auto$ff.cc:337:slice$9341 ($_DFFE_PP_) from module top (D = $auto$simplemap.cc:189:logic_reduce$13479, Q = \matching_engine_inst.msg_tx_inst.txByteData [4], rval = 1'0).
Adding SRST signal on $auto$ff.cc:337:slice$9342 ($_DFFE_PP_) from module top (D = $auto$simplemap.cc:189:logic_reduce$13500, Q = \matching_engine_inst.msg_tx_inst.txByteData [5], rval = 1'1).
Adding SRST signal on $auto$ff.cc:337:slice$9343 ($_DFFE_PP_) from module top (D = $auto$simplemap.cc:189:logic_reduce$13521, Q = \matching_engine_inst.msg_tx_inst.txByteData [6], rval = 1'0).

9.34.4. Executing OPT_CLEAN pass (remove unused cells and wires).
Finding unused cells or wires in module \top..
Removed 1613 unused cells and 2842 unused wires.
<suppressed ~1618 debug messages>

9.34.5. Rerunning OPT passes. (Removed registers in this run.)

9.34.6. Executing OPT_EXPR pass (perform const folding).
Optimizing module top.
<suppressed ~12 debug messages>

9.34.7. Executing OPT_MERGE pass (detect identical cells).
Finding identical cells in module `\top'.
Computing hashes of 11877 cells of `\top'.
Finding duplicate cells in `\top'.
Removed a total of 0 cells.

9.34.8. Executing OPT_DFF pass (perform DFF optimizations).

9.34.9. Executing OPT_CLEAN pass (remove unused cells and wires).
Finding unused cells or wires in module \top..
Removed 0 unused cells and 1 unused wires.
<suppressed ~1 debug messages>

9.34.10. Finished fast OPT passes.

9.35. Executing IOPADMAP pass (mapping inputs/outputs to IO-PAD cells).
Mapping port top.btn1 using IBUF.
Mapping port top.led using OBUF.
Mapping port top.uart_tx using OBUF.
Mapping port top.uart_rx using IBUF.
Mapping port top.clk using IBUF.

9.36. Executing OPT_CLEAN pass (remove unused cells and wires).
Finding unused cells or wires in module \top..
Removed 0 unused cells and 3 unused wires.
<suppressed ~1 debug messages>

9.37. Executing DFFLEGALIZE pass (convert FFs to types supported by the target).

9.38. Executing TECHMAP pass (map to technology primitives).

9.38.1. Executing Verilog-2005 frontend: /Users/paoloverwey/oss-cad-suite/libexec/../share/yosys/gowin/cells_map.v
Parsing Verilog input from `/Users/paoloverwey/oss-cad-suite/libexec/../share/yosys/gowin/cells_map.v' to AST representation.
Generating RTLIL representation for module `$_DFF_N_'.
Generating RTLIL representation for module `$_DFF_P_'.
Generating RTLIL representation for module `$_DFFE_PP_'.
Generating RTLIL representation for module `$_DFFE_NP_'.
Generating RTLIL representation for module `$_SDFF_PP0_'.
Generating RTLIL representation for module `$_SDFF_NP0_'.
Generating RTLIL representation for module `$_SDFFE_PP0P_'.
Generating RTLIL representation for module `$_SDFFE_NP0P_'.
Generating RTLIL representation for module `$_SDFF_PP1_'.
Generating RTLIL representation for module `$_SDFF_NP1_'.
Generating RTLIL representation for module `$_SDFFE_PP1P_'.
Generating RTLIL representation for module `$_SDFFE_NP1P_'.
Generating RTLIL representation for module `$_DFF_PP1_'.
Generating RTLIL representation for module `$_DFF_NP1_'.
Generating RTLIL representation for module `$_DFF_PP0_'.
Generating RTLIL representation for module `$_DFF_NP0_'.
Generating RTLIL representation for module `$_DFFE_PP1P_'.
Generating RTLIL representation for module `$_DFFE_NP1P_'.
Generating RTLIL representation for module `$_DFFE_PP0P_'.
Generating RTLIL representation for module `$_DFFE_NP0P_'.
Generating RTLIL representation for module `$lut'.
Successfully finished Verilog frontend.

9.38.2. Continuing TECHMAP pass.
Using template $_SDFFE_PP0P_ for cells of type $_SDFFE_PP0P_.
Using template $_DFFE_PP_ for cells of type $_DFFE_PP_.
Using template $_SDFFE_PP1P_ for cells of type $_SDFFE_PP1P_.
Using template $_SDFF_PP0_ for cells of type $_SDFF_PP0_.
Using template $_DFF_P_ for cells of type $_DFF_P_.
No more expansions possible.
<suppressed ~1585 debug messages>

9.39. Executing TECHMAP pass (map to technology primitives).

9.39.1. Executing Verilog-2005 frontend: /Users/paoloverwey/oss-cad-suite/libexec/../share/yosys/gowin/cells_latch.v
Parsing Verilog input from `/Users/paoloverwey/oss-cad-suite/libexec/../share/yosys/gowin/cells_latch.v' to AST representation.
Generating RTLIL representation for module `$_DLATCH_P_'.
Generating RTLIL representation for module `$_DLATCH_N_'.
Generating RTLIL representation for module `$_DLATCH_PP0_'.
Generating RTLIL representation for module `$_DLATCH_NP0_'.
Generating RTLIL representation for module `$_DLATCH_PP1_'.
Generating RTLIL representation for module `$_DLATCH_NP1_'.
Successfully finished Verilog frontend.

9.39.2. Continuing TECHMAP pass.
No more expansions possible.
<suppressed ~8 debug messages>

9.40. Executing OPT_EXPR pass (perform const folding).
Optimizing module top.
<suppressed ~3 debug messages>

9.41. Executing SIMPLEMAP pass (map simple cells to gate primitives).

9.42. Executing SORT pass.

9.43. Executing Verilog-2005 frontend: /Users/paoloverwey/oss-cad-suite/libexec/../share/yosys/abc9_model.v
Parsing Verilog input from `/Users/paoloverwey/oss-cad-suite/libexec/../share/yosys/abc9_model.v' to AST representation.
Generating RTLIL representation for module `$__ABC9_DELAY'.
Generating RTLIL representation for module `$__ABC9_SCC_BREAKER'.
Generating RTLIL representation for module `$__DFF_N__$abc9_flop'.
Generating RTLIL representation for module `$__DFF_P__$abc9_flop'.
Successfully finished Verilog frontend.

9.44. Executing ABC9 pass.

9.44.1. Executing ABC9_OPS pass (helper functions for ABC9).

9.44.2. Executing ABC9_OPS pass (helper functions for ABC9).

9.44.3. Executing PROC pass (convert processes to netlists).

9.44.3.1. Executing PROC_CLEAN pass (remove empty switches from decision trees).
Found and cleaned up 1 empty switch in `$paramod\ALU\ALU_MODE=s32'00000000000000000000000000000010.$proc$/Users/paoloverwey/oss-cad-suite/libexec/../share/yosys/gowin/cells_sim.v:1064$57019'.
Cleaned up 1 empty switch.

9.44.3.2. Executing PROC_RMDEAD pass (remove dead branches from decision trees).
Removed a total of 0 dead cases.

9.44.3.3. Executing PROC_PRUNE pass (remove redundant assignments in processes).
Removed 0 redundant assignments.
Promoted 4 assignments to connections.

9.44.3.4. Executing PROC_INIT pass (extract init attributes).

9.44.3.5. Executing PROC_ARST pass (detect async resets in processes).

9.44.3.6. Executing PROC_ROM pass (convert switches to ROMs).
Converted 0 switches.

9.44.3.7. Executing PROC_MUX pass (convert decision trees to multiplexers).
Creating decoders for process `$paramod\ALU\ALU_MODE=s32'00000000000000000000000000000010.$proc$/Users/paoloverwey/oss-cad-suite/libexec/../share/yosys/gowin/cells_sim.v:1064$57019'.

9.44.3.8. Executing PROC_DLATCH pass (convert process syncs to latches).
No latch inferred for signal `$paramod\ALU\ALU_MODE=s32'00000000000000000000000000000010.\C' from process `$paramod\ALU\ALU_MODE=s32'00000000000000000000000000000010.$proc$/Users/paoloverwey/oss-cad-suite/libexec/../share/yosys/gowin/cells_sim.v:1064$57019'.
No latch inferred for signal `$paramod\ALU\ALU_MODE=s32'00000000000000000000000000000010.\S' from process `$paramod\ALU\ALU_MODE=s32'00000000000000000000000000000010.$proc$/Users/paoloverwey/oss-cad-suite/libexec/../share/yosys/gowin/cells_sim.v:1064$57019'.

9.44.3.9. Executing PROC_DFF pass (convert process syncs to FFs).

9.44.3.10. Executing PROC_MEMWR pass (convert process memory writes to cells).

9.44.3.11. Executing PROC_CLEAN pass (remove empty switches from decision trees).
Removing empty process `$paramod\ALU\ALU_MODE=s32'00000000000000000000000000000010.$proc$/Users/paoloverwey/oss-cad-suite/libexec/../share/yosys/gowin/cells_sim.v:1064$57019'.
Cleaned up 0 empty switches.

9.44.4. Executing SCC pass (detecting logic loops).
Found 0 SCCs in module top.
Found 0 SCCs.

9.44.5. Executing ABC9_OPS pass (helper functions for ABC9).

9.44.6. Executing TECHMAP pass (map to technology primitives).

9.44.6.1. Executing Verilog-2005 frontend: /Users/paoloverwey/oss-cad-suite/libexec/../share/yosys/techmap.v
Parsing Verilog input from `/Users/paoloverwey/oss-cad-suite/libexec/../share/yosys/techmap.v' to AST representation.
Generating RTLIL representation for module `\_90_simplemap_bool_ops'.
Generating RTLIL representation for module `\_90_simplemap_reduce_ops'.
Generating RTLIL representation for module `\_90_simplemap_logic_ops'.
Generating RTLIL representation for module `\_90_simplemap_compare_ops'.
Generating RTLIL representation for module `\_90_simplemap_various'.
Generating RTLIL representation for module `\_90_simplemap_registers'.
Generating RTLIL representation for module `\_90_shift_ops_shr_shl_sshl_sshr'.
Generating RTLIL representation for module `\_90_shift_shiftx'.
Generating RTLIL representation for module `\_90_fa'.
Generating RTLIL representation for module `\_90_lcu_brent_kung'.
Generating RTLIL representation for module `\_90_alu'.
Generating RTLIL representation for module `\_90_macc'.
Generating RTLIL representation for module `\_90_alumacc'.
Generating RTLIL representation for module `$__div_mod_u'.
Generating RTLIL representation for module `$__div_mod_trunc'.
Generating RTLIL representation for module `\_90_div'.
Generating RTLIL representation for module `\_90_mod'.
Generating RTLIL representation for module `$__div_mod_floor'.
Generating RTLIL representation for module `\_90_divfloor'.
Generating RTLIL representation for module `\_90_modfloor'.
Generating RTLIL representation for module `\_90_pow'.
Generating RTLIL representation for module `\_90_demux'.
Generating RTLIL representation for module `\_90_lut'.
Generating RTLIL representation for module `$connect'.
Generating RTLIL representation for module `$input_port'.
Successfully finished Verilog frontend.

9.44.6.2. Continuing TECHMAP pass.
No more expansions possible.
<suppressed ~230 debug messages>

9.44.7. Executing OPT pass (performing simple optimizations).

9.44.7.1. Executing OPT_EXPR pass (perform const folding).

9.44.7.2. Executing OPT_MERGE pass (detect identical cells).
Removed a total of 0 cells.

9.44.7.3. Executing OPT_MUXTREE pass (detect dead branches in mux trees).
Removed 0 multiplexer ports.

9.44.7.4. Executing OPT_REDUCE pass (consolidate $*mux and $reduce_* inputs).
Performed a total of 0 changes.

9.44.7.5. Executing OPT_MERGE pass (detect identical cells).
Removed a total of 0 cells.

9.44.7.6. Executing OPT_DFF pass (perform DFF optimizations).

9.44.7.7. Executing OPT_CLEAN pass (remove unused cells and wires).

9.44.7.8. Executing OPT_EXPR pass (perform const folding).

9.44.7.9. Finished fast OPT passes. (There is nothing left to do.)

9.44.8. Executing TECHMAP pass (map to technology primitives).

9.44.8.1. Executing Verilog-2005 frontend: /Users/paoloverwey/oss-cad-suite/libexec/../share/yosys/abc9_map.v
Parsing Verilog input from `/Users/paoloverwey/oss-cad-suite/libexec/../share/yosys/abc9_map.v' to AST representation.
Successfully finished Verilog frontend.

9.44.8.2. Continuing TECHMAP pass.
No more expansions possible.
<suppressed ~2 debug messages>

9.44.9. Executing Verilog-2005 frontend: /Users/paoloverwey/oss-cad-suite/libexec/../share/yosys/abc9_model.v
Parsing Verilog input from `/Users/paoloverwey/oss-cad-suite/libexec/../share/yosys/abc9_model.v' to AST representation.
Replacing existing blackbox module `$__ABC9_DELAY' at /Users/paoloverwey/oss-cad-suite/libexec/../share/yosys/abc9_model.v:2.1-7.10.
Generating RTLIL representation for module `$__ABC9_DELAY'.
Replacing existing blackbox module `$__ABC9_SCC_BREAKER' at /Users/paoloverwey/oss-cad-suite/libexec/../share/yosys/abc9_model.v:9.1-11.10.
Generating RTLIL representation for module `$__ABC9_SCC_BREAKER'.
Replacing existing module `$__DFF_N__$abc9_flop' at /Users/paoloverwey/oss-cad-suite/libexec/../share/yosys/abc9_model.v:14.1-20.10.
Generating RTLIL representation for module `$__DFF_N__$abc9_flop'.
Replacing existing module `$__DFF_P__$abc9_flop' at /Users/paoloverwey/oss-cad-suite/libexec/../share/yosys/abc9_model.v:23.1-29.10.
Generating RTLIL representation for module `$__DFF_P__$abc9_flop'.
Successfully finished Verilog frontend.

9.44.10. Executing ABC9_OPS pass (helper functions for ABC9).
<suppressed ~3185 debug messages>

9.44.11. Executing ABC9_OPS pass (helper functions for ABC9).

9.44.12. Executing ABC9_OPS pass (helper functions for ABC9).
<suppressed ~2 debug messages>

9.44.13. Executing TECHMAP pass (map to technology primitives).

9.44.13.1. Executing Verilog-2005 frontend: /Users/paoloverwey/oss-cad-suite/libexec/../share/yosys/techmap.v
Parsing Verilog input from `/Users/paoloverwey/oss-cad-suite/libexec/../share/yosys/techmap.v' to AST representation.
Generating RTLIL representation for module `\_90_simplemap_bool_ops'.
Generating RTLIL representation for module `\_90_simplemap_reduce_ops'.
Generating RTLIL representation for module `\_90_simplemap_logic_ops'.
Generating RTLIL representation for module `\_90_simplemap_compare_ops'.
Generating RTLIL representation for module `\_90_simplemap_various'.
Generating RTLIL representation for module `\_90_simplemap_registers'.
Generating RTLIL representation for module `\_90_shift_ops_shr_shl_sshl_sshr'.
Generating RTLIL representation for module `\_90_shift_shiftx'.
Generating RTLIL representation for module `\_90_fa'.
Generating RTLIL representation for module `\_90_lcu_brent_kung'.
Generating RTLIL representation for module `\_90_alu'.
Generating RTLIL representation for module `\_90_macc'.
Generating RTLIL representation for module `\_90_alumacc'.
Generating RTLIL representation for module `$__div_mod_u'.
Generating RTLIL representation for module `$__div_mod_trunc'.
Generating RTLIL representation for module `\_90_div'.
Generating RTLIL representation for module `\_90_mod'.
Generating RTLIL representation for module `$__div_mod_floor'.
Generating RTLIL representation for module `\_90_divfloor'.
Generating RTLIL representation for module `\_90_modfloor'.
Generating RTLIL representation for module `\_90_pow'.
Generating RTLIL representation for module `\_90_demux'.
Generating RTLIL representation for module `\_90_lut'.
Generating RTLIL representation for module `$connect'.
Generating RTLIL representation for module `$input_port'.
Successfully finished Verilog frontend.

9.44.13.2. Continuing TECHMAP pass.
Using template $paramod\ALU\ALU_MODE=s32'00000000000000000000000000000010 for cells of type $paramod\ALU\ALU_MODE=s32'00000000000000000000000000000010.
Using extmapper simplemap for cells of type $xor.
Using extmapper simplemap for cells of type $mux.
Using extmapper simplemap for cells of type $not.
No more expansions possible.
<suppressed ~239 debug messages>

9.44.14. Executing OPT pass (performing simple optimizations).

9.44.14.1. Executing OPT_EXPR pass (perform const folding).
Optimizing module top.

9.44.14.2. Executing OPT_MERGE pass (detect identical cells).
Finding identical cells in module `\top'.
Computing hashes of 14 cells of `\top'.
Finding duplicate cells in `\top'.
Removed a total of 0 cells.

9.44.14.3. Executing OPT_MUXTREE pass (detect dead branches in mux trees).
Running muxtree optimizer on module \top..
  Creating internal representation of mux trees.
  No muxes found in this module.
Removed 0 multiplexer ports.

9.44.14.4. Executing OPT_REDUCE pass (consolidate $*mux and $reduce_* inputs).
  Optimizing cells in module \top.
Performed a total of 0 changes.

9.44.14.5. Executing OPT_MERGE pass (detect identical cells).
Finding identical cells in module `\top'.
Computing hashes of 14 cells of `\top'.
Finding duplicate cells in `\top'.
Removed a total of 0 cells.

9.44.14.6. Executing OPT_DFF pass (perform DFF optimizations).

9.44.14.7. Executing OPT_CLEAN pass (remove unused cells and wires).
Finding unused cells or wires in module \top..
Removed 0 unused cells and 16 unused wires.
<suppressed ~1 debug messages>

9.44.14.8. Executing OPT_EXPR pass (perform const folding).
Optimizing module top.

9.44.14.9. Rerunning OPT passes. (Maybe there is more to do..)

9.44.14.10. Executing OPT_MUXTREE pass (detect dead branches in mux trees).
Running muxtree optimizer on module \top..
  Creating internal representation of mux trees.
  No muxes found in this module.
Removed 0 multiplexer ports.

9.44.14.11. Executing OPT_REDUCE pass (consolidate $*mux and $reduce_* inputs).
  Optimizing cells in module \top.
Performed a total of 0 changes.

9.44.14.12. Executing OPT_MERGE pass (detect identical cells).
Finding identical cells in module `\top'.
Computing hashes of 14 cells of `\top'.
Finding duplicate cells in `\top'.
Removed a total of 0 cells.

9.44.14.13. Executing OPT_DFF pass (perform DFF optimizations).

9.44.14.14. Executing OPT_CLEAN pass (remove unused cells and wires).
Finding unused cells or wires in module \top..

9.44.14.15. Executing OPT_EXPR pass (perform const folding).
Optimizing module top.

9.44.14.16. Finished fast OPT passes. (There is nothing left to do.)

9.44.15. Executing AIGMAP pass (map logic to AIG).
Module top: replaced 5 cells with 35 new cells, skipped 9 cells.
  replaced 2 cell types:
       2 $_MUX_
       3 $_XOR_
  not replaced 2 cell types:
       1 $_NOT_
       8 $specify2

9.44.16. Executing AIGMAP pass (map logic to AIG).
Module top: replaced 7832 cells with 51475 new cells, skipped 7354 cells.
  replaced 4 cell types:
    6432 $_MUX_
      34 $_ORNOT_
    1071 $_OR_
     295 $_XOR_
  not replaced 13 cell types:
    1124 $_AND_
     988 $_NOT_
       8 $scopeinfo
      12 DFF
       3 IBUF
    1471 DFFE
       1 DFFSE
       8 DFFR
      70 DFFRE
       7 OBUF
     479 $paramod\ALU\ALU_MODE=s32'00000000000000000000000000000010
    1621 $paramod$__ABC9_DELAY\DELAY=32'00000000000000000000000000111111
    1562 $paramod$__ABC9_DELAY\DELAY=32'00000000000000000000001001000000

9.44.16.1. Executing ABC9_OPS pass (helper functions for ABC9).

9.44.16.2. Executing ABC9_OPS pass (helper functions for ABC9).

9.44.16.3. Executing XAIGER backend.
<suppressed ~1573 debug messages>
Extracted 22410 AND gates and 60858 wires from module `top' to a netlist network with 1574 inputs and 3198 outputs.

9.44.16.4. Executing ABC9_EXE pass (technology mapping using ABC9).

9.44.16.5. Executing ABC9.
Running ABC command: "<yosys-exe-dir>/yosys-abc" -s -f <abc-temp-dir>/abc.script 2>&1
ABC: ======== ABC command line "source <abc-temp-dir>/abc.script"
ABC: + read_lut <abc-temp-dir>/input.lut 
ABC: + read_box <abc-temp-dir>/input.box 
ABC: + &read <abc-temp-dir>/input.xaig 
ABC: + &ps 
ABC: <abc-temp-dir>/input : i/o =   1574/   3198  and =   14961  lev =   43 (6.70)  mem = 0.39 MB  box = 3662  bb = 3183
ABC: + &scorr 
ABC: Warning: The network is combinational.
ABC: + &sweep 
ABC: + &dc2 
ABC: + &dch -f -r 
ABC: + &ps 
ABC: <abc-temp-dir>/input : i/o =   1574/   3198  and =   13918  lev =   18 (2.51)  mem = 0.37 MB  ch = 1753  box = 3595  bb = 3183
ABC: cst =       0  cls =   1711  lit =    1753  unused =   16035  proof =     0
ABC: + &if -W 500 -v 
ABC: K = 8. Memory (bytes): Truth =    0. Cut =   80. Obj =  160. Set =  816. CutMin = no
ABC: Node =   13918.  Ch =  1711.  Total mem =    4.62 MB. Peak cut mem =    0.09 MB.
ABC: P:  Del = 9791.00.  Ar =   10406.0.  Edge =     9830.  Cut =   144798.  T =     0.02 sec
ABC: P:  Del = 9766.00.  Ar =   10245.0.  Edge =     9835.  Cut =   144248.  T =     0.02 sec
ABC: P:  Del = 9766.00.  Ar =    5821.0.  Edge =     9341.  Cut =   230047.  T =     0.03 sec
ABC: F:  Del = 9766.00.  Ar =    4425.0.  Edge =     8840.  Cut =   192084.  T =     0.02 sec
ABC: A:  Del = 9766.00.  Ar =    4130.0.  Edge =     8249.  Cut =   191303.  T =     0.03 sec
ABC: A:  Del = 9766.00.  Ar =    4085.0.  Edge =     8260.  Cut =   190450.  T =     0.03 sec
ABC: Total time =     0.15 sec
ABC: + &write -n <abc-temp-dir>/output.aig 
ABC: + &mfs 
ABC: + &ps -l 
ABC: <abc-temp-dir>/input : i/o =   1574/   3198  and =    8803  lev =   22 (2.49)  mem = 0.31 MB  box = 3593  bb = 3183
ABC: Mapping (K=8)  :  lut =   1955  edge =    7715  lev =    7 (1.16)  levB =   21  mem = 0.13 MB
ABC: LUT = 1955 : 2=201 10.3 %  3=602 30.8 %  4=530 27.1 %  5=443 22.7 %  6=109 5.6 %  7=42 2.1 %  8=28 1.4 %  Ave = 3.95
ABC: + &write -n <abc-temp-dir>/output.aig 
ABC: + &verify 
ABC: Networks are equivalent.  Time =     0.14 sec
ABC: + time 
ABC: elapse: 1.21 seconds, total: 1.21 seconds

9.44.16.6. Executing AIGER frontend.
<suppressed ~9624 debug messages>
Removed 14046 unused cells and 27649 unused wires.

9.44.16.7. Executing ABC_OPS_REINTEGRATE pass (reintegrate ABC mapped design into module).
ABC RESULTS:              $lut cells:     1974
ABC RESULTS:   $paramod\ALU\ALU_MODE=s32'00000000000000000000000000000010 cells:      410
ABC RESULTS:           input signals:       95
ABC RESULTS:          output signals:     3188
Removing temp directory.

9.44.17. Executing TECHMAP pass (map to technology primitives).

9.44.17.1. Executing Verilog-2005 frontend: /Users/paoloverwey/oss-cad-suite/libexec/../share/yosys/abc9_unmap.v
Parsing Verilog input from `/Users/paoloverwey/oss-cad-suite/libexec/../share/yosys/abc9_unmap.v' to AST representation.
Generating RTLIL representation for module `$__DFF_x__$abc9_flop'.
Generating RTLIL representation for module `$__ABC9_SCC_BREAKER'.
Successfully finished Verilog frontend.

9.44.17.2. Continuing TECHMAP pass.
Using template $paramod\ALU\ALU_MODE=s32'00000000000000000000000000000010 for cells of type $paramod\ALU\ALU_MODE=s32'00000000000000000000000000000010.
No more expansions possible.
<suppressed ~416 debug messages>
Removed 520 unused cells and 71879 unused wires.

9.45. Executing TECHMAP pass (map to technology primitives).

9.45.1. Executing Verilog-2005 frontend: /Users/paoloverwey/oss-cad-suite/libexec/../share/yosys/gowin/cells_map.v
Parsing Verilog input from `/Users/paoloverwey/oss-cad-suite/libexec/../share/yosys/gowin/cells_map.v' to AST representation.
Generating RTLIL representation for module `$_DFF_N_'.
Generating RTLIL representation for module `$_DFF_P_'.
Generating RTLIL representation for module `$_DFFE_PP_'.
Generating RTLIL representation for module `$_DFFE_NP_'.
Generating RTLIL representation for module `$_SDFF_PP0_'.
Generating RTLIL representation for module `$_SDFF_NP0_'.
Generating RTLIL representation for module `$_SDFFE_PP0P_'.
Generating RTLIL representation for module `$_SDFFE_NP0P_'.
Generating RTLIL representation for module `$_SDFF_PP1_'.
Generating RTLIL representation for module `$_SDFF_NP1_'.
Generating RTLIL representation for module `$_SDFFE_PP1P_'.
Generating RTLIL representation for module `$_SDFFE_NP1P_'.
Generating RTLIL representation for module `$_DFF_PP1_'.
Generating RTLIL representation for module `$_DFF_NP1_'.
Generating RTLIL representation for module `$_DFF_PP0_'.
Generating RTLIL representation for module `$_DFF_NP0_'.
Generating RTLIL representation for module `$_DFFE_PP1P_'.
Generating RTLIL representation for module `$_DFFE_NP1P_'.
Generating RTLIL representation for module `$_DFFE_PP0P_'.
Generating RTLIL representation for module `$_DFFE_NP0P_'.
Generating RTLIL representation for module `$lut'.
Successfully finished Verilog frontend.

9.45.2. Continuing TECHMAP pass.
Using template $paramod$lut\WIDTH=32'00000000000000000000000000000010\LUT=4'0010 for cells of type $lut.
Using template $paramod$lut\WIDTH=32'00000000000000000000000000000010\LUT=4'1000 for cells of type $lut.
Using template $paramod$571404c0889eaf57f492cb5e37f8acb5df5852f9$lut for cells of type $lut.
Using template $paramod$30305e55a780880b9c824fe3509a4d981acb0f2b$lut for cells of type $lut.
Using template $paramod$7ebd053006fefd5a4368bea803813a6c7860a94a$lut for cells of type $lut.
Using template $paramod$37c9af120c85145419565a9ccf4ceb7397fbbe92$lut for cells of type $lut.
Using template $paramod$dd3428d358843cba9d9fb43e39126db2e5ff5909$lut for cells of type $lut.
Using template $paramod$49615f5f889981a3430557571fe4a5ee4b1f95ea$lut for cells of type $lut.
Using template $paramod$lut\WIDTH=32'00000000000000000000000000000010\LUT=4'0100 for cells of type $lut.
Using template $paramod$0465453fffdba7fc3a3b4c4e30ff7eef39b92874$lut for cells of type $lut.
Using template $paramod$ee553c574ab2f916d3d8d85eaa3629c01709dc3a$lut for cells of type $lut.
Using template $paramod$0fa351d24d2713ce0a93e46f5deedd65d95d22b8$lut for cells of type $lut.
Using template $paramod$lut\WIDTH=32'00000000000000000000000000000010\LUT=4'1110 for cells of type $lut.
Using template $paramod$lut\WIDTH=32'00000000000000000000000000000010\LUT=4'1001 for cells of type $lut.
Using template $paramod$lut\WIDTH=32'00000000000000000000000000000010\LUT=4'0111 for cells of type $lut.
Using template $paramod$5446855bc401984c4f269420dda73230725aa673$lut for cells of type $lut.
Using template $paramod$lut\WIDTH=32'00000000000000000000000000000010\LUT=4'0001 for cells of type $lut.
Using template $paramod$41a9017c3cf386202f51048036dec79f710305a2$lut for cells of type $lut.
Using template $paramod$4c4cf10cf9a22aec9c46b72abc4f370f79f028fb$lut for cells of type $lut.
Using template $paramod$lut\WIDTH=32'00000000000000000000000000000011\LUT=8'10101100 for cells of type $lut.
Using template $paramod$lut\WIDTH=32'00000000000000000000000000000011\LUT=8'00000001 for cells of type $lut.
Using template $paramod$98f15a4382579a986603ec52f2e74693939d8830$lut for cells of type $lut.
Using template $paramod$106b207b28889b791caddfa0b5e31603bc7384b5$lut for cells of type $lut.
Using template $paramod$ba7c22fadfbf9ee7abcb895a21403114111dd201$lut for cells of type $lut.
Using template $paramod$lut\WIDTH=32'00000000000000000000000000000011\LUT=8'11001010 for cells of type $lut.
Using template $paramod$0a05dae7058e74f5be9c32bc3719ddea94278041$lut for cells of type $lut.
Using template $paramod$de07404bc8826357572e41d1e71b8b3f49b6c243$lut for cells of type $lut.
Using template $paramod$dcba541ad53a9873d71bfba6c13dc2a8e2a60a79$lut for cells of type $lut.
Using template $paramod$2ef89df9bb47b866f496577aa7eb4b067bfa65f9$lut for cells of type $lut.
Using template $paramod$047d0df6c87b7042d6d894454cb0917def4e9363$lut for cells of type $lut.
Using template $paramod$5183b4454493323aca6310872659274580528fcf$lut for cells of type $lut.
Using template $paramod$ad23ff0eba8331fec2cbf4fe50f1a813d03df65b$lut for cells of type $lut.
Using template $paramod$26545a5806dedc175547d2e3236616a6b72e14cb$lut for cells of type $lut.
Using template $paramod$d2b5e7b5429639878c0a614cf001753581eebd9c$lut for cells of type $lut.
Using template $paramod$a6597eda4608f36e684c1dd07ed552fcbec112b2$lut for cells of type $lut.
Using template $paramod$13e39887492d3c55b55169e24a09ad76a074007d$lut for cells of type $lut.
Using template $paramod$a5516fc31d1e552de2435200bb732b4d4ad63a9c$lut for cells of type $lut.
Using template $paramod$lut\WIDTH=32'00000000000000000000000000000011\LUT=8'00000100 for cells of type $lut.
Using template $paramod$lut\WIDTH=32'00000000000000000000000000000010\LUT=4'1101 for cells of type $lut.
Using template $paramod$lut\WIDTH=32'00000000000000000000000000000011\LUT=8'11111101 for cells of type $lut.
Using template $paramod$bb91a41b6c6e90c9de123b408208c402cb3d3d4b$lut for cells of type $lut.
Using template $paramod$lut\WIDTH=32'00000000000000000000000000000011\LUT=8'11101111 for cells of type $lut.
Using template $paramod$lut\WIDTH=32'00000000000000000000000000000011\LUT=8'01010100 for cells of type $lut.
Using template $paramod$d6ca727e39f31d51d29072e0f33aa09c65e37336$lut for cells of type $lut.
Using template $paramod$251994398653c4cf8de320f1e306e535d5d2d624$lut for cells of type $lut.
Using template $paramod$6d6beead1425af15cf78b27fd9b11b41b5d4bce8$lut for cells of type $lut.
Using template $paramod$f9813472aa48e533b3838c6f2316dc2e78c66111$lut for cells of type $lut.
Using template $paramod$a8b2b0f3a3fd7b01c99e8d61bb72f602bd41af54$lut for cells of type $lut.
Using template $paramod$lut\WIDTH=32'00000000000000000000000000000011\LUT=8'00100000 for cells of type $lut.
Using template $paramod$6e424bd4a747f8421ac946af3d9bb3a47fd0b233$lut for cells of type $lut.
Using template $paramod$29fb0dcbea7e19908c494ce4a8a756b15e2a78b6$lut for cells of type $lut.
Using template $paramod$lut\WIDTH=32'00000000000000000000000000000011\LUT=8'01000000 for cells of type $lut.
Using template $paramod$c28a8b7ce0535d090c4cfb52e9c74affd52b110c$lut for cells of type $lut.
Using template $paramod$ce15874c299a587dd16825ec2d2d2759b547554e$lut for cells of type $lut.
Using template $paramod$lut\WIDTH=32'00000000000000000000000000000011\LUT=8'01111111 for cells of type $lut.
Using template $paramod$lut\WIDTH=32'00000000000000000000000000000011\LUT=8'00001001 for cells of type $lut.
Using template $paramod$8d7a8d6e3356de09670738ba85f2c6b874f6b06d$lut for cells of type $lut.
Using template $paramod$lut\WIDTH=32'00000000000000000000000000000010\LUT=4'0110 for cells of type $lut.
Using template $paramod$lut\WIDTH=32'00000000000000000000000000000011\LUT=8'00001011 for cells of type $lut.
Using template $paramod$cf652acbfbf67d2248e3045cd0f09c58ca55886c$lut for cells of type $lut.
Using template $paramod$77b1d98666cc50bae6add9a48a8f2e1087690692$lut for cells of type $lut.
Using template $paramod$992bdc10cff2c6edd722994f0e1044bc863f79f7$lut for cells of type $lut.
Using template $paramod$b5babc618720ace64bafddb303d6f59fd10af395$lut for cells of type $lut.
Using template $paramod$c62f30f5b36494e696c8b051d622af4a49f96559$lut for cells of type $lut.
Using template $paramod$82a5c63568625c703a25be3b608488f57d9e711e$lut for cells of type $lut.
Using template $paramod$50ae037bea16070af222263fc6c06efd57346ae1$lut for cells of type $lut.
Using template $paramod$lut\WIDTH=32'00000000000000000000000000000011\LUT=8'10010000 for cells of type $lut.
Using template $paramod$68df9e7356872aae1b716020387bd50e2881ea4a$lut for cells of type $lut.
Using template $paramod$19451f719aa4a75f15cb977ed4212a1c1a1550e9$lut for cells of type $lut.
Using template $paramod$732e1780b927811a5c042d297e1a8e86e2cb3916$lut for cells of type $lut.
Using template $paramod$f45429e380905f064bb0bad3a8bdb941708e63a7$lut for cells of type $lut.
Using template $paramod$7e9df0afb32b76fe5fce0691b8752aca650057fa$lut for cells of type $lut.
Using template $paramod$53e3462453d571d93686de391da8175710cf9197$lut for cells of type $lut.
Using template $paramod$7d35f3eb4056e6484203c99fe42cfcf1dfaba704$lut for cells of type $lut.
Using template $paramod$b26fbfdb68e98cf016d61a8611b449e9f4a30f3c$lut for cells of type $lut.
Using template $paramod$b0017f6d46416668baa68aade155a780493f9755$lut for cells of type $lut.
Using template $paramod$792c98bca51494f3fb8b24b223b723cdaa97fc7a$lut for cells of type $lut.
Using template $paramod$39b878f1c87901632109d169af51eff5b01a511f$lut for cells of type $lut.
Using template $paramod$d27be719aae323ca6e8f7353a5f8a256d51e9b74$lut for cells of type $lut.
Using template $paramod$0a782ed7ca84d665ddfb0df6ed4823d0aadea6bc$lut for cells of type $lut.
Using template $paramod$ed13b367fc07e15abdbbd63b98e3668d29bd5ac5$lut for cells of type $lut.
Using template $paramod$3b99cc5838cca2d48a325293ea8b86b65ab41116$lut for cells of type $lut.
Using template $paramod$8ebf426ae99e496c9907bc341cd5e01b36d1edef$lut for cells of type $lut.
Using template $paramod$lut\WIDTH=32'00000000000000000000000000000011\LUT=8'10100010 for cells of type $lut.
Using template $paramod$1d322afbc6fb2842987169a6278f3743c053b290$lut for cells of type $lut.
Using template $paramod$lut\WIDTH=32'00000000000000000000000000000011\LUT=8'11110010 for cells of type $lut.
Using template $paramod$f6dd01673f8f9c9ecbbfa50d05e704565b0d6345$lut for cells of type $lut.
Using template $paramod$658b9ed803f0d3d335616d3858b53e0a2522f1e8$lut for cells of type $lut.
Using template $paramod$eba7de026ff587370e320127e266317dae097a89$lut for cells of type $lut.
Using template $paramod$179512a187da069f3b79ef6612a41e494e7d54b6$lut for cells of type $lut.
Using template $paramod$c217e185eb8e6463ca272982ba8c5940fa90d81f$lut for cells of type $lut.
Using template $paramod$364c9ffbffac467d60dfec81bba4e18476c15602$lut for cells of type $lut.
Using template $paramod$2f7deae5fb594b0c70bb82efd4d3682a7baaa352$lut for cells of type $lut.
Using template $paramod$6b0849254d6c87461fb93e37cc18f089f61eb912$lut for cells of type $lut.
Using template $paramod$f99c72aa22745ded0bfb595c592b02fe0c5d369c$lut for cells of type $lut.
Using template $paramod$lut\WIDTH=32'00000000000000000000000000000011\LUT=8'00010000 for cells of type $lut.
Using template $paramod$6e238df02989b317f10820a22773676e71120644$lut for cells of type $lut.
Using template $paramod$lut\WIDTH=32'00000000000000000000000000000011\LUT=8'00001000 for cells of type $lut.
Using template $paramod$e49f6e3576ef1a6d2f58c54414dbb786af8cc869$lut for cells of type $lut.
Using template $paramod$f5c97e291c8b48d9f1b4239d871ab7639e5a24ac$lut for cells of type $lut.
Using template $paramod$4282def8dbd6df3d1248ad282c629bee684502c2$lut for cells of type $lut.
Using template $paramod$lut\WIDTH=32'00000000000000000000000000000011\LUT=8'00000010 for cells of type $lut.
Using template $paramod$d79e8c7f0cb3bd049a34d82ec5fe688d444e5a52$lut for cells of type $lut.
Using template $paramod$281b7625f538be7405e62d36d2bba5c29d2f4549$lut for cells of type $lut.
Using template $paramod$c494a959fe415738ea97607d0b335d94dbfcb3e0$lut for cells of type $lut.
Using template $paramod$21a9cf1c7cffed4ea7970972274e8bcced7c7005$lut for cells of type $lut.
Using template $paramod$fd904e9e35cfd343a9df248824bd3f1408724879$lut for cells of type $lut.
Using template $paramod$873c285bdccf0ac2b60d2304ea5cd14bf211d2a6$lut for cells of type $lut.
Using template $paramod$117b4ac929d164ff303b0e43081fcca142b79922$lut for cells of type $lut.
Using template $paramod$lut\WIDTH=32'00000000000000000000000000000011\LUT=8'10010110 for cells of type $lut.
Using template $paramod$lut\WIDTH=32'00000000000000000000000000000011\LUT=8'01101001 for cells of type $lut.
Using template $paramod$11ec7271d8e6e5aeaace08c13e4c601f10e31038$lut for cells of type $lut.
Using template $paramod$lut\WIDTH=32'00000000000000000000000000000011\LUT=8'01001111 for cells of type $lut.
Using template $paramod$a238bb199d4b53d4c976c9e68dafcfe86b19f40f$lut for cells of type $lut.
Using template $paramod$9c8c3562d8abf66fbf300e70fe7a4192692cd23a$lut for cells of type $lut.
Using template $paramod$lut\WIDTH=32'00000000000000000000000000000011\LUT=8'00000111 for cells of type $lut.
Using template $paramod$05f19d9c2311a3d1ab38ece311a1bb9f96c62043$lut for cells of type $lut.
Using template $paramod$37df5229f8313e677571e7d3616eeaadfa7a9aa6$lut for cells of type $lut.
Using template $paramod$79fcd6877631f8ad66bc8725d8a5419347717758$lut for cells of type $lut.
Using template $paramod$75d5c453cca75cc7a7ca320c4fb7be0932b6aaa7$lut for cells of type $lut.
Using template $paramod$aff6956199f0c778958cf5637a6ee07c693a4da3$lut for cells of type $lut.
Using template $paramod$lut\WIDTH=32'00000000000000000000000000000011\LUT=8'00110001 for cells of type $lut.
Using template $paramod$lut\WIDTH=32'00000000000000000000000000000011\LUT=8'10000000 for cells of type $lut.
Using template $paramod$8670261af8d77851d2850ba537e3a1d0e2415376$lut for cells of type $lut.
Using template $paramod$3c17557fcd213346f7b38856ecb30fe49bafcccd$lut for cells of type $lut.
Using template $paramod$lut\WIDTH=32'00000000000000000000000000000011\LUT=8'00010100 for cells of type $lut.
Using template $paramod$lut\WIDTH=32'00000000000000000000000000000011\LUT=8'11110100 for cells of type $lut.
Using template $paramod$lut\WIDTH=32'00000000000000000000000000000011\LUT=8'10001111 for cells of type $lut.
Using template $paramod$lut\WIDTH=32'00000000000000000000000000000011\LUT=8'00110101 for cells of type $lut.
Using template $paramod$ebaba14ae1b43ad9739f08aee78cd36f5a8ecce1$lut for cells of type $lut.
Using template $paramod$a7e2486a47898534fb0ab9cfa841c924cd1902ce$lut for cells of type $lut.
Using template $paramod$c61d1886ef5312d1578301134ad1829eaf0d0eaf$lut for cells of type $lut.
Using template $paramod$b6ab6cd52258ff3402aebc701650bb6021713f42$lut for cells of type $lut.
Using template $paramod$fdcae86fcfd036c1880a04306ae771a9d7579c31$lut for cells of type $lut.
Using template $paramod$4888f2121a1fba4d507203534ae54782bc81e02e$lut for cells of type $lut.
Using template $paramod$2ea69c779d6c1b79ac5a87b0d1523c67d5628dba$lut for cells of type $lut.
Using template $paramod$18368a3da11a7221c7fb674ec80ee0d0bd64b883$lut for cells of type $lut.
Using template $paramod$c9994e2a733aa21e4bfe57075af37a9c5257c791$lut for cells of type $lut.
Using template $paramod$5e8447289d32636ac3c39430645a159145d37fe7$lut for cells of type $lut.
Using template $paramod$956819dc6ac3e32d67525a397d40c116ea83f4d8$lut for cells of type $lut.
Using template $paramod$61541d5f759c198d2d77bb51122c0fa7a2119bad$lut for cells of type $lut.
Using template $paramod$581d7e5f451b6b3ddd4ad06c99f094a0a6e88e05$lut for cells of type $lut.
Using template $paramod$de38aefd8a52d4796ebe1d55753d49c7c724fe56$lut for cells of type $lut.
Using template $paramod$4767f9a5af7e6e2e75a8d69c788bdf062425248b$lut for cells of type $lut.
Using template $paramod$90edad2b6a4dec5adef9ce6a532f7a1edb48db32$lut for cells of type $lut.
Using template $paramod$32778280944fac9caafb099d1f1322cc516c92eb$lut for cells of type $lut.
Using template $paramod$47a8214374025465e226fa66bee690ff33268a25$lut for cells of type $lut.
Using template $paramod$65538ecfc991a2cd9219f209a14a847c4dc9ac5e$lut for cells of type $lut.
Using template $paramod$8e2ac0d46b4fcafca7ea344283c6f1a88054adfd$lut for cells of type $lut.
Using template $paramod$09095f4a885193661710d1107297ca0d10ff5c6b$lut for cells of type $lut.
Using template $paramod$cba7d4f63aea5e4b3faf052f9f9805e0c6d202cb$lut for cells of type $lut.
Using template $paramod$5eaed654d037321abd4092b5c8f1e8e50acd29f0$lut for cells of type $lut.
Using template $paramod$c6a18342d06048edd56e71e7edceee94ae929c48$lut for cells of type $lut.
Using template $paramod$89e657d3deb4e004585d03c823ba6873736f7939$lut for cells of type $lut.
Using template $paramod$5a115ff4aafba58e20bd383535ae3eecaa99c6b2$lut for cells of type $lut.
Using template $paramod$4a204ad7ae5f3a8d90c491ee151fb85838b50fd3$lut for cells of type $lut.
Using template $paramod$lut\WIDTH=32'00000000000000000000000000000011\LUT=8'11111110 for cells of type $lut.
Using template $paramod$c52825d0b1a0cfc6362b36af6d13149a97d3e424$lut for cells of type $lut.
Using template $paramod$lut\WIDTH=32'00000000000000000000000000000011\LUT=8'01110000 for cells of type $lut.
Using template $paramod$lut\WIDTH=32'00000000000000000000000000000001\LUT=2'01 for cells of type $lut.
Using template $paramod$5c32c59025c0b98f20e63f249d83e7ebb4b085e3$lut for cells of type $lut.
Using template $paramod$lut\WIDTH=32'00000000000000000000000000000011\LUT=8'01100011 for cells of type $lut.
Using template $paramod$68fe50ee5a60a0bed36b1b1843c805d7bc807f41$lut for cells of type $lut.
Using template $paramod$c1a19a87ccbbb03d43a72335db63f692ddf82cc1$lut for cells of type $lut.
Using template $paramod$6b7c9c56fc2a32a479d463d5f3b0d3f4673b67f1$lut for cells of type $lut.
Using template $paramod$9e394303e290a474880b56f98766417009256d93$lut for cells of type $lut.
Using template $paramod$lut\WIDTH=32'00000000000000000000000000000011\LUT=8'10111000 for cells of type $lut.
Using template $paramod$lut\WIDTH=32'00000000000000000000000000000011\LUT=8'10001010 for cells of type $lut.
Using template $paramod$76be5a5900f80a135961ac09b0cf70ec8308af2c$lut for cells of type $lut.
Using template $paramod$fca001e3e0b52158a872e76e56c01ec10dfbb1de$lut for cells of type $lut.
Using template $paramod$19e5b38cca183d8b6b3a15d20dc995c09cd71893$lut for cells of type $lut.
Using template $paramod$df196ed0a1da5c4a58c5e08a1dac304fd3fccaab$lut for cells of type $lut.
Using template $paramod$lut\WIDTH=32'00000000000000000000000000000011\LUT=8'10001100 for cells of type $lut.
Using template $paramod$4a06230e13516560f7082665f042ad19fdf94229$lut for cells of type $lut.
Using template $paramod$baa939b0bd5b3e0c8760492528669bd58f640542$lut for cells of type $lut.
Using template $paramod$b698dd2b885039c9e1d53e243fc4e0191632dfd9$lut for cells of type $lut.
Using template $paramod$74c1587413f82b530747a2987758d74d16ad2ab9$lut for cells of type $lut.
Using template $paramod$00ffcc628ccb870304683cac36ad3a16cc41b6a4$lut for cells of type $lut.
Using template $paramod$5bbc8d49c3fc31cf6661312d1516e2aaafe308a4$lut for cells of type $lut.
Using template $paramod$f284b1db094bf6ff42b7433c4dc109220a275a8b$lut for cells of type $lut.
Using template $paramod$6fd7f30bddd03b503d75e05d227260d5623a5328$lut for cells of type $lut.
Using template $paramod$f516121154e32f40a46f9e62e63b6be44c43e40e$lut for cells of type $lut.
Using template $paramod$2d07c1a6c53c7b878509360922c4fa5ebedc3011$lut for cells of type $lut.
Using template $paramod$fe1497207981e9e4f2f9556fad9970ec052e0a6d$lut for cells of type $lut.
Using template $paramod$lut\WIDTH=32'00000000000000000000000000000011\LUT=8'01001100 for cells of type $lut.
Using template $paramod$ecae7c8c92e63765dd6a7f5eec82965d3f41a820$lut for cells of type $lut.
Using template $paramod$lut\WIDTH=32'00000000000000000000000000000011\LUT=8'01100000 for cells of type $lut.
Using template $paramod$a4640096cbef09c4ef8613155a589c40164ac034$lut for cells of type $lut.
Using template $paramod$lut\WIDTH=32'00000000000000000000000000000011\LUT=8'00001101 for cells of type $lut.
Using template $paramod$55a1a8be46cce71f91659fdf02b9158f1abb27a9$lut for cells of type $lut.
Using template $paramod$991275dce0bc7f76eef2642747456fa98b9d055c$lut for cells of type $lut.
Using template $paramod$583294f05aaec818beb341e1ee966bc090a0a81c$lut for cells of type $lut.
Using template $paramod$0fcb06ed76df01e8d45bc2b9e6c8a9b43fa42cb4$lut for cells of type $lut.
Using template $paramod$7ffc04c088a4897014506d1e561a14b627924059$lut for cells of type $lut.
Using template $paramod$65fcd91609318181207842c800347544ea14f245$lut for cells of type $lut.
Using template $paramod$lut\WIDTH=32'00000000000000000000000000000011\LUT=8'01101010 for cells of type $lut.
Using template $paramod$193d365ba3260f56de4ca734b1cedcf9dc72302b$lut for cells of type $lut.
Using template $paramod$lut\WIDTH=32'00000000000000000000000000000011\LUT=8'00110010 for cells of type $lut.
Using template $paramod$f2c7724a377078ae43fd5553a51bddaa7059bce8$lut for cells of type $lut.
Using template $paramod$lut\WIDTH=32'00000000000000000000000000000011\LUT=8'10101101 for cells of type $lut.
Using template $paramod$19fd282a9552aff6b99d7b7cd3bc0ab5b35340e8$lut for cells of type $lut.
Using template $paramod$fc0db6a628dadb117370c6b99f48cdfae128b9d2$lut for cells of type $lut.
Using template $paramod$d7fc1620c4350273f7131d79bcd784db09cc7f43$lut for cells of type $lut.
Using template $paramod$7fff909e0a1af05f6e8e9474aadf227a7a733a63$lut for cells of type $lut.
Using template $paramod$81b6b80fde62ebd1b204165b10ce6d2faaef0703$lut for cells of type $lut.
Using template $paramod$34bd68b4c7fe5bbcea62af2309358ffebbd20c46$lut for cells of type $lut.
Using template $paramod$ba7f31f246a278c41fa0648a6e0512f63185dec0$lut for cells of type $lut.
Using template $paramod$cd6c4b4da6d8737b72fd2dc8f5d83d8967445809$lut for cells of type $lut.
Using template $paramod$lut\WIDTH=32'00000000000000000000000000000011\LUT=8'00101010 for cells of type $lut.
Using template $paramod$9e1755e3954600257bb9b9ab192e2c0243b0f35a$lut for cells of type $lut.
Using template $paramod$8191d7539cc5c71b177c773557d9a004a6b39b83$lut for cells of type $lut.
Using template $paramod$843b2acaccd0d8aad2e21430f1577d38ae8e8e3f$lut for cells of type $lut.
Using template $paramod$ef3fdcd80f2cfe1b373696ada0babc6a69a2ab28$lut for cells of type $lut.
Using template $paramod$8f8f3ed0dfbd822273417c0b66ef033f29ee6b95$lut for cells of type $lut.
Using template $paramod$2aaa785be28281b0a4bf077064a14e475b982eb7$lut for cells of type $lut.
Using template $paramod$9808e6aeeef7f389ded7a4b7c21de3ef52bd315c$lut for cells of type $lut.
Using template $paramod$b28d9999a9a4f210a59f061464262ad350665982$lut for cells of type $lut.
Using template $paramod$c51ac7ca15f414ee9f8b05908ed14d1e89a718a3$lut for cells of type $lut.
Using template $paramod$lut\WIDTH=32'00000000000000000000000000000011\LUT=8'11000100 for cells of type $lut.
Using template $paramod$272652f6c6fbe9a75eff76e45cc7e2788835518b$lut for cells of type $lut.
Using template $paramod$e51a8a571bee774247b38f52d6e85fd62ae52cea$lut for cells of type $lut.
Using template $paramod$8f0127ae6e4e4fae3e6aa8d83144b199848e8539$lut for cells of type $lut.
Using template $paramod$c49993c8f2ff2fd8fd7a1dcc4704f7c8f0cdc57f$lut for cells of type $lut.
Using template $paramod$lut\WIDTH=32'00000000000000000000000000000011\LUT=8'11100000 for cells of type $lut.
Using template $paramod$cc48261582988c50bbd2bdd83f5413bf75fb6da8$lut for cells of type $lut.
Using template $paramod$7c7a71fa5837027b1cccb613fecd982e836a2a37$lut for cells of type $lut.
Using template $paramod$lut\WIDTH=32'00000000000000000000000000000011\LUT=8'00010011 for cells of type $lut.
Using template $paramod$lut\WIDTH=32'00000000000000000000000000000011\LUT=8'10100111 for cells of type $lut.
Using template $paramod$66cfa457f3bf0a90e11a4f3cf9336b993db8c18a$lut for cells of type $lut.
Using template $paramod$4d7f17f71543a1e7fc1835bd79c4827a43f2e844$lut for cells of type $lut.
Using template $paramod$c24ed72ebb67e9ead6029e42e909ef7fc0abbb11$lut for cells of type $lut.
Using template $paramod$7299f2246d1a80c33c807bc8bb00c5b5d234d530$lut for cells of type $lut.
Using template $paramod$a6c5403192a47fe46aef0c78c1fbd6aa4f5f4e84$lut for cells of type $lut.
Using template $paramod$7774d867e241b9d13ea2e7c487d7a8070c92fdf3$lut for cells of type $lut.
Using template $paramod$lut\WIDTH=32'00000000000000000000000000000011\LUT=8'01110110 for cells of type $lut.
Using template $paramod$734cd1512f671d92bc4f41153da0d9781801dd98$lut for cells of type $lut.
Using template $paramod$8e224a63a74b6daf8fc2e441cb0688a65e7a4073$lut for cells of type $lut.
Using template $paramod$lut\WIDTH=32'00000000000000000000000000000011\LUT=8'11001000 for cells of type $lut.
Using template $paramod$9febfc3283e56fc000c8e95c6b8737c01d1bfbdc$lut for cells of type $lut.
Using template $paramod$101238f3d8d49ab12a9b49a2f01cd503b26e9c61$lut for cells of type $lut.
Using template $paramod$98f2bc4d150d1bb1fa42ece74207354e52d366fd$lut for cells of type $lut.
Using template $paramod$99e9f9370e0f453dd1be0e6f68ad59b4355bb5c7$lut for cells of type $lut.
Using template $paramod$3a456086f9aadd68ee04d4d7afbad8c702368bc8$lut for cells of type $lut.
Using template $paramod$f610396a8c1614f373f4d73e3d1e988bc93e396c$lut for cells of type $lut.
Using template $paramod$dadff75c617cf87bb5b8cfe47ca6c69fb6925370$lut for cells of type $lut.
Using template $paramod$22d835bd6a2c8ce92723813eb02ca92eae064db6$lut for cells of type $lut.
Using template $paramod$ecc8f136f6aed415e047a0ef706f98ca5d1ce334$lut for cells of type $lut.
Using template $paramod$149f41c146f3d7df72799e86c14a5edee10b80ab$lut for cells of type $lut.
Using template $paramod$1fffd425e87119b8f68cc0366ae152d24c0ee715$lut for cells of type $lut.
Using template $paramod$a2b4ddfa3906001b2ef9f2414d79c3048f2a3a6e$lut for cells of type $lut.
Using template $paramod$9664483609d9e726df9697364de1aad825ad3979$lut for cells of type $lut.
Using template $paramod$a8cb9dc6eccb911035b7155b3fa8bdcdb987b386$lut for cells of type $lut.
Using template $paramod$62b10256145614519a107613336c12ff4a78856c$lut for cells of type $lut.
Using template $paramod$f4c27935f83578ba83f576571256435571858866$lut for cells of type $lut.
Using template $paramod$734cb5d7d83659ae4da13abb9e04fafa8dc19119$lut for cells of type $lut.
Using template $paramod$f220063cf2475abf1bb6c07b61f35b54c110ec89$lut for cells of type $lut.
Using template $paramod$bf0d0292861bdee659ef5cbc5e58b330ac5871f9$lut for cells of type $lut.
Using template $paramod$beb376b06b1d2c535c2faac704b61533b630e05a$lut for cells of type $lut.
Using template $paramod$87112c7d511269df645aa80f0e41752d7498bc47$lut for cells of type $lut.
Using template $paramod$efadaac06b59823e587e42ef48eab528996e1ea6$lut for cells of type $lut.
Using template $paramod$afa5cc7ea02a0d78eb9b9c5845e7d58bfc9b0205$lut for cells of type $lut.
Using template $paramod$c4e5955af783a448ce886b50f1e289d42d75249e$lut for cells of type $lut.
Using template $paramod$cf1f7f758839639a41e416f6707fdf71656f046a$lut for cells of type $lut.
Using template $paramod$ead8b823cf6244b689c66a3d488367a56f887478$lut for cells of type $lut.
Using template $paramod$d28e34a6f59e3597741493ac0652aa6d8551c0a8$lut for cells of type $lut.
Using template $paramod$82a48e5f5771a531ca9edba4cc6af5165f5035d5$lut for cells of type $lut.
Using template $paramod$4783c2eb2621890641428ba211eb83eac67055dd$lut for cells of type $lut.
Using template $paramod$40466e38330f37b7e38d745920a43f08b238ba52$lut for cells of type $lut.
Using template $paramod$b4f1e5381dcacf3009c820ad24d9dd98ebbc0254$lut for cells of type $lut.
Using template $paramod$18f48dbf4bf0dfb6a52f65cf99b6d68470c5a239$lut for cells of type $lut.
Using template $paramod$03930233ada86eccb2c45bba15ebb370bf4a50a2$lut for cells of type $lut.
Using template $paramod$d1ec484c4ca085fdfabed359acaa505c841e974b$lut for cells of type $lut.
Using template $paramod$ffd13d8f135d5253c7565faae38cd586639f9cae$lut for cells of type $lut.
Using template $paramod$85cf43594de64f4da133a52b121945d322a4caf5$lut for cells of type $lut.
Using template $paramod$1e1adeb33c5b5c242edc193a3b20038c1838b12e$lut for cells of type $lut.
Using template $paramod$5e6c4a8c236d8a054aa4c12b76f89923531ba601$lut for cells of type $lut.
Using template $paramod$6f7e56fcf6791a4761ea192fee5b86508a5d6489$lut for cells of type $lut.
Using template $paramod$15bab18445084ba34c0c684bbd49d58d9b5c82ef$lut for cells of type $lut.
Using template $paramod$de7198773f80d4a8cf45948fab3dfc806b6fb4fc$lut for cells of type $lut.
Using template $paramod$fc75649999676d714358be70f73cdeda1f703d16$lut for cells of type $lut.
Using template $paramod$3a32a7587b9f95b908af04fb9b75cd3eae00b58e$lut for cells of type $lut.
Using template $paramod$f8bf7ce2cfc03a2fcdba016d95c65c16f5a9e768$lut for cells of type $lut.
Using template $paramod$0442e8335420d0d4801b2c0e6e2550c08f586920$lut for cells of type $lut.
Using template $paramod$ad7e4d4b357b141109f952d5c727475659ad9eda$lut for cells of type $lut.
Using template $paramod$a1fb261c4791e5f2263e51595a298951c27d694e$lut for cells of type $lut.
Using template $paramod$8bd02bb834da8a08eb1ebb3ff9a897700e4cf2a6$lut for cells of type $lut.
Using template $paramod$b57e6ec3eb28898d1897fa0a774f26c970a33299$lut for cells of type $lut.
Using template $paramod$34ddb6c6a93f3576209bd8711251250fa732b1bc$lut for cells of type $lut.
Using template $paramod$3ad91fcd45db0e47ab1d2de716e8b821d6495043$lut for cells of type $lut.
Using template $paramod$727e1f3e7f2ccb65b6e8743f9527221ce5a9c649$lut for cells of type $lut.
Using template $paramod$ef7f1e65df746b0baa248bc34b422614333608b7$lut for cells of type $lut.
Using template $paramod$61bc98ece8c76bffd4acdf40e5f231340cba90fc$lut for cells of type $lut.
Using template $paramod$ae13a7c68a4cdf4ccaef752de3708e84fddb2200$lut for cells of type $lut.
Using template $paramod$c56e53332e8adfbb2d82d38677282b45eb878a02$lut for cells of type $lut.
Using template $paramod$48ff51ecc9ba865891e818f5e8f9074105f3b668$lut for cells of type $lut.
Using template $paramod$7a44d7a29e658f79fded008243c8ec59cc1f7cff$lut for cells of type $lut.
Using template $paramod$f9764a0f5adca82fd15f90955820a6360623c72d$lut for cells of type $lut.
Using template $paramod$10f33ba6793ec5a038b87c7ebf795bd6544cb4cc$lut for cells of type $lut.
Using template $paramod$059a18b83f440098c69d0c68999bb03d1f1b1ff8$lut for cells of type $lut.
Using template $paramod$3c2c41a3dfa511b9d0c6ddbf4ddb8fe22bb4f3cf$lut for cells of type $lut.
Using template $paramod$919a6a0ceca6f5e5ad188539d309f02bbe6f0b8e$lut for cells of type $lut.
Using template $paramod$6930a3c49809d0f05b2738a7131e7eb625aebb23$lut for cells of type $lut.
Using template $paramod$5e099ec10bc05de64ae59a7204f6ab75b3665459$lut for cells of type $lut.
Using template $paramod$336ea2e2053c47961c830ab71eb840ecf5d6a697$lut for cells of type $lut.
Using template $paramod$38fd017f6ff50796b7c3401a695728f467e9a8fd$lut for cells of type $lut.
Using template $paramod$31af4361eebc4014394096c22b8664f331fc13bf$lut for cells of type $lut.
Using template $paramod$176b386e192fb6205bb35f3f0e2a56d5a8bbc723$lut for cells of type $lut.
Using template $paramod$37591515a6b26596b8f79693031c4dfba5bd0bdb$lut for cells of type $lut.
Using template $paramod$8d1bc698c8905a964b2f4f9fae07304e310d58f5$lut for cells of type $lut.
Using template $paramod$81b4571ae69c50dbc2a1bb69b0d2c33901796273$lut for cells of type $lut.
Using template $paramod$ea332d707f5d1c4e094a97ad3e362e04690ef016$lut for cells of type $lut.
Using template $paramod$0a5ff1ecfd85576947a0891672394a52a96381bc$lut for cells of type $lut.
Using template $paramod$a75eb5da8b7b4701acce9d28c7b084dcf4dc0bae$lut for cells of type $lut.
Using template $paramod$7a728a6b45cd43fa4a9deabdd98adcba5f0a3e7b$lut for cells of type $lut.
Using template $paramod$6581d4a72cf3f2e9a3d1e4aefe417dbf5efe7a7b$lut for cells of type $lut.
Using template $paramod$7d7d0889192542c76acfa82245101017553e949d$lut for cells of type $lut.
Using template $paramod$ef6c3acdef3b2cacb2604a4f078062144cc033fe$lut for cells of type $lut.
Using template $paramod$de8f577f1e8af1dadfbd6f5a185b3cc1c26b641c$lut for cells of type $lut.
Using template $paramod$4efd1b47743553d2acd3bf9d6f9320a0d69e4d5a$lut for cells of type $lut.
Using template $paramod$9f098eb88da5d4f8c5ff3ba63c05dc50b2bf4834$lut for cells of type $lut.
Using template $paramod$035c8fe33759325253205a37ce560d7a531ff9e9$lut for cells of type $lut.
Using template $paramod$fcb21d0a0d81c41a36b652b3205c0d3ca09ba42d$lut for cells of type $lut.
Using template $paramod$5e2b88d14d576fe944f5c74cba1deda039c4ea50$lut for cells of type $lut.
Using template $paramod$8a72cec75881fb03c73520627585132bbc71d474$lut for cells of type $lut.
Using template $paramod$c1b42c9e20e80acc6a1f921e807fc1d46182cb38$lut for cells of type $lut.
Using template $paramod$e1e0860bc66b0ec3f1528c4ebf1eebcd83d23576$lut for cells of type $lut.
Using template $paramod$6ac3487a8e0195e281cf3533b613187c2da6cd6a$lut for cells of type $lut.
Using template $paramod$ef95b732bc1a7ffeede66d60e7ad5a0fedb24ae7$lut for cells of type $lut.
Using template $paramod$cc81d3e65f8ff14208cba2e6e4d4ad94b39729b0$lut for cells of type $lut.
Using template $paramod$735a88bab5b1c161ef85629bc211904f329ae69d$lut for cells of type $lut.
Using template $paramod$f4dd353dbf97bdb40e6767d9461856f4e44b196c$lut for cells of type $lut.
Using template $paramod$bba9e284540093b40fdf34dd9922166c36de39d6$lut for cells of type $lut.
Using template $paramod$452f15f8c706f3c04afc42f217b2da610692a306$lut for cells of type $lut.
Using template $paramod$7cb79e21340d56f4d160efed618a2e47c27317ae$lut for cells of type $lut.
Using template $paramod$5a7e7875e93f82837fd36ae54625ba85cbf06071$lut for cells of type $lut.
Using template $paramod$08554a8aad59f07e2450a43245076050f8652de3$lut for cells of type $lut.
Using template $paramod$3ec3b0c5faa2b78c2ba8a675ef5ed534065fca24$lut for cells of type $lut.
Using template $paramod$692927e279b3d5c42ee4aacb287247c0b34943ed$lut for cells of type $lut.
Using template $paramod$fbd44440766dc80b10c60122b9e5ecc60167346d$lut for cells of type $lut.
Using template $paramod$91525525c9f5d205d7adf70177819cdc6e68cdc0$lut for cells of type $lut.
Using template $paramod$5ac9770222e02e1961d43e69c02c150cced0cd20$lut for cells of type $lut.
Using template $paramod$1182a179a67dbe97b690879ba72572e9d096e4c3$lut for cells of type $lut.
Using template $paramod$449331e86a9bec24777c85c2bd7db060366f3821$lut for cells of type $lut.
Using template $paramod$4e372a6769c7ebc008474f1cfaa315fd2d78b46f$lut for cells of type $lut.
Using template $paramod$e9b4f410e094e3a41de9af3bb499f619f29a8138$lut for cells of type $lut.
Using template $paramod$6216eedf1c5f2bdf0973f7aa817f2cd29f0d2d79$lut for cells of type $lut.
Using template $paramod$ad333e63f712bdb887b1029efee6e57bf7a0f59c$lut for cells of type $lut.
Using template $paramod$61027f27c81a9f35fc5527c30916f6f1b02b1e7f$lut for cells of type $lut.
Using template $paramod$190a4155c7f96d79e590f0e53e1f07bfbc7d7595$lut for cells of type $lut.
Using template $paramod$5a50814bae3888c0e60185c932739a16e83f1cff$lut for cells of type $lut.
Using template $paramod$262a2971b26f79d81ba0a5c3170e3f7f8c327b7d$lut for cells of type $lut.
Using template $paramod$99123c7c25d260e4f05c256d107819cad89c3c92$lut for cells of type $lut.
Using template $paramod$a8901bbb1af669f0f090118cd3ed0f2243240225$lut for cells of type $lut.
Using template $paramod$d206f619dea6ce5fef4bf75a0bbf1dbcda484af9$lut for cells of type $lut.
Using template $paramod$fa31e41dd538964e8eed347b6c2437110ec0a79f$lut for cells of type $lut.
Using template $paramod$05a013c604a8fd8dad9e08dab16a8727fc55d01a$lut for cells of type $lut.
Using template $paramod$a95aeb58822b83840ad0d33221e28b316b409b83$lut for cells of type $lut.
Using template $paramod$922c9d51250447408e4eb21c37593ddfd4cdfd12$lut for cells of type $lut.
Using template $paramod$c315fd171a22ad0b563d890e3adda172ea240769$lut for cells of type $lut.
Using template $paramod$a8f0b66d6442d140b08ba5dde7bccc974236df60$lut for cells of type $lut.
Using template $paramod$7f1213330213e38a626cd93755db0b31887255fc$lut for cells of type $lut.
Using template $paramod$552c54a44f22c5fb2e95c58915635f2a2f213caa$lut for cells of type $lut.
Using template $paramod$f6432ab34e8ec92c9e5f4decaae61d1bf6cb7d11$lut for cells of type $lut.
Using template $paramod$9d7b7b647bdfb84c8d2e249b3daf583559e1695e$lut for cells of type $lut.
Using template $paramod$dd0d5e6333bb446b5980e94d957bc63973869255$lut for cells of type $lut.
Using template $paramod$c45576938a9b58d891a9ccf0c10041ea33e86e1d$lut for cells of type $lut.
Using template $paramod$cb9c54bd57f8731c6bf477b6c266f060fa5cb9e5$lut for cells of type $lut.
Using template $paramod$1be2ae3d4ca46a7479429f9f51103a505fabdfef$lut for cells of type $lut.
Using template $paramod$5afe69dc0ede50ebcf2975f656720807829b0abf$lut for cells of type $lut.
Using template $paramod$4cb144bf3d7ad175ac816a1de9bb223c3af1ca8c$lut for cells of type $lut.
Using template $paramod$17f9208b6864507ae24f2db3f54a502ed7f2dab1$lut for cells of type $lut.
Using template $paramod$6ac63e260ac9358393ce55a25a74c7e990c673c3$lut for cells of type $lut.
Using template $paramod$1f16048e4d7a84f6c1b9bcca0b069fec27ea88aa$lut for cells of type $lut.
Using template $paramod$6a9e6a7be18da3b2738a3c440c25aefc246735de$lut for cells of type $lut.
Using template $paramod$1f6146c59e04e29577c23cc45e9d1e2261614aca$lut for cells of type $lut.
Using template $paramod$7fa1a55ae1cd6cc454f60e1a2622aa1ccac421e8$lut for cells of type $lut.
Using template $paramod$e5f63b18112801d84526ad091af528b01f6cb080$lut for cells of type $lut.
Using template $paramod$81919cda90ab7ecb2823a99b19199706c4cfb4b7$lut for cells of type $lut.
Using template $paramod$014bbcb2ad2f0c17305b0f87094a5cc9c5a15720$lut for cells of type $lut.
Using template $paramod$9728486d945212460dc34b4d76cd17f99282d7b1$lut for cells of type $lut.
Using template $paramod$8b42c3cfc59ed14a12e922f8e2a8ff911b1be8a0$lut for cells of type $lut.
Using template $paramod$195079014a44e37830f4034cab7369381ed794b4$lut for cells of type $lut.
Using template $paramod$17d996f5ecbed134a464134830b0adb6d0597ee5$lut for cells of type $lut.
Using template $paramod$de628dcfa59ddd8ec679d819924f70f3637e4b16$lut for cells of type $lut.
Using template $paramod$b4b564c8e0d55f1a39a6f0984a7c1f4f51d81747$lut for cells of type $lut.
Using template $paramod$158cea312d1de871ffbc1a703751bf541f19e288$lut for cells of type $lut.
Using template $paramod$59df6d092cb6aa49707eeb45ad6c4c62a50e86f5$lut for cells of type $lut.
Using template $paramod$71d6d3d7653dd35f0f0d8d3740edf95dfe9e8e8e$lut for cells of type $lut.
Using template $paramod$21131d4c7b142e2b672ca0ea836904d234ec8be0$lut for cells of type $lut.
Using template $paramod$10cd753a6f0edd74f848494b69896db236a4befc$lut for cells of type $lut.
Using template $paramod$d9f14076c4f59c484f8caf2314cf9c285643bf73$lut for cells of type $lut.
Using template $paramod$cd758193c10dd860675583ef8e7434e0afe43056$lut for cells of type $lut.
Using template $paramod$ad4713b363bceddf24d3cbfecb8eff691677860d$lut for cells of type $lut.
Using template $paramod$93c8052cc2aeb365f3d41b716e46085b0f9a599d$lut for cells of type $lut.
Using template $paramod$b1db8b6c26c904e232553491c5ca847de8fc5060$lut for cells of type $lut.
Using template $paramod$90013a2c859fc0946067d6dceee8adbec544bf63$lut for cells of type $lut.
Using template $paramod$3cb71b90915d416250eb92d74e0b69cafd946147$lut for cells of type $lut.
Using template $paramod$758993c9c93da0c4eeca5782be12fe1dd2a607cf$lut for cells of type $lut.
Using template $paramod$e24e31120d4a3aeab3bdb825f4601e660df947d2$lut for cells of type $lut.
Using template $paramod$8ed29749fc9e612424f889ab7686a48a21c69190$lut for cells of type $lut.
Using template $paramod$c55bff31366f67e6970d64bb1c3eb6ff28da979d$lut for cells of type $lut.
Using template $paramod$61f245c12ab7052e4a5c764ecd9e4e164bd01452$lut for cells of type $lut.
Using template $paramod$5e39f2df13ead5f40a240574f5759650aa9d164e$lut for cells of type $lut.
Using template $paramod$8b913163da18044fe8e7de41bdd7da2fe53c6052$lut for cells of type $lut.
Using template $paramod$96ff56ce5a5ee85ee0c4678d1c423b47046ec6af$lut for cells of type $lut.
Using template $paramod$1e8910c239120a974536db50a4900b8363bdfb7f$lut for cells of type $lut.
Using template $paramod$e299967795ff0d438880a4efd72e79a6d65fbdc1$lut for cells of type $lut.
Using template $paramod$5133d86901630628bbdeadbb2c4054b415f04d6a$lut for cells of type $lut.
Using template $paramod$f15f1d74b1fa8bcf58439325e6f2837c08b4795e$lut for cells of type $lut.
Using template $paramod$d302c92b22dd3defe03209bee53449a0fdfeab46$lut for cells of type $lut.
Using template $paramod$3e0bf1464c86afbc9796d90866d1f3d737bf4cab$lut for cells of type $lut.
Using template $paramod$fa820cf9e2d2299835681d0f99dcef2a8e8bf5d7$lut for cells of type $lut.
Using template $paramod$cbe98122cb5318fce896ed3e62327029e5aa0b9b$lut for cells of type $lut.
Using template $paramod$b7c966b5b8c4f47639bb13f36d41c8d09fcd088b$lut for cells of type $lut.
Using template $paramod$8e4ec7fb08ac78c30981fa3c0e4b36cbac911237$lut for cells of type $lut.
Using template $paramod$1f7660efba47487ae40a3da8d5b165fc5f22ec2e$lut for cells of type $lut.
Using template $paramod$ba30ce567fe05129df2a56414e0f67d2562610bf$lut for cells of type $lut.
Using template $paramod$f7aa5e057068dd42bdea7bfbf0f6722f98c79156$lut for cells of type $lut.
Using template $paramod$259bf79c16dfa8e60eefe05dd2ee81c513b6cdc3$lut for cells of type $lut.
Using template $paramod$d47f95493d9992ee123d42390408b883f1b7b90d$lut for cells of type $lut.
Using template $paramod$76029e18104ec49c1794599359c47b5c1980655d$lut for cells of type $lut.
Using template $paramod$552e3322e4b067f4d534291d7d7f0fa4db22b890$lut for cells of type $lut.
Using template $paramod$73444d9b6762cc519ccf629f35f66782673ba201$lut for cells of type $lut.
Using template $paramod$baaaeafb5d20bb0c0c72a52e4dea8af6ce82ba48$lut for cells of type $lut.
Using template $paramod$6359825b95ce91321ee4f790d62decc4f0177294$lut for cells of type $lut.
Using template $paramod$343d04990f2ad8b892251a340c8ba3d6e1e5014c$lut for cells of type $lut.
Using template $paramod$115e418deb3f60fc489ab556e72651aa547a2513$lut for cells of type $lut.
Using template $paramod$d85d6fba7047bb37d21f6e2a2df8c4d2f7ef2a17$lut for cells of type $lut.
Using template $paramod$1f650f35f6d6be8391828559fa460453e9efa919$lut for cells of type $lut.
Using template $paramod$a964f8ed466638f11766930007624f9261481a37$lut for cells of type $lut.
Using template $paramod$fa73288e2f75224be7b5405eeef7660c875219c3$lut for cells of type $lut.
Using template $paramod$db3cc515e6967efc802249619c7772e9ca1c5c71$lut for cells of type $lut.
Using template $paramod$bdbca9bb9941853cce5c2e083ac22384fcafb5f8$lut for cells of type $lut.
Using template $paramod$16f4d5a320f8c31ec68e2957f4cfe520c3f549a4$lut for cells of type $lut.
Using template $paramod$c61b4e39761673898d7c4485490d6411b579c0ea$lut for cells of type $lut.
Using template $paramod$ac5104b0f31e073ac445859404a5ecbcf6edcff5$lut for cells of type $lut.
Using template $paramod$45aa78d31d6f3e596c159f65cc0bade808043b23$lut for cells of type $lut.
Using template $paramod$91c92abe03c628d14fecf5a34ee6af9609e0ec5d$lut for cells of type $lut.
Using template $paramod$fe2ccc9771c7f3621af3392ea69c0322e13310d4$lut for cells of type $lut.
Using template $paramod$c1504a9d65993355c514e13fac0a4787130cc6b3$lut for cells of type $lut.
Using template $paramod$bfc6e9cbe3c9c007686f9a45ac8e0fc13fcd085f$lut for cells of type $lut.
Using template $paramod$9c83190cb7e48bb3a6ae53b261370c80c7b95001$lut for cells of type $lut.
Using template $paramod$1f8045b64f8f834ee34111045c45b606edde03a5$lut for cells of type $lut.
Using template $paramod$0dd63b97890d5958b2a0fccdca66d328e4f2c2bf$lut for cells of type $lut.
Using template $paramod$4cad66905f7b45410aa8498f36ab751dc7c8310f$lut for cells of type $lut.
Using template $paramod$e35dee0c649fcc78dfb196d059b2e5d304084fae$lut for cells of type $lut.
Using template $paramod$a305c1f27ac12036e1ee053f6f465794d7c5c73c$lut for cells of type $lut.
Using template $paramod$065951c326493bf4d565da773d1afef56d340be9$lut for cells of type $lut.
Using template $paramod$e838daf4d48e3a9be1646464fd8add55b6903fa5$lut for cells of type $lut.
Using template $paramod$fb75c117ce9b7df35d166ba0e2e5a881747c5ea8$lut for cells of type $lut.
Using template $paramod$aea2b48221a9e2aeddd0c5d8a0c6441a0c950abb$lut for cells of type $lut.
Using template $paramod$defbed77cbd98c470a277ac2f4878361f79b2207$lut for cells of type $lut.
Using template $paramod$d4ea5e739bfb0e75697377a1b0f335220baaddaa$lut for cells of type $lut.
Using template $paramod$8ca551885e02848e9218bd55af564508ad00ee8d$lut for cells of type $lut.
Using template $paramod$135c41e1b10521903c6e5b40903070dcfbc69db1$lut for cells of type $lut.
Using template $paramod$f8a458c690a656a6a5b1e4d80312506b6ec11aec$lut for cells of type $lut.
Using template $paramod$40e07b0ee378a4c7c32ecd13854831bbf4133fb1$lut for cells of type $lut.
Using template $paramod$dd03bbb7462719e1c9e0bdf490a107e6c352da1a$lut for cells of type $lut.
Using template $paramod$e29ef8ccf93a7cf3f6887bca79392708527c3c8c$lut for cells of type $lut.
Using template $paramod$a6486c959d4248a95ea4a68b28e721d2c1eb7c23$lut for cells of type $lut.
Using template $paramod$09dbe61e58773048a674851ccc0b491df7fd71e3$lut for cells of type $lut.
Using template $paramod$ea0a4ee26eb9aa2c03283f4bfb761fc3543b5b69$lut for cells of type $lut.
Using template $paramod$56bfb9c7bc4e9d036b2c8ade273bc395ad3f1805$lut for cells of type $lut.
Using template $paramod$738daacac7a6d80a89b2d97109b90db9b2708a27$lut for cells of type $lut.
Using template $paramod$2661aa2601af93e362041e04a59405a491f36855$lut for cells of type $lut.
Using template $paramod$cc778a82fd81ea9185402656ce1c9108e4328ce0$lut for cells of type $lut.
Using template $paramod$ee6682f13f4058ad3f1adfcfc64fc4b737208600$lut for cells of type $lut.
Using template $paramod$0b72ed9354606aa696f8aeb31940da5721b1eab7$lut for cells of type $lut.
Using template $paramod$4c986b4e9c852fe3bb69cb1e931899d4275b6988$lut for cells of type $lut.
Using template $paramod$e4e96a5dece796d779288739da28d0f9a19e7c8a$lut for cells of type $lut.
Using template $paramod$04ae10f7d848c17f6abdd4c00ba30939b2cb4eb5$lut for cells of type $lut.
Using template $paramod$2acc56796dae1e7bbd8d34441a24f749523f3d30$lut for cells of type $lut.
Using template $paramod$8461a38da2644081983cd5b082d7f6c55a8dc5b7$lut for cells of type $lut.
Using template $paramod$cc32a05866f608aca38637d6c7ba9e5d077e8484$lut for cells of type $lut.
Using template $paramod$0648a9971338eb5e0ed691e2a77f7ac35ca33a48$lut for cells of type $lut.
Using template $paramod$65348b986e89940a314bda4f678375f5b7ef4cb2$lut for cells of type $lut.
Using template $paramod$673efda7cf44a4b6d45e0ebc2f03e84a40f7777f$lut for cells of type $lut.
Using template $paramod$e9b7699b9d0275618fea114020446d4482ce51db$lut for cells of type $lut.
Using template $paramod$0832fe92b930662ba59b9d4cd99902bc6dab2bdc$lut for cells of type $lut.
Using template $paramod$780ed22bfdac15ae0c87b9835089870beab26860$lut for cells of type $lut.
Using template $paramod$a8bd02a7e5ce01918f902c876189fe753369e4f7$lut for cells of type $lut.
Using template $paramod$b8e43e3f5a5b3a3d02880fc0e8ef6c7a00e7bca5$lut for cells of type $lut.
Using template $paramod$a4cb4e9b247dac3afe46d9a3bd660b4ebb63c428$lut for cells of type $lut.
Using template $paramod$e44b47941473f731c5b853bd1c29ab39039dd6a3$lut for cells of type $lut.
Using template $paramod$e764b86a795e4b2dc8a59f635db796fcd23949ac$lut for cells of type $lut.
Using template $paramod$55f7f08666253b6bdec6bf4d194618bf23eae7a1$lut for cells of type $lut.
Using template $paramod$6c666888e6ac0032cfbfbdcc85a75fcfd59f94c3$lut for cells of type $lut.
Using template $paramod$2bba1ee4cc55f3679db28d57243906cc1fe702e9$lut for cells of type $lut.
Using template $paramod$8a502c25d19c332f0051d0bcbf4247cc5866668b$lut for cells of type $lut.
Using template $paramod$243a3132cd148eeee35f61e8004d99fe09b69cca$lut for cells of type $lut.
Using template $paramod$26593507c6263c6b4e55b0a4a1c1787f15e2a014$lut for cells of type $lut.
Using template $paramod$afc502978e56aa00d387f0a39442a27fe4cdb4ab$lut for cells of type $lut.
Using template $paramod$42a5e8d44bd9f82a93765753dc9f5ea2e00ebd24$lut for cells of type $lut.
Using template $paramod$ad6d5f86f825edb48a25650599fd1d71802d0d09$lut for cells of type $lut.
Using template $paramod$7845bd7e1d8e38511a7040127a19320c6633c1ca$lut for cells of type $lut.
Using template $paramod$7770284085d22957bf5469905a6b2dc034d1dcd0$lut for cells of type $lut.
Using template $paramod$7125b224d5920c893c2dd3de98a266451c2ebe7d$lut for cells of type $lut.
Using template $paramod$86c3d45faf78c83fe65e2e1f5354cc2f704582d4$lut for cells of type $lut.
Using template $paramod$d577f38d7aaf5bcc202e7ce1258fd28cec0a0b25$lut for cells of type $lut.
Using template $paramod$74497bc0c13c6e70f410aee1cbf7b82eba09da93$lut for cells of type $lut.
Using template $paramod$e94899a223685d701c497c58caf84cf640da5660$lut for cells of type $lut.
Using template $paramod$8ea88aa6ffb629098663657e334867dc8d03e220$lut for cells of type $lut.
Using template $paramod$e0b192dcf742212c7befd720b774997b20cd9310$lut for cells of type $lut.
Using template $paramod$50e19e0e60d4135b10e3942acbecde9609be653f$lut for cells of type $lut.
Using template $paramod$4b5b931d78b488c4cfc6a321acf8dddb1f44015f$lut for cells of type $lut.
Using template $paramod$eacec56d9f8a17dd8bd05ab410777702ff3be351$lut for cells of type $lut.
Using template $paramod$5ce636af2f3494435205d6fd58e78481db416014$lut for cells of type $lut.
Using template $paramod$4002ac9221bfd488b278ef0f0deee9b90a63e6c2$lut for cells of type $lut.
Using template $paramod$f8b78edebe141757c98ca451eef5028046e48d02$lut for cells of type $lut.
Using template $paramod$556c69dc46ef4798e751bb353ac057129ae20bb0$lut for cells of type $lut.
Using template $paramod$127357723c64bc1f8a421abed91285f8166b9e8e$lut for cells of type $lut.
Using template $paramod$77ad5b5a13077339c889d22d77e93cfd4da9d15f$lut for cells of type $lut.
Using template $paramod$694ff45c76a2c58a2abd566c14b9eba36a588650$lut for cells of type $lut.
Using template $paramod$0e2f6b3723c7bab13cff2444b2062045bf0e531c$lut for cells of type $lut.
Using template $paramod$5b0bbbd2744428ba23243eb014684303584c8fc5$lut for cells of type $lut.
Using template $paramod$748438a819d2378278dedf872c17da3557f0ef07$lut for cells of type $lut.
Using template $paramod$ce15196441954efb802bf04833d0d08a7a5dce15$lut for cells of type $lut.
Using template $paramod$f7defcd573066404c868253de2933d1a602e19fd$lut for cells of type $lut.
Using template $paramod$5ebfecec141060988d75d73866f9403b6c45c1f7$lut for cells of type $lut.
Using template $paramod$05bb6b467fb98a0bc5f2fcdc10c19875585f6f2b$lut for cells of type $lut.
Using template $paramod$54561102c8bc1dff34a98e3e39bb8e466d7953c0$lut for cells of type $lut.
Using template $paramod$738a5b0c83896ed1e0727aed77d894de9b80428f$lut for cells of type $lut.
No more expansions possible.
<suppressed ~11783 debug messages>

9.46. Executing OPT_LUT_INS pass (discard unused LUT inputs).
Optimizing LUTs in top.
  Optimizing lut $abc$166565$lut$aiger166564$10536.genblk1.genblk1.genblk1.genblk1.genblk1.genblk1.genblk1.genblk1.lut0.genblk1.genblk1.genblk1.genblk1.genblk1.genblk1.genblk1.lut1.genblk1.genblk1.genblk1.genblk1.genblk1.genblk1.lut0.genblk1.genblk1.genblk1.genblk1.genblk1.lut1 (4 -> 0)
  Optimizing lut $auto$abc_ops_reintegrate.cc:450:reintegrate$167031.genblk1.genblk1.genblk1.genblk1.genblk1.genblk1.genblk1.genblk1.lut1.genblk1.genblk1.genblk1.genblk1.genblk1.genblk1.genblk1.lut0.genblk1.genblk1.genblk1.genblk1.genblk1.genblk1.lut0.genblk1.genblk1.genblk1.genblk1.genblk1.lut0 (4 -> 0)
  Optimizing lut $auto$abc_ops_reintegrate.cc:450:reintegrate$167031.genblk1.genblk1.genblk1.genblk1.genblk1.genblk1.genblk1.genblk1.lut1.genblk1.genblk1.genblk1.genblk1.genblk1.genblk1.genblk1.lut1.genblk1.genblk1.genblk1.genblk1.genblk1.genblk1.lut1.genblk1.genblk1.genblk1.genblk1.genblk1.lut0 (4 -> 0)
  Optimizing lut $auto$abc_ops_reintegrate.cc:450:reintegrate$167031.genblk1.genblk1.genblk1.genblk1.genblk1.genblk1.genblk1.genblk1.lut1.genblk1.genblk1.genblk1.genblk1.genblk1.genblk1.genblk1.lut1.genblk1.genblk1.genblk1.genblk1.genblk1.genblk1.lut0.genblk1.genblk1.genblk1.genblk1.genblk1.lut0 (4 -> 0)
  Optimizing lut $auto$abc_ops_reintegrate.cc:450:reintegrate$167031.genblk1.genblk1.genblk1.genblk1.genblk1.genblk1.genblk1.genblk1.lut0.genblk1.genblk1.genblk1.genblk1.genblk1.genblk1.genblk1.lut0.genblk1.genblk1.genblk1.genblk1.genblk1.genblk1.lut1.genblk1.genblk1.genblk1.genblk1.genblk1.lut0 (4 -> 0)
  Optimizing lut $auto$abc_ops_reintegrate.cc:450:reintegrate$167031.genblk1.genblk1.genblk1.genblk1.genblk1.genblk1.genblk1.genblk1.lut0.genblk1.genblk1.genblk1.genblk1.genblk1.genblk1.genblk1.lut1.genblk1.genblk1.genblk1.genblk1.genblk1.genblk1.lut1.genblk1.genblk1.genblk1.genblk1.genblk1.lut0 (4 -> 0)
  Optimizing lut $auto$abc_ops_reintegrate.cc:450:reintegrate$167031.genblk1.genblk1.genblk1.genblk1.genblk1.genblk1.genblk1.genblk1.lut0.genblk1.genblk1.genblk1.genblk1.genblk1.genblk1.genblk1.lut1.genblk1.genblk1.genblk1.genblk1.genblk1.genblk1.lut0.genblk1.genblk1.genblk1.genblk1.genblk1.lut0 (4 -> 0)
  Optimizing lut $abc$166565$lut$aiger166564$10553.genblk1.genblk1.genblk1.genblk1.genblk1.genblk1.genblk1.genblk1.lut1.genblk1.genblk1.genblk1.genblk1.genblk1.genblk1.genblk1.lut0.genblk1.genblk1.genblk1.genblk1.genblk1.genblk1.lut1.genblk1.genblk1.genblk1.genblk1.genblk1.lut0 (4 -> 1)
  Optimizing lut $abc$166565$lut$aiger166564$10553.genblk1.genblk1.genblk1.genblk1.genblk1.genblk1.genblk1.genblk1.lut1.genblk1.genblk1.genblk1.genblk1.genblk1.genblk1.genblk1.lut1.genblk1.genblk1.genblk1.genblk1.genblk1.genblk1.lut1.genblk1.genblk1.genblk1.genblk1.genblk1.lut0 (4 -> 1)
  Optimizing lut $abc$166565$lut$aiger166564$10553.genblk1.genblk1.genblk1.genblk1.genblk1.genblk1.genblk1.genblk1.lut1.genblk1.genblk1.genblk1.genblk1.genblk1.genblk1.genblk1.lut1.genblk1.genblk1.genblk1.genblk1.genblk1.genblk1.lut0.genblk1.genblk1.genblk1.genblk1.genblk1.lut0 (4 -> 1)
  Optimizing lut $abc$166565$lut$aiger166564$10553.genblk1.genblk1.genblk1.genblk1.genblk1.genblk1.genblk1.genblk1.lut0.genblk1.genblk1.genblk1.genblk1.genblk1.genblk1.genblk1.lut0.genblk1.genblk1.genblk1.genblk1.genblk1.genblk1.lut1.genblk1.genblk1.genblk1.genblk1.genblk1.lut0 (4 -> 1)
  Optimizing lut $abc$166565$lut$aiger166564$10553.genblk1.genblk1.genblk1.genblk1.genblk1.genblk1.genblk1.genblk1.lut0.genblk1.genblk1.genblk1.genblk1.genblk1.genblk1.genblk1.lut0.genblk1.genblk1.genblk1.genblk1.genblk1.genblk1.lut0.genblk1.genblk1.genblk1.genblk1.genblk1.lut0 (4 -> 1)
  Optimizing lut $abc$166565$lut$aiger166564$10553.genblk1.genblk1.genblk1.genblk1.genblk1.genblk1.genblk1.genblk1.lut0.genblk1.genblk1.genblk1.genblk1.genblk1.genblk1.genblk1.lut1.genblk1.genblk1.genblk1.genblk1.genblk1.genblk1.lut1.genblk1.genblk1.genblk1.genblk1.genblk1.lut0 (4 -> 1)
  Optimizing lut $abc$166565$lut$aiger166564$10553.genblk1.genblk1.genblk1.genblk1.genblk1.genblk1.genblk1.genblk1.lut0.genblk1.genblk1.genblk1.genblk1.genblk1.genblk1.genblk1.lut1.genblk1.genblk1.genblk1.genblk1.genblk1.genblk1.lut0.genblk1.genblk1.genblk1.genblk1.genblk1.lut0 (4 -> 1)
  Optimizing lut $abc$166565$lut$aiger166564$10567.genblk1.genblk1.genblk1.genblk1.genblk1.genblk1.genblk1.genblk1.lut1.genblk1.genblk1.genblk1.genblk1.genblk1.genblk1.genblk1.lut0.genblk1.genblk1.genblk1.genblk1.genblk1.genblk1.lut1.genblk1.genblk1.genblk1.genblk1.genblk1.lut0 (4 -> 1)
  Optimizing lut $abc$166565$lut$aiger166564$10567.genblk1.genblk1.genblk1.genblk1.genblk1.genblk1.genblk1.genblk1.lut1.genblk1.genblk1.genblk1.genblk1.genblk1.genblk1.genblk1.lut1.genblk1.genblk1.genblk1.genblk1.genblk1.genblk1.lut1.genblk1.genblk1.genblk1.genblk1.genblk1.lut0 (4 -> 1)
  Optimizing lut $abc$166565$lut$aiger166564$10567.genblk1.genblk1.genblk1.genblk1.genblk1.genblk1.genblk1.genblk1.lut1.genblk1.genblk1.genblk1.genblk1.genblk1.genblk1.genblk1.lut1.genblk1.genblk1.genblk1.genblk1.genblk1.genblk1.lut0.genblk1.genblk1.genblk1.genblk1.genblk1.lut0 (4 -> 1)
  Optimizing lut $abc$166565$lut$aiger166564$10567.genblk1.genblk1.genblk1.genblk1.genblk1.genblk1.genblk1.genblk1.lut0.genblk1.genblk1.genblk1.genblk1.genblk1.genblk1.genblk1.lut0.genblk1.genblk1.genblk1.genblk1.genblk1.genblk1.lut1.genblk1.genblk1.genblk1.genblk1.genblk1.lut0 (4 -> 1)
  Optimizing lut $abc$166565$lut$aiger166564$10567.genblk1.genblk1.genblk1.genblk1.genblk1.genblk1.genblk1.genblk1.lut0.genblk1.genblk1.genblk1.genblk1.genblk1.genblk1.genblk1.lut0.genblk1.genblk1.genblk1.genblk1.genblk1.genblk1.lut0.genblk1.genblk1.genblk1.genblk1.genblk1.lut0 (4 -> 1)
  Optimizing lut $abc$166565$lut$aiger166564$10567.genblk1.genblk1.genblk1.genblk1.genblk1.genblk1.genblk1.genblk1.lut0.genblk1.genblk1.genblk1.genblk1.genblk1.genblk1.genblk1.lut1.genblk1.genblk1.genblk1.genblk1.genblk1.genblk1.lut1.genblk1.genblk1.genblk1.genblk1.genblk1.lut0 (4 -> 1)
  Optimizing lut $abc$166565$lut$aiger166564$10567.genblk1.genblk1.genblk1.genblk1.genblk1.genblk1.genblk1.genblk1.lut0.genblk1.genblk1.genblk1.genblk1.genblk1.genblk1.genblk1.lut1.genblk1.genblk1.genblk1.genblk1.genblk1.genblk1.lut0.genblk1.genblk1.genblk1.genblk1.genblk1.lut0 (4 -> 1)
  Optimizing lut $abc$166565$lut$aiger166564$10588.genblk1.genblk1.genblk1.genblk1.genblk1.genblk1.genblk1.genblk1.lut1.genblk1.genblk1.genblk1.genblk1.genblk1.genblk1.genblk1.lut0.genblk1.genblk1.genblk1.genblk1.genblk1.genblk1.lut1.genblk1.genblk1.genblk1.genblk1.genblk1.lut0 (4 -> 1)
  Optimizing lut $abc$166565$lut$aiger166564$10588.genblk1.genblk1.genblk1.genblk1.genblk1.genblk1.genblk1.genblk1.lut1.genblk1.genblk1.genblk1.genblk1.genblk1.genblk1.genblk1.lut1.genblk1.genblk1.genblk1.genblk1.genblk1.genblk1.lut1.genblk1.genblk1.genblk1.genblk1.genblk1.lut0 (4 -> 1)
  Optimizing lut $abc$166565$lut$aiger166564$10588.genblk1.genblk1.genblk1.genblk1.genblk1.genblk1.genblk1.genblk1.lut1.genblk1.genblk1.genblk1.genblk1.genblk1.genblk1.genblk1.lut1.genblk1.genblk1.genblk1.genblk1.genblk1.genblk1.lut0.genblk1.genblk1.genblk1.genblk1.genblk1.lut0 (4 -> 1)
  Optimizing lut $abc$166565$lut$aiger166564$10588.genblk1.genblk1.genblk1.genblk1.genblk1.genblk1.genblk1.genblk1.lut0.genblk1.genblk1.genblk1.genblk1.genblk1.genblk1.genblk1.lut0.genblk1.genblk1.genblk1.genblk1.genblk1.genblk1.lut1.genblk1.genblk1.genblk1.genblk1.genblk1.lut0 (4 -> 1)
  Optimizing lut $abc$166565$lut$aiger166564$10588.genblk1.genblk1.genblk1.genblk1.genblk1.genblk1.genblk1.genblk1.lut0.genblk1.genblk1.genblk1.genblk1.genblk1.genblk1.genblk1.lut0.genblk1.genblk1.genblk1.genblk1.genblk1.genblk1.lut0.genblk1.genblk1.genblk1.genblk1.genblk1.lut0 (4 -> 1)
  Optimizing lut $abc$166565$lut$aiger166564$10588.genblk1.genblk1.genblk1.genblk1.genblk1.genblk1.genblk1.genblk1.lut0.genblk1.genblk1.genblk1.genblk1.genblk1.genblk1.genblk1.lut1.genblk1.genblk1.genblk1.genblk1.genblk1.genblk1.lut1.genblk1.genblk1.genblk1.genblk1.genblk1.lut0 (4 -> 1)
  Optimizing lut $abc$166565$lut$aiger166564$10588.genblk1.genblk1.genblk1.genblk1.genblk1.genblk1.genblk1.genblk1.lut0.genblk1.genblk1.genblk1.genblk1.genblk1.genblk1.genblk1.lut1.genblk1.genblk1.genblk1.genblk1.genblk1.genblk1.lut0.genblk1.genblk1.genblk1.genblk1.genblk1.lut0 (4 -> 1)
  Optimizing lut $abc$166565$lut$aiger166564$10601.genblk1.genblk1.genblk1.genblk1.genblk1.genblk1.genblk1.genblk1.lut1.genblk1.genblk1.genblk1.genblk1.genblk1.genblk1.genblk1.lut0.genblk1.genblk1.genblk1.genblk1.genblk1.genblk1.lut1.genblk1.genblk1.genblk1.genblk1.genblk1.lut0 (4 -> 1)
  Optimizing lut $abc$166565$lut$aiger166564$10601.genblk1.genblk1.genblk1.genblk1.genblk1.genblk1.genblk1.genblk1.lut1.genblk1.genblk1.genblk1.genblk1.genblk1.genblk1.genblk1.lut1.genblk1.genblk1.genblk1.genblk1.genblk1.genblk1.lut1.genblk1.genblk1.genblk1.genblk1.genblk1.lut0 (4 -> 1)
  Optimizing lut $abc$166565$lut$aiger166564$10601.genblk1.genblk1.genblk1.genblk1.genblk1.genblk1.genblk1.genblk1.lut1.genblk1.genblk1.genblk1.genblk1.genblk1.genblk1.genblk1.lut1.genblk1.genblk1.genblk1.genblk1.genblk1.genblk1.lut0.genblk1.genblk1.genblk1.genblk1.genblk1.lut0 (4 -> 1)
  Optimizing lut $abc$166565$lut$aiger166564$10601.genblk1.genblk1.genblk1.genblk1.genblk1.genblk1.genblk1.genblk1.lut0.genblk1.genblk1.genblk1.genblk1.genblk1.genblk1.genblk1.lut0.genblk1.genblk1.genblk1.genblk1.genblk1.genblk1.lut1.genblk1.genblk1.genblk1.genblk1.genblk1.lut0 (4 -> 1)
  Optimizing lut $abc$166565$lut$aiger166564$10601.genblk1.genblk1.genblk1.genblk1.genblk1.genblk1.genblk1.genblk1.lut0.genblk1.genblk1.genblk1.genblk1.genblk1.genblk1.genblk1.lut0.genblk1.genblk1.genblk1.genblk1.genblk1.genblk1.lut0.genblk1.genblk1.genblk1.genblk1.genblk1.lut0 (4 -> 1)
  Optimizing lut $abc$166565$lut$aiger166564$10601.genblk1.genblk1.genblk1.genblk1.genblk1.genblk1.genblk1.genblk1.lut0.genblk1.genblk1.genblk1.genblk1.genblk1.genblk1.genblk1.lut1.genblk1.genblk1.genblk1.genblk1.genblk1.genblk1.lut1.genblk1.genblk1.genblk1.genblk1.genblk1.lut0 (4 -> 1)
  Optimizing lut $abc$166565$lut$aiger166564$10601.genblk1.genblk1.genblk1.genblk1.genblk1.genblk1.genblk1.genblk1.lut0.genblk1.genblk1.genblk1.genblk1.genblk1.genblk1.genblk1.lut1.genblk1.genblk1.genblk1.genblk1.genblk1.genblk1.lut0.genblk1.genblk1.genblk1.genblk1.genblk1.lut0 (4 -> 1)
  Optimizing lut $abc$166565$lut$aiger166564$10642.genblk1.genblk1.genblk1.genblk1.genblk1.genblk1.genblk1.genblk1.lut1.genblk1.genblk1.genblk1.genblk1.genblk1.genblk1.genblk1.lut0.genblk1.genblk1.genblk1.genblk1.genblk1.genblk1.lut0.genblk1.genblk1.genblk1.genblk1.genblk1.lut0 (4 -> 0)
  Optimizing lut $abc$166565$lut$aiger166564$10642.genblk1.genblk1.genblk1.genblk1.genblk1.genblk1.genblk1.genblk1.lut1.genblk1.genblk1.genblk1.genblk1.genblk1.genblk1.genblk1.lut1.genblk1.genblk1.genblk1.genblk1.genblk1.genblk1.lut1.genblk1.genblk1.genblk1.genblk1.genblk1.lut0 (4 -> 0)
  Optimizing lut $abc$166565$lut$aiger166564$10642.genblk1.genblk1.genblk1.genblk1.genblk1.genblk1.genblk1.genblk1.lut1.genblk1.genblk1.genblk1.genblk1.genblk1.genblk1.genblk1.lut1.genblk1.genblk1.genblk1.genblk1.genblk1.genblk1.lut0.genblk1.genblk1.genblk1.genblk1.genblk1.lut0 (4 -> 0)
  Optimizing lut $abc$166565$lut$aiger166564$10642.genblk1.genblk1.genblk1.genblk1.genblk1.genblk1.genblk1.genblk1.lut0.genblk1.genblk1.genblk1.genblk1.genblk1.genblk1.genblk1.lut0.genblk1.genblk1.genblk1.genblk1.genblk1.genblk1.lut1.genblk1.genblk1.genblk1.genblk1.genblk1.lut0 (4 -> 0)
  Optimizing lut $abc$166565$lut$aiger166564$10642.genblk1.genblk1.genblk1.genblk1.genblk1.genblk1.genblk1.genblk1.lut0.genblk1.genblk1.genblk1.genblk1.genblk1.genblk1.genblk1.lut0.genblk1.genblk1.genblk1.genblk1.genblk1.genblk1.lut0.genblk1.genblk1.genblk1.genblk1.genblk1.lut0 (4 -> 0)
  Optimizing lut $abc$166565$lut$aiger166564$10642.genblk1.genblk1.genblk1.genblk1.genblk1.genblk1.genblk1.genblk1.lut0.genblk1.genblk1.genblk1.genblk1.genblk1.genblk1.genblk1.lut1.genblk1.genblk1.genblk1.genblk1.genblk1.genblk1.lut1.genblk1.genblk1.genblk1.genblk1.genblk1.lut0 (4 -> 0)
  Optimizing lut $abc$166565$lut$aiger166564$10642.genblk1.genblk1.genblk1.genblk1.genblk1.genblk1.genblk1.genblk1.lut0.genblk1.genblk1.genblk1.genblk1.genblk1.genblk1.genblk1.lut1.genblk1.genblk1.genblk1.genblk1.genblk1.genblk1.lut0.genblk1.genblk1.genblk1.genblk1.genblk1.lut0 (4 -> 0)
  Optimizing lut $abc$166565$lut$aiger166564$10675.genblk1.genblk1.genblk1.genblk1.genblk1.genblk1.genblk1.genblk1.lut1.genblk1.genblk1.genblk1.genblk1.genblk1.genblk1.genblk1.lut0.genblk1.genblk1.genblk1.genblk1.genblk1.genblk1.lut1.genblk1.genblk1.genblk1.genblk1.genblk1.lut0 (4 -> 1)
  Optimizing lut $abc$166565$lut$aiger166564$10675.genblk1.genblk1.genblk1.genblk1.genblk1.genblk1.genblk1.genblk1.lut1.genblk1.genblk1.genblk1.genblk1.genblk1.genblk1.genblk1.lut1.genblk1.genblk1.genblk1.genblk1.genblk1.genblk1.lut1.genblk1.genblk1.genblk1.genblk1.genblk1.lut0 (4 -> 1)
  Optimizing lut $abc$166565$lut$aiger166564$10675.genblk1.genblk1.genblk1.genblk1.genblk1.genblk1.genblk1.genblk1.lut1.genblk1.genblk1.genblk1.genblk1.genblk1.genblk1.genblk1.lut1.genblk1.genblk1.genblk1.genblk1.genblk1.genblk1.lut0.genblk1.genblk1.genblk1.genblk1.genblk1.lut0 (4 -> 1)
  Optimizing lut $abc$166565$lut$aiger166564$10675.genblk1.genblk1.genblk1.genblk1.genblk1.genblk1.genblk1.genblk1.lut0.genblk1.genblk1.genblk1.genblk1.genblk1.genblk1.genblk1.lut0.genblk1.genblk1.genblk1.genblk1.genblk1.genblk1.lut1.genblk1.genblk1.genblk1.genblk1.genblk1.lut0 (4 -> 1)
  Optimizing lut $abc$166565$lut$aiger166564$10675.genblk1.genblk1.genblk1.genblk1.genblk1.genblk1.genblk1.genblk1.lut0.genblk1.genblk1.genblk1.genblk1.genblk1.genblk1.genblk1.lut0.genblk1.genblk1.genblk1.genblk1.genblk1.genblk1.lut0.genblk1.genblk1.genblk1.genblk1.genblk1.lut0 (4 -> 1)
  Optimizing lut $abc$166565$lut$aiger166564$10675.genblk1.genblk1.genblk1.genblk1.genblk1.genblk1.genblk1.genblk1.lut0.genblk1.genblk1.genblk1.genblk1.genblk1.genblk1.genblk1.lut1.genblk1.genblk1.genblk1.genblk1.genblk1.genblk1.lut1.genblk1.genblk1.genblk1.genblk1.genblk1.lut0 (4 -> 1)
  Optimizing lut $abc$166565$lut$aiger166564$10675.genblk1.genblk1.genblk1.genblk1.genblk1.genblk1.genblk1.genblk1.lut0.genblk1.genblk1.genblk1.genblk1.genblk1.genblk1.genblk1.lut1.genblk1.genblk1.genblk1.genblk1.genblk1.genblk1.lut0.genblk1.genblk1.genblk1.genblk1.genblk1.lut0 (4 -> 1)
  Optimizing lut $abc$166565$lut$aiger166564$10714.genblk1.genblk1.genblk1.genblk1.genblk1.genblk1.genblk1.genblk1.lut1.genblk1.genblk1.genblk1.genblk1.genblk1.genblk1.genblk1.lut0.genblk1.genblk1.genblk1.genblk1.genblk1.genblk1.lut1.genblk1.genblk1.genblk1.genblk1.genblk1.lut0 (4 -> 1)
  Optimizing lut $abc$166565$lut$aiger166564$10714.genblk1.genblk1.genblk1.genblk1.genblk1.genblk1.genblk1.genblk1.lut1.genblk1.genblk1.genblk1.genblk1.genblk1.genblk1.genblk1.lut1.genblk1.genblk1.genblk1.genblk1.genblk1.genblk1.lut1.genblk1.genblk1.genblk1.genblk1.genblk1.lut0 (4 -> 1)
  Optimizing lut $abc$166565$lut$aiger166564$10714.genblk1.genblk1.genblk1.genblk1.genblk1.genblk1.genblk1.genblk1.lut1.genblk1.genblk1.genblk1.genblk1.genblk1.genblk1.genblk1.lut1.genblk1.genblk1.genblk1.genblk1.genblk1.genblk1.lut0.genblk1.genblk1.genblk1.genblk1.genblk1.lut0 (4 -> 1)
  Optimizing lut $abc$166565$lut$aiger166564$10714.genblk1.genblk1.genblk1.genblk1.genblk1.genblk1.genblk1.genblk1.lut0.genblk1.genblk1.genblk1.genblk1.genblk1.genblk1.genblk1.lut0.genblk1.genblk1.genblk1.genblk1.genblk1.genblk1.lut1.genblk1.genblk1.genblk1.genblk1.genblk1.lut0 (4 -> 1)
  Optimizing lut $abc$166565$lut$aiger166564$10714.genblk1.genblk1.genblk1.genblk1.genblk1.genblk1.genblk1.genblk1.lut0.genblk1.genblk1.genblk1.genblk1.genblk1.genblk1.genblk1.lut0.genblk1.genblk1.genblk1.genblk1.genblk1.genblk1.lut0.genblk1.genblk1.genblk1.genblk1.genblk1.lut0 (4 -> 1)
  Optimizing lut $abc$166565$lut$aiger166564$10714.genblk1.genblk1.genblk1.genblk1.genblk1.genblk1.genblk1.genblk1.lut0.genblk1.genblk1.genblk1.genblk1.genblk1.genblk1.genblk1.lut1.genblk1.genblk1.genblk1.genblk1.genblk1.genblk1.lut1.genblk1.genblk1.genblk1.genblk1.genblk1.lut0 (4 -> 1)
  Optimizing lut $abc$166565$lut$aiger166564$10714.genblk1.genblk1.genblk1.genblk1.genblk1.genblk1.genblk1.genblk1.lut0.genblk1.genblk1.genblk1.genblk1.genblk1.genblk1.genblk1.lut1.genblk1.genblk1.genblk1.genblk1.genblk1.genblk1.lut0.genblk1.genblk1.genblk1.genblk1.genblk1.lut0 (4 -> 1)
  Optimizing lut $abc$166565$lut$aiger166564$10701.genblk1.genblk1.genblk1.genblk1.genblk1.genblk1.genblk1.genblk1.lut1.genblk1.genblk1.genblk1.genblk1.genblk1.genblk1.genblk1.lut0.genblk1.genblk1.genblk1.genblk1.genblk1.genblk1.lut1.genblk1.genblk1.genblk1.genblk1.genblk1.lut0 (4 -> 1)
  Optimizing lut $abc$166565$lut$aiger166564$10701.genblk1.genblk1.genblk1.genblk1.genblk1.genblk1.genblk1.genblk1.lut1.genblk1.genblk1.genblk1.genblk1.genblk1.genblk1.genblk1.lut1.genblk1.genblk1.genblk1.genblk1.genblk1.genblk1.lut1.genblk1.genblk1.genblk1.genblk1.genblk1.lut0 (4 -> 1)
  Optimizing lut $abc$166565$lut$aiger166564$10701.genblk1.genblk1.genblk1.genblk1.genblk1.genblk1.genblk1.genblk1.lut1.genblk1.genblk1.genblk1.genblk1.genblk1.genblk1.genblk1.lut1.genblk1.genblk1.genblk1.genblk1.genblk1.genblk1.lut0.genblk1.genblk1.genblk1.genblk1.genblk1.lut0 (4 -> 1)
  Optimizing lut $abc$166565$lut$aiger166564$10701.genblk1.genblk1.genblk1.genblk1.genblk1.genblk1.genblk1.genblk1.lut0.genblk1.genblk1.genblk1.genblk1.genblk1.genblk1.genblk1.lut0.genblk1.genblk1.genblk1.genblk1.genblk1.genblk1.lut1.genblk1.genblk1.genblk1.genblk1.genblk1.lut0 (4 -> 1)
  Optimizing lut $abc$166565$lut$aiger166564$10701.genblk1.genblk1.genblk1.genblk1.genblk1.genblk1.genblk1.genblk1.lut0.genblk1.genblk1.genblk1.genblk1.genblk1.genblk1.genblk1.lut0.genblk1.genblk1.genblk1.genblk1.genblk1.genblk1.lut0.genblk1.genblk1.genblk1.genblk1.genblk1.lut0 (4 -> 1)
  Optimizing lut $abc$166565$lut$aiger166564$10701.genblk1.genblk1.genblk1.genblk1.genblk1.genblk1.genblk1.genblk1.lut0.genblk1.genblk1.genblk1.genblk1.genblk1.genblk1.genblk1.lut1.genblk1.genblk1.genblk1.genblk1.genblk1.genblk1.lut1.genblk1.genblk1.genblk1.genblk1.genblk1.lut0 (4 -> 1)
  Optimizing lut $abc$166565$lut$aiger166564$10701.genblk1.genblk1.genblk1.genblk1.genblk1.genblk1.genblk1.genblk1.lut0.genblk1.genblk1.genblk1.genblk1.genblk1.genblk1.genblk1.lut1.genblk1.genblk1.genblk1.genblk1.genblk1.genblk1.lut0.genblk1.genblk1.genblk1.genblk1.genblk1.lut0 (4 -> 1)
  Optimizing lut $abc$166565$lut$aiger166564$10736.genblk1.genblk1.genblk1.genblk1.genblk1.genblk1.genblk1.genblk1.lut1.genblk1.genblk1.genblk1.genblk1.genblk1.genblk1.genblk1.lut0.genblk1.genblk1.genblk1.genblk1.genblk1.genblk1.lut1.genblk1.genblk1.genblk1.genblk1.genblk1.lut0 (4 -> 2)
  Optimizing lut $abc$166565$lut$aiger166564$10736.genblk1.genblk1.genblk1.genblk1.genblk1.genblk1.genblk1.genblk1.lut1.genblk1.genblk1.genblk1.genblk1.genblk1.genblk1.genblk1.lut0.genblk1.genblk1.genblk1.genblk1.genblk1.genblk1.lut0.genblk1.genblk1.genblk1.genblk1.genblk1.lut0 (4 -> 2)
  Optimizing lut $abc$166565$lut$aiger166564$10736.genblk1.genblk1.genblk1.genblk1.genblk1.genblk1.genblk1.genblk1.lut1.genblk1.genblk1.genblk1.genblk1.genblk1.genblk1.genblk1.lut1.genblk1.genblk1.genblk1.genblk1.genblk1.genblk1.lut1.genblk1.genblk1.genblk1.genblk1.genblk1.lut0 (4 -> 2)
  Optimizing lut $abc$166565$lut$aiger166564$10736.genblk1.genblk1.genblk1.genblk1.genblk1.genblk1.genblk1.genblk1.lut1.genblk1.genblk1.genblk1.genblk1.genblk1.genblk1.genblk1.lut1.genblk1.genblk1.genblk1.genblk1.genblk1.genblk1.lut0.genblk1.genblk1.genblk1.genblk1.genblk1.lut0 (4 -> 2)
  Optimizing lut $abc$166565$lut$aiger166564$10736.genblk1.genblk1.genblk1.genblk1.genblk1.genblk1.genblk1.genblk1.lut0.genblk1.genblk1.genblk1.genblk1.genblk1.genblk1.genblk1.lut0.genblk1.genblk1.genblk1.genblk1.genblk1.genblk1.lut1.genblk1.genblk1.genblk1.genblk1.genblk1.lut0 (4 -> 2)
  Optimizing lut $abc$166565$lut$aiger166564$10736.genblk1.genblk1.genblk1.genblk1.genblk1.genblk1.genblk1.genblk1.lut0.genblk1.genblk1.genblk1.genblk1.genblk1.genblk1.genblk1.lut0.genblk1.genblk1.genblk1.genblk1.genblk1.genblk1.lut0.genblk1.genblk1.genblk1.genblk1.genblk1.lut0 (4 -> 2)
  Optimizing lut $abc$166565$lut$aiger166564$10736.genblk1.genblk1.genblk1.genblk1.genblk1.genblk1.genblk1.genblk1.lut0.genblk1.genblk1.genblk1.genblk1.genblk1.genblk1.genblk1.lut1.genblk1.genblk1.genblk1.genblk1.genblk1.genblk1.lut1.genblk1.genblk1.genblk1.genblk1.genblk1.lut0 (4 -> 2)
  Optimizing lut $abc$166565$lut$aiger166564$10736.genblk1.genblk1.genblk1.genblk1.genblk1.genblk1.genblk1.genblk1.lut0.genblk1.genblk1.genblk1.genblk1.genblk1.genblk1.genblk1.lut1.genblk1.genblk1.genblk1.genblk1.genblk1.genblk1.lut0.genblk1.genblk1.genblk1.genblk1.genblk1.lut0 (4 -> 2)
  Optimizing lut $abc$166565$lut$aiger166564$11623.genblk1.genblk1.genblk1.genblk1.genblk1.genblk1.genblk1.lut1.genblk1.genblk1.genblk1.genblk1.genblk1.genblk1.lut0.genblk1.genblk1.genblk1.genblk1.genblk1.lut1 (4 -> 2)
  Optimizing lut $abc$166565$lut$aiger166564$11296.genblk1.genblk1.genblk1.genblk1.genblk1.genblk1.genblk1.genblk1.lut1.genblk1.genblk1.genblk1.genblk1.genblk1.genblk1.genblk1.lut0.genblk1.genblk1.genblk1.genblk1.genblk1.genblk1.lut0.genblk1.genblk1.genblk1.genblk1.genblk1.lut0 (4 -> 3)
  Optimizing lut $abc$166565$lut$aiger166564$11296.genblk1.genblk1.genblk1.genblk1.genblk1.genblk1.genblk1.genblk1.lut1.genblk1.genblk1.genblk1.genblk1.genblk1.genblk1.genblk1.lut1.genblk1.genblk1.genblk1.genblk1.genblk1.genblk1.lut1.genblk1.genblk1.genblk1.genblk1.genblk1.lut0 (4 -> 0)
  Optimizing lut $abc$166565$lut$aiger166564$11296.genblk1.genblk1.genblk1.genblk1.genblk1.genblk1.genblk1.genblk1.lut1.genblk1.genblk1.genblk1.genblk1.genblk1.genblk1.genblk1.lut1.genblk1.genblk1.genblk1.genblk1.genblk1.genblk1.lut0.genblk1.genblk1.genblk1.genblk1.genblk1.lut0 (4 -> 0)
  Optimizing lut $abc$166565$lut$aiger166564$11296.genblk1.genblk1.genblk1.genblk1.genblk1.genblk1.genblk1.genblk1.lut0.genblk1.genblk1.genblk1.genblk1.genblk1.genblk1.genblk1.lut0.genblk1.genblk1.genblk1.genblk1.genblk1.genblk1.lut1.genblk1.genblk1.genblk1.genblk1.genblk1.lut0 (4 -> 0)
  Optimizing lut $abc$166565$lut$aiger166564$11296.genblk1.genblk1.genblk1.genblk1.genblk1.genblk1.genblk1.genblk1.lut0.genblk1.genblk1.genblk1.genblk1.genblk1.genblk1.genblk1.lut0.genblk1.genblk1.genblk1.genblk1.genblk1.genblk1.lut0.genblk1.genblk1.genblk1.genblk1.genblk1.lut0 (4 -> 0)
  Optimizing lut $abc$166565$lut$aiger166564$11296.genblk1.genblk1.genblk1.genblk1.genblk1.genblk1.genblk1.genblk1.lut0.genblk1.genblk1.genblk1.genblk1.genblk1.genblk1.genblk1.lut1.genblk1.genblk1.genblk1.genblk1.genblk1.genblk1.lut1.genblk1.genblk1.genblk1.genblk1.genblk1.lut0 (4 -> 0)
  Optimizing lut $abc$166565$lut$aiger166564$11296.genblk1.genblk1.genblk1.genblk1.genblk1.genblk1.genblk1.genblk1.lut0.genblk1.genblk1.genblk1.genblk1.genblk1.genblk1.genblk1.lut1.genblk1.genblk1.genblk1.genblk1.genblk1.genblk1.lut0.genblk1.genblk1.genblk1.genblk1.genblk1.lut0 (4 -> 0)
  Optimizing lut $abc$166565$lut$aiger166564$11417.genblk1.genblk1.genblk1.genblk1.genblk1.genblk1.genblk1.lut1.genblk1.genblk1.genblk1.genblk1.genblk1.genblk1.lut0.genblk1.genblk1.genblk1.genblk1.genblk1.lut1 (4 -> 3)
  Optimizing lut $abc$166565$lut$aiger166564$14210.genblk1.genblk1.genblk1.genblk1.genblk1.genblk1.genblk1.genblk1.lut1.genblk1.genblk1.genblk1.genblk1.genblk1.genblk1.genblk1.lut0.genblk1.genblk1.genblk1.genblk1.genblk1.genblk1.lut0.genblk1.genblk1.genblk1.genblk1.genblk1.lut0 (4 -> 0)
  Optimizing lut $abc$166565$lut$aiger166564$14210.genblk1.genblk1.genblk1.genblk1.genblk1.genblk1.genblk1.genblk1.lut1.genblk1.genblk1.genblk1.genblk1.genblk1.genblk1.genblk1.lut1.genblk1.genblk1.genblk1.genblk1.genblk1.genblk1.lut1.genblk1.genblk1.genblk1.genblk1.genblk1.lut0 (4 -> 0)
  Optimizing lut $abc$166565$lut$aiger166564$14210.genblk1.genblk1.genblk1.genblk1.genblk1.genblk1.genblk1.genblk1.lut1.genblk1.genblk1.genblk1.genblk1.genblk1.genblk1.genblk1.lut1.genblk1.genblk1.genblk1.genblk1.genblk1.genblk1.lut0.genblk1.genblk1.genblk1.genblk1.genblk1.lut0 (4 -> 0)
  Optimizing lut $abc$166565$lut$aiger166564$14210.genblk1.genblk1.genblk1.genblk1.genblk1.genblk1.genblk1.genblk1.lut0.genblk1.genblk1.genblk1.genblk1.genblk1.genblk1.genblk1.lut0.genblk1.genblk1.genblk1.genblk1.genblk1.genblk1.lut0.genblk1.genblk1.genblk1.genblk1.genblk1.lut0 (4 -> 0)
  Optimizing lut $abc$166565$lut$aiger166564$14210.genblk1.genblk1.genblk1.genblk1.genblk1.genblk1.genblk1.genblk1.lut0.genblk1.genblk1.genblk1.genblk1.genblk1.genblk1.genblk1.lut1.genblk1.genblk1.genblk1.genblk1.genblk1.genblk1.lut1.genblk1.genblk1.genblk1.genblk1.genblk1.lut0 (4 -> 0)
  Optimizing lut $abc$166565$lut$aiger166564$14210.genblk1.genblk1.genblk1.genblk1.genblk1.genblk1.genblk1.genblk1.lut0.genblk1.genblk1.genblk1.genblk1.genblk1.genblk1.genblk1.lut1.genblk1.genblk1.genblk1.genblk1.genblk1.genblk1.lut0.genblk1.genblk1.genblk1.genblk1.genblk1.lut0 (4 -> 0)
  Optimizing lut $auto$abc_ops_reintegrate.cc:450:reintegrate$166942.genblk1.genblk1.genblk1.genblk1.genblk1.genblk1.genblk1.genblk1.lut1.genblk1.genblk1.genblk1.genblk1.genblk1.genblk1.genblk1.lut0.genblk1.genblk1.genblk1.genblk1.genblk1.genblk1.lut1.genblk1.genblk1.genblk1.genblk1.genblk1.lut0 (4 -> 1)
  Optimizing lut $auto$abc_ops_reintegrate.cc:450:reintegrate$166942.genblk1.genblk1.genblk1.genblk1.genblk1.genblk1.genblk1.genblk1.lut1.genblk1.genblk1.genblk1.genblk1.genblk1.genblk1.genblk1.lut0.genblk1.genblk1.genblk1.genblk1.genblk1.genblk1.lut0.genblk1.genblk1.genblk1.genblk1.genblk1.lut0 (4 -> 1)
  Optimizing lut $auto$abc_ops_reintegrate.cc:450:reintegrate$166942.genblk1.genblk1.genblk1.genblk1.genblk1.genblk1.genblk1.genblk1.lut1.genblk1.genblk1.genblk1.genblk1.genblk1.genblk1.genblk1.lut1.genblk1.genblk1.genblk1.genblk1.genblk1.genblk1.lut1.genblk1.genblk1.genblk1.genblk1.genblk1.lut0 (4 -> 1)
  Optimizing lut $auto$abc_ops_reintegrate.cc:450:reintegrate$166942.genblk1.genblk1.genblk1.genblk1.genblk1.genblk1.genblk1.genblk1.lut1.genblk1.genblk1.genblk1.genblk1.genblk1.genblk1.genblk1.lut1.genblk1.genblk1.genblk1.genblk1.genblk1.genblk1.lut0.genblk1.genblk1.genblk1.genblk1.genblk1.lut0 (4 -> 1)
  Optimizing lut $auto$abc_ops_reintegrate.cc:450:reintegrate$166942.genblk1.genblk1.genblk1.genblk1.genblk1.genblk1.genblk1.genblk1.lut0.genblk1.genblk1.genblk1.genblk1.genblk1.genblk1.genblk1.lut0.genblk1.genblk1.genblk1.genblk1.genblk1.genblk1.lut1.genblk1.genblk1.genblk1.genblk1.genblk1.lut0 (4 -> 1)
  Optimizing lut $auto$abc_ops_reintegrate.cc:450:reintegrate$166942.genblk1.genblk1.genblk1.genblk1.genblk1.genblk1.genblk1.genblk1.lut0.genblk1.genblk1.genblk1.genblk1.genblk1.genblk1.genblk1.lut0.genblk1.genblk1.genblk1.genblk1.genblk1.genblk1.lut0.genblk1.genblk1.genblk1.genblk1.genblk1.lut0 (4 -> 1)
  Optimizing lut $auto$abc_ops_reintegrate.cc:450:reintegrate$166942.genblk1.genblk1.genblk1.genblk1.genblk1.genblk1.genblk1.genblk1.lut0.genblk1.genblk1.genblk1.genblk1.genblk1.genblk1.genblk1.lut1.genblk1.genblk1.genblk1.genblk1.genblk1.genblk1.lut1.genblk1.genblk1.genblk1.genblk1.genblk1.lut0 (4 -> 2)
  Optimizing lut $auto$abc_ops_reintegrate.cc:450:reintegrate$166942.genblk1.genblk1.genblk1.genblk1.genblk1.genblk1.genblk1.genblk1.lut0.genblk1.genblk1.genblk1.genblk1.genblk1.genblk1.genblk1.lut1.genblk1.genblk1.genblk1.genblk1.genblk1.genblk1.lut0.genblk1.genblk1.genblk1.genblk1.genblk1.lut0 (4 -> 2)
  Optimizing lut $auto$abc_ops_reintegrate.cc:450:reintegrate$166941.genblk1.genblk1.genblk1.genblk1.genblk1.genblk1.genblk1.genblk1.lut1.genblk1.genblk1.genblk1.genblk1.genblk1.genblk1.genblk1.lut0.genblk1.genblk1.genblk1.genblk1.genblk1.genblk1.lut1.genblk1.genblk1.genblk1.genblk1.genblk1.lut0 (4 -> 1)
  Optimizing lut $auto$abc_ops_reintegrate.cc:450:reintegrate$166941.genblk1.genblk1.genblk1.genblk1.genblk1.genblk1.genblk1.genblk1.lut1.genblk1.genblk1.genblk1.genblk1.genblk1.genblk1.genblk1.lut0.genblk1.genblk1.genblk1.genblk1.genblk1.genblk1.lut0.genblk1.genblk1.genblk1.genblk1.genblk1.lut0 (4 -> 1)
  Optimizing lut $auto$abc_ops_reintegrate.cc:450:reintegrate$166941.genblk1.genblk1.genblk1.genblk1.genblk1.genblk1.genblk1.genblk1.lut1.genblk1.genblk1.genblk1.genblk1.genblk1.genblk1.genblk1.lut1.genblk1.genblk1.genblk1.genblk1.genblk1.genblk1.lut1.genblk1.genblk1.genblk1.genblk1.genblk1.lut0 (4 -> 1)
  Optimizing lut $auto$abc_ops_reintegrate.cc:450:reintegrate$166941.genblk1.genblk1.genblk1.genblk1.genblk1.genblk1.genblk1.genblk1.lut1.genblk1.genblk1.genblk1.genblk1.genblk1.genblk1.genblk1.lut1.genblk1.genblk1.genblk1.genblk1.genblk1.genblk1.lut0.genblk1.genblk1.genblk1.genblk1.genblk1.lut0 (4 -> 1)
  Optimizing lut $auto$abc_ops_reintegrate.cc:450:reintegrate$166941.genblk1.genblk1.genblk1.genblk1.genblk1.genblk1.genblk1.genblk1.lut0.genblk1.genblk1.genblk1.genblk1.genblk1.genblk1.genblk1.lut0.genblk1.genblk1.genblk1.genblk1.genblk1.genblk1.lut1.genblk1.genblk1.genblk1.genblk1.genblk1.lut0 (4 -> 1)
  Optimizing lut $auto$abc_ops_reintegrate.cc:450:reintegrate$166941.genblk1.genblk1.genblk1.genblk1.genblk1.genblk1.genblk1.genblk1.lut0.genblk1.genblk1.genblk1.genblk1.genblk1.genblk1.genblk1.lut0.genblk1.genblk1.genblk1.genblk1.genblk1.genblk1.lut0.genblk1.genblk1.genblk1.genblk1.genblk1.lut0 (4 -> 1)
  Optimizing lut $auto$abc_ops_reintegrate.cc:450:reintegrate$166941.genblk1.genblk1.genblk1.genblk1.genblk1.genblk1.genblk1.genblk1.lut0.genblk1.genblk1.genblk1.genblk1.genblk1.genblk1.genblk1.lut1.genblk1.genblk1.genblk1.genblk1.genblk1.genblk1.lut1.genblk1.genblk1.genblk1.genblk1.genblk1.lut0 (4 -> 2)
  Optimizing lut $auto$abc_ops_reintegrate.cc:450:reintegrate$166941.genblk1.genblk1.genblk1.genblk1.genblk1.genblk1.genblk1.genblk1.lut0.genblk1.genblk1.genblk1.genblk1.genblk1.genblk1.genblk1.lut1.genblk1.genblk1.genblk1.genblk1.genblk1.genblk1.lut0.genblk1.genblk1.genblk1.genblk1.genblk1.lut0 (4 -> 2)
  Optimizing lut $abc$166565$lut$aiger166564$10774.genblk1.genblk1.genblk1.genblk1.genblk1.genblk1.genblk1.genblk1.lut1.genblk1.genblk1.genblk1.genblk1.genblk1.genblk1.genblk1.lut0.genblk1.genblk1.genblk1.genblk1.genblk1.genblk1.lut1.genblk1.genblk1.genblk1.genblk1.genblk1.lut0 (4 -> 1)
  Optimizing lut $abc$166565$lut$aiger166564$10774.genblk1.genblk1.genblk1.genblk1.genblk1.genblk1.genblk1.genblk1.lut1.genblk1.genblk1.genblk1.genblk1.genblk1.genblk1.genblk1.lut1.genblk1.genblk1.genblk1.genblk1.genblk1.genblk1.lut1.genblk1.genblk1.genblk1.genblk1.genblk1.lut0 (4 -> 1)
  Optimizing lut $abc$166565$lut$aiger166564$10774.genblk1.genblk1.genblk1.genblk1.genblk1.genblk1.genblk1.genblk1.lut1.genblk1.genblk1.genblk1.genblk1.genblk1.genblk1.genblk1.lut1.genblk1.genblk1.genblk1.genblk1.genblk1.genblk1.lut0.genblk1.genblk1.genblk1.genblk1.genblk1.lut0 (4 -> 1)
  Optimizing lut $abc$166565$lut$aiger166564$10774.genblk1.genblk1.genblk1.genblk1.genblk1.genblk1.genblk1.genblk1.lut0.genblk1.genblk1.genblk1.genblk1.genblk1.genblk1.genblk1.lut0.genblk1.genblk1.genblk1.genblk1.genblk1.genblk1.lut1.genblk1.genblk1.genblk1.genblk1.genblk1.lut0 (4 -> 1)
  Optimizing lut $abc$166565$lut$aiger166564$10774.genblk1.genblk1.genblk1.genblk1.genblk1.genblk1.genblk1.genblk1.lut0.genblk1.genblk1.genblk1.genblk1.genblk1.genblk1.genblk1.lut0.genblk1.genblk1.genblk1.genblk1.genblk1.genblk1.lut0.genblk1.genblk1.genblk1.genblk1.genblk1.lut0 (4 -> 1)
  Optimizing lut $abc$166565$lut$aiger166564$10774.genblk1.genblk1.genblk1.genblk1.genblk1.genblk1.genblk1.genblk1.lut0.genblk1.genblk1.genblk1.genblk1.genblk1.genblk1.genblk1.lut1.genblk1.genblk1.genblk1.genblk1.genblk1.genblk1.lut1.genblk1.genblk1.genblk1.genblk1.genblk1.lut0 (4 -> 1)
  Optimizing lut $abc$166565$lut$aiger166564$10774.genblk1.genblk1.genblk1.genblk1.genblk1.genblk1.genblk1.genblk1.lut0.genblk1.genblk1.genblk1.genblk1.genblk1.genblk1.genblk1.lut1.genblk1.genblk1.genblk1.genblk1.genblk1.genblk1.lut0.genblk1.genblk1.genblk1.genblk1.genblk1.lut0 (4 -> 1)
  Optimizing lut $abc$166565$lut$aiger166564$13568.genblk1.genblk1.genblk1.genblk1.genblk1.genblk1.genblk1.lut1.genblk1.genblk1.genblk1.genblk1.genblk1.genblk1.lut0.genblk1.genblk1.genblk1.genblk1.genblk1.lut1 (4 -> 2)
  Optimizing lut $abc$166565$lut$aiger166564$10835.genblk1.genblk1.genblk1.genblk1.genblk1.genblk1.genblk1.genblk1.lut1.genblk1.genblk1.genblk1.genblk1.genblk1.genblk1.genblk1.lut1.genblk1.genblk1.genblk1.genblk1.genblk1.genblk1.lut1.genblk1.genblk1.genblk1.genblk1.genblk1.lut0 (4 -> 1)
  Optimizing lut $abc$166565$lut$aiger166564$10835.genblk1.genblk1.genblk1.genblk1.genblk1.genblk1.genblk1.genblk1.lut1.genblk1.genblk1.genblk1.genblk1.genblk1.genblk1.genblk1.lut1.genblk1.genblk1.genblk1.genblk1.genblk1.genblk1.lut0.genblk1.genblk1.genblk1.genblk1.genblk1.lut0 (4 -> 1)
  Optimizing lut $abc$166565$lut$aiger166564$10835.genblk1.genblk1.genblk1.genblk1.genblk1.genblk1.genblk1.genblk1.lut0.genblk1.genblk1.genblk1.genblk1.genblk1.genblk1.genblk1.lut0.genblk1.genblk1.genblk1.genblk1.genblk1.genblk1.lut1.genblk1.genblk1.genblk1.genblk1.genblk1.lut0 (4 -> 1)
  Optimizing lut $abc$166565$lut$aiger166564$10835.genblk1.genblk1.genblk1.genblk1.genblk1.genblk1.genblk1.genblk1.lut0.genblk1.genblk1.genblk1.genblk1.genblk1.genblk1.genblk1.lut0.genblk1.genblk1.genblk1.genblk1.genblk1.genblk1.lut0.genblk1.genblk1.genblk1.genblk1.genblk1.lut0 (4 -> 1)
  Optimizing lut $abc$166565$lut$aiger166564$10835.genblk1.genblk1.genblk1.genblk1.genblk1.genblk1.genblk1.genblk1.lut0.genblk1.genblk1.genblk1.genblk1.genblk1.genblk1.genblk1.lut1.genblk1.genblk1.genblk1.genblk1.genblk1.genblk1.lut1.genblk1.genblk1.genblk1.genblk1.genblk1.lut0 (4 -> 1)
  Optimizing lut $abc$166565$lut$aiger166564$10835.genblk1.genblk1.genblk1.genblk1.genblk1.genblk1.genblk1.genblk1.lut0.genblk1.genblk1.genblk1.genblk1.genblk1.genblk1.genblk1.lut1.genblk1.genblk1.genblk1.genblk1.genblk1.genblk1.lut0.genblk1.genblk1.genblk1.genblk1.genblk1.lut0 (4 -> 1)
  Optimizing lut $abc$166565$lut$aiger166564$13539.genblk1.genblk1.genblk1.genblk1.genblk1.genblk1.genblk1.lut1.genblk1.genblk1.genblk1.genblk1.genblk1.genblk1.lut0.genblk1.genblk1.genblk1.genblk1.genblk1.lut1 (4 -> 2)
  Optimizing lut $abc$166565$lut$aiger166564$10787.genblk1.genblk1.genblk1.genblk1.genblk1.genblk1.genblk1.genblk1.lut1.genblk1.genblk1.genblk1.genblk1.genblk1.genblk1.genblk1.lut1.genblk1.genblk1.genblk1.genblk1.genblk1.genblk1.lut1.genblk1.genblk1.genblk1.genblk1.genblk1.lut0 (4 -> 1)
  Optimizing lut $abc$166565$lut$aiger166564$10787.genblk1.genblk1.genblk1.genblk1.genblk1.genblk1.genblk1.genblk1.lut1.genblk1.genblk1.genblk1.genblk1.genblk1.genblk1.genblk1.lut1.genblk1.genblk1.genblk1.genblk1.genblk1.genblk1.lut0.genblk1.genblk1.genblk1.genblk1.genblk1.lut0 (4 -> 1)
  Optimizing lut $abc$166565$lut$aiger166564$10787.genblk1.genblk1.genblk1.genblk1.genblk1.genblk1.genblk1.genblk1.lut0.genblk1.genblk1.genblk1.genblk1.genblk1.genblk1.genblk1.lut0.genblk1.genblk1.genblk1.genblk1.genblk1.genblk1.lut1.genblk1.genblk1.genblk1.genblk1.genblk1.lut0 (4 -> 1)
  Optimizing lut $abc$166565$lut$aiger166564$10787.genblk1.genblk1.genblk1.genblk1.genblk1.genblk1.genblk1.genblk1.lut0.genblk1.genblk1.genblk1.genblk1.genblk1.genblk1.genblk1.lut0.genblk1.genblk1.genblk1.genblk1.genblk1.genblk1.lut0.genblk1.genblk1.genblk1.genblk1.genblk1.lut0 (4 -> 1)
  Optimizing lut $abc$166565$lut$aiger166564$10787.genblk1.genblk1.genblk1.genblk1.genblk1.genblk1.genblk1.genblk1.lut0.genblk1.genblk1.genblk1.genblk1.genblk1.genblk1.genblk1.lut1.genblk1.genblk1.genblk1.genblk1.genblk1.genblk1.lut1.genblk1.genblk1.genblk1.genblk1.genblk1.lut0 (4 -> 1)
  Optimizing lut $abc$166565$lut$aiger166564$10787.genblk1.genblk1.genblk1.genblk1.genblk1.genblk1.genblk1.genblk1.lut0.genblk1.genblk1.genblk1.genblk1.genblk1.genblk1.genblk1.lut1.genblk1.genblk1.genblk1.genblk1.genblk1.genblk1.lut0.genblk1.genblk1.genblk1.genblk1.genblk1.lut0 (4 -> 1)
  Optimizing lut $abc$166565$lut$aiger166564$10806.genblk1.genblk1.genblk1.genblk1.genblk1.genblk1.genblk1.genblk1.lut1.genblk1.genblk1.genblk1.genblk1.genblk1.genblk1.genblk1.lut0.genblk1.genblk1.genblk1.genblk1.genblk1.genblk1.lut1.genblk1.genblk1.genblk1.genblk1.genblk1.lut0 (4 -> 1)
  Optimizing lut $abc$166565$lut$aiger166564$10806.genblk1.genblk1.genblk1.genblk1.genblk1.genblk1.genblk1.genblk1.lut1.genblk1.genblk1.genblk1.genblk1.genblk1.genblk1.genblk1.lut1.genblk1.genblk1.genblk1.genblk1.genblk1.genblk1.lut1.genblk1.genblk1.genblk1.genblk1.genblk1.lut0 (4 -> 1)
  Optimizing lut $abc$166565$lut$aiger166564$10806.genblk1.genblk1.genblk1.genblk1.genblk1.genblk1.genblk1.genblk1.lut1.genblk1.genblk1.genblk1.genblk1.genblk1.genblk1.genblk1.lut1.genblk1.genblk1.genblk1.genblk1.genblk1.genblk1.lut0.genblk1.genblk1.genblk1.genblk1.genblk1.lut0 (4 -> 1)
  Optimizing lut $abc$166565$lut$aiger166564$10806.genblk1.genblk1.genblk1.genblk1.genblk1.genblk1.genblk1.genblk1.lut0.genblk1.genblk1.genblk1.genblk1.genblk1.genblk1.genblk1.lut0.genblk1.genblk1.genblk1.genblk1.genblk1.genblk1.lut1.genblk1.genblk1.genblk1.genblk1.genblk1.lut0 (4 -> 1)
  Optimizing lut $abc$166565$lut$aiger166564$10806.genblk1.genblk1.genblk1.genblk1.genblk1.genblk1.genblk1.genblk1.lut0.genblk1.genblk1.genblk1.genblk1.genblk1.genblk1.genblk1.lut0.genblk1.genblk1.genblk1.genblk1.genblk1.genblk1.lut0.genblk1.genblk1.genblk1.genblk1.genblk1.lut0 (4 -> 1)
  Optimizing lut $abc$166565$lut$aiger166564$10806.genblk1.genblk1.genblk1.genblk1.genblk1.genblk1.genblk1.genblk1.lut0.genblk1.genblk1.genblk1.genblk1.genblk1.genblk1.genblk1.lut1.genblk1.genblk1.genblk1.genblk1.genblk1.genblk1.lut1.genblk1.genblk1.genblk1.genblk1.genblk1.lut0 (4 -> 1)
  Optimizing lut $abc$166565$lut$aiger166564$10806.genblk1.genblk1.genblk1.genblk1.genblk1.genblk1.genblk1.genblk1.lut0.genblk1.genblk1.genblk1.genblk1.genblk1.genblk1.genblk1.lut1.genblk1.genblk1.genblk1.genblk1.genblk1.genblk1.lut0.genblk1.genblk1.genblk1.genblk1.genblk1.lut0 (4 -> 1)
  Optimizing lut $abc$166565$lut$aiger166564$13480.genblk1.genblk1.genblk1.genblk1.genblk1.genblk1.genblk1.genblk1.lut1.genblk1.genblk1.genblk1.genblk1.genblk1.genblk1.genblk1.lut0.genblk1.genblk1.genblk1.genblk1.genblk1.genblk1.lut1.genblk1.genblk1.genblk1.genblk1.genblk1.lut0 (4 -> 0)
  Optimizing lut $abc$166565$lut$aiger166564$13480.genblk1.genblk1.genblk1.genblk1.genblk1.genblk1.genblk1.genblk1.lut1.genblk1.genblk1.genblk1.genblk1.genblk1.genblk1.genblk1.lut0.genblk1.genblk1.genblk1.genblk1.genblk1.genblk1.lut0.genblk1.genblk1.genblk1.genblk1.genblk1.lut0 (4 -> 0)
  Optimizing lut $abc$166565$lut$aiger166564$13480.genblk1.genblk1.genblk1.genblk1.genblk1.genblk1.genblk1.genblk1.lut1.genblk1.genblk1.genblk1.genblk1.genblk1.genblk1.genblk1.lut1.genblk1.genblk1.genblk1.genblk1.genblk1.genblk1.lut1.genblk1.genblk1.genblk1.genblk1.genblk1.lut0 (4 -> 0)
  Optimizing lut $abc$166565$lut$aiger166564$13480.genblk1.genblk1.genblk1.genblk1.genblk1.genblk1.genblk1.genblk1.lut1.genblk1.genblk1.genblk1.genblk1.genblk1.genblk1.genblk1.lut1.genblk1.genblk1.genblk1.genblk1.genblk1.genblk1.lut0.genblk1.genblk1.genblk1.genblk1.genblk1.lut0 (4 -> 0)
  Optimizing lut $abc$166565$lut$aiger166564$13480.genblk1.genblk1.genblk1.genblk1.genblk1.genblk1.genblk1.genblk1.lut0.genblk1.genblk1.genblk1.genblk1.genblk1.genblk1.genblk1.lut0.genblk1.genblk1.genblk1.genblk1.genblk1.genblk1.lut1.genblk1.genblk1.genblk1.genblk1.genblk1.lut0 (4 -> 3)
  Optimizing lut $abc$166565$lut$aiger166564$13480.genblk1.genblk1.genblk1.genblk1.genblk1.genblk1.genblk1.genblk1.lut0.genblk1.genblk1.genblk1.genblk1.genblk1.genblk1.genblk1.lut0.genblk1.genblk1.genblk1.genblk1.genblk1.genblk1.lut0.genblk1.genblk1.genblk1.genblk1.genblk1.lut0 (4 -> 3)
  Optimizing lut $abc$166565$lut$aiger166564$13480.genblk1.genblk1.genblk1.genblk1.genblk1.genblk1.genblk1.genblk1.lut0.genblk1.genblk1.genblk1.genblk1.genblk1.genblk1.genblk1.lut1.genblk1.genblk1.genblk1.genblk1.genblk1.genblk1.lut1.genblk1.genblk1.genblk1.genblk1.genblk1.lut0 (4 -> 3)
  Optimizing lut $abc$166565$lut$aiger166564$13480.genblk1.genblk1.genblk1.genblk1.genblk1.genblk1.genblk1.genblk1.lut0.genblk1.genblk1.genblk1.genblk1.genblk1.genblk1.genblk1.lut1.genblk1.genblk1.genblk1.genblk1.genblk1.genblk1.lut0.genblk1.genblk1.genblk1.genblk1.genblk1.lut0 (4 -> 3)
  Optimizing lut $abc$166565$lut$aiger166564$13581.genblk1.genblk1.genblk1.genblk1.genblk1.genblk1.genblk1.genblk1.lut1.genblk1.genblk1.genblk1.genblk1.genblk1.genblk1.genblk1.lut0.genblk1.genblk1.genblk1.genblk1.genblk1.genblk1.lut1.genblk1.genblk1.genblk1.genblk1.genblk1.lut0 (4 -> 2)
  Optimizing lut $abc$166565$lut$aiger166564$13581.genblk1.genblk1.genblk1.genblk1.genblk1.genblk1.genblk1.genblk1.lut1.genblk1.genblk1.genblk1.genblk1.genblk1.genblk1.genblk1.lut0.genblk1.genblk1.genblk1.genblk1.genblk1.genblk1.lut0.genblk1.genblk1.genblk1.genblk1.genblk1.lut0 (4 -> 2)
  Optimizing lut $abc$166565$lut$aiger166564$13581.genblk1.genblk1.genblk1.genblk1.genblk1.genblk1.genblk1.genblk1.lut1.genblk1.genblk1.genblk1.genblk1.genblk1.genblk1.genblk1.lut1.genblk1.genblk1.genblk1.genblk1.genblk1.genblk1.lut1.genblk1.genblk1.genblk1.genblk1.genblk1.lut0 (4 -> 2)
  Optimizing lut $abc$166565$lut$aiger166564$13581.genblk1.genblk1.genblk1.genblk1.genblk1.genblk1.genblk1.genblk1.lut1.genblk1.genblk1.genblk1.genblk1.genblk1.genblk1.genblk1.lut1.genblk1.genblk1.genblk1.genblk1.genblk1.genblk1.lut0.genblk1.genblk1.genblk1.genblk1.genblk1.lut0 (4 -> 2)
  Optimizing lut $abc$166565$lut$aiger166564$13581.genblk1.genblk1.genblk1.genblk1.genblk1.genblk1.genblk1.genblk1.lut0.genblk1.genblk1.genblk1.genblk1.genblk1.genblk1.genblk1.lut0.genblk1.genblk1.genblk1.genblk1.genblk1.genblk1.lut1.genblk1.genblk1.genblk1.genblk1.genblk1.lut0 (4 -> 3)
  Optimizing lut $abc$166565$lut$aiger166564$13581.genblk1.genblk1.genblk1.genblk1.genblk1.genblk1.genblk1.genblk1.lut0.genblk1.genblk1.genblk1.genblk1.genblk1.genblk1.genblk1.lut0.genblk1.genblk1.genblk1.genblk1.genblk1.genblk1.lut0.genblk1.genblk1.genblk1.genblk1.genblk1.lut0 (4 -> 3)
  Optimizing lut $abc$166565$lut$aiger166564$13581.genblk1.genblk1.genblk1.genblk1.genblk1.genblk1.genblk1.genblk1.lut0.genblk1.genblk1.genblk1.genblk1.genblk1.genblk1.genblk1.lut1.genblk1.genblk1.genblk1.genblk1.genblk1.genblk1.lut1.genblk1.genblk1.genblk1.genblk1.genblk1.lut0 (4 -> 3)
  Optimizing lut $abc$166565$lut$aiger166564$13581.genblk1.genblk1.genblk1.genblk1.genblk1.genblk1.genblk1.genblk1.lut0.genblk1.genblk1.genblk1.genblk1.genblk1.genblk1.genblk1.lut1.genblk1.genblk1.genblk1.genblk1.genblk1.genblk1.lut0.genblk1.genblk1.genblk1.genblk1.genblk1.lut0 (4 -> 3)
  Optimizing lut $auto$abc_ops_reintegrate.cc:450:reintegrate$166938.genblk1.genblk1.genblk1.genblk1.genblk1.genblk1.genblk1.genblk1.lut1.genblk1.genblk1.genblk1.genblk1.genblk1.genblk1.genblk1.lut0.genblk1.genblk1.genblk1.genblk1.genblk1.genblk1.lut1.genblk1.genblk1.genblk1.genblk1.genblk1.lut0 (4 -> 0)
  Optimizing lut $auto$abc_ops_reintegrate.cc:450:reintegrate$166938.genblk1.genblk1.genblk1.genblk1.genblk1.genblk1.genblk1.genblk1.lut1.genblk1.genblk1.genblk1.genblk1.genblk1.genblk1.genblk1.lut0.genblk1.genblk1.genblk1.genblk1.genblk1.genblk1.lut0.genblk1.genblk1.genblk1.genblk1.genblk1.lut0 (4 -> 1)
  Optimizing lut $auto$abc_ops_reintegrate.cc:450:reintegrate$166938.genblk1.genblk1.genblk1.genblk1.genblk1.genblk1.genblk1.genblk1.lut1.genblk1.genblk1.genblk1.genblk1.genblk1.genblk1.genblk1.lut1.genblk1.genblk1.genblk1.genblk1.genblk1.genblk1.lut1.genblk1.genblk1.genblk1.genblk1.genblk1.lut0 (4 -> 1)
  Optimizing lut $auto$abc_ops_reintegrate.cc:450:reintegrate$166938.genblk1.genblk1.genblk1.genblk1.genblk1.genblk1.genblk1.genblk1.lut1.genblk1.genblk1.genblk1.genblk1.genblk1.genblk1.genblk1.lut1.genblk1.genblk1.genblk1.genblk1.genblk1.genblk1.lut0.genblk1.genblk1.genblk1.genblk1.genblk1.lut0 (4 -> 1)
  Optimizing lut $auto$abc_ops_reintegrate.cc:450:reintegrate$166938.genblk1.genblk1.genblk1.genblk1.genblk1.genblk1.genblk1.genblk1.lut0.genblk1.genblk1.genblk1.genblk1.genblk1.genblk1.genblk1.lut0.genblk1.genblk1.genblk1.genblk1.genblk1.genblk1.lut1.genblk1.genblk1.genblk1.genblk1.genblk1.lut0 (4 -> 0)
  Optimizing lut $auto$abc_ops_reintegrate.cc:450:reintegrate$166938.genblk1.genblk1.genblk1.genblk1.genblk1.genblk1.genblk1.genblk1.lut0.genblk1.genblk1.genblk1.genblk1.genblk1.genblk1.genblk1.lut0.genblk1.genblk1.genblk1.genblk1.genblk1.genblk1.lut0.genblk1.genblk1.genblk1.genblk1.genblk1.lut0 (4 -> 0)
  Optimizing lut $auto$abc_ops_reintegrate.cc:450:reintegrate$166938.genblk1.genblk1.genblk1.genblk1.genblk1.genblk1.genblk1.genblk1.lut0.genblk1.genblk1.genblk1.genblk1.genblk1.genblk1.genblk1.lut1.genblk1.genblk1.genblk1.genblk1.genblk1.genblk1.lut1.genblk1.genblk1.genblk1.genblk1.genblk1.lut0 (4 -> 0)
  Optimizing lut $auto$abc_ops_reintegrate.cc:450:reintegrate$166938.genblk1.genblk1.genblk1.genblk1.genblk1.genblk1.genblk1.genblk1.lut0.genblk1.genblk1.genblk1.genblk1.genblk1.genblk1.genblk1.lut1.genblk1.genblk1.genblk1.genblk1.genblk1.genblk1.lut0.genblk1.genblk1.genblk1.genblk1.genblk1.lut0 (4 -> 0)
  Optimizing lut $auto$abc_ops_reintegrate.cc:450:reintegrate$166641.genblk1.genblk1.genblk1.genblk1.genblk1.genblk1.genblk1.lut1.genblk1.genblk1.genblk1.genblk1.genblk1.genblk1.lut0.genblk1.genblk1.genblk1.genblk1.genblk1.lut1 (4 -> 3)
  Optimizing lut $abc$166565$lut$aiger166564$11688.genblk1.genblk1.genblk1.genblk1.genblk1.genblk1.genblk1.genblk1.lut1.genblk1.genblk1.genblk1.genblk1.genblk1.genblk1.genblk1.lut1.genblk1.genblk1.genblk1.genblk1.genblk1.genblk1.lut1.genblk1.genblk1.genblk1.genblk1.genblk1.lut0 (4 -> 0)
  Optimizing lut $abc$166565$lut$aiger166564$11688.genblk1.genblk1.genblk1.genblk1.genblk1.genblk1.genblk1.genblk1.lut0.genblk1.genblk1.genblk1.genblk1.genblk1.genblk1.genblk1.lut0.genblk1.genblk1.genblk1.genblk1.genblk1.genblk1.lut1.genblk1.genblk1.genblk1.genblk1.genblk1.lut0 (4 -> 0)
  Optimizing lut $abc$166565$lut$aiger166564$11688.genblk1.genblk1.genblk1.genblk1.genblk1.genblk1.genblk1.genblk1.lut0.genblk1.genblk1.genblk1.genblk1.genblk1.genblk1.genblk1.lut0.genblk1.genblk1.genblk1.genblk1.genblk1.genblk1.lut0.genblk1.genblk1.genblk1.genblk1.genblk1.lut0 (4 -> 0)
  Optimizing lut $abc$166565$lut$aiger166564$11688.genblk1.genblk1.genblk1.genblk1.genblk1.genblk1.genblk1.genblk1.lut0.genblk1.genblk1.genblk1.genblk1.genblk1.genblk1.genblk1.lut1.genblk1.genblk1.genblk1.genblk1.genblk1.genblk1.lut1.genblk1.genblk1.genblk1.genblk1.genblk1.lut0 (4 -> 0)
  Optimizing lut $abc$166565$lut$aiger166564$11688.genblk1.genblk1.genblk1.genblk1.genblk1.genblk1.genblk1.genblk1.lut0.genblk1.genblk1.genblk1.genblk1.genblk1.genblk1.genblk1.lut1.genblk1.genblk1.genblk1.genblk1.genblk1.genblk1.lut0.genblk1.genblk1.genblk1.genblk1.genblk1.lut0 (4 -> 0)
  Optimizing lut $abc$166565$lut$aiger166564$10822.genblk1.genblk1.genblk1.genblk1.genblk1.genblk1.genblk1.genblk1.lut1.genblk1.genblk1.genblk1.genblk1.genblk1.genblk1.genblk1.lut0.genblk1.genblk1.genblk1.genblk1.genblk1.genblk1.lut1.genblk1.genblk1.genblk1.genblk1.genblk1.lut0 (4 -> 1)
  Optimizing lut $abc$166565$lut$aiger166564$10822.genblk1.genblk1.genblk1.genblk1.genblk1.genblk1.genblk1.genblk1.lut1.genblk1.genblk1.genblk1.genblk1.genblk1.genblk1.genblk1.lut1.genblk1.genblk1.genblk1.genblk1.genblk1.genblk1.lut1.genblk1.genblk1.genblk1.genblk1.genblk1.lut0 (4 -> 1)
  Optimizing lut $abc$166565$lut$aiger166564$10822.genblk1.genblk1.genblk1.genblk1.genblk1.genblk1.genblk1.genblk1.lut1.genblk1.genblk1.genblk1.genblk1.genblk1.genblk1.genblk1.lut1.genblk1.genblk1.genblk1.genblk1.genblk1.genblk1.lut0.genblk1.genblk1.genblk1.genblk1.genblk1.lut0 (4 -> 1)
  Optimizing lut $abc$166565$lut$aiger166564$10822.genblk1.genblk1.genblk1.genblk1.genblk1.genblk1.genblk1.genblk1.lut0.genblk1.genblk1.genblk1.genblk1.genblk1.genblk1.genblk1.lut0.genblk1.genblk1.genblk1.genblk1.genblk1.genblk1.lut1.genblk1.genblk1.genblk1.genblk1.genblk1.lut0 (4 -> 1)
  Optimizing lut $abc$166565$lut$aiger166564$10822.genblk1.genblk1.genblk1.genblk1.genblk1.genblk1.genblk1.genblk1.lut0.genblk1.genblk1.genblk1.genblk1.genblk1.genblk1.genblk1.lut0.genblk1.genblk1.genblk1.genblk1.genblk1.genblk1.lut0.genblk1.genblk1.genblk1.genblk1.genblk1.lut0 (4 -> 1)
  Optimizing lut $abc$166565$lut$aiger166564$10822.genblk1.genblk1.genblk1.genblk1.genblk1.genblk1.genblk1.genblk1.lut0.genblk1.genblk1.genblk1.genblk1.genblk1.genblk1.genblk1.lut1.genblk1.genblk1.genblk1.genblk1.genblk1.genblk1.lut1.genblk1.genblk1.genblk1.genblk1.genblk1.lut0 (4 -> 1)
  Optimizing lut $abc$166565$lut$aiger166564$10822.genblk1.genblk1.genblk1.genblk1.genblk1.genblk1.genblk1.genblk1.lut0.genblk1.genblk1.genblk1.genblk1.genblk1.genblk1.genblk1.lut1.genblk1.genblk1.genblk1.genblk1.genblk1.genblk1.lut0.genblk1.genblk1.genblk1.genblk1.genblk1.lut0 (4 -> 1)
  Optimizing lut $abc$166565$lut$aiger166564$10624.genblk1.genblk1.genblk1.genblk1.genblk1.genblk1.genblk1.genblk1.lut1.genblk1.genblk1.genblk1.genblk1.genblk1.genblk1.genblk1.lut0.genblk1.genblk1.genblk1.genblk1.genblk1.genblk1.lut1.genblk1.genblk1.genblk1.genblk1.genblk1.lut0 (4 -> 0)
  Optimizing lut $abc$166565$lut$aiger166564$10624.genblk1.genblk1.genblk1.genblk1.genblk1.genblk1.genblk1.genblk1.lut1.genblk1.genblk1.genblk1.genblk1.genblk1.genblk1.genblk1.lut0.genblk1.genblk1.genblk1.genblk1.genblk1.genblk1.lut0.genblk1.genblk1.genblk1.genblk1.genblk1.lut0 (4 -> 0)
  Optimizing lut $abc$166565$lut$aiger166564$10624.genblk1.genblk1.genblk1.genblk1.genblk1.genblk1.genblk1.genblk1.lut1.genblk1.genblk1.genblk1.genblk1.genblk1.genblk1.genblk1.lut1.genblk1.genblk1.genblk1.genblk1.genblk1.genblk1.lut1.genblk1.genblk1.genblk1.genblk1.genblk1.lut0 (4 -> 0)
  Optimizing lut $abc$166565$lut$aiger166564$10624.genblk1.genblk1.genblk1.genblk1.genblk1.genblk1.genblk1.genblk1.lut0.genblk1.genblk1.genblk1.genblk1.genblk1.genblk1.genblk1.lut0.genblk1.genblk1.genblk1.genblk1.genblk1.genblk1.lut1.genblk1.genblk1.genblk1.genblk1.genblk1.lut0 (4 -> 0)
  Optimizing lut $abc$166565$lut$aiger166564$10624.genblk1.genblk1.genblk1.genblk1.genblk1.genblk1.genblk1.genblk1.lut0.genblk1.genblk1.genblk1.genblk1.genblk1.genblk1.genblk1.lut0.genblk1.genblk1.genblk1.genblk1.genblk1.genblk1.lut0.genblk1.genblk1.genblk1.genblk1.genblk1.lut0 (4 -> 0)
  Optimizing lut $abc$166565$lut$aiger166564$10624.genblk1.genblk1.genblk1.genblk1.genblk1.genblk1.genblk1.genblk1.lut0.genblk1.genblk1.genblk1.genblk1.genblk1.genblk1.genblk1.lut1.genblk1.genblk1.genblk1.genblk1.genblk1.genblk1.lut1.genblk1.genblk1.genblk1.genblk1.genblk1.lut0 (4 -> 0)
  Optimizing lut $abc$166565$lut$aiger166564$10624.genblk1.genblk1.genblk1.genblk1.genblk1.genblk1.genblk1.genblk1.lut0.genblk1.genblk1.genblk1.genblk1.genblk1.genblk1.genblk1.lut1.genblk1.genblk1.genblk1.genblk1.genblk1.genblk1.lut0.genblk1.genblk1.genblk1.genblk1.genblk1.lut0 (4 -> 0)
  Optimizing lut $abc$166565$lut$aiger166564$10848.genblk1.genblk1.genblk1.genblk1.genblk1.genblk1.genblk1.genblk1.lut1.genblk1.genblk1.genblk1.genblk1.genblk1.genblk1.genblk1.lut1.genblk1.genblk1.genblk1.genblk1.genblk1.genblk1.lut1.genblk1.genblk1.genblk1.genblk1.genblk1.lut0 (4 -> 0)
  Optimizing lut $abc$166565$lut$aiger166564$10848.genblk1.genblk1.genblk1.genblk1.genblk1.genblk1.genblk1.genblk1.lut1.genblk1.genblk1.genblk1.genblk1.genblk1.genblk1.genblk1.lut1.genblk1.genblk1.genblk1.genblk1.genblk1.genblk1.lut0.genblk1.genblk1.genblk1.genblk1.genblk1.lut0 (4 -> 0)
  Optimizing lut $abc$166565$lut$aiger166564$10848.genblk1.genblk1.genblk1.genblk1.genblk1.genblk1.genblk1.genblk1.lut0.genblk1.genblk1.genblk1.genblk1.genblk1.genblk1.genblk1.lut0.genblk1.genblk1.genblk1.genblk1.genblk1.genblk1.lut1.genblk1.genblk1.genblk1.genblk1.genblk1.lut0 (4 -> 0)
  Optimizing lut $abc$166565$lut$aiger166564$10848.genblk1.genblk1.genblk1.genblk1.genblk1.genblk1.genblk1.genblk1.lut0.genblk1.genblk1.genblk1.genblk1.genblk1.genblk1.genblk1.lut0.genblk1.genblk1.genblk1.genblk1.genblk1.genblk1.lut0.genblk1.genblk1.genblk1.genblk1.genblk1.lut0 (4 -> 0)
  Optimizing lut $abc$166565$lut$aiger166564$10848.genblk1.genblk1.genblk1.genblk1.genblk1.genblk1.genblk1.genblk1.lut0.genblk1.genblk1.genblk1.genblk1.genblk1.genblk1.genblk1.lut1.genblk1.genblk1.genblk1.genblk1.genblk1.genblk1.lut1.genblk1.genblk1.genblk1.genblk1.genblk1.lut0 (4 -> 0)
  Optimizing lut $abc$166565$lut$aiger166564$10848.genblk1.genblk1.genblk1.genblk1.genblk1.genblk1.genblk1.genblk1.lut0.genblk1.genblk1.genblk1.genblk1.genblk1.genblk1.genblk1.lut1.genblk1.genblk1.genblk1.genblk1.genblk1.genblk1.lut0.genblk1.genblk1.genblk1.genblk1.genblk1.lut0 (4 -> 0)
  Optimizing lut $abc$166565$lut$aiger166564$10861.genblk1.genblk1.genblk1.genblk1.genblk1.genblk1.genblk1.genblk1.lut1.genblk1.genblk1.genblk1.genblk1.genblk1.genblk1.genblk1.lut0.genblk1.genblk1.genblk1.genblk1.genblk1.genblk1.lut0.genblk1.genblk1.genblk1.genblk1.genblk1.lut0 (4 -> 0)
  Optimizing lut $abc$166565$lut$aiger166564$10861.genblk1.genblk1.genblk1.genblk1.genblk1.genblk1.genblk1.genblk1.lut1.genblk1.genblk1.genblk1.genblk1.genblk1.genblk1.genblk1.lut1.genblk1.genblk1.genblk1.genblk1.genblk1.genblk1.lut1.genblk1.genblk1.genblk1.genblk1.genblk1.lut0 (4 -> 0)
  Optimizing lut $abc$166565$lut$aiger166564$10861.genblk1.genblk1.genblk1.genblk1.genblk1.genblk1.genblk1.genblk1.lut1.genblk1.genblk1.genblk1.genblk1.genblk1.genblk1.genblk1.lut1.genblk1.genblk1.genblk1.genblk1.genblk1.genblk1.lut0.genblk1.genblk1.genblk1.genblk1.genblk1.lut0 (4 -> 0)
  Optimizing lut $abc$166565$lut$aiger166564$10861.genblk1.genblk1.genblk1.genblk1.genblk1.genblk1.genblk1.genblk1.lut0.genblk1.genblk1.genblk1.genblk1.genblk1.genblk1.genblk1.lut0.genblk1.genblk1.genblk1.genblk1.genblk1.genblk1.lut1.genblk1.genblk1.genblk1.genblk1.genblk1.lut0 (4 -> 0)
  Optimizing lut $abc$166565$lut$aiger166564$10861.genblk1.genblk1.genblk1.genblk1.genblk1.genblk1.genblk1.genblk1.lut0.genblk1.genblk1.genblk1.genblk1.genblk1.genblk1.genblk1.lut0.genblk1.genblk1.genblk1.genblk1.genblk1.genblk1.lut0.genblk1.genblk1.genblk1.genblk1.genblk1.lut0 (4 -> 0)
  Optimizing lut $abc$166565$lut$aiger166564$10861.genblk1.genblk1.genblk1.genblk1.genblk1.genblk1.genblk1.genblk1.lut0.genblk1.genblk1.genblk1.genblk1.genblk1.genblk1.genblk1.lut1.genblk1.genblk1.genblk1.genblk1.genblk1.genblk1.lut1.genblk1.genblk1.genblk1.genblk1.genblk1.lut0 (4 -> 0)
  Optimizing lut $abc$166565$lut$aiger166564$10861.genblk1.genblk1.genblk1.genblk1.genblk1.genblk1.genblk1.genblk1.lut0.genblk1.genblk1.genblk1.genblk1.genblk1.genblk1.genblk1.lut1.genblk1.genblk1.genblk1.genblk1.genblk1.genblk1.lut0.genblk1.genblk1.genblk1.genblk1.genblk1.lut0 (4 -> 0)
  Optimizing lut $abc$166565$lut$aiger166564$10688.genblk1.genblk1.genblk1.genblk1.genblk1.genblk1.genblk1.genblk1.lut1.genblk1.genblk1.genblk1.genblk1.genblk1.genblk1.genblk1.lut0.genblk1.genblk1.genblk1.genblk1.genblk1.genblk1.lut1.genblk1.genblk1.genblk1.genblk1.genblk1.lut0 (4 -> 1)
  Optimizing lut $abc$166565$lut$aiger166564$10688.genblk1.genblk1.genblk1.genblk1.genblk1.genblk1.genblk1.genblk1.lut1.genblk1.genblk1.genblk1.genblk1.genblk1.genblk1.genblk1.lut1.genblk1.genblk1.genblk1.genblk1.genblk1.genblk1.lut1.genblk1.genblk1.genblk1.genblk1.genblk1.lut0 (4 -> 1)
  Optimizing lut $abc$166565$lut$aiger166564$10688.genblk1.genblk1.genblk1.genblk1.genblk1.genblk1.genblk1.genblk1.lut1.genblk1.genblk1.genblk1.genblk1.genblk1.genblk1.genblk1.lut1.genblk1.genblk1.genblk1.genblk1.genblk1.genblk1.lut0.genblk1.genblk1.genblk1.genblk1.genblk1.lut0 (4 -> 1)
  Optimizing lut $abc$166565$lut$aiger166564$10688.genblk1.genblk1.genblk1.genblk1.genblk1.genblk1.genblk1.genblk1.lut0.genblk1.genblk1.genblk1.genblk1.genblk1.genblk1.genblk1.lut0.genblk1.genblk1.genblk1.genblk1.genblk1.genblk1.lut1.genblk1.genblk1.genblk1.genblk1.genblk1.lut0 (4 -> 1)
  Optimizing lut $abc$166565$lut$aiger166564$10688.genblk1.genblk1.genblk1.genblk1.genblk1.genblk1.genblk1.genblk1.lut0.genblk1.genblk1.genblk1.genblk1.genblk1.genblk1.genblk1.lut0.genblk1.genblk1.genblk1.genblk1.genblk1.genblk1.lut0.genblk1.genblk1.genblk1.genblk1.genblk1.lut0 (4 -> 1)
  Optimizing lut $abc$166565$lut$aiger166564$10688.genblk1.genblk1.genblk1.genblk1.genblk1.genblk1.genblk1.genblk1.lut0.genblk1.genblk1.genblk1.genblk1.genblk1.genblk1.genblk1.lut1.genblk1.genblk1.genblk1.genblk1.genblk1.genblk1.lut1.genblk1.genblk1.genblk1.genblk1.genblk1.lut0 (4 -> 1)
  Optimizing lut $abc$166565$lut$aiger166564$10688.genblk1.genblk1.genblk1.genblk1.genblk1.genblk1.genblk1.genblk1.lut0.genblk1.genblk1.genblk1.genblk1.genblk1.genblk1.genblk1.lut1.genblk1.genblk1.genblk1.genblk1.genblk1.genblk1.lut0.genblk1.genblk1.genblk1.genblk1.genblk1.lut0 (4 -> 1)
  Optimizing lut $abc$166565$lut$aiger166564$10536.genblk1.genblk1.genblk1.genblk1.genblk1.genblk1.genblk1.genblk1.lut1.genblk1.genblk1.genblk1.genblk1.genblk1.genblk1.genblk1.lut0.genblk1.genblk1.genblk1.genblk1.genblk1.genblk1.lut1.genblk1.genblk1.genblk1.genblk1.genblk1.lut0 (4 -> 0)
  Optimizing lut $abc$166565$lut$aiger166564$10536.genblk1.genblk1.genblk1.genblk1.genblk1.genblk1.genblk1.genblk1.lut1.genblk1.genblk1.genblk1.genblk1.genblk1.genblk1.genblk1.lut0.genblk1.genblk1.genblk1.genblk1.genblk1.genblk1.lut0.genblk1.genblk1.genblk1.genblk1.genblk1.lut0 (4 -> 0)
  Optimizing lut $abc$166565$lut$aiger166564$10536.genblk1.genblk1.genblk1.genblk1.genblk1.genblk1.genblk1.genblk1.lut1.genblk1.genblk1.genblk1.genblk1.genblk1.genblk1.genblk1.lut1.genblk1.genblk1.genblk1.genblk1.genblk1.genblk1.lut1.genblk1.genblk1.genblk1.genblk1.genblk1.lut0 (4 -> 0)
  Optimizing lut $abc$166565$lut$aiger166564$10536.genblk1.genblk1.genblk1.genblk1.genblk1.genblk1.genblk1.genblk1.lut1.genblk1.genblk1.genblk1.genblk1.genblk1.genblk1.genblk1.lut1.genblk1.genblk1.genblk1.genblk1.genblk1.genblk1.lut0.genblk1.genblk1.genblk1.genblk1.genblk1.lut0 (4 -> 0)
  Optimizing lut $abc$166565$lut$aiger166564$10536.genblk1.genblk1.genblk1.genblk1.genblk1.genblk1.genblk1.genblk1.lut0.genblk1.genblk1.genblk1.genblk1.genblk1.genblk1.genblk1.lut0.genblk1.genblk1.genblk1.genblk1.genblk1.genblk1.lut1.genblk1.genblk1.genblk1.genblk1.genblk1.lut0 (4 -> 0)
  Optimizing lut $abc$166565$lut$aiger166564$10536.genblk1.genblk1.genblk1.genblk1.genblk1.genblk1.genblk1.genblk1.lut0.genblk1.genblk1.genblk1.genblk1.genblk1.genblk1.genblk1.lut1.genblk1.genblk1.genblk1.genblk1.genblk1.genblk1.lut1.genblk1.genblk1.genblk1.genblk1.genblk1.lut0 (4 -> 0)
  Optimizing lut $abc$166565$lut$aiger166564$10536.genblk1.genblk1.genblk1.genblk1.genblk1.genblk1.genblk1.genblk1.lut0.genblk1.genblk1.genblk1.genblk1.genblk1.genblk1.genblk1.lut1.genblk1.genblk1.genblk1.genblk1.genblk1.genblk1.lut0.genblk1.genblk1.genblk1.genblk1.genblk1.lut0 (4 -> 0)
  Optimizing lut $abc$166565$lut$aiger166564$9571.genblk1.genblk1.genblk1.genblk1.genblk1.genblk1.lut0.genblk1.genblk1.genblk1.genblk1.genblk1.lut1 (4 -> 1)
  Optimizing lut $abc$166565$lut$aiger166564$10536.genblk1.genblk1.genblk1.genblk1.genblk1.genblk1.genblk1.genblk1.lut1.genblk1.genblk1.genblk1.genblk1.genblk1.genblk1.genblk1.lut1.genblk1.genblk1.genblk1.genblk1.genblk1.genblk1.lut0.genblk1.genblk1.genblk1.genblk1.genblk1.lut1 (4 -> 0)
  Optimizing lut $abc$166565$lut$aiger166564$10536.genblk1.genblk1.genblk1.genblk1.genblk1.genblk1.genblk1.genblk1.lut1.genblk1.genblk1.genblk1.genblk1.genblk1.genblk1.genblk1.lut0.genblk1.genblk1.genblk1.genblk1.genblk1.genblk1.lut0.genblk1.genblk1.genblk1.genblk1.genblk1.lut1 (4 -> 0)
  Optimizing lut $abc$166565$lut$aiger166564$10688.genblk1.genblk1.genblk1.genblk1.genblk1.genblk1.genblk1.genblk1.lut0.genblk1.genblk1.genblk1.genblk1.genblk1.genblk1.genblk1.lut1.genblk1.genblk1.genblk1.genblk1.genblk1.genblk1.lut0.genblk1.genblk1.genblk1.genblk1.genblk1.lut1 (4 -> 1)
  Optimizing lut $abc$166565$lut$aiger166564$9562.genblk1.genblk1.genblk1.genblk1.genblk1.genblk1.lut0.genblk1.genblk1.genblk1.genblk1.genblk1.lut1 (4 -> 1)
  Optimizing lut $abc$166565$lut$aiger166564$10688.genblk1.genblk1.genblk1.genblk1.genblk1.genblk1.genblk1.genblk1.lut1.genblk1.genblk1.genblk1.genblk1.genblk1.genblk1.genblk1.lut1.genblk1.genblk1.genblk1.genblk1.genblk1.genblk1.lut0.genblk1.genblk1.genblk1.genblk1.genblk1.lut1 (4 -> 1)
  Optimizing lut $abc$166565$lut$aiger166564$10688.genblk1.genblk1.genblk1.genblk1.genblk1.genblk1.genblk1.genblk1.lut1.genblk1.genblk1.genblk1.genblk1.genblk1.genblk1.genblk1.lut0.genblk1.genblk1.genblk1.genblk1.genblk1.genblk1.lut0.genblk1.genblk1.genblk1.genblk1.genblk1.lut1 (4 -> 1)
  Optimizing lut $abc$166565$lut$aiger166564$10861.genblk1.genblk1.genblk1.genblk1.genblk1.genblk1.genblk1.genblk1.lut0.genblk1.genblk1.genblk1.genblk1.genblk1.genblk1.genblk1.lut1.genblk1.genblk1.genblk1.genblk1.genblk1.genblk1.lut0.genblk1.genblk1.genblk1.genblk1.genblk1.lut1 (4 -> 0)
  Optimizing lut $abc$166565$lut$aiger166564$10861.genblk1.genblk1.genblk1.genblk1.genblk1.genblk1.genblk1.genblk1.lut1.genblk1.genblk1.genblk1.genblk1.genblk1.genblk1.genblk1.lut1.genblk1.genblk1.genblk1.genblk1.genblk1.genblk1.lut0.genblk1.genblk1.genblk1.genblk1.genblk1.lut1 (4 -> 0)
  Optimizing lut $abc$166565$lut$aiger166564$10848.genblk1.genblk1.genblk1.genblk1.genblk1.genblk1.genblk1.genblk1.lut0.genblk1.genblk1.genblk1.genblk1.genblk1.genblk1.genblk1.lut1.genblk1.genblk1.genblk1.genblk1.genblk1.genblk1.lut0.genblk1.genblk1.genblk1.genblk1.genblk1.lut1 (4 -> 0)
  Optimizing lut $abc$166565$lut$aiger166564$10848.genblk1.genblk1.genblk1.genblk1.genblk1.genblk1.genblk1.genblk1.lut0.genblk1.genblk1.genblk1.genblk1.genblk1.genblk1.genblk1.lut0.genblk1.genblk1.genblk1.genblk1.genblk1.genblk1.lut0.genblk1.genblk1.genblk1.genblk1.genblk1.lut1 (4 -> 0)
  Optimizing lut $abc$166565$lut$aiger166564$10848.genblk1.genblk1.genblk1.genblk1.genblk1.genblk1.genblk1.genblk1.lut1.genblk1.genblk1.genblk1.genblk1.genblk1.genblk1.genblk1.lut1.genblk1.genblk1.genblk1.genblk1.genblk1.genblk1.lut0.genblk1.genblk1.genblk1.genblk1.genblk1.lut1 (4 -> 0)
  Optimizing lut $abc$166565$lut$aiger166564$10848.genblk1.genblk1.genblk1.genblk1.genblk1.genblk1.genblk1.genblk1.lut1.genblk1.genblk1.genblk1.genblk1.genblk1.genblk1.genblk1.lut0.genblk1.genblk1.genblk1.genblk1.genblk1.genblk1.lut0.genblk1.genblk1.genblk1.genblk1.genblk1.lut1 (4 -> 0)
  Optimizing lut $abc$166565$lut$aiger166564$10624.genblk1.genblk1.genblk1.genblk1.genblk1.genblk1.genblk1.genblk1.lut0.genblk1.genblk1.genblk1.genblk1.genblk1.genblk1.genblk1.lut1.genblk1.genblk1.genblk1.genblk1.genblk1.genblk1.lut0.genblk1.genblk1.genblk1.genblk1.genblk1.lut1 (4 -> 0)
  Optimizing lut $abc$166565$lut$aiger166564$10624.genblk1.genblk1.genblk1.genblk1.genblk1.genblk1.genblk1.genblk1.lut0.genblk1.genblk1.genblk1.genblk1.genblk1.genblk1.genblk1.lut0.genblk1.genblk1.genblk1.genblk1.genblk1.genblk1.lut0.genblk1.genblk1.genblk1.genblk1.genblk1.lut1 (4 -> 0)
  Optimizing lut $abc$166565$lut$aiger166564$10624.genblk1.genblk1.genblk1.genblk1.genblk1.genblk1.genblk1.genblk1.lut1.genblk1.genblk1.genblk1.genblk1.genblk1.genblk1.genblk1.lut1.genblk1.genblk1.genblk1.genblk1.genblk1.genblk1.lut0.genblk1.genblk1.genblk1.genblk1.genblk1.lut1 (4 -> 0)
  Optimizing lut $abc$166565$lut$aiger166564$10822.genblk1.genblk1.genblk1.genblk1.genblk1.genblk1.genblk1.genblk1.lut0.genblk1.genblk1.genblk1.genblk1.genblk1.genblk1.genblk1.lut1.genblk1.genblk1.genblk1.genblk1.genblk1.genblk1.lut0.genblk1.genblk1.genblk1.genblk1.genblk1.lut1 (4 -> 1)
  Optimizing lut $abc$166565$lut$aiger166564$8748.genblk1.genblk1.genblk1.genblk1.genblk1.genblk1.lut0.genblk1.genblk1.genblk1.genblk1.genblk1.lut1 (4 -> 1)
  Optimizing lut $abc$166565$lut$aiger166564$10822.genblk1.genblk1.genblk1.genblk1.genblk1.genblk1.genblk1.genblk1.lut1.genblk1.genblk1.genblk1.genblk1.genblk1.genblk1.genblk1.lut1.genblk1.genblk1.genblk1.genblk1.genblk1.genblk1.lut0.genblk1.genblk1.genblk1.genblk1.genblk1.lut1 (4 -> 1)
  Optimizing lut $abc$166565$lut$aiger166564$10822.genblk1.genblk1.genblk1.genblk1.genblk1.genblk1.genblk1.genblk1.lut1.genblk1.genblk1.genblk1.genblk1.genblk1.genblk1.genblk1.lut0.genblk1.genblk1.genblk1.genblk1.genblk1.genblk1.lut0.genblk1.genblk1.genblk1.genblk1.genblk1.lut1 (4 -> 1)
  Optimizing lut $abc$166565$lut$aiger166564$11688.genblk1.genblk1.genblk1.genblk1.genblk1.genblk1.genblk1.genblk1.lut0.genblk1.genblk1.genblk1.genblk1.genblk1.genblk1.genblk1.lut1.genblk1.genblk1.genblk1.genblk1.genblk1.genblk1.lut0.genblk1.genblk1.genblk1.genblk1.genblk1.lut1 (4 -> 0)
  Optimizing lut $abc$166565$lut$aiger166564$8712.genblk1.genblk1.genblk1.genblk1.genblk1.genblk1.lut0.genblk1.genblk1.genblk1.genblk1.genblk1.lut1 (4 -> 1)
  Optimizing lut $abc$166565$lut$aiger166564$11688.genblk1.genblk1.genblk1.genblk1.genblk1.genblk1.genblk1.genblk1.lut1.genblk1.genblk1.genblk1.genblk1.genblk1.genblk1.genblk1.lut0.genblk1.genblk1.genblk1.genblk1.genblk1.genblk1.lut0.genblk1.genblk1.genblk1.genblk1.genblk1.lut1 (4 -> 1)
  Optimizing lut $auto$abc_ops_reintegrate.cc:450:reintegrate$166938.genblk1.genblk1.genblk1.genblk1.genblk1.genblk1.genblk1.genblk1.lut0.genblk1.genblk1.genblk1.genblk1.genblk1.genblk1.genblk1.lut1.genblk1.genblk1.genblk1.genblk1.genblk1.genblk1.lut0.genblk1.genblk1.genblk1.genblk1.genblk1.lut1 (4 -> 0)
  Optimizing lut $abc$166565$lut$aiger166564$11677.genblk1.genblk1.genblk1.genblk1.genblk1.genblk1.lut0.genblk1.genblk1.genblk1.genblk1.genblk1.lut1 (4 -> 2)
  Optimizing lut $abc$166565$lut$aiger166564$11525.genblk1.genblk1.genblk1.genblk1.genblk1.genblk1.genblk1.lut0.genblk1.genblk1.genblk1.genblk1.genblk1.genblk1.lut0.genblk1.genblk1.genblk1.genblk1.genblk1.lut0 (4 -> 2)
  Optimizing lut $abc$166565$lut$aiger166564$11525.genblk1.genblk1.genblk1.genblk1.genblk1.genblk1.genblk1.lut1.genblk1.genblk1.genblk1.genblk1.genblk1.genblk1.lut1.genblk1.genblk1.genblk1.genblk1.genblk1.lut0 (4 -> 2)
  Optimizing lut $abc$166565$lut$aiger166564$11525.genblk1.genblk1.genblk1.genblk1.genblk1.genblk1.genblk1.lut1.genblk1.genblk1.genblk1.genblk1.genblk1.genblk1.lut0.genblk1.genblk1.genblk1.genblk1.genblk1.lut0 (4 -> 2)
  Optimizing lut $abc$166565$lut$aiger166564$11571.genblk1.genblk1.genblk1.genblk1.genblk1.genblk1.lut0.genblk1.genblk1.genblk1.genblk1.genblk1.lut1 (4 -> 2)
  Optimizing lut $auto$abc_ops_reintegrate.cc:450:reintegrate$166626.genblk1.genblk1.genblk1.genblk1.genblk1.genblk1.genblk1.lut0.genblk1.genblk1.genblk1.genblk1.genblk1.genblk1.lut0.genblk1.genblk1.genblk1.genblk1.genblk1.lut0 (4 -> 3)
  Optimizing lut $auto$abc_ops_reintegrate.cc:450:reintegrate$166626.genblk1.genblk1.genblk1.genblk1.genblk1.genblk1.genblk1.lut1.genblk1.genblk1.genblk1.genblk1.genblk1.genblk1.lut1.genblk1.genblk1.genblk1.genblk1.genblk1.lut0 (4 -> 3)
  Optimizing lut $auto$abc_ops_reintegrate.cc:450:reintegrate$166626.genblk1.genblk1.genblk1.genblk1.genblk1.genblk1.genblk1.lut1.genblk1.genblk1.genblk1.genblk1.genblk1.genblk1.lut0.genblk1.genblk1.genblk1.genblk1.genblk1.lut0 (4 -> 3)
  Optimizing lut $auto$abc_ops_reintegrate.cc:450:reintegrate$166627.genblk1.genblk1.genblk1.genblk1.genblk1.genblk1.genblk1.lut0.genblk1.genblk1.genblk1.genblk1.genblk1.genblk1.lut1.genblk1.genblk1.genblk1.genblk1.genblk1.lut0 (4 -> 3)
  Optimizing lut $auto$abc_ops_reintegrate.cc:450:reintegrate$166627.genblk1.genblk1.genblk1.genblk1.genblk1.genblk1.genblk1.lut0.genblk1.genblk1.genblk1.genblk1.genblk1.genblk1.lut0.genblk1.genblk1.genblk1.genblk1.genblk1.lut0 (4 -> 3)
  Optimizing lut $auto$abc_ops_reintegrate.cc:450:reintegrate$166627.genblk1.genblk1.genblk1.genblk1.genblk1.genblk1.genblk1.lut1.genblk1.genblk1.genblk1.genblk1.genblk1.genblk1.lut1.genblk1.genblk1.genblk1.genblk1.genblk1.lut0 (4 -> 3)
  Optimizing lut $auto$abc_ops_reintegrate.cc:450:reintegrate$166627.genblk1.genblk1.genblk1.genblk1.genblk1.genblk1.genblk1.lut1.genblk1.genblk1.genblk1.genblk1.genblk1.genblk1.lut0.genblk1.genblk1.genblk1.genblk1.genblk1.lut0 (4 -> 3)
  Optimizing lut $auto$abc_ops_reintegrate.cc:450:reintegrate$166628.genblk1.genblk1.genblk1.genblk1.genblk1.genblk1.genblk1.lut0.genblk1.genblk1.genblk1.genblk1.genblk1.genblk1.lut1.genblk1.genblk1.genblk1.genblk1.genblk1.lut0 (4 -> 3)
  Optimizing lut $auto$abc_ops_reintegrate.cc:450:reintegrate$166628.genblk1.genblk1.genblk1.genblk1.genblk1.genblk1.genblk1.lut0.genblk1.genblk1.genblk1.genblk1.genblk1.genblk1.lut0.genblk1.genblk1.genblk1.genblk1.genblk1.lut0 (4 -> 3)
  Optimizing lut $auto$abc_ops_reintegrate.cc:450:reintegrate$166628.genblk1.genblk1.genblk1.genblk1.genblk1.genblk1.genblk1.lut1.genblk1.genblk1.genblk1.genblk1.genblk1.genblk1.lut1.genblk1.genblk1.genblk1.genblk1.genblk1.lut0 (4 -> 3)
  Optimizing lut $auto$abc_ops_reintegrate.cc:450:reintegrate$166628.genblk1.genblk1.genblk1.genblk1.genblk1.genblk1.genblk1.lut1.genblk1.genblk1.genblk1.genblk1.genblk1.genblk1.lut0.genblk1.genblk1.genblk1.genblk1.genblk1.lut0 (4 -> 3)
  Optimizing lut $auto$abc_ops_reintegrate.cc:450:reintegrate$166629.genblk1.genblk1.genblk1.genblk1.genblk1.genblk1.genblk1.lut0.genblk1.genblk1.genblk1.genblk1.genblk1.genblk1.lut1.genblk1.genblk1.genblk1.genblk1.genblk1.lut0 (4 -> 3)
  Optimizing lut $auto$abc_ops_reintegrate.cc:450:reintegrate$166629.genblk1.genblk1.genblk1.genblk1.genblk1.genblk1.genblk1.lut0.genblk1.genblk1.genblk1.genblk1.genblk1.genblk1.lut0.genblk1.genblk1.genblk1.genblk1.genblk1.lut0 (4 -> 3)
  Optimizing lut $auto$abc_ops_reintegrate.cc:450:reintegrate$166629.genblk1.genblk1.genblk1.genblk1.genblk1.genblk1.genblk1.lut1.genblk1.genblk1.genblk1.genblk1.genblk1.genblk1.lut1.genblk1.genblk1.genblk1.genblk1.genblk1.lut0 (4 -> 3)
  Optimizing lut $auto$abc_ops_reintegrate.cc:450:reintegrate$166629.genblk1.genblk1.genblk1.genblk1.genblk1.genblk1.genblk1.lut1.genblk1.genblk1.genblk1.genblk1.genblk1.genblk1.lut0.genblk1.genblk1.genblk1.genblk1.genblk1.lut0 (4 -> 3)
  Optimizing lut $auto$abc_ops_reintegrate.cc:450:reintegrate$166630.genblk1.genblk1.genblk1.genblk1.genblk1.genblk1.genblk1.lut0.genblk1.genblk1.genblk1.genblk1.genblk1.genblk1.lut1.genblk1.genblk1.genblk1.genblk1.genblk1.lut0 (4 -> 3)
  Optimizing lut $auto$abc_ops_reintegrate.cc:450:reintegrate$166630.genblk1.genblk1.genblk1.genblk1.genblk1.genblk1.genblk1.lut0.genblk1.genblk1.genblk1.genblk1.genblk1.genblk1.lut0.genblk1.genblk1.genblk1.genblk1.genblk1.lut0 (4 -> 3)
  Optimizing lut $auto$abc_ops_reintegrate.cc:450:reintegrate$166630.genblk1.genblk1.genblk1.genblk1.genblk1.genblk1.genblk1.lut1.genblk1.genblk1.genblk1.genblk1.genblk1.genblk1.lut1.genblk1.genblk1.genblk1.genblk1.genblk1.lut0 (4 -> 3)
  Optimizing lut $auto$abc_ops_reintegrate.cc:450:reintegrate$166630.genblk1.genblk1.genblk1.genblk1.genblk1.genblk1.genblk1.lut1.genblk1.genblk1.genblk1.genblk1.genblk1.genblk1.lut0.genblk1.genblk1.genblk1.genblk1.genblk1.lut0 (4 -> 3)
  Optimizing lut $auto$abc_ops_reintegrate.cc:450:reintegrate$166631.genblk1.genblk1.genblk1.genblk1.genblk1.genblk1.genblk1.lut0.genblk1.genblk1.genblk1.genblk1.genblk1.genblk1.lut1.genblk1.genblk1.genblk1.genblk1.genblk1.lut0 (4 -> 3)
  Optimizing lut $auto$abc_ops_reintegrate.cc:450:reintegrate$166631.genblk1.genblk1.genblk1.genblk1.genblk1.genblk1.genblk1.lut0.genblk1.genblk1.genblk1.genblk1.genblk1.genblk1.lut0.genblk1.genblk1.genblk1.genblk1.genblk1.lut0 (4 -> 3)
  Optimizing lut $auto$abc_ops_reintegrate.cc:450:reintegrate$166631.genblk1.genblk1.genblk1.genblk1.genblk1.genblk1.genblk1.lut1.genblk1.genblk1.genblk1.genblk1.genblk1.genblk1.lut1.genblk1.genblk1.genblk1.genblk1.genblk1.lut0 (4 -> 3)
  Optimizing lut $auto$abc_ops_reintegrate.cc:450:reintegrate$166631.genblk1.genblk1.genblk1.genblk1.genblk1.genblk1.genblk1.lut1.genblk1.genblk1.genblk1.genblk1.genblk1.genblk1.lut0.genblk1.genblk1.genblk1.genblk1.genblk1.lut0 (4 -> 3)
  Optimizing lut $auto$abc_ops_reintegrate.cc:450:reintegrate$166632.genblk1.genblk1.genblk1.genblk1.genblk1.genblk1.genblk1.lut0.genblk1.genblk1.genblk1.genblk1.genblk1.genblk1.lut1.genblk1.genblk1.genblk1.genblk1.genblk1.lut0 (4 -> 3)
  Optimizing lut $auto$abc_ops_reintegrate.cc:450:reintegrate$166632.genblk1.genblk1.genblk1.genblk1.genblk1.genblk1.genblk1.lut0.genblk1.genblk1.genblk1.genblk1.genblk1.genblk1.lut0.genblk1.genblk1.genblk1.genblk1.genblk1.lut0 (4 -> 3)
  Optimizing lut $auto$abc_ops_reintegrate.cc:450:reintegrate$166632.genblk1.genblk1.genblk1.genblk1.genblk1.genblk1.genblk1.lut1.genblk1.genblk1.genblk1.genblk1.genblk1.genblk1.lut1.genblk1.genblk1.genblk1.genblk1.genblk1.lut0 (4 -> 3)
  Optimizing lut $auto$abc_ops_reintegrate.cc:450:reintegrate$166632.genblk1.genblk1.genblk1.genblk1.genblk1.genblk1.genblk1.lut1.genblk1.genblk1.genblk1.genblk1.genblk1.genblk1.lut0.genblk1.genblk1.genblk1.genblk1.genblk1.lut0 (4 -> 3)
  Optimizing lut $auto$abc_ops_reintegrate.cc:450:reintegrate$166633.genblk1.genblk1.genblk1.genblk1.genblk1.genblk1.genblk1.lut0.genblk1.genblk1.genblk1.genblk1.genblk1.genblk1.lut1.genblk1.genblk1.genblk1.genblk1.genblk1.lut0 (4 -> 3)
  Optimizing lut $auto$abc_ops_reintegrate.cc:450:reintegrate$166633.genblk1.genblk1.genblk1.genblk1.genblk1.genblk1.genblk1.lut0.genblk1.genblk1.genblk1.genblk1.genblk1.genblk1.lut0.genblk1.genblk1.genblk1.genblk1.genblk1.lut0 (4 -> 3)
  Optimizing lut $auto$abc_ops_reintegrate.cc:450:reintegrate$166633.genblk1.genblk1.genblk1.genblk1.genblk1.genblk1.genblk1.lut1.genblk1.genblk1.genblk1.genblk1.genblk1.genblk1.lut1.genblk1.genblk1.genblk1.genblk1.genblk1.lut0 (4 -> 3)
  Optimizing lut $auto$abc_ops_reintegrate.cc:450:reintegrate$166633.genblk1.genblk1.genblk1.genblk1.genblk1.genblk1.genblk1.lut1.genblk1.genblk1.genblk1.genblk1.genblk1.genblk1.lut0.genblk1.genblk1.genblk1.genblk1.genblk1.lut0 (4 -> 3)
  Optimizing lut $auto$abc_ops_reintegrate.cc:450:reintegrate$166634.genblk1.genblk1.genblk1.genblk1.genblk1.genblk1.genblk1.lut0.genblk1.genblk1.genblk1.genblk1.genblk1.genblk1.lut1.genblk1.genblk1.genblk1.genblk1.genblk1.lut0 (4 -> 3)
  Optimizing lut $auto$abc_ops_reintegrate.cc:450:reintegrate$166634.genblk1.genblk1.genblk1.genblk1.genblk1.genblk1.genblk1.lut0.genblk1.genblk1.genblk1.genblk1.genblk1.genblk1.lut0.genblk1.genblk1.genblk1.genblk1.genblk1.lut0 (4 -> 3)
  Optimizing lut $auto$abc_ops_reintegrate.cc:450:reintegrate$166634.genblk1.genblk1.genblk1.genblk1.genblk1.genblk1.genblk1.lut1.genblk1.genblk1.genblk1.genblk1.genblk1.genblk1.lut1.genblk1.genblk1.genblk1.genblk1.genblk1.lut0 (4 -> 3)
  Optimizing lut $auto$abc_ops_reintegrate.cc:450:reintegrate$166634.genblk1.genblk1.genblk1.genblk1.genblk1.genblk1.genblk1.lut1.genblk1.genblk1.genblk1.genblk1.genblk1.genblk1.lut0.genblk1.genblk1.genblk1.genblk1.genblk1.lut0 (4 -> 3)
  Optimizing lut $auto$abc_ops_reintegrate.cc:450:reintegrate$166635.genblk1.genblk1.genblk1.genblk1.genblk1.genblk1.genblk1.lut0.genblk1.genblk1.genblk1.genblk1.genblk1.genblk1.lut1.genblk1.genblk1.genblk1.genblk1.genblk1.lut0 (4 -> 3)
  Optimizing lut $auto$abc_ops_reintegrate.cc:450:reintegrate$166635.genblk1.genblk1.genblk1.genblk1.genblk1.genblk1.genblk1.lut0.genblk1.genblk1.genblk1.genblk1.genblk1.genblk1.lut0.genblk1.genblk1.genblk1.genblk1.genblk1.lut0 (4 -> 3)
  Optimizing lut $auto$abc_ops_reintegrate.cc:450:reintegrate$166635.genblk1.genblk1.genblk1.genblk1.genblk1.genblk1.genblk1.lut1.genblk1.genblk1.genblk1.genblk1.genblk1.genblk1.lut1.genblk1.genblk1.genblk1.genblk1.genblk1.lut0 (4 -> 3)
  Optimizing lut $auto$abc_ops_reintegrate.cc:450:reintegrate$166635.genblk1.genblk1.genblk1.genblk1.genblk1.genblk1.genblk1.lut1.genblk1.genblk1.genblk1.genblk1.genblk1.genblk1.lut0.genblk1.genblk1.genblk1.genblk1.genblk1.lut0 (4 -> 3)
  Optimizing lut $auto$abc_ops_reintegrate.cc:450:reintegrate$166636.genblk1.genblk1.genblk1.genblk1.genblk1.genblk1.genblk1.lut0.genblk1.genblk1.genblk1.genblk1.genblk1.genblk1.lut1.genblk1.genblk1.genblk1.genblk1.genblk1.lut0 (4 -> 3)
  Optimizing lut $auto$abc_ops_reintegrate.cc:450:reintegrate$166636.genblk1.genblk1.genblk1.genblk1.genblk1.genblk1.genblk1.lut0.genblk1.genblk1.genblk1.genblk1.genblk1.genblk1.lut0.genblk1.genblk1.genblk1.genblk1.genblk1.lut0 (4 -> 3)
  Optimizing lut $auto$abc_ops_reintegrate.cc:450:reintegrate$166636.genblk1.genblk1.genblk1.genblk1.genblk1.genblk1.genblk1.lut1.genblk1.genblk1.genblk1.genblk1.genblk1.genblk1.lut1.genblk1.genblk1.genblk1.genblk1.genblk1.lut0 (4 -> 3)
  Optimizing lut $auto$abc_ops_reintegrate.cc:450:reintegrate$166636.genblk1.genblk1.genblk1.genblk1.genblk1.genblk1.genblk1.lut1.genblk1.genblk1.genblk1.genblk1.genblk1.genblk1.lut0.genblk1.genblk1.genblk1.genblk1.genblk1.lut0 (4 -> 3)
  Optimizing lut $auto$abc_ops_reintegrate.cc:450:reintegrate$166637.genblk1.genblk1.genblk1.genblk1.genblk1.genblk1.genblk1.lut0.genblk1.genblk1.genblk1.genblk1.genblk1.genblk1.lut1.genblk1.genblk1.genblk1.genblk1.genblk1.lut0 (4 -> 3)
  Optimizing lut $auto$abc_ops_reintegrate.cc:450:reintegrate$166637.genblk1.genblk1.genblk1.genblk1.genblk1.genblk1.genblk1.lut0.genblk1.genblk1.genblk1.genblk1.genblk1.genblk1.lut0.genblk1.genblk1.genblk1.genblk1.genblk1.lut0 (4 -> 3)
  Optimizing lut $auto$abc_ops_reintegrate.cc:450:reintegrate$166637.genblk1.genblk1.genblk1.genblk1.genblk1.genblk1.genblk1.lut1.genblk1.genblk1.genblk1.genblk1.genblk1.genblk1.lut1.genblk1.genblk1.genblk1.genblk1.genblk1.lut0 (4 -> 3)
  Optimizing lut $auto$abc_ops_reintegrate.cc:450:reintegrate$166637.genblk1.genblk1.genblk1.genblk1.genblk1.genblk1.genblk1.lut1.genblk1.genblk1.genblk1.genblk1.genblk1.genblk1.lut0.genblk1.genblk1.genblk1.genblk1.genblk1.lut0 (4 -> 3)
  Optimizing lut $auto$abc_ops_reintegrate.cc:450:reintegrate$166638.genblk1.genblk1.genblk1.genblk1.genblk1.genblk1.genblk1.lut0.genblk1.genblk1.genblk1.genblk1.genblk1.genblk1.lut1.genblk1.genblk1.genblk1.genblk1.genblk1.lut0 (4 -> 3)
  Optimizing lut $auto$abc_ops_reintegrate.cc:450:reintegrate$166638.genblk1.genblk1.genblk1.genblk1.genblk1.genblk1.genblk1.lut0.genblk1.genblk1.genblk1.genblk1.genblk1.genblk1.lut0.genblk1.genblk1.genblk1.genblk1.genblk1.lut0 (4 -> 3)
  Optimizing lut $auto$abc_ops_reintegrate.cc:450:reintegrate$166638.genblk1.genblk1.genblk1.genblk1.genblk1.genblk1.genblk1.lut1.genblk1.genblk1.genblk1.genblk1.genblk1.genblk1.lut1.genblk1.genblk1.genblk1.genblk1.genblk1.lut0 (4 -> 3)
  Optimizing lut $auto$abc_ops_reintegrate.cc:450:reintegrate$166638.genblk1.genblk1.genblk1.genblk1.genblk1.genblk1.genblk1.lut1.genblk1.genblk1.genblk1.genblk1.genblk1.genblk1.lut0.genblk1.genblk1.genblk1.genblk1.genblk1.lut0 (4 -> 3)
  Optimizing lut $auto$abc_ops_reintegrate.cc:450:reintegrate$166639.genblk1.genblk1.genblk1.genblk1.genblk1.genblk1.genblk1.lut0.genblk1.genblk1.genblk1.genblk1.genblk1.genblk1.lut1.genblk1.genblk1.genblk1.genblk1.genblk1.lut0 (4 -> 3)
  Optimizing lut $auto$abc_ops_reintegrate.cc:450:reintegrate$166639.genblk1.genblk1.genblk1.genblk1.genblk1.genblk1.genblk1.lut0.genblk1.genblk1.genblk1.genblk1.genblk1.genblk1.lut0.genblk1.genblk1.genblk1.genblk1.genblk1.lut0 (4 -> 3)
  Optimizing lut $auto$abc_ops_reintegrate.cc:450:reintegrate$166639.genblk1.genblk1.genblk1.genblk1.genblk1.genblk1.genblk1.lut1.genblk1.genblk1.genblk1.genblk1.genblk1.genblk1.lut1.genblk1.genblk1.genblk1.genblk1.genblk1.lut0 (4 -> 3)
  Optimizing lut $auto$abc_ops_reintegrate.cc:450:reintegrate$166639.genblk1.genblk1.genblk1.genblk1.genblk1.genblk1.genblk1.lut1.genblk1.genblk1.genblk1.genblk1.genblk1.genblk1.lut0.genblk1.genblk1.genblk1.genblk1.genblk1.lut0 (4 -> 3)
  Optimizing lut $auto$abc_ops_reintegrate.cc:450:reintegrate$166640.genblk1.genblk1.genblk1.genblk1.genblk1.genblk1.genblk1.lut0.genblk1.genblk1.genblk1.genblk1.genblk1.genblk1.lut1.genblk1.genblk1.genblk1.genblk1.genblk1.lut0 (4 -> 3)
  Optimizing lut $auto$abc_ops_reintegrate.cc:450:reintegrate$166640.genblk1.genblk1.genblk1.genblk1.genblk1.genblk1.genblk1.lut0.genblk1.genblk1.genblk1.genblk1.genblk1.genblk1.lut0.genblk1.genblk1.genblk1.genblk1.genblk1.lut0 (4 -> 3)
  Optimizing lut $auto$abc_ops_reintegrate.cc:450:reintegrate$166640.genblk1.genblk1.genblk1.genblk1.genblk1.genblk1.genblk1.lut1.genblk1.genblk1.genblk1.genblk1.genblk1.genblk1.lut1.genblk1.genblk1.genblk1.genblk1.genblk1.lut0 (4 -> 3)
  Optimizing lut $auto$abc_ops_reintegrate.cc:450:reintegrate$166640.genblk1.genblk1.genblk1.genblk1.genblk1.genblk1.genblk1.lut1.genblk1.genblk1.genblk1.genblk1.genblk1.genblk1.lut0.genblk1.genblk1.genblk1.genblk1.genblk1.lut0 (4 -> 3)
  Optimizing lut $auto$abc_ops_reintegrate.cc:450:reintegrate$166641.genblk1.genblk1.genblk1.genblk1.genblk1.genblk1.genblk1.lut0.genblk1.genblk1.genblk1.genblk1.genblk1.genblk1.lut1.genblk1.genblk1.genblk1.genblk1.genblk1.lut0 (4 -> 3)
  Optimizing lut $auto$abc_ops_reintegrate.cc:450:reintegrate$166641.genblk1.genblk1.genblk1.genblk1.genblk1.genblk1.genblk1.lut0.genblk1.genblk1.genblk1.genblk1.genblk1.genblk1.lut0.genblk1.genblk1.genblk1.genblk1.genblk1.lut0 (4 -> 3)
  Optimizing lut $auto$abc_ops_reintegrate.cc:450:reintegrate$166641.genblk1.genblk1.genblk1.genblk1.genblk1.genblk1.genblk1.lut1.genblk1.genblk1.genblk1.genblk1.genblk1.genblk1.lut1.genblk1.genblk1.genblk1.genblk1.genblk1.lut0 (4 -> 3)
  Optimizing lut $auto$abc_ops_reintegrate.cc:450:reintegrate$166641.genblk1.genblk1.genblk1.genblk1.genblk1.genblk1.genblk1.lut1.genblk1.genblk1.genblk1.genblk1.genblk1.genblk1.lut0.genblk1.genblk1.genblk1.genblk1.genblk1.lut0 (4 -> 3)
  Optimizing lut $auto$abc_ops_reintegrate.cc:450:reintegrate$166642.genblk1.genblk1.genblk1.genblk1.genblk1.genblk1.lut0.genblk1.genblk1.genblk1.genblk1.genblk1.lut1 (4 -> 3)
  Optimizing lut $auto$abc_ops_reintegrate.cc:450:reintegrate$166938.genblk1.genblk1.genblk1.genblk1.genblk1.genblk1.genblk1.genblk1.lut1.genblk1.genblk1.genblk1.genblk1.genblk1.genblk1.genblk1.lut1.genblk1.genblk1.genblk1.genblk1.genblk1.genblk1.lut0.genblk1.genblk1.genblk1.genblk1.genblk1.lut1 (4 -> 1)
  Optimizing lut $auto$abc_ops_reintegrate.cc:450:reintegrate$166938.genblk1.genblk1.genblk1.genblk1.genblk1.genblk1.genblk1.genblk1.lut1.genblk1.genblk1.genblk1.genblk1.genblk1.genblk1.genblk1.lut0.genblk1.genblk1.genblk1.genblk1.genblk1.genblk1.lut0.genblk1.genblk1.genblk1.genblk1.genblk1.lut1 (4 -> 1)
  Optimizing lut $abc$166565$lut$aiger166564$13581.genblk1.genblk1.genblk1.genblk1.genblk1.genblk1.genblk1.genblk1.lut0.genblk1.genblk1.genblk1.genblk1.genblk1.genblk1.genblk1.lut1.genblk1.genblk1.genblk1.genblk1.genblk1.genblk1.lut0.genblk1.genblk1.genblk1.genblk1.genblk1.lut1 (4 -> 3)
  Optimizing lut $abc$166565$lut$aiger166564$13581.genblk1.genblk1.genblk1.genblk1.genblk1.genblk1.genblk1.genblk1.lut0.genblk1.genblk1.genblk1.genblk1.genblk1.genblk1.genblk1.lut0.genblk1.genblk1.genblk1.genblk1.genblk1.genblk1.lut0.genblk1.genblk1.genblk1.genblk1.genblk1.lut1 (4 -> 3)
  Optimizing lut $abc$166565$lut$aiger166564$13581.genblk1.genblk1.genblk1.genblk1.genblk1.genblk1.genblk1.genblk1.lut1.genblk1.genblk1.genblk1.genblk1.genblk1.genblk1.genblk1.lut1.genblk1.genblk1.genblk1.genblk1.genblk1.genblk1.lut0.genblk1.genblk1.genblk1.genblk1.genblk1.lut1 (4 -> 2)
  Optimizing lut $abc$166565$lut$aiger166564$13581.genblk1.genblk1.genblk1.genblk1.genblk1.genblk1.genblk1.genblk1.lut1.genblk1.genblk1.genblk1.genblk1.genblk1.genblk1.genblk1.lut0.genblk1.genblk1.genblk1.genblk1.genblk1.genblk1.lut0.genblk1.genblk1.genblk1.genblk1.genblk1.lut1 (4 -> 2)
  Optimizing lut $abc$166565$lut$aiger166564$13480.genblk1.genblk1.genblk1.genblk1.genblk1.genblk1.genblk1.genblk1.lut0.genblk1.genblk1.genblk1.genblk1.genblk1.genblk1.genblk1.lut1.genblk1.genblk1.genblk1.genblk1.genblk1.genblk1.lut0.genblk1.genblk1.genblk1.genblk1.genblk1.lut1 (4 -> 0)
  Optimizing lut $abc$166565$lut$aiger166564$13480.genblk1.genblk1.genblk1.genblk1.genblk1.genblk1.genblk1.genblk1.lut0.genblk1.genblk1.genblk1.genblk1.genblk1.genblk1.genblk1.lut0.genblk1.genblk1.genblk1.genblk1.genblk1.genblk1.lut0.genblk1.genblk1.genblk1.genblk1.genblk1.lut1 (4 -> 0)
  Optimizing lut $abc$166565$lut$aiger166564$13480.genblk1.genblk1.genblk1.genblk1.genblk1.genblk1.genblk1.genblk1.lut1.genblk1.genblk1.genblk1.genblk1.genblk1.genblk1.genblk1.lut1.genblk1.genblk1.genblk1.genblk1.genblk1.genblk1.lut0.genblk1.genblk1.genblk1.genblk1.genblk1.lut1 (4 -> 3)
  Optimizing lut $abc$166565$lut$aiger166564$13480.genblk1.genblk1.genblk1.genblk1.genblk1.genblk1.genblk1.genblk1.lut1.genblk1.genblk1.genblk1.genblk1.genblk1.genblk1.genblk1.lut0.genblk1.genblk1.genblk1.genblk1.genblk1.genblk1.lut0.genblk1.genblk1.genblk1.genblk1.genblk1.lut1 (4 -> 3)
  Optimizing lut $abc$166565$lut$aiger166564$10806.genblk1.genblk1.genblk1.genblk1.genblk1.genblk1.genblk1.genblk1.lut0.genblk1.genblk1.genblk1.genblk1.genblk1.genblk1.genblk1.lut1.genblk1.genblk1.genblk1.genblk1.genblk1.genblk1.lut0.genblk1.genblk1.genblk1.genblk1.genblk1.lut1 (4 -> 1)
  Optimizing lut $abc$166565$lut$aiger166564$10806.genblk1.genblk1.genblk1.genblk1.genblk1.genblk1.genblk1.genblk1.lut0.genblk1.genblk1.genblk1.genblk1.genblk1.genblk1.genblk1.lut0.genblk1.genblk1.genblk1.genblk1.genblk1.genblk1.lut0.genblk1.genblk1.genblk1.genblk1.genblk1.lut1 (4 -> 1)
  Optimizing lut $abc$166565$lut$aiger166564$10806.genblk1.genblk1.genblk1.genblk1.genblk1.genblk1.genblk1.genblk1.lut1.genblk1.genblk1.genblk1.genblk1.genblk1.genblk1.genblk1.lut1.genblk1.genblk1.genblk1.genblk1.genblk1.genblk1.lut0.genblk1.genblk1.genblk1.genblk1.genblk1.lut1 (4 -> 1)
  Optimizing lut $abc$166565$lut$aiger166564$10806.genblk1.genblk1.genblk1.genblk1.genblk1.genblk1.genblk1.genblk1.lut1.genblk1.genblk1.genblk1.genblk1.genblk1.genblk1.genblk1.lut0.genblk1.genblk1.genblk1.genblk1.genblk1.genblk1.lut0.genblk1.genblk1.genblk1.genblk1.genblk1.lut1 (4 -> 1)
  Optimizing lut $abc$166565$lut$aiger166564$10787.genblk1.genblk1.genblk1.genblk1.genblk1.genblk1.genblk1.genblk1.lut0.genblk1.genblk1.genblk1.genblk1.genblk1.genblk1.genblk1.lut1.genblk1.genblk1.genblk1.genblk1.genblk1.genblk1.lut0.genblk1.genblk1.genblk1.genblk1.genblk1.lut1 (4 -> 1)
  Optimizing lut $abc$166565$lut$aiger166564$10787.genblk1.genblk1.genblk1.genblk1.genblk1.genblk1.genblk1.genblk1.lut0.genblk1.genblk1.genblk1.genblk1.genblk1.genblk1.genblk1.lut0.genblk1.genblk1.genblk1.genblk1.genblk1.genblk1.lut0.genblk1.genblk1.genblk1.genblk1.genblk1.lut1 (4 -> 1)
  Optimizing lut $abc$166565$lut$aiger166564$10787.genblk1.genblk1.genblk1.genblk1.genblk1.genblk1.genblk1.genblk1.lut1.genblk1.genblk1.genblk1.genblk1.genblk1.genblk1.genblk1.lut1.genblk1.genblk1.genblk1.genblk1.genblk1.genblk1.lut0.genblk1.genblk1.genblk1.genblk1.genblk1.lut1 (4 -> 1)
  Optimizing lut $abc$166565$lut$aiger166564$10787.genblk1.genblk1.genblk1.genblk1.genblk1.genblk1.genblk1.genblk1.lut1.genblk1.genblk1.genblk1.genblk1.genblk1.genblk1.genblk1.lut0.genblk1.genblk1.genblk1.genblk1.genblk1.genblk1.lut0.genblk1.genblk1.genblk1.genblk1.genblk1.lut1 (4 -> 1)
  Optimizing lut $abc$166565$lut$aiger166564$10835.genblk1.genblk1.genblk1.genblk1.genblk1.genblk1.genblk1.genblk1.lut0.genblk1.genblk1.genblk1.genblk1.genblk1.genblk1.genblk1.lut1.genblk1.genblk1.genblk1.genblk1.genblk1.genblk1.lut0.genblk1.genblk1.genblk1.genblk1.genblk1.lut1 (4 -> 1)
  Optimizing lut $abc$166565$lut$aiger166564$13517.genblk1.genblk1.genblk1.genblk1.genblk1.genblk1.genblk1.lut0.genblk1.genblk1.genblk1.genblk1.genblk1.genblk1.lut1.genblk1.genblk1.genblk1.genblk1.genblk1.lut0 (4 -> 2)
  Optimizing lut $abc$166565$lut$aiger166564$13517.genblk1.genblk1.genblk1.genblk1.genblk1.genblk1.genblk1.lut0.genblk1.genblk1.genblk1.genblk1.genblk1.genblk1.lut0.genblk1.genblk1.genblk1.genblk1.genblk1.lut0 (4 -> 2)
  Optimizing lut $abc$166565$lut$aiger166564$13517.genblk1.genblk1.genblk1.genblk1.genblk1.genblk1.genblk1.lut1.genblk1.genblk1.genblk1.genblk1.genblk1.genblk1.lut1.genblk1.genblk1.genblk1.genblk1.genblk1.lut0 (4 -> 2)
  Optimizing lut $abc$166565$lut$aiger166564$13517.genblk1.genblk1.genblk1.genblk1.genblk1.genblk1.genblk1.lut1.genblk1.genblk1.genblk1.genblk1.genblk1.genblk1.lut0.genblk1.genblk1.genblk1.genblk1.genblk1.lut0 (4 -> 2)
  Optimizing lut $abc$166565$lut$aiger166564$13539.genblk1.genblk1.genblk1.genblk1.genblk1.genblk1.genblk1.lut0.genblk1.genblk1.genblk1.genblk1.genblk1.genblk1.lut1.genblk1.genblk1.genblk1.genblk1.genblk1.lut0 (4 -> 2)
  Optimizing lut $abc$166565$lut$aiger166564$13539.genblk1.genblk1.genblk1.genblk1.genblk1.genblk1.genblk1.lut0.genblk1.genblk1.genblk1.genblk1.genblk1.genblk1.lut0.genblk1.genblk1.genblk1.genblk1.genblk1.lut0 (4 -> 2)
  Optimizing lut $abc$166565$lut$aiger166564$13539.genblk1.genblk1.genblk1.genblk1.genblk1.genblk1.genblk1.lut1.genblk1.genblk1.genblk1.genblk1.genblk1.genblk1.lut1.genblk1.genblk1.genblk1.genblk1.genblk1.lut0 (4 -> 2)
  Optimizing lut $abc$166565$lut$aiger166564$13539.genblk1.genblk1.genblk1.genblk1.genblk1.genblk1.genblk1.lut1.genblk1.genblk1.genblk1.genblk1.genblk1.genblk1.lut0.genblk1.genblk1.genblk1.genblk1.genblk1.lut0 (4 -> 2)
  Optimizing lut $abc$166565$lut$aiger166564$10835.genblk1.genblk1.genblk1.genblk1.genblk1.genblk1.genblk1.genblk1.lut0.genblk1.genblk1.genblk1.genblk1.genblk1.genblk1.genblk1.lut0.genblk1.genblk1.genblk1.genblk1.genblk1.genblk1.lut0.genblk1.genblk1.genblk1.genblk1.genblk1.lut1 (4 -> 1)
  Optimizing lut $abc$166565$lut$aiger166564$10835.genblk1.genblk1.genblk1.genblk1.genblk1.genblk1.genblk1.genblk1.lut1.genblk1.genblk1.genblk1.genblk1.genblk1.genblk1.genblk1.lut1.genblk1.genblk1.genblk1.genblk1.genblk1.genblk1.lut0.genblk1.genblk1.genblk1.genblk1.genblk1.lut1 (4 -> 1)
  Optimizing lut $abc$166565$lut$aiger166564$10774.genblk1.genblk1.genblk1.genblk1.genblk1.genblk1.genblk1.genblk1.lut0.genblk1.genblk1.genblk1.genblk1.genblk1.genblk1.genblk1.lut1.genblk1.genblk1.genblk1.genblk1.genblk1.genblk1.lut0.genblk1.genblk1.genblk1.genblk1.genblk1.lut1 (4 -> 1)
  Optimizing lut $abc$166565$lut$aiger166564$13559.genblk1.genblk1.genblk1.genblk1.genblk1.genblk1.genblk1.lut0.genblk1.genblk1.genblk1.genblk1.genblk1.genblk1.lut1.genblk1.genblk1.genblk1.genblk1.genblk1.lut0 (4 -> 2)
  Optimizing lut $abc$166565$lut$aiger166564$13559.genblk1.genblk1.genblk1.genblk1.genblk1.genblk1.genblk1.lut0.genblk1.genblk1.genblk1.genblk1.genblk1.genblk1.lut0.genblk1.genblk1.genblk1.genblk1.genblk1.lut0 (4 -> 1)
  Optimizing lut $abc$166565$lut$aiger166564$13559.genblk1.genblk1.genblk1.genblk1.genblk1.genblk1.genblk1.lut1.genblk1.genblk1.genblk1.genblk1.genblk1.genblk1.lut1.genblk1.genblk1.genblk1.genblk1.genblk1.lut0 (4 -> 2)
  Optimizing lut $abc$166565$lut$aiger166564$13559.genblk1.genblk1.genblk1.genblk1.genblk1.genblk1.genblk1.lut1.genblk1.genblk1.genblk1.genblk1.genblk1.genblk1.lut0.genblk1.genblk1.genblk1.genblk1.genblk1.lut0 (4 -> 1)
  Optimizing lut $abc$166565$lut$aiger166564$13568.genblk1.genblk1.genblk1.genblk1.genblk1.genblk1.genblk1.lut0.genblk1.genblk1.genblk1.genblk1.genblk1.genblk1.lut1.genblk1.genblk1.genblk1.genblk1.genblk1.lut0 (4 -> 0)
  Optimizing lut $abc$166565$lut$aiger166564$13568.genblk1.genblk1.genblk1.genblk1.genblk1.genblk1.genblk1.lut0.genblk1.genblk1.genblk1.genblk1.genblk1.genblk1.lut0.genblk1.genblk1.genblk1.genblk1.genblk1.lut0 (4 -> 1)
  Optimizing lut $abc$166565$lut$aiger166564$13568.genblk1.genblk1.genblk1.genblk1.genblk1.genblk1.genblk1.lut1.genblk1.genblk1.genblk1.genblk1.genblk1.genblk1.lut1.genblk1.genblk1.genblk1.genblk1.genblk1.lut0 (4 -> 0)
  Optimizing lut $abc$166565$lut$aiger166564$13568.genblk1.genblk1.genblk1.genblk1.genblk1.genblk1.genblk1.lut1.genblk1.genblk1.genblk1.genblk1.genblk1.genblk1.lut0.genblk1.genblk1.genblk1.genblk1.genblk1.lut0 (4 -> 1)
  Optimizing lut $abc$166565$lut$aiger166564$10774.genblk1.genblk1.genblk1.genblk1.genblk1.genblk1.genblk1.genblk1.lut0.genblk1.genblk1.genblk1.genblk1.genblk1.genblk1.genblk1.lut0.genblk1.genblk1.genblk1.genblk1.genblk1.genblk1.lut0.genblk1.genblk1.genblk1.genblk1.genblk1.lut1 (4 -> 1)
  Optimizing lut $abc$166565$lut$aiger166564$10774.genblk1.genblk1.genblk1.genblk1.genblk1.genblk1.genblk1.genblk1.lut1.genblk1.genblk1.genblk1.genblk1.genblk1.genblk1.genblk1.lut1.genblk1.genblk1.genblk1.genblk1.genblk1.genblk1.lut0.genblk1.genblk1.genblk1.genblk1.genblk1.lut1 (4 -> 1)
  Optimizing lut $abc$166565$lut$aiger166564$10774.genblk1.genblk1.genblk1.genblk1.genblk1.genblk1.genblk1.genblk1.lut1.genblk1.genblk1.genblk1.genblk1.genblk1.genblk1.genblk1.lut0.genblk1.genblk1.genblk1.genblk1.genblk1.genblk1.lut0.genblk1.genblk1.genblk1.genblk1.genblk1.lut1 (4 -> 1)
  Optimizing lut $auto$abc_ops_reintegrate.cc:450:reintegrate$166941.genblk1.genblk1.genblk1.genblk1.genblk1.genblk1.genblk1.genblk1.lut0.genblk1.genblk1.genblk1.genblk1.genblk1.genblk1.genblk1.lut1.genblk1.genblk1.genblk1.genblk1.genblk1.genblk1.lut0.genblk1.genblk1.genblk1.genblk1.genblk1.lut1 (4 -> 2)
  Optimizing lut $auto$abc_ops_reintegrate.cc:450:reintegrate$166941.genblk1.genblk1.genblk1.genblk1.genblk1.genblk1.genblk1.genblk1.lut0.genblk1.genblk1.genblk1.genblk1.genblk1.genblk1.genblk1.lut0.genblk1.genblk1.genblk1.genblk1.genblk1.genblk1.lut0.genblk1.genblk1.genblk1.genblk1.genblk1.lut1 (4 -> 1)
  Optimizing lut $auto$abc_ops_reintegrate.cc:450:reintegrate$166941.genblk1.genblk1.genblk1.genblk1.genblk1.genblk1.genblk1.genblk1.lut1.genblk1.genblk1.genblk1.genblk1.genblk1.genblk1.genblk1.lut1.genblk1.genblk1.genblk1.genblk1.genblk1.genblk1.lut0.genblk1.genblk1.genblk1.genblk1.genblk1.lut1 (4 -> 1)
  Optimizing lut $auto$abc_ops_reintegrate.cc:450:reintegrate$166941.genblk1.genblk1.genblk1.genblk1.genblk1.genblk1.genblk1.genblk1.lut1.genblk1.genblk1.genblk1.genblk1.genblk1.genblk1.genblk1.lut0.genblk1.genblk1.genblk1.genblk1.genblk1.genblk1.lut0.genblk1.genblk1.genblk1.genblk1.genblk1.lut1 (4 -> 1)
  Optimizing lut $auto$abc_ops_reintegrate.cc:450:reintegrate$166942.genblk1.genblk1.genblk1.genblk1.genblk1.genblk1.genblk1.genblk1.lut0.genblk1.genblk1.genblk1.genblk1.genblk1.genblk1.genblk1.lut1.genblk1.genblk1.genblk1.genblk1.genblk1.genblk1.lut0.genblk1.genblk1.genblk1.genblk1.genblk1.lut1 (4 -> 2)
  Optimizing lut $auto$abc_ops_reintegrate.cc:450:reintegrate$166942.genblk1.genblk1.genblk1.genblk1.genblk1.genblk1.genblk1.genblk1.lut0.genblk1.genblk1.genblk1.genblk1.genblk1.genblk1.genblk1.lut0.genblk1.genblk1.genblk1.genblk1.genblk1.genblk1.lut0.genblk1.genblk1.genblk1.genblk1.genblk1.lut1 (4 -> 1)
  Optimizing lut $auto$abc_ops_reintegrate.cc:450:reintegrate$166942.genblk1.genblk1.genblk1.genblk1.genblk1.genblk1.genblk1.genblk1.lut1.genblk1.genblk1.genblk1.genblk1.genblk1.genblk1.genblk1.lut1.genblk1.genblk1.genblk1.genblk1.genblk1.genblk1.lut0.genblk1.genblk1.genblk1.genblk1.genblk1.lut1 (4 -> 1)
  Optimizing lut $auto$abc_ops_reintegrate.cc:450:reintegrate$166942.genblk1.genblk1.genblk1.genblk1.genblk1.genblk1.genblk1.genblk1.lut1.genblk1.genblk1.genblk1.genblk1.genblk1.genblk1.genblk1.lut0.genblk1.genblk1.genblk1.genblk1.genblk1.genblk1.lut0.genblk1.genblk1.genblk1.genblk1.genblk1.lut1 (4 -> 1)
  Optimizing lut $abc$166565$lut$aiger166564$14210.genblk1.genblk1.genblk1.genblk1.genblk1.genblk1.genblk1.genblk1.lut0.genblk1.genblk1.genblk1.genblk1.genblk1.genblk1.genblk1.lut1.genblk1.genblk1.genblk1.genblk1.genblk1.genblk1.lut0.genblk1.genblk1.genblk1.genblk1.genblk1.lut1 (4 -> 0)
  Optimizing lut $abc$166565$lut$aiger166564$14210.genblk1.genblk1.genblk1.genblk1.genblk1.genblk1.genblk1.genblk1.lut0.genblk1.genblk1.genblk1.genblk1.genblk1.genblk1.genblk1.lut0.genblk1.genblk1.genblk1.genblk1.genblk1.genblk1.lut0.genblk1.genblk1.genblk1.genblk1.genblk1.lut1 (4 -> 0)
  Optimizing lut $abc$166565$lut$aiger166564$14210.genblk1.genblk1.genblk1.genblk1.genblk1.genblk1.genblk1.genblk1.lut1.genblk1.genblk1.genblk1.genblk1.genblk1.genblk1.genblk1.lut1.genblk1.genblk1.genblk1.genblk1.genblk1.genblk1.lut0.genblk1.genblk1.genblk1.genblk1.genblk1.lut1 (4 -> 0)
  Optimizing lut $abc$166565$lut$aiger166564$14210.genblk1.genblk1.genblk1.genblk1.genblk1.genblk1.genblk1.genblk1.lut1.genblk1.genblk1.genblk1.genblk1.genblk1.genblk1.genblk1.lut0.genblk1.genblk1.genblk1.genblk1.genblk1.genblk1.lut0.genblk1.genblk1.genblk1.genblk1.genblk1.lut1 (4 -> 0)
  Optimizing lut $abc$166565$lut$aiger166564$11296.genblk1.genblk1.genblk1.genblk1.genblk1.genblk1.genblk1.genblk1.lut0.genblk1.genblk1.genblk1.genblk1.genblk1.genblk1.genblk1.lut1.genblk1.genblk1.genblk1.genblk1.genblk1.genblk1.lut0.genblk1.genblk1.genblk1.genblk1.genblk1.lut1 (4 -> 0)
  Optimizing lut $abc$166565$lut$aiger166564$13054.genblk1.genblk1.genblk1.genblk1.genblk1.genblk1.lut0.genblk1.genblk1.genblk1.genblk1.genblk1.lut1 (4 -> 2)
  Optimizing lut $abc$166565$lut$aiger166564$11465.genblk1.genblk1.genblk1.genblk1.genblk1.genblk1.genblk1.lut0.genblk1.genblk1.genblk1.genblk1.genblk1.genblk1.lut0.genblk1.genblk1.genblk1.genblk1.genblk1.lut0 (4 -> 0)
  Optimizing lut $abc$166565$lut$aiger166564$11465.genblk1.genblk1.genblk1.genblk1.genblk1.genblk1.genblk1.lut1.genblk1.genblk1.genblk1.genblk1.genblk1.genblk1.lut1.genblk1.genblk1.genblk1.genblk1.genblk1.lut0 (4 -> 0)
  Optimizing lut $abc$166565$lut$aiger166564$11465.genblk1.genblk1.genblk1.genblk1.genblk1.genblk1.genblk1.lut1.genblk1.genblk1.genblk1.genblk1.genblk1.genblk1.lut0.genblk1.genblk1.genblk1.genblk1.genblk1.lut0 (4 -> 0)
  Optimizing lut $abc$166565$lut$aiger166564$11451.genblk1.genblk1.genblk1.genblk1.genblk1.genblk1.genblk1.lut1.genblk1.genblk1.genblk1.genblk1.genblk1.genblk1.lut1.genblk1.genblk1.genblk1.genblk1.genblk1.lut0 (4 -> 0)
  Optimizing lut $abc$166565$lut$aiger166564$11451.genblk1.genblk1.genblk1.genblk1.genblk1.genblk1.genblk1.lut1.genblk1.genblk1.genblk1.genblk1.genblk1.genblk1.lut0.genblk1.genblk1.genblk1.genblk1.genblk1.lut0 (4 -> 0)
  Optimizing lut $abc$166565$lut$aiger166564$11436.genblk1.genblk1.genblk1.genblk1.genblk1.genblk1.lut0.genblk1.genblk1.genblk1.genblk1.genblk1.lut1 (4 -> 0)
  Optimizing lut $abc$166565$lut$aiger166564$11417.genblk1.genblk1.genblk1.genblk1.genblk1.genblk1.genblk1.lut0.genblk1.genblk1.genblk1.genblk1.genblk1.genblk1.lut0.genblk1.genblk1.genblk1.genblk1.genblk1.lut0 (4 -> 0)
  Optimizing lut $abc$166565$lut$aiger166564$11417.genblk1.genblk1.genblk1.genblk1.genblk1.genblk1.genblk1.lut1.genblk1.genblk1.genblk1.genblk1.genblk1.genblk1.lut1.genblk1.genblk1.genblk1.genblk1.genblk1.lut0 (4 -> 3)
  Optimizing lut $abc$166565$lut$aiger166564$11301.genblk1.genblk1.genblk1.genblk1.genblk1.genblk1.lut0.genblk1.genblk1.genblk1.genblk1.genblk1.lut1 (4 -> 2)
  Optimizing lut $abc$166565$lut$aiger166564$11296.genblk1.genblk1.genblk1.genblk1.genblk1.genblk1.genblk1.genblk1.lut1.genblk1.genblk1.genblk1.genblk1.genblk1.genblk1.genblk1.lut1.genblk1.genblk1.genblk1.genblk1.genblk1.genblk1.lut0.genblk1.genblk1.genblk1.genblk1.genblk1.lut1 (4 -> 0)
  Optimizing lut $abc$166565$lut$aiger166564$11296.genblk1.genblk1.genblk1.genblk1.genblk1.genblk1.genblk1.genblk1.lut1.genblk1.genblk1.genblk1.genblk1.genblk1.genblk1.genblk1.lut0.genblk1.genblk1.genblk1.genblk1.genblk1.genblk1.lut0.genblk1.genblk1.genblk1.genblk1.genblk1.lut1 (4 -> 3)
  Optimizing lut $abc$166565$lut$aiger166564$10736.genblk1.genblk1.genblk1.genblk1.genblk1.genblk1.genblk1.genblk1.lut0.genblk1.genblk1.genblk1.genblk1.genblk1.genblk1.genblk1.lut1.genblk1.genblk1.genblk1.genblk1.genblk1.genblk1.lut0.genblk1.genblk1.genblk1.genblk1.genblk1.lut1 (4 -> 2)
  Optimizing lut $abc$166565$lut$aiger166564$11341.genblk1.genblk1.genblk1.genblk1.genblk1.genblk1.genblk1.lut0.genblk1.genblk1.genblk1.genblk1.genblk1.genblk1.lut1.genblk1.genblk1.genblk1.genblk1.genblk1.lut0 (4 -> 0)
  Optimizing lut $abc$166565$lut$aiger166564$11341.genblk1.genblk1.genblk1.genblk1.genblk1.genblk1.genblk1.lut1.genblk1.genblk1.genblk1.genblk1.genblk1.genblk1.lut1.genblk1.genblk1.genblk1.genblk1.genblk1.lut0 (4 -> 0)
  Optimizing lut $abc$166565$lut$aiger166564$11341.genblk1.genblk1.genblk1.genblk1.genblk1.genblk1.genblk1.lut1.genblk1.genblk1.genblk1.genblk1.genblk1.genblk1.lut0.genblk1.genblk1.genblk1.genblk1.genblk1.lut0 (4 -> 0)
  Optimizing lut $abc$166565$lut$aiger166564$11329.genblk1.genblk1.genblk1.genblk1.genblk1.genblk1.lut0.genblk1.genblk1.genblk1.genblk1.genblk1.lut1 (4 -> 0)
  Optimizing lut $abc$166565$lut$aiger166564$11623.genblk1.genblk1.genblk1.genblk1.genblk1.genblk1.genblk1.lut0.genblk1.genblk1.genblk1.genblk1.genblk1.genblk1.lut0.genblk1.genblk1.genblk1.genblk1.genblk1.lut0 (4 -> 2)
  Optimizing lut $abc$166565$lut$aiger166564$11623.genblk1.genblk1.genblk1.genblk1.genblk1.genblk1.genblk1.lut1.genblk1.genblk1.genblk1.genblk1.genblk1.genblk1.lut1.genblk1.genblk1.genblk1.genblk1.genblk1.lut0 (4 -> 2)
  Optimizing lut $abc$166565$lut$aiger166564$11623.genblk1.genblk1.genblk1.genblk1.genblk1.genblk1.genblk1.lut1.genblk1.genblk1.genblk1.genblk1.genblk1.genblk1.lut0.genblk1.genblk1.genblk1.genblk1.genblk1.lut0 (4 -> 2)
  Optimizing lut $abc$166565$lut$aiger166564$10736.genblk1.genblk1.genblk1.genblk1.genblk1.genblk1.genblk1.genblk1.lut0.genblk1.genblk1.genblk1.genblk1.genblk1.genblk1.genblk1.lut0.genblk1.genblk1.genblk1.genblk1.genblk1.genblk1.lut0.genblk1.genblk1.genblk1.genblk1.genblk1.lut1 (4 -> 2)
  Optimizing lut $abc$166565$lut$aiger166564$10736.genblk1.genblk1.genblk1.genblk1.genblk1.genblk1.genblk1.genblk1.lut1.genblk1.genblk1.genblk1.genblk1.genblk1.genblk1.genblk1.lut1.genblk1.genblk1.genblk1.genblk1.genblk1.genblk1.lut0.genblk1.genblk1.genblk1.genblk1.genblk1.lut1 (4 -> 2)
  Optimizing lut $abc$166565$lut$aiger166564$10736.genblk1.genblk1.genblk1.genblk1.genblk1.genblk1.genblk1.genblk1.lut1.genblk1.genblk1.genblk1.genblk1.genblk1.genblk1.genblk1.lut0.genblk1.genblk1.genblk1.genblk1.genblk1.genblk1.lut0.genblk1.genblk1.genblk1.genblk1.genblk1.lut1 (4 -> 2)
  Optimizing lut $abc$166565$lut$aiger166564$10701.genblk1.genblk1.genblk1.genblk1.genblk1.genblk1.genblk1.genblk1.lut0.genblk1.genblk1.genblk1.genblk1.genblk1.genblk1.genblk1.lut1.genblk1.genblk1.genblk1.genblk1.genblk1.genblk1.lut0.genblk1.genblk1.genblk1.genblk1.genblk1.lut1 (4 -> 1)
  Optimizing lut $abc$166565$lut$aiger166564$10701.genblk1.genblk1.genblk1.genblk1.genblk1.genblk1.genblk1.genblk1.lut0.genblk1.genblk1.genblk1.genblk1.genblk1.genblk1.genblk1.lut0.genblk1.genblk1.genblk1.genblk1.genblk1.genblk1.lut0.genblk1.genblk1.genblk1.genblk1.genblk1.lut1 (4 -> 1)
  Optimizing lut $abc$166565$lut$aiger166564$10701.genblk1.genblk1.genblk1.genblk1.genblk1.genblk1.genblk1.genblk1.lut1.genblk1.genblk1.genblk1.genblk1.genblk1.genblk1.genblk1.lut1.genblk1.genblk1.genblk1.genblk1.genblk1.genblk1.lut0.genblk1.genblk1.genblk1.genblk1.genblk1.lut1 (4 -> 1)
  Optimizing lut $abc$166565$lut$aiger166564$10701.genblk1.genblk1.genblk1.genblk1.genblk1.genblk1.genblk1.genblk1.lut1.genblk1.genblk1.genblk1.genblk1.genblk1.genblk1.genblk1.lut0.genblk1.genblk1.genblk1.genblk1.genblk1.genblk1.lut0.genblk1.genblk1.genblk1.genblk1.genblk1.lut1 (4 -> 1)
  Optimizing lut $abc$166565$lut$aiger166564$10714.genblk1.genblk1.genblk1.genblk1.genblk1.genblk1.genblk1.genblk1.lut0.genblk1.genblk1.genblk1.genblk1.genblk1.genblk1.genblk1.lut1.genblk1.genblk1.genblk1.genblk1.genblk1.genblk1.lut0.genblk1.genblk1.genblk1.genblk1.genblk1.lut1 (4 -> 1)
  Optimizing lut $abc$166565$lut$aiger166564$10714.genblk1.genblk1.genblk1.genblk1.genblk1.genblk1.genblk1.genblk1.lut0.genblk1.genblk1.genblk1.genblk1.genblk1.genblk1.genblk1.lut0.genblk1.genblk1.genblk1.genblk1.genblk1.genblk1.lut0.genblk1.genblk1.genblk1.genblk1.genblk1.lut1 (4 -> 1)
  Optimizing lut $abc$166565$lut$aiger166564$10714.genblk1.genblk1.genblk1.genblk1.genblk1.genblk1.genblk1.genblk1.lut1.genblk1.genblk1.genblk1.genblk1.genblk1.genblk1.genblk1.lut1.genblk1.genblk1.genblk1.genblk1.genblk1.genblk1.lut0.genblk1.genblk1.genblk1.genblk1.genblk1.lut1 (4 -> 1)
  Optimizing lut $abc$166565$lut$aiger166564$10714.genblk1.genblk1.genblk1.genblk1.genblk1.genblk1.genblk1.genblk1.lut1.genblk1.genblk1.genblk1.genblk1.genblk1.genblk1.genblk1.lut0.genblk1.genblk1.genblk1.genblk1.genblk1.genblk1.lut0.genblk1.genblk1.genblk1.genblk1.genblk1.lut1 (4 -> 1)
  Optimizing lut $abc$166565$lut$aiger166564$10675.genblk1.genblk1.genblk1.genblk1.genblk1.genblk1.genblk1.genblk1.lut0.genblk1.genblk1.genblk1.genblk1.genblk1.genblk1.genblk1.lut1.genblk1.genblk1.genblk1.genblk1.genblk1.genblk1.lut0.genblk1.genblk1.genblk1.genblk1.genblk1.lut1 (4 -> 1)
  Optimizing lut $abc$166565$lut$aiger166564$10675.genblk1.genblk1.genblk1.genblk1.genblk1.genblk1.genblk1.genblk1.lut0.genblk1.genblk1.genblk1.genblk1.genblk1.genblk1.genblk1.lut0.genblk1.genblk1.genblk1.genblk1.genblk1.genblk1.lut0.genblk1.genblk1.genblk1.genblk1.genblk1.lut1 (4 -> 1)
  Optimizing lut $abc$166565$lut$aiger166564$10675.genblk1.genblk1.genblk1.genblk1.genblk1.genblk1.genblk1.genblk1.lut1.genblk1.genblk1.genblk1.genblk1.genblk1.genblk1.genblk1.lut1.genblk1.genblk1.genblk1.genblk1.genblk1.genblk1.lut0.genblk1.genblk1.genblk1.genblk1.genblk1.lut1 (4 -> 1)
  Optimizing lut $abc$166565$lut$aiger166564$10675.genblk1.genblk1.genblk1.genblk1.genblk1.genblk1.genblk1.genblk1.lut1.genblk1.genblk1.genblk1.genblk1.genblk1.genblk1.genblk1.lut0.genblk1.genblk1.genblk1.genblk1.genblk1.genblk1.lut0.genblk1.genblk1.genblk1.genblk1.genblk1.lut1 (4 -> 1)
  Optimizing lut $abc$166565$lut$aiger166564$10642.genblk1.genblk1.genblk1.genblk1.genblk1.genblk1.genblk1.genblk1.lut0.genblk1.genblk1.genblk1.genblk1.genblk1.genblk1.genblk1.lut1.genblk1.genblk1.genblk1.genblk1.genblk1.genblk1.lut0.genblk1.genblk1.genblk1.genblk1.genblk1.lut1 (4 -> 0)
  Optimizing lut $abc$166565$lut$aiger166564$10642.genblk1.genblk1.genblk1.genblk1.genblk1.genblk1.genblk1.genblk1.lut0.genblk1.genblk1.genblk1.genblk1.genblk1.genblk1.genblk1.lut0.genblk1.genblk1.genblk1.genblk1.genblk1.genblk1.lut0.genblk1.genblk1.genblk1.genblk1.genblk1.lut1 (4 -> 0)
  Optimizing lut $abc$166565$lut$aiger166564$10642.genblk1.genblk1.genblk1.genblk1.genblk1.genblk1.genblk1.genblk1.lut1.genblk1.genblk1.genblk1.genblk1.genblk1.genblk1.genblk1.lut1.genblk1.genblk1.genblk1.genblk1.genblk1.genblk1.lut0.genblk1.genblk1.genblk1.genblk1.genblk1.lut1 (4 -> 0)
  Optimizing lut $abc$166565$lut$aiger166564$10601.genblk1.genblk1.genblk1.genblk1.genblk1.genblk1.genblk1.genblk1.lut0.genblk1.genblk1.genblk1.genblk1.genblk1.genblk1.genblk1.lut1.genblk1.genblk1.genblk1.genblk1.genblk1.genblk1.lut0.genblk1.genblk1.genblk1.genblk1.genblk1.lut1 (4 -> 1)
  Optimizing lut $abc$166565$lut$aiger166564$10608.genblk1.genblk1.genblk1.genblk1.genblk1.genblk1.lut0.genblk1.genblk1.genblk1.genblk1.genblk1.lut1 (4 -> 3)
  Optimizing lut $abc$166565$lut$aiger166564$10601.genblk1.genblk1.genblk1.genblk1.genblk1.genblk1.genblk1.genblk1.lut1.genblk1.genblk1.genblk1.genblk1.genblk1.genblk1.genblk1.lut1.genblk1.genblk1.genblk1.genblk1.genblk1.genblk1.lut0.genblk1.genblk1.genblk1.genblk1.genblk1.lut1 (4 -> 1)
  Optimizing lut $abc$166565$lut$aiger166564$10601.genblk1.genblk1.genblk1.genblk1.genblk1.genblk1.genblk1.genblk1.lut1.genblk1.genblk1.genblk1.genblk1.genblk1.genblk1.genblk1.lut0.genblk1.genblk1.genblk1.genblk1.genblk1.genblk1.lut0.genblk1.genblk1.genblk1.genblk1.genblk1.lut1 (4 -> 1)
  Optimizing lut $abc$166565$lut$aiger166564$10588.genblk1.genblk1.genblk1.genblk1.genblk1.genblk1.genblk1.genblk1.lut0.genblk1.genblk1.genblk1.genblk1.genblk1.genblk1.genblk1.lut1.genblk1.genblk1.genblk1.genblk1.genblk1.genblk1.lut0.genblk1.genblk1.genblk1.genblk1.genblk1.lut1 (4 -> 1)
  Optimizing lut $abc$166565$lut$aiger166564$10588.genblk1.genblk1.genblk1.genblk1.genblk1.genblk1.genblk1.genblk1.lut0.genblk1.genblk1.genblk1.genblk1.genblk1.genblk1.genblk1.lut0.genblk1.genblk1.genblk1.genblk1.genblk1.genblk1.lut0.genblk1.genblk1.genblk1.genblk1.genblk1.lut1 (4 -> 1)
  Optimizing lut $abc$166565$lut$aiger166564$10588.genblk1.genblk1.genblk1.genblk1.genblk1.genblk1.genblk1.genblk1.lut1.genblk1.genblk1.genblk1.genblk1.genblk1.genblk1.genblk1.lut1.genblk1.genblk1.genblk1.genblk1.genblk1.genblk1.lut0.genblk1.genblk1.genblk1.genblk1.genblk1.lut1 (4 -> 1)
  Optimizing lut $abc$166565$lut$aiger166564$10588.genblk1.genblk1.genblk1.genblk1.genblk1.genblk1.genblk1.genblk1.lut1.genblk1.genblk1.genblk1.genblk1.genblk1.genblk1.genblk1.lut0.genblk1.genblk1.genblk1.genblk1.genblk1.genblk1.lut0.genblk1.genblk1.genblk1.genblk1.genblk1.lut1 (4 -> 1)
  Optimizing lut $abc$166565$lut$aiger166564$10567.genblk1.genblk1.genblk1.genblk1.genblk1.genblk1.genblk1.genblk1.lut0.genblk1.genblk1.genblk1.genblk1.genblk1.genblk1.genblk1.lut1.genblk1.genblk1.genblk1.genblk1.genblk1.genblk1.lut0.genblk1.genblk1.genblk1.genblk1.genblk1.lut1 (4 -> 1)
  Optimizing lut $abc$166565$lut$aiger166564$10567.genblk1.genblk1.genblk1.genblk1.genblk1.genblk1.genblk1.genblk1.lut0.genblk1.genblk1.genblk1.genblk1.genblk1.genblk1.genblk1.lut0.genblk1.genblk1.genblk1.genblk1.genblk1.genblk1.lut0.genblk1.genblk1.genblk1.genblk1.genblk1.lut1 (4 -> 1)
  Optimizing lut $abc$166565$lut$aiger166564$10567.genblk1.genblk1.genblk1.genblk1.genblk1.genblk1.genblk1.genblk1.lut1.genblk1.genblk1.genblk1.genblk1.genblk1.genblk1.genblk1.lut1.genblk1.genblk1.genblk1.genblk1.genblk1.genblk1.lut0.genblk1.genblk1.genblk1.genblk1.genblk1.lut1 (4 -> 1)
  Optimizing lut $abc$166565$lut$aiger166564$10567.genblk1.genblk1.genblk1.genblk1.genblk1.genblk1.genblk1.genblk1.lut1.genblk1.genblk1.genblk1.genblk1.genblk1.genblk1.genblk1.lut0.genblk1.genblk1.genblk1.genblk1.genblk1.genblk1.lut0.genblk1.genblk1.genblk1.genblk1.genblk1.lut1 (4 -> 1)
  Optimizing lut $abc$166565$lut$aiger166564$10553.genblk1.genblk1.genblk1.genblk1.genblk1.genblk1.genblk1.genblk1.lut0.genblk1.genblk1.genblk1.genblk1.genblk1.genblk1.genblk1.lut1.genblk1.genblk1.genblk1.genblk1.genblk1.genblk1.lut0.genblk1.genblk1.genblk1.genblk1.genblk1.lut1 (4 -> 1)
  Optimizing lut $abc$166565$lut$aiger166564$10553.genblk1.genblk1.genblk1.genblk1.genblk1.genblk1.genblk1.genblk1.lut0.genblk1.genblk1.genblk1.genblk1.genblk1.genblk1.genblk1.lut0.genblk1.genblk1.genblk1.genblk1.genblk1.genblk1.lut0.genblk1.genblk1.genblk1.genblk1.genblk1.lut1 (4 -> 1)
  Optimizing lut $abc$166565$lut$aiger166564$10553.genblk1.genblk1.genblk1.genblk1.genblk1.genblk1.genblk1.genblk1.lut1.genblk1.genblk1.genblk1.genblk1.genblk1.genblk1.genblk1.lut1.genblk1.genblk1.genblk1.genblk1.genblk1.genblk1.lut0.genblk1.genblk1.genblk1.genblk1.genblk1.lut1 (4 -> 1)
  Optimizing lut $abc$166565$lut$aiger166564$10553.genblk1.genblk1.genblk1.genblk1.genblk1.genblk1.genblk1.genblk1.lut1.genblk1.genblk1.genblk1.genblk1.genblk1.genblk1.genblk1.lut0.genblk1.genblk1.genblk1.genblk1.genblk1.genblk1.lut0.genblk1.genblk1.genblk1.genblk1.genblk1.lut1 (4 -> 1)
  Optimizing lut $auto$abc_ops_reintegrate.cc:450:reintegrate$167031.genblk1.genblk1.genblk1.genblk1.genblk1.genblk1.genblk1.genblk1.lut0.genblk1.genblk1.genblk1.genblk1.genblk1.genblk1.genblk1.lut1.genblk1.genblk1.genblk1.genblk1.genblk1.genblk1.lut0.genblk1.genblk1.genblk1.genblk1.genblk1.lut1 (4 -> 0)
  Optimizing lut $auto$abc_ops_reintegrate.cc:450:reintegrate$167031.genblk1.genblk1.genblk1.genblk1.genblk1.genblk1.genblk1.genblk1.lut0.genblk1.genblk1.genblk1.genblk1.genblk1.genblk1.genblk1.lut0.genblk1.genblk1.genblk1.genblk1.genblk1.genblk1.lut0.genblk1.genblk1.genblk1.genblk1.genblk1.lut1 (4 -> 0)
  Optimizing lut $auto$abc_ops_reintegrate.cc:450:reintegrate$167031.genblk1.genblk1.genblk1.genblk1.genblk1.genblk1.genblk1.genblk1.lut1.genblk1.genblk1.genblk1.genblk1.genblk1.genblk1.genblk1.lut1.genblk1.genblk1.genblk1.genblk1.genblk1.genblk1.lut0.genblk1.genblk1.genblk1.genblk1.genblk1.lut1 (4 -> 0)
  Optimizing lut $auto$abc_ops_reintegrate.cc:450:reintegrate$167031.genblk1.genblk1.genblk1.genblk1.genblk1.genblk1.genblk1.genblk1.lut1.genblk1.genblk1.genblk1.genblk1.genblk1.genblk1.genblk1.lut0.genblk1.genblk1.genblk1.genblk1.genblk1.genblk1.lut0.genblk1.genblk1.genblk1.genblk1.genblk1.lut1 (4 -> 0)
  Optimizing lut $auto$abc_ops_reintegrate.cc:450:reintegrate$167069.genblk1.genblk1.genblk1.genblk1.genblk1.genblk1.genblk1.lut1.genblk1.genblk1.genblk1.genblk1.genblk1.genblk1.lut0.genblk1.genblk1.genblk1.genblk1.genblk1.lut1 (4 -> 3)
  Optimizing lut $auto$abc_ops_reintegrate.cc:450:reintegrate$167054.genblk1.genblk1.genblk1.genblk1.genblk1.genblk1.genblk1.lut0.genblk1.genblk1.genblk1.genblk1.genblk1.genblk1.lut1.genblk1.genblk1.genblk1.genblk1.genblk1.lut0 (4 -> 3)
  Optimizing lut $auto$abc_ops_reintegrate.cc:450:reintegrate$167054.genblk1.genblk1.genblk1.genblk1.genblk1.genblk1.genblk1.lut0.genblk1.genblk1.genblk1.genblk1.genblk1.genblk1.lut0.genblk1.genblk1.genblk1.genblk1.genblk1.lut0 (4 -> 3)
  Optimizing lut $auto$abc_ops_reintegrate.cc:450:reintegrate$167054.genblk1.genblk1.genblk1.genblk1.genblk1.genblk1.genblk1.lut1.genblk1.genblk1.genblk1.genblk1.genblk1.genblk1.lut1.genblk1.genblk1.genblk1.genblk1.genblk1.lut0 (4 -> 3)
  Optimizing lut $auto$abc_ops_reintegrate.cc:450:reintegrate$167054.genblk1.genblk1.genblk1.genblk1.genblk1.genblk1.genblk1.lut1.genblk1.genblk1.genblk1.genblk1.genblk1.genblk1.lut0.genblk1.genblk1.genblk1.genblk1.genblk1.lut0 (4 -> 3)
  Optimizing lut $auto$abc_ops_reintegrate.cc:450:reintegrate$167055.genblk1.genblk1.genblk1.genblk1.genblk1.genblk1.genblk1.lut0.genblk1.genblk1.genblk1.genblk1.genblk1.genblk1.lut1.genblk1.genblk1.genblk1.genblk1.genblk1.lut0 (4 -> 3)
  Optimizing lut $auto$abc_ops_reintegrate.cc:450:reintegrate$167055.genblk1.genblk1.genblk1.genblk1.genblk1.genblk1.genblk1.lut0.genblk1.genblk1.genblk1.genblk1.genblk1.genblk1.lut0.genblk1.genblk1.genblk1.genblk1.genblk1.lut0 (4 -> 3)
  Optimizing lut $auto$abc_ops_reintegrate.cc:450:reintegrate$167055.genblk1.genblk1.genblk1.genblk1.genblk1.genblk1.genblk1.lut1.genblk1.genblk1.genblk1.genblk1.genblk1.genblk1.lut1.genblk1.genblk1.genblk1.genblk1.genblk1.lut0 (4 -> 3)
  Optimizing lut $auto$abc_ops_reintegrate.cc:450:reintegrate$167055.genblk1.genblk1.genblk1.genblk1.genblk1.genblk1.genblk1.lut1.genblk1.genblk1.genblk1.genblk1.genblk1.genblk1.lut0.genblk1.genblk1.genblk1.genblk1.genblk1.lut0 (4 -> 3)
  Optimizing lut $auto$abc_ops_reintegrate.cc:450:reintegrate$167056.genblk1.genblk1.genblk1.genblk1.genblk1.genblk1.genblk1.lut0.genblk1.genblk1.genblk1.genblk1.genblk1.genblk1.lut1.genblk1.genblk1.genblk1.genblk1.genblk1.lut0 (4 -> 3)
  Optimizing lut $auto$abc_ops_reintegrate.cc:450:reintegrate$167056.genblk1.genblk1.genblk1.genblk1.genblk1.genblk1.genblk1.lut0.genblk1.genblk1.genblk1.genblk1.genblk1.genblk1.lut0.genblk1.genblk1.genblk1.genblk1.genblk1.lut0 (4 -> 3)
  Optimizing lut $auto$abc_ops_reintegrate.cc:450:reintegrate$167056.genblk1.genblk1.genblk1.genblk1.genblk1.genblk1.genblk1.lut1.genblk1.genblk1.genblk1.genblk1.genblk1.genblk1.lut1.genblk1.genblk1.genblk1.genblk1.genblk1.lut0 (4 -> 3)
  Optimizing lut $auto$abc_ops_reintegrate.cc:450:reintegrate$167056.genblk1.genblk1.genblk1.genblk1.genblk1.genblk1.genblk1.lut1.genblk1.genblk1.genblk1.genblk1.genblk1.genblk1.lut0.genblk1.genblk1.genblk1.genblk1.genblk1.lut0 (4 -> 3)
  Optimizing lut $auto$abc_ops_reintegrate.cc:450:reintegrate$167057.genblk1.genblk1.genblk1.genblk1.genblk1.genblk1.genblk1.lut0.genblk1.genblk1.genblk1.genblk1.genblk1.genblk1.lut1.genblk1.genblk1.genblk1.genblk1.genblk1.lut0 (4 -> 3)
  Optimizing lut $auto$abc_ops_reintegrate.cc:450:reintegrate$167057.genblk1.genblk1.genblk1.genblk1.genblk1.genblk1.genblk1.lut0.genblk1.genblk1.genblk1.genblk1.genblk1.genblk1.lut0.genblk1.genblk1.genblk1.genblk1.genblk1.lut0 (4 -> 3)
  Optimizing lut $auto$abc_ops_reintegrate.cc:450:reintegrate$167057.genblk1.genblk1.genblk1.genblk1.genblk1.genblk1.genblk1.lut1.genblk1.genblk1.genblk1.genblk1.genblk1.genblk1.lut1.genblk1.genblk1.genblk1.genblk1.genblk1.lut0 (4 -> 3)
  Optimizing lut $auto$abc_ops_reintegrate.cc:450:reintegrate$167057.genblk1.genblk1.genblk1.genblk1.genblk1.genblk1.genblk1.lut1.genblk1.genblk1.genblk1.genblk1.genblk1.genblk1.lut0.genblk1.genblk1.genblk1.genblk1.genblk1.lut0 (4 -> 3)
  Optimizing lut $auto$abc_ops_reintegrate.cc:450:reintegrate$167058.genblk1.genblk1.genblk1.genblk1.genblk1.genblk1.genblk1.lut0.genblk1.genblk1.genblk1.genblk1.genblk1.genblk1.lut1.genblk1.genblk1.genblk1.genblk1.genblk1.lut0 (4 -> 3)
  Optimizing lut $auto$abc_ops_reintegrate.cc:450:reintegrate$167058.genblk1.genblk1.genblk1.genblk1.genblk1.genblk1.genblk1.lut0.genblk1.genblk1.genblk1.genblk1.genblk1.genblk1.lut0.genblk1.genblk1.genblk1.genblk1.genblk1.lut0 (4 -> 3)
  Optimizing lut $auto$abc_ops_reintegrate.cc:450:reintegrate$167058.genblk1.genblk1.genblk1.genblk1.genblk1.genblk1.genblk1.lut1.genblk1.genblk1.genblk1.genblk1.genblk1.genblk1.lut1.genblk1.genblk1.genblk1.genblk1.genblk1.lut0 (4 -> 3)
  Optimizing lut $auto$abc_ops_reintegrate.cc:450:reintegrate$167058.genblk1.genblk1.genblk1.genblk1.genblk1.genblk1.genblk1.lut1.genblk1.genblk1.genblk1.genblk1.genblk1.genblk1.lut0.genblk1.genblk1.genblk1.genblk1.genblk1.lut0 (4 -> 3)
  Optimizing lut $auto$abc_ops_reintegrate.cc:450:reintegrate$167059.genblk1.genblk1.genblk1.genblk1.genblk1.genblk1.genblk1.lut0.genblk1.genblk1.genblk1.genblk1.genblk1.genblk1.lut1.genblk1.genblk1.genblk1.genblk1.genblk1.lut0 (4 -> 3)
  Optimizing lut $auto$abc_ops_reintegrate.cc:450:reintegrate$167059.genblk1.genblk1.genblk1.genblk1.genblk1.genblk1.genblk1.lut0.genblk1.genblk1.genblk1.genblk1.genblk1.genblk1.lut0.genblk1.genblk1.genblk1.genblk1.genblk1.lut0 (4 -> 3)
  Optimizing lut $auto$abc_ops_reintegrate.cc:450:reintegrate$167059.genblk1.genblk1.genblk1.genblk1.genblk1.genblk1.genblk1.lut1.genblk1.genblk1.genblk1.genblk1.genblk1.genblk1.lut1.genblk1.genblk1.genblk1.genblk1.genblk1.lut0 (4 -> 3)
  Optimizing lut $auto$abc_ops_reintegrate.cc:450:reintegrate$167059.genblk1.genblk1.genblk1.genblk1.genblk1.genblk1.genblk1.lut1.genblk1.genblk1.genblk1.genblk1.genblk1.genblk1.lut0.genblk1.genblk1.genblk1.genblk1.genblk1.lut0 (4 -> 3)
  Optimizing lut $auto$abc_ops_reintegrate.cc:450:reintegrate$167060.genblk1.genblk1.genblk1.genblk1.genblk1.genblk1.genblk1.lut0.genblk1.genblk1.genblk1.genblk1.genblk1.genblk1.lut1.genblk1.genblk1.genblk1.genblk1.genblk1.lut0 (4 -> 3)
  Optimizing lut $auto$abc_ops_reintegrate.cc:450:reintegrate$167060.genblk1.genblk1.genblk1.genblk1.genblk1.genblk1.genblk1.lut0.genblk1.genblk1.genblk1.genblk1.genblk1.genblk1.lut0.genblk1.genblk1.genblk1.genblk1.genblk1.lut0 (4 -> 3)
  Optimizing lut $auto$abc_ops_reintegrate.cc:450:reintegrate$167060.genblk1.genblk1.genblk1.genblk1.genblk1.genblk1.genblk1.lut1.genblk1.genblk1.genblk1.genblk1.genblk1.genblk1.lut1.genblk1.genblk1.genblk1.genblk1.genblk1.lut0 (4 -> 3)
  Optimizing lut $auto$abc_ops_reintegrate.cc:450:reintegrate$167060.genblk1.genblk1.genblk1.genblk1.genblk1.genblk1.genblk1.lut1.genblk1.genblk1.genblk1.genblk1.genblk1.genblk1.lut0.genblk1.genblk1.genblk1.genblk1.genblk1.lut0 (4 -> 3)
  Optimizing lut $auto$abc_ops_reintegrate.cc:450:reintegrate$167061.genblk1.genblk1.genblk1.genblk1.genblk1.genblk1.genblk1.lut0.genblk1.genblk1.genblk1.genblk1.genblk1.genblk1.lut1.genblk1.genblk1.genblk1.genblk1.genblk1.lut0 (4 -> 3)
  Optimizing lut $auto$abc_ops_reintegrate.cc:450:reintegrate$167061.genblk1.genblk1.genblk1.genblk1.genblk1.genblk1.genblk1.lut0.genblk1.genblk1.genblk1.genblk1.genblk1.genblk1.lut0.genblk1.genblk1.genblk1.genblk1.genblk1.lut0 (4 -> 3)
  Optimizing lut $auto$abc_ops_reintegrate.cc:450:reintegrate$167061.genblk1.genblk1.genblk1.genblk1.genblk1.genblk1.genblk1.lut1.genblk1.genblk1.genblk1.genblk1.genblk1.genblk1.lut1.genblk1.genblk1.genblk1.genblk1.genblk1.lut0 (4 -> 3)
  Optimizing lut $auto$abc_ops_reintegrate.cc:450:reintegrate$167061.genblk1.genblk1.genblk1.genblk1.genblk1.genblk1.genblk1.lut1.genblk1.genblk1.genblk1.genblk1.genblk1.genblk1.lut0.genblk1.genblk1.genblk1.genblk1.genblk1.lut0 (4 -> 3)
  Optimizing lut $auto$abc_ops_reintegrate.cc:450:reintegrate$167062.genblk1.genblk1.genblk1.genblk1.genblk1.genblk1.genblk1.lut0.genblk1.genblk1.genblk1.genblk1.genblk1.genblk1.lut1.genblk1.genblk1.genblk1.genblk1.genblk1.lut0 (4 -> 3)
  Optimizing lut $auto$abc_ops_reintegrate.cc:450:reintegrate$167062.genblk1.genblk1.genblk1.genblk1.genblk1.genblk1.genblk1.lut0.genblk1.genblk1.genblk1.genblk1.genblk1.genblk1.lut0.genblk1.genblk1.genblk1.genblk1.genblk1.lut0 (4 -> 3)
  Optimizing lut $auto$abc_ops_reintegrate.cc:450:reintegrate$167062.genblk1.genblk1.genblk1.genblk1.genblk1.genblk1.genblk1.lut1.genblk1.genblk1.genblk1.genblk1.genblk1.genblk1.lut1.genblk1.genblk1.genblk1.genblk1.genblk1.lut0 (4 -> 3)
  Optimizing lut $auto$abc_ops_reintegrate.cc:450:reintegrate$167062.genblk1.genblk1.genblk1.genblk1.genblk1.genblk1.genblk1.lut1.genblk1.genblk1.genblk1.genblk1.genblk1.genblk1.lut0.genblk1.genblk1.genblk1.genblk1.genblk1.lut0 (4 -> 3)
  Optimizing lut $auto$abc_ops_reintegrate.cc:450:reintegrate$167063.genblk1.genblk1.genblk1.genblk1.genblk1.genblk1.genblk1.lut0.genblk1.genblk1.genblk1.genblk1.genblk1.genblk1.lut1.genblk1.genblk1.genblk1.genblk1.genblk1.lut0 (4 -> 3)
  Optimizing lut $auto$abc_ops_reintegrate.cc:450:reintegrate$167063.genblk1.genblk1.genblk1.genblk1.genblk1.genblk1.genblk1.lut0.genblk1.genblk1.genblk1.genblk1.genblk1.genblk1.lut0.genblk1.genblk1.genblk1.genblk1.genblk1.lut0 (4 -> 3)
  Optimizing lut $auto$abc_ops_reintegrate.cc:450:reintegrate$167063.genblk1.genblk1.genblk1.genblk1.genblk1.genblk1.genblk1.lut1.genblk1.genblk1.genblk1.genblk1.genblk1.genblk1.lut1.genblk1.genblk1.genblk1.genblk1.genblk1.lut0 (4 -> 3)
  Optimizing lut $auto$abc_ops_reintegrate.cc:450:reintegrate$167063.genblk1.genblk1.genblk1.genblk1.genblk1.genblk1.genblk1.lut1.genblk1.genblk1.genblk1.genblk1.genblk1.genblk1.lut0.genblk1.genblk1.genblk1.genblk1.genblk1.lut0 (4 -> 3)
  Optimizing lut $auto$abc_ops_reintegrate.cc:450:reintegrate$167064.genblk1.genblk1.genblk1.genblk1.genblk1.genblk1.genblk1.lut0.genblk1.genblk1.genblk1.genblk1.genblk1.genblk1.lut1.genblk1.genblk1.genblk1.genblk1.genblk1.lut0 (4 -> 3)
  Optimizing lut $auto$abc_ops_reintegrate.cc:450:reintegrate$167064.genblk1.genblk1.genblk1.genblk1.genblk1.genblk1.genblk1.lut0.genblk1.genblk1.genblk1.genblk1.genblk1.genblk1.lut0.genblk1.genblk1.genblk1.genblk1.genblk1.lut0 (4 -> 3)
  Optimizing lut $auto$abc_ops_reintegrate.cc:450:reintegrate$167064.genblk1.genblk1.genblk1.genblk1.genblk1.genblk1.genblk1.lut1.genblk1.genblk1.genblk1.genblk1.genblk1.genblk1.lut1.genblk1.genblk1.genblk1.genblk1.genblk1.lut0 (4 -> 3)
  Optimizing lut $auto$abc_ops_reintegrate.cc:450:reintegrate$167064.genblk1.genblk1.genblk1.genblk1.genblk1.genblk1.genblk1.lut1.genblk1.genblk1.genblk1.genblk1.genblk1.genblk1.lut0.genblk1.genblk1.genblk1.genblk1.genblk1.lut0 (4 -> 3)
  Optimizing lut $auto$abc_ops_reintegrate.cc:450:reintegrate$167065.genblk1.genblk1.genblk1.genblk1.genblk1.genblk1.genblk1.lut0.genblk1.genblk1.genblk1.genblk1.genblk1.genblk1.lut1.genblk1.genblk1.genblk1.genblk1.genblk1.lut0 (4 -> 3)
  Optimizing lut $auto$abc_ops_reintegrate.cc:450:reintegrate$167065.genblk1.genblk1.genblk1.genblk1.genblk1.genblk1.genblk1.lut0.genblk1.genblk1.genblk1.genblk1.genblk1.genblk1.lut0.genblk1.genblk1.genblk1.genblk1.genblk1.lut0 (4 -> 3)
  Optimizing lut $auto$abc_ops_reintegrate.cc:450:reintegrate$167065.genblk1.genblk1.genblk1.genblk1.genblk1.genblk1.genblk1.lut1.genblk1.genblk1.genblk1.genblk1.genblk1.genblk1.lut1.genblk1.genblk1.genblk1.genblk1.genblk1.lut0 (4 -> 3)
  Optimizing lut $auto$abc_ops_reintegrate.cc:450:reintegrate$167065.genblk1.genblk1.genblk1.genblk1.genblk1.genblk1.genblk1.lut1.genblk1.genblk1.genblk1.genblk1.genblk1.genblk1.lut0.genblk1.genblk1.genblk1.genblk1.genblk1.lut0 (4 -> 3)
  Optimizing lut $auto$abc_ops_reintegrate.cc:450:reintegrate$167066.genblk1.genblk1.genblk1.genblk1.genblk1.genblk1.genblk1.lut0.genblk1.genblk1.genblk1.genblk1.genblk1.genblk1.lut1.genblk1.genblk1.genblk1.genblk1.genblk1.lut0 (4 -> 3)
  Optimizing lut $auto$abc_ops_reintegrate.cc:450:reintegrate$167066.genblk1.genblk1.genblk1.genblk1.genblk1.genblk1.genblk1.lut0.genblk1.genblk1.genblk1.genblk1.genblk1.genblk1.lut0.genblk1.genblk1.genblk1.genblk1.genblk1.lut0 (4 -> 3)
  Optimizing lut $auto$abc_ops_reintegrate.cc:450:reintegrate$167066.genblk1.genblk1.genblk1.genblk1.genblk1.genblk1.genblk1.lut1.genblk1.genblk1.genblk1.genblk1.genblk1.genblk1.lut1.genblk1.genblk1.genblk1.genblk1.genblk1.lut0 (4 -> 3)
  Optimizing lut $auto$abc_ops_reintegrate.cc:450:reintegrate$167066.genblk1.genblk1.genblk1.genblk1.genblk1.genblk1.genblk1.lut1.genblk1.genblk1.genblk1.genblk1.genblk1.genblk1.lut0.genblk1.genblk1.genblk1.genblk1.genblk1.lut0 (4 -> 3)
  Optimizing lut $auto$abc_ops_reintegrate.cc:450:reintegrate$167067.genblk1.genblk1.genblk1.genblk1.genblk1.genblk1.genblk1.lut0.genblk1.genblk1.genblk1.genblk1.genblk1.genblk1.lut1.genblk1.genblk1.genblk1.genblk1.genblk1.lut0 (4 -> 3)
  Optimizing lut $auto$abc_ops_reintegrate.cc:450:reintegrate$167067.genblk1.genblk1.genblk1.genblk1.genblk1.genblk1.genblk1.lut0.genblk1.genblk1.genblk1.genblk1.genblk1.genblk1.lut0.genblk1.genblk1.genblk1.genblk1.genblk1.lut0 (4 -> 3)
  Optimizing lut $auto$abc_ops_reintegrate.cc:450:reintegrate$167067.genblk1.genblk1.genblk1.genblk1.genblk1.genblk1.genblk1.lut1.genblk1.genblk1.genblk1.genblk1.genblk1.genblk1.lut1.genblk1.genblk1.genblk1.genblk1.genblk1.lut0 (4 -> 3)
  Optimizing lut $auto$abc_ops_reintegrate.cc:450:reintegrate$167067.genblk1.genblk1.genblk1.genblk1.genblk1.genblk1.genblk1.lut1.genblk1.genblk1.genblk1.genblk1.genblk1.genblk1.lut0.genblk1.genblk1.genblk1.genblk1.genblk1.lut0 (4 -> 3)
  Optimizing lut $auto$abc_ops_reintegrate.cc:450:reintegrate$167068.genblk1.genblk1.genblk1.genblk1.genblk1.genblk1.genblk1.lut0.genblk1.genblk1.genblk1.genblk1.genblk1.genblk1.lut1.genblk1.genblk1.genblk1.genblk1.genblk1.lut0 (4 -> 3)
  Optimizing lut $auto$abc_ops_reintegrate.cc:450:reintegrate$167068.genblk1.genblk1.genblk1.genblk1.genblk1.genblk1.genblk1.lut0.genblk1.genblk1.genblk1.genblk1.genblk1.genblk1.lut0.genblk1.genblk1.genblk1.genblk1.genblk1.lut0 (4 -> 3)
  Optimizing lut $auto$abc_ops_reintegrate.cc:450:reintegrate$167068.genblk1.genblk1.genblk1.genblk1.genblk1.genblk1.genblk1.lut1.genblk1.genblk1.genblk1.genblk1.genblk1.genblk1.lut1.genblk1.genblk1.genblk1.genblk1.genblk1.lut0 (4 -> 3)
  Optimizing lut $auto$abc_ops_reintegrate.cc:450:reintegrate$167068.genblk1.genblk1.genblk1.genblk1.genblk1.genblk1.genblk1.lut1.genblk1.genblk1.genblk1.genblk1.genblk1.genblk1.lut0.genblk1.genblk1.genblk1.genblk1.genblk1.lut0 (4 -> 3)
  Optimizing lut $auto$abc_ops_reintegrate.cc:450:reintegrate$167069.genblk1.genblk1.genblk1.genblk1.genblk1.genblk1.genblk1.lut0.genblk1.genblk1.genblk1.genblk1.genblk1.genblk1.lut1.genblk1.genblk1.genblk1.genblk1.genblk1.lut0 (4 -> 3)
  Optimizing lut $auto$abc_ops_reintegrate.cc:450:reintegrate$167069.genblk1.genblk1.genblk1.genblk1.genblk1.genblk1.genblk1.lut0.genblk1.genblk1.genblk1.genblk1.genblk1.genblk1.lut0.genblk1.genblk1.genblk1.genblk1.genblk1.lut0 (4 -> 3)
  Optimizing lut $auto$abc_ops_reintegrate.cc:450:reintegrate$167069.genblk1.genblk1.genblk1.genblk1.genblk1.genblk1.genblk1.lut1.genblk1.genblk1.genblk1.genblk1.genblk1.genblk1.lut1.genblk1.genblk1.genblk1.genblk1.genblk1.lut0 (4 -> 3)
  Optimizing lut $auto$abc_ops_reintegrate.cc:450:reintegrate$167069.genblk1.genblk1.genblk1.genblk1.genblk1.genblk1.genblk1.lut1.genblk1.genblk1.genblk1.genblk1.genblk1.genblk1.lut0.genblk1.genblk1.genblk1.genblk1.genblk1.lut0 (4 -> 3)
  Optimizing lut $auto$abc_ops_reintegrate.cc:450:reintegrate$167070.genblk1.genblk1.genblk1.genblk1.genblk1.genblk1.lut0.genblk1.genblk1.genblk1.genblk1.genblk1.lut1 (4 -> 3)
  Optimizing lut $auto$abc_ops_reintegrate.cc:450:reintegrate$167083.genblk1.genblk1.genblk1.genblk1.genblk1.genblk1.lut0.genblk1.genblk1.genblk1.genblk1.genblk1.lut0 (4 -> 3)
  Optimizing lut $auto$abc_ops_reintegrate.cc:450:reintegrate$167082.genblk1.genblk1.genblk1.genblk1.genblk1.genblk1.lut1.genblk1.genblk1.genblk1.genblk1.genblk1.lut0 (4 -> 3)
  Optimizing lut $auto$abc_ops_reintegrate.cc:450:reintegrate$167082.genblk1.genblk1.genblk1.genblk1.genblk1.genblk1.lut0.genblk1.genblk1.genblk1.genblk1.genblk1.lut0 (4 -> 3)
  Optimizing lut $auto$abc_ops_reintegrate.cc:450:reintegrate$167081.genblk1.genblk1.genblk1.genblk1.genblk1.genblk1.lut1.genblk1.genblk1.genblk1.genblk1.genblk1.lut0 (4 -> 3)
  Optimizing lut $auto$abc_ops_reintegrate.cc:450:reintegrate$167081.genblk1.genblk1.genblk1.genblk1.genblk1.genblk1.lut0.genblk1.genblk1.genblk1.genblk1.genblk1.lut0 (4 -> 3)
  Optimizing lut $auto$abc_ops_reintegrate.cc:450:reintegrate$167080.genblk1.genblk1.genblk1.genblk1.genblk1.genblk1.lut1.genblk1.genblk1.genblk1.genblk1.genblk1.lut0 (4 -> 3)
  Optimizing lut $auto$abc_ops_reintegrate.cc:450:reintegrate$167080.genblk1.genblk1.genblk1.genblk1.genblk1.genblk1.lut0.genblk1.genblk1.genblk1.genblk1.genblk1.lut0 (4 -> 3)
  Optimizing lut $auto$abc_ops_reintegrate.cc:450:reintegrate$167079.genblk1.genblk1.genblk1.genblk1.genblk1.genblk1.lut1.genblk1.genblk1.genblk1.genblk1.genblk1.lut0 (4 -> 3)
  Optimizing lut $auto$abc_ops_reintegrate.cc:450:reintegrate$167079.genblk1.genblk1.genblk1.genblk1.genblk1.genblk1.lut0.genblk1.genblk1.genblk1.genblk1.genblk1.lut0 (4 -> 3)
  Optimizing lut $auto$abc_ops_reintegrate.cc:450:reintegrate$167078.genblk1.genblk1.genblk1.genblk1.genblk1.genblk1.lut1.genblk1.genblk1.genblk1.genblk1.genblk1.lut0 (4 -> 3)
  Optimizing lut $auto$abc_ops_reintegrate.cc:450:reintegrate$167078.genblk1.genblk1.genblk1.genblk1.genblk1.genblk1.lut0.genblk1.genblk1.genblk1.genblk1.genblk1.lut0 (4 -> 3)
  Optimizing lut $auto$abc_ops_reintegrate.cc:450:reintegrate$167077.genblk1.genblk1.genblk1.genblk1.genblk1.genblk1.lut1.genblk1.genblk1.genblk1.genblk1.genblk1.lut0 (4 -> 3)
  Optimizing lut $auto$abc_ops_reintegrate.cc:450:reintegrate$167077.genblk1.genblk1.genblk1.genblk1.genblk1.genblk1.lut0.genblk1.genblk1.genblk1.genblk1.genblk1.lut0 (4 -> 3)
  Optimizing lut $auto$abc_ops_reintegrate.cc:450:reintegrate$167076.genblk1.genblk1.genblk1.genblk1.genblk1.genblk1.lut1.genblk1.genblk1.genblk1.genblk1.genblk1.lut0 (4 -> 3)
  Optimizing lut $auto$abc_ops_reintegrate.cc:450:reintegrate$167076.genblk1.genblk1.genblk1.genblk1.genblk1.genblk1.lut0.genblk1.genblk1.genblk1.genblk1.genblk1.lut0 (4 -> 3)
  Optimizing lut $auto$abc_ops_reintegrate.cc:450:reintegrate$167075.genblk1.genblk1.genblk1.genblk1.genblk1.genblk1.lut1.genblk1.genblk1.genblk1.genblk1.genblk1.lut0 (4 -> 3)
  Optimizing lut $auto$abc_ops_reintegrate.cc:450:reintegrate$167075.genblk1.genblk1.genblk1.genblk1.genblk1.genblk1.lut0.genblk1.genblk1.genblk1.genblk1.genblk1.lut0 (4 -> 3)
  Optimizing lut $auto$abc_ops_reintegrate.cc:450:reintegrate$167074.genblk1.genblk1.genblk1.genblk1.genblk1.genblk1.lut1.genblk1.genblk1.genblk1.genblk1.genblk1.lut0 (4 -> 3)
  Optimizing lut $auto$abc_ops_reintegrate.cc:450:reintegrate$167074.genblk1.genblk1.genblk1.genblk1.genblk1.genblk1.lut0.genblk1.genblk1.genblk1.genblk1.genblk1.lut0 (4 -> 3)
  Optimizing lut $auto$abc_ops_reintegrate.cc:450:reintegrate$167073.genblk1.genblk1.genblk1.genblk1.genblk1.genblk1.lut1.genblk1.genblk1.genblk1.genblk1.genblk1.lut0 (4 -> 3)
  Optimizing lut $auto$abc_ops_reintegrate.cc:450:reintegrate$167073.genblk1.genblk1.genblk1.genblk1.genblk1.genblk1.lut0.genblk1.genblk1.genblk1.genblk1.genblk1.lut0 (4 -> 3)
  Optimizing lut $auto$abc_ops_reintegrate.cc:450:reintegrate$167072.genblk1.genblk1.genblk1.genblk1.genblk1.genblk1.lut1.genblk1.genblk1.genblk1.genblk1.genblk1.lut0 (4 -> 3)
  Optimizing lut $auto$abc_ops_reintegrate.cc:450:reintegrate$167072.genblk1.genblk1.genblk1.genblk1.genblk1.genblk1.lut0.genblk1.genblk1.genblk1.genblk1.genblk1.lut0 (4 -> 3)
  Optimizing lut $auto$abc_ops_reintegrate.cc:450:reintegrate$167071.genblk1.genblk1.genblk1.genblk1.genblk1.genblk1.lut1.genblk1.genblk1.genblk1.genblk1.genblk1.lut0 (4 -> 3)
  Optimizing lut $auto$abc_ops_reintegrate.cc:450:reintegrate$167071.genblk1.genblk1.genblk1.genblk1.genblk1.genblk1.lut0.genblk1.genblk1.genblk1.genblk1.genblk1.lut0 (4 -> 3)
  Optimizing lut $auto$abc_ops_reintegrate.cc:450:reintegrate$167070.genblk1.genblk1.genblk1.genblk1.genblk1.genblk1.lut1.genblk1.genblk1.genblk1.genblk1.genblk1.lut0 (4 -> 3)
  Optimizing lut $auto$abc_ops_reintegrate.cc:450:reintegrate$167070.genblk1.genblk1.genblk1.genblk1.genblk1.genblk1.lut0.genblk1.genblk1.genblk1.genblk1.genblk1.lut0 (4 -> 3)
  Optimizing lut $auto$abc_ops_reintegrate.cc:450:reintegrate$167068.genblk1.genblk1.genblk1.genblk1.genblk1.genblk1.genblk1.lut1.genblk1.genblk1.genblk1.genblk1.genblk1.genblk1.lut0.genblk1.genblk1.genblk1.genblk1.genblk1.lut1 (4 -> 3)
  Optimizing lut $auto$abc_ops_reintegrate.cc:450:reintegrate$167068.genblk1.genblk1.genblk1.genblk1.genblk1.genblk1.genblk1.lut0.genblk1.genblk1.genblk1.genblk1.genblk1.genblk1.lut0.genblk1.genblk1.genblk1.genblk1.genblk1.lut1 (4 -> 3)
  Optimizing lut $auto$abc_ops_reintegrate.cc:450:reintegrate$167067.genblk1.genblk1.genblk1.genblk1.genblk1.genblk1.genblk1.lut1.genblk1.genblk1.genblk1.genblk1.genblk1.genblk1.lut0.genblk1.genblk1.genblk1.genblk1.genblk1.lut1 (4 -> 3)
  Optimizing lut $auto$abc_ops_reintegrate.cc:450:reintegrate$167067.genblk1.genblk1.genblk1.genblk1.genblk1.genblk1.genblk1.lut0.genblk1.genblk1.genblk1.genblk1.genblk1.genblk1.lut0.genblk1.genblk1.genblk1.genblk1.genblk1.lut1 (4 -> 3)
  Optimizing lut $auto$abc_ops_reintegrate.cc:450:reintegrate$167066.genblk1.genblk1.genblk1.genblk1.genblk1.genblk1.genblk1.lut1.genblk1.genblk1.genblk1.genblk1.genblk1.genblk1.lut0.genblk1.genblk1.genblk1.genblk1.genblk1.lut1 (4 -> 3)
  Optimizing lut $auto$abc_ops_reintegrate.cc:450:reintegrate$167066.genblk1.genblk1.genblk1.genblk1.genblk1.genblk1.genblk1.lut0.genblk1.genblk1.genblk1.genblk1.genblk1.genblk1.lut0.genblk1.genblk1.genblk1.genblk1.genblk1.lut1 (4 -> 3)
  Optimizing lut $auto$abc_ops_reintegrate.cc:450:reintegrate$167065.genblk1.genblk1.genblk1.genblk1.genblk1.genblk1.genblk1.lut1.genblk1.genblk1.genblk1.genblk1.genblk1.genblk1.lut0.genblk1.genblk1.genblk1.genblk1.genblk1.lut1 (4 -> 3)
  Optimizing lut $auto$abc_ops_reintegrate.cc:450:reintegrate$167065.genblk1.genblk1.genblk1.genblk1.genblk1.genblk1.genblk1.lut0.genblk1.genblk1.genblk1.genblk1.genblk1.genblk1.lut0.genblk1.genblk1.genblk1.genblk1.genblk1.lut1 (4 -> 3)
  Optimizing lut $auto$abc_ops_reintegrate.cc:450:reintegrate$167064.genblk1.genblk1.genblk1.genblk1.genblk1.genblk1.genblk1.lut1.genblk1.genblk1.genblk1.genblk1.genblk1.genblk1.lut0.genblk1.genblk1.genblk1.genblk1.genblk1.lut1 (4 -> 3)
  Optimizing lut $auto$abc_ops_reintegrate.cc:450:reintegrate$167064.genblk1.genblk1.genblk1.genblk1.genblk1.genblk1.genblk1.lut0.genblk1.genblk1.genblk1.genblk1.genblk1.genblk1.lut0.genblk1.genblk1.genblk1.genblk1.genblk1.lut1 (4 -> 3)
  Optimizing lut $auto$abc_ops_reintegrate.cc:450:reintegrate$167063.genblk1.genblk1.genblk1.genblk1.genblk1.genblk1.genblk1.lut1.genblk1.genblk1.genblk1.genblk1.genblk1.genblk1.lut0.genblk1.genblk1.genblk1.genblk1.genblk1.lut1 (4 -> 3)
  Optimizing lut $auto$abc_ops_reintegrate.cc:450:reintegrate$167063.genblk1.genblk1.genblk1.genblk1.genblk1.genblk1.genblk1.lut0.genblk1.genblk1.genblk1.genblk1.genblk1.genblk1.lut0.genblk1.genblk1.genblk1.genblk1.genblk1.lut1 (4 -> 3)
  Optimizing lut $auto$abc_ops_reintegrate.cc:450:reintegrate$167062.genblk1.genblk1.genblk1.genblk1.genblk1.genblk1.genblk1.lut1.genblk1.genblk1.genblk1.genblk1.genblk1.genblk1.lut0.genblk1.genblk1.genblk1.genblk1.genblk1.lut1 (4 -> 3)
  Optimizing lut $auto$abc_ops_reintegrate.cc:450:reintegrate$167062.genblk1.genblk1.genblk1.genblk1.genblk1.genblk1.genblk1.lut0.genblk1.genblk1.genblk1.genblk1.genblk1.genblk1.lut0.genblk1.genblk1.genblk1.genblk1.genblk1.lut1 (4 -> 3)
  Optimizing lut $auto$abc_ops_reintegrate.cc:450:reintegrate$167061.genblk1.genblk1.genblk1.genblk1.genblk1.genblk1.genblk1.lut1.genblk1.genblk1.genblk1.genblk1.genblk1.genblk1.lut0.genblk1.genblk1.genblk1.genblk1.genblk1.lut1 (4 -> 3)
  Optimizing lut $auto$abc_ops_reintegrate.cc:450:reintegrate$167061.genblk1.genblk1.genblk1.genblk1.genblk1.genblk1.genblk1.lut0.genblk1.genblk1.genblk1.genblk1.genblk1.genblk1.lut0.genblk1.genblk1.genblk1.genblk1.genblk1.lut1 (4 -> 3)
  Optimizing lut $auto$abc_ops_reintegrate.cc:450:reintegrate$167060.genblk1.genblk1.genblk1.genblk1.genblk1.genblk1.genblk1.lut1.genblk1.genblk1.genblk1.genblk1.genblk1.genblk1.lut0.genblk1.genblk1.genblk1.genblk1.genblk1.lut1 (4 -> 3)
  Optimizing lut $auto$abc_ops_reintegrate.cc:450:reintegrate$167060.genblk1.genblk1.genblk1.genblk1.genblk1.genblk1.genblk1.lut0.genblk1.genblk1.genblk1.genblk1.genblk1.genblk1.lut0.genblk1.genblk1.genblk1.genblk1.genblk1.lut1 (4 -> 3)
  Optimizing lut $auto$abc_ops_reintegrate.cc:450:reintegrate$167059.genblk1.genblk1.genblk1.genblk1.genblk1.genblk1.genblk1.lut1.genblk1.genblk1.genblk1.genblk1.genblk1.genblk1.lut0.genblk1.genblk1.genblk1.genblk1.genblk1.lut1 (4 -> 3)
  Optimizing lut $auto$abc_ops_reintegrate.cc:450:reintegrate$167059.genblk1.genblk1.genblk1.genblk1.genblk1.genblk1.genblk1.lut0.genblk1.genblk1.genblk1.genblk1.genblk1.genblk1.lut0.genblk1.genblk1.genblk1.genblk1.genblk1.lut1 (4 -> 3)
  Optimizing lut $auto$abc_ops_reintegrate.cc:450:reintegrate$167058.genblk1.genblk1.genblk1.genblk1.genblk1.genblk1.genblk1.lut1.genblk1.genblk1.genblk1.genblk1.genblk1.genblk1.lut0.genblk1.genblk1.genblk1.genblk1.genblk1.lut1 (4 -> 3)
  Optimizing lut $auto$abc_ops_reintegrate.cc:450:reintegrate$167058.genblk1.genblk1.genblk1.genblk1.genblk1.genblk1.genblk1.lut0.genblk1.genblk1.genblk1.genblk1.genblk1.genblk1.lut0.genblk1.genblk1.genblk1.genblk1.genblk1.lut1 (4 -> 3)
  Optimizing lut $auto$abc_ops_reintegrate.cc:450:reintegrate$167057.genblk1.genblk1.genblk1.genblk1.genblk1.genblk1.genblk1.lut1.genblk1.genblk1.genblk1.genblk1.genblk1.genblk1.lut0.genblk1.genblk1.genblk1.genblk1.genblk1.lut1 (4 -> 3)
  Optimizing lut $auto$abc_ops_reintegrate.cc:450:reintegrate$167057.genblk1.genblk1.genblk1.genblk1.genblk1.genblk1.genblk1.lut0.genblk1.genblk1.genblk1.genblk1.genblk1.genblk1.lut0.genblk1.genblk1.genblk1.genblk1.genblk1.lut1 (4 -> 3)
  Optimizing lut $auto$abc_ops_reintegrate.cc:450:reintegrate$167056.genblk1.genblk1.genblk1.genblk1.genblk1.genblk1.genblk1.lut1.genblk1.genblk1.genblk1.genblk1.genblk1.genblk1.lut0.genblk1.genblk1.genblk1.genblk1.genblk1.lut1 (4 -> 3)
  Optimizing lut $auto$abc_ops_reintegrate.cc:450:reintegrate$167056.genblk1.genblk1.genblk1.genblk1.genblk1.genblk1.genblk1.lut0.genblk1.genblk1.genblk1.genblk1.genblk1.genblk1.lut0.genblk1.genblk1.genblk1.genblk1.genblk1.lut1 (4 -> 3)
  Optimizing lut $auto$abc_ops_reintegrate.cc:450:reintegrate$167055.genblk1.genblk1.genblk1.genblk1.genblk1.genblk1.genblk1.lut1.genblk1.genblk1.genblk1.genblk1.genblk1.genblk1.lut0.genblk1.genblk1.genblk1.genblk1.genblk1.lut1 (4 -> 3)
  Optimizing lut $auto$abc_ops_reintegrate.cc:450:reintegrate$167055.genblk1.genblk1.genblk1.genblk1.genblk1.genblk1.genblk1.lut0.genblk1.genblk1.genblk1.genblk1.genblk1.genblk1.lut0.genblk1.genblk1.genblk1.genblk1.genblk1.lut1 (4 -> 3)
  Optimizing lut $auto$abc_ops_reintegrate.cc:450:reintegrate$167054.genblk1.genblk1.genblk1.genblk1.genblk1.genblk1.genblk1.lut1.genblk1.genblk1.genblk1.genblk1.genblk1.genblk1.lut0.genblk1.genblk1.genblk1.genblk1.genblk1.lut1 (4 -> 3)
  Optimizing lut $auto$abc_ops_reintegrate.cc:450:reintegrate$167054.genblk1.genblk1.genblk1.genblk1.genblk1.genblk1.genblk1.lut0.genblk1.genblk1.genblk1.genblk1.genblk1.genblk1.lut0.genblk1.genblk1.genblk1.genblk1.genblk1.lut1 (4 -> 3)
  Optimizing lut $auto$abc_ops_reintegrate.cc:450:reintegrate$167031.genblk1.genblk1.genblk1.genblk1.genblk1.genblk1.genblk1.genblk1.lut1.genblk1.genblk1.genblk1.genblk1.genblk1.genblk1.genblk1.lut0.genblk1.genblk1.genblk1.genblk1.genblk1.genblk1.lut1.genblk1.genblk1.genblk1.genblk1.genblk1.lut0 (4 -> 0)
  Optimizing lut $auto$abc_ops_reintegrate.cc:450:reintegrate$167031.genblk1.genblk1.genblk1.genblk1.genblk1.genblk1.genblk1.genblk1.lut0.genblk1.genblk1.genblk1.genblk1.genblk1.genblk1.genblk1.lut1.genblk1.genblk1.genblk1.genblk1.genblk1.genblk1.lut1.genblk1.genblk1.genblk1.genblk1.genblk1.lut1 (4 -> 0)
  Optimizing lut $abc$166565$lut$aiger166564$10553.genblk1.genblk1.genblk1.genblk1.genblk1.genblk1.genblk1.genblk1.lut1.genblk1.genblk1.genblk1.genblk1.genblk1.genblk1.genblk1.lut1.genblk1.genblk1.genblk1.genblk1.genblk1.genblk1.lut1.genblk1.genblk1.genblk1.genblk1.genblk1.lut1 (4 -> 1)
  Optimizing lut $abc$166565$lut$aiger166564$10553.genblk1.genblk1.genblk1.genblk1.genblk1.genblk1.genblk1.genblk1.lut0.genblk1.genblk1.genblk1.genblk1.genblk1.genblk1.genblk1.lut1.genblk1.genblk1.genblk1.genblk1.genblk1.genblk1.lut1.genblk1.genblk1.genblk1.genblk1.genblk1.lut1 (4 -> 1)
  Optimizing lut $abc$166565$lut$aiger166564$10567.genblk1.genblk1.genblk1.genblk1.genblk1.genblk1.genblk1.genblk1.lut1.genblk1.genblk1.genblk1.genblk1.genblk1.genblk1.genblk1.lut1.genblk1.genblk1.genblk1.genblk1.genblk1.genblk1.lut1.genblk1.genblk1.genblk1.genblk1.genblk1.lut1 (4 -> 1)
  Optimizing lut $abc$166565$lut$aiger166564$10567.genblk1.genblk1.genblk1.genblk1.genblk1.genblk1.genblk1.genblk1.lut0.genblk1.genblk1.genblk1.genblk1.genblk1.genblk1.genblk1.lut1.genblk1.genblk1.genblk1.genblk1.genblk1.genblk1.lut1.genblk1.genblk1.genblk1.genblk1.genblk1.lut1 (4 -> 1)
  Optimizing lut $abc$166565$lut$aiger166564$10588.genblk1.genblk1.genblk1.genblk1.genblk1.genblk1.genblk1.genblk1.lut1.genblk1.genblk1.genblk1.genblk1.genblk1.genblk1.genblk1.lut1.genblk1.genblk1.genblk1.genblk1.genblk1.genblk1.lut1.genblk1.genblk1.genblk1.genblk1.genblk1.lut1 (4 -> 1)
  Optimizing lut $abc$166565$lut$aiger166564$10588.genblk1.genblk1.genblk1.genblk1.genblk1.genblk1.genblk1.genblk1.lut0.genblk1.genblk1.genblk1.genblk1.genblk1.genblk1.genblk1.lut1.genblk1.genblk1.genblk1.genblk1.genblk1.genblk1.lut1.genblk1.genblk1.genblk1.genblk1.genblk1.lut1 (4 -> 1)
  Optimizing lut $abc$166565$lut$aiger166564$10601.genblk1.genblk1.genblk1.genblk1.genblk1.genblk1.genblk1.genblk1.lut1.genblk1.genblk1.genblk1.genblk1.genblk1.genblk1.genblk1.lut1.genblk1.genblk1.genblk1.genblk1.genblk1.genblk1.lut1.genblk1.genblk1.genblk1.genblk1.genblk1.lut1 (4 -> 1)
  Optimizing lut $abc$166565$lut$aiger166564$10601.genblk1.genblk1.genblk1.genblk1.genblk1.genblk1.genblk1.genblk1.lut0.genblk1.genblk1.genblk1.genblk1.genblk1.genblk1.genblk1.lut1.genblk1.genblk1.genblk1.genblk1.genblk1.genblk1.lut1.genblk1.genblk1.genblk1.genblk1.genblk1.lut1 (4 -> 1)
  Optimizing lut $abc$166565$lut$aiger166564$10642.genblk1.genblk1.genblk1.genblk1.genblk1.genblk1.genblk1.genblk1.lut1.genblk1.genblk1.genblk1.genblk1.genblk1.genblk1.genblk1.lut1.genblk1.genblk1.genblk1.genblk1.genblk1.genblk1.lut1.genblk1.genblk1.genblk1.genblk1.genblk1.lut1 (4 -> 0)
  Optimizing lut $abc$166565$lut$aiger166564$10642.genblk1.genblk1.genblk1.genblk1.genblk1.genblk1.genblk1.genblk1.lut0.genblk1.genblk1.genblk1.genblk1.genblk1.genblk1.genblk1.lut1.genblk1.genblk1.genblk1.genblk1.genblk1.genblk1.lut1.genblk1.genblk1.genblk1.genblk1.genblk1.lut1 (4 -> 0)
  Optimizing lut $abc$166565$lut$aiger166564$10675.genblk1.genblk1.genblk1.genblk1.genblk1.genblk1.genblk1.genblk1.lut1.genblk1.genblk1.genblk1.genblk1.genblk1.genblk1.genblk1.lut1.genblk1.genblk1.genblk1.genblk1.genblk1.genblk1.lut1.genblk1.genblk1.genblk1.genblk1.genblk1.lut1 (4 -> 1)
  Optimizing lut $abc$166565$lut$aiger166564$10675.genblk1.genblk1.genblk1.genblk1.genblk1.genblk1.genblk1.genblk1.lut0.genblk1.genblk1.genblk1.genblk1.genblk1.genblk1.genblk1.lut1.genblk1.genblk1.genblk1.genblk1.genblk1.genblk1.lut1.genblk1.genblk1.genblk1.genblk1.genblk1.lut1 (4 -> 1)
  Optimizing lut $abc$166565$lut$aiger166564$10714.genblk1.genblk1.genblk1.genblk1.genblk1.genblk1.genblk1.genblk1.lut1.genblk1.genblk1.genblk1.genblk1.genblk1.genblk1.genblk1.lut1.genblk1.genblk1.genblk1.genblk1.genblk1.genblk1.lut1.genblk1.genblk1.genblk1.genblk1.genblk1.lut1 (4 -> 1)
  Optimizing lut $abc$166565$lut$aiger166564$10714.genblk1.genblk1.genblk1.genblk1.genblk1.genblk1.genblk1.genblk1.lut0.genblk1.genblk1.genblk1.genblk1.genblk1.genblk1.genblk1.lut1.genblk1.genblk1.genblk1.genblk1.genblk1.genblk1.lut1.genblk1.genblk1.genblk1.genblk1.genblk1.lut1 (4 -> 1)
  Optimizing lut $abc$166565$lut$aiger166564$10701.genblk1.genblk1.genblk1.genblk1.genblk1.genblk1.genblk1.genblk1.lut1.genblk1.genblk1.genblk1.genblk1.genblk1.genblk1.genblk1.lut1.genblk1.genblk1.genblk1.genblk1.genblk1.genblk1.lut1.genblk1.genblk1.genblk1.genblk1.genblk1.lut1 (4 -> 1)
  Optimizing lut $abc$166565$lut$aiger166564$10701.genblk1.genblk1.genblk1.genblk1.genblk1.genblk1.genblk1.genblk1.lut0.genblk1.genblk1.genblk1.genblk1.genblk1.genblk1.genblk1.lut1.genblk1.genblk1.genblk1.genblk1.genblk1.genblk1.lut1.genblk1.genblk1.genblk1.genblk1.genblk1.lut1 (4 -> 1)
  Optimizing lut $abc$166565$lut$aiger166564$10736.genblk1.genblk1.genblk1.genblk1.genblk1.genblk1.genblk1.genblk1.lut0.genblk1.genblk1.genblk1.genblk1.genblk1.genblk1.genblk1.lut1.genblk1.genblk1.genblk1.genblk1.genblk1.genblk1.lut1.genblk1.genblk1.genblk1.genblk1.genblk1.lut1 (4 -> 2)
  Optimizing lut $abc$166565$lut$aiger166564$11341.genblk1.genblk1.genblk1.genblk1.genblk1.genblk1.genblk1.lut1.genblk1.genblk1.genblk1.genblk1.genblk1.genblk1.lut0.genblk1.genblk1.genblk1.genblk1.genblk1.lut1 (4 -> 0)
  Optimizing lut $abc$166565$lut$aiger166564$11341.genblk1.genblk1.genblk1.genblk1.genblk1.genblk1.genblk1.lut0.genblk1.genblk1.genblk1.genblk1.genblk1.genblk1.lut0.genblk1.genblk1.genblk1.genblk1.genblk1.lut1 (4 -> 0)
  Optimizing lut $abc$166565$lut$aiger166564$11384.genblk1.genblk1.genblk1.genblk1.genblk1.lut1 (4 -> 0)
  Optimizing lut $abc$166565$lut$aiger166564$11296.genblk1.genblk1.genblk1.genblk1.genblk1.genblk1.genblk1.genblk1.lut1.genblk1.genblk1.genblk1.genblk1.genblk1.genblk1.genblk1.lut1.genblk1.genblk1.genblk1.genblk1.genblk1.genblk1.lut1.genblk1.genblk1.genblk1.genblk1.genblk1.lut1 (4 -> 0)
  Optimizing lut $abc$166565$lut$aiger166564$11296.genblk1.genblk1.genblk1.genblk1.genblk1.genblk1.genblk1.genblk1.lut0.genblk1.genblk1.genblk1.genblk1.genblk1.genblk1.genblk1.lut1.genblk1.genblk1.genblk1.genblk1.genblk1.genblk1.lut1.genblk1.genblk1.genblk1.genblk1.genblk1.lut1 (4 -> 0)
  Optimizing lut $abc$166565$lut$aiger166564$11271.genblk1.genblk1.genblk1.genblk1.genblk1.genblk1.lut1.genblk1.genblk1.genblk1.genblk1.genblk1.lut0 (4 -> 0)
  Optimizing lut $abc$166565$lut$aiger166564$11301.genblk1.genblk1.genblk1.genblk1.genblk1.genblk1.lut1.genblk1.genblk1.genblk1.genblk1.genblk1.lut0 (4 -> 2)
  Optimizing lut $abc$166565$lut$aiger166564$11301.genblk1.genblk1.genblk1.genblk1.genblk1.genblk1.lut0.genblk1.genblk1.genblk1.genblk1.genblk1.lut0 (4 -> 2)
  Optimizing lut $abc$166565$lut$aiger166564$11417.genblk1.genblk1.genblk1.genblk1.genblk1.genblk1.genblk1.lut0.genblk1.genblk1.genblk1.genblk1.genblk1.genblk1.lut0.genblk1.genblk1.genblk1.genblk1.genblk1.lut1 (4 -> 0)
  Optimizing lut $abc$166565$lut$aiger166564$11451.genblk1.genblk1.genblk1.genblk1.genblk1.genblk1.genblk1.lut1.genblk1.genblk1.genblk1.genblk1.genblk1.genblk1.lut0.genblk1.genblk1.genblk1.genblk1.genblk1.lut1 (4 -> 0)
  Optimizing lut $abc$166565$lut$aiger166564$11427.genblk1.genblk1.genblk1.genblk1.genblk1.lut1 (4 -> 0)
  Optimizing lut $abc$166565$lut$aiger166564$11465.genblk1.genblk1.genblk1.genblk1.genblk1.genblk1.genblk1.lut1.genblk1.genblk1.genblk1.genblk1.genblk1.genblk1.lut0.genblk1.genblk1.genblk1.genblk1.genblk1.lut1 (4 -> 0)
  Optimizing lut $abc$166565$lut$aiger166564$11465.genblk1.genblk1.genblk1.genblk1.genblk1.genblk1.genblk1.lut0.genblk1.genblk1.genblk1.genblk1.genblk1.genblk1.lut0.genblk1.genblk1.genblk1.genblk1.genblk1.lut1 (4 -> 0)
  Optimizing lut $abc$166565$lut$aiger166564$14210.genblk1.genblk1.genblk1.genblk1.genblk1.genblk1.genblk1.genblk1.lut1.genblk1.genblk1.genblk1.genblk1.genblk1.genblk1.genblk1.lut0.genblk1.genblk1.genblk1.genblk1.genblk1.genblk1.lut1.genblk1.genblk1.genblk1.genblk1.genblk1.lut0 (4 -> 0)
  Optimizing lut $abc$166565$lut$aiger166564$12166.genblk1.genblk1.genblk1.genblk1.genblk1.genblk1.lut0.genblk1.genblk1.genblk1.genblk1.genblk1.lut0 (4 -> 2)
  Optimizing lut $abc$166565$lut$aiger166564$12178.genblk1.genblk1.genblk1.genblk1.genblk1.genblk1.lut0.genblk1.genblk1.genblk1.genblk1.genblk1.lut0 (4 -> 2)
  Optimizing lut $abc$166565$lut$aiger166564$12188.genblk1.genblk1.genblk1.genblk1.genblk1.genblk1.lut0.genblk1.genblk1.genblk1.genblk1.genblk1.lut0 (4 -> 2)
  Optimizing lut $abc$166565$lut$aiger166564$12198.genblk1.genblk1.genblk1.genblk1.genblk1.genblk1.lut0.genblk1.genblk1.genblk1.genblk1.genblk1.lut0 (4 -> 2)
  Optimizing lut $abc$166565$lut$aiger166564$12208.genblk1.genblk1.genblk1.genblk1.genblk1.genblk1.lut0.genblk1.genblk1.genblk1.genblk1.genblk1.lut0 (4 -> 2)
  Optimizing lut $abc$166565$lut$aiger166564$12218.genblk1.genblk1.genblk1.genblk1.genblk1.genblk1.lut0.genblk1.genblk1.genblk1.genblk1.genblk1.lut0 (4 -> 2)
  Optimizing lut $abc$166565$lut$aiger166564$12228.genblk1.genblk1.genblk1.genblk1.genblk1.genblk1.lut0.genblk1.genblk1.genblk1.genblk1.genblk1.lut0 (4 -> 2)
  Optimizing lut $abc$166565$lut$aiger166564$12238.genblk1.genblk1.genblk1.genblk1.genblk1.genblk1.lut0.genblk1.genblk1.genblk1.genblk1.genblk1.lut0 (4 -> 2)
  Optimizing lut $abc$166565$lut$aiger166564$12248.genblk1.genblk1.genblk1.genblk1.genblk1.genblk1.lut0.genblk1.genblk1.genblk1.genblk1.genblk1.lut0 (4 -> 2)
  Optimizing lut $abc$166565$lut$aiger166564$12258.genblk1.genblk1.genblk1.genblk1.genblk1.genblk1.lut0.genblk1.genblk1.genblk1.genblk1.genblk1.lut0 (4 -> 2)
  Optimizing lut $abc$166565$lut$aiger166564$12268.genblk1.genblk1.genblk1.genblk1.genblk1.genblk1.lut0.genblk1.genblk1.genblk1.genblk1.genblk1.lut0 (4 -> 2)
  Optimizing lut $abc$166565$lut$aiger166564$12278.genblk1.genblk1.genblk1.genblk1.genblk1.genblk1.lut0.genblk1.genblk1.genblk1.genblk1.genblk1.lut0 (4 -> 2)
  Optimizing lut $abc$166565$lut$aiger166564$12288.genblk1.genblk1.genblk1.genblk1.genblk1.genblk1.lut0.genblk1.genblk1.genblk1.genblk1.genblk1.lut0 (4 -> 2)
  Optimizing lut $abc$166565$lut$aiger166564$12298.genblk1.genblk1.genblk1.genblk1.genblk1.genblk1.lut0.genblk1.genblk1.genblk1.genblk1.genblk1.lut0 (4 -> 2)
  Optimizing lut $abc$166565$lut$aiger166564$12308.genblk1.genblk1.genblk1.genblk1.genblk1.genblk1.lut0.genblk1.genblk1.genblk1.genblk1.genblk1.lut0 (4 -> 2)
  Optimizing lut $abc$166565$lut$aiger166564$12318.genblk1.genblk1.genblk1.genblk1.genblk1.genblk1.lut0.genblk1.genblk1.genblk1.genblk1.genblk1.lut0 (4 -> 2)
  Optimizing lut $abc$166565$lut$aiger166564$12904.genblk1.genblk1.genblk1.genblk1.genblk1.genblk1.lut0.genblk1.genblk1.genblk1.genblk1.genblk1.lut0 (4 -> 2)
  Optimizing lut $abc$166565$lut$aiger166564$12914.genblk1.genblk1.genblk1.genblk1.genblk1.genblk1.lut0.genblk1.genblk1.genblk1.genblk1.genblk1.lut0 (4 -> 2)
  Optimizing lut $abc$166565$lut$aiger166564$12924.genblk1.genblk1.genblk1.genblk1.genblk1.genblk1.lut0.genblk1.genblk1.genblk1.genblk1.genblk1.lut0 (4 -> 2)
  Optimizing lut $abc$166565$lut$aiger166564$12934.genblk1.genblk1.genblk1.genblk1.genblk1.genblk1.lut0.genblk1.genblk1.genblk1.genblk1.genblk1.lut0 (4 -> 2)
  Optimizing lut $abc$166565$lut$aiger166564$12944.genblk1.genblk1.genblk1.genblk1.genblk1.genblk1.lut0.genblk1.genblk1.genblk1.genblk1.genblk1.lut0 (4 -> 2)
  Optimizing lut $abc$166565$lut$aiger166564$12954.genblk1.genblk1.genblk1.genblk1.genblk1.genblk1.lut0.genblk1.genblk1.genblk1.genblk1.genblk1.lut0 (4 -> 2)
  Optimizing lut $abc$166565$lut$aiger166564$12964.genblk1.genblk1.genblk1.genblk1.genblk1.genblk1.lut0.genblk1.genblk1.genblk1.genblk1.genblk1.lut0 (4 -> 2)
  Optimizing lut $abc$166565$lut$aiger166564$12974.genblk1.genblk1.genblk1.genblk1.genblk1.genblk1.lut0.genblk1.genblk1.genblk1.genblk1.genblk1.lut0 (4 -> 2)
  Optimizing lut $abc$166565$lut$aiger166564$12984.genblk1.genblk1.genblk1.genblk1.genblk1.genblk1.lut0.genblk1.genblk1.genblk1.genblk1.genblk1.lut0 (4 -> 2)
  Optimizing lut $abc$166565$lut$aiger166564$12994.genblk1.genblk1.genblk1.genblk1.genblk1.genblk1.lut0.genblk1.genblk1.genblk1.genblk1.genblk1.lut0 (4 -> 2)
  Optimizing lut $abc$166565$lut$aiger166564$13004.genblk1.genblk1.genblk1.genblk1.genblk1.genblk1.lut0.genblk1.genblk1.genblk1.genblk1.genblk1.lut0 (4 -> 2)
  Optimizing lut $abc$166565$lut$aiger166564$13014.genblk1.genblk1.genblk1.genblk1.genblk1.genblk1.lut0.genblk1.genblk1.genblk1.genblk1.genblk1.lut0 (4 -> 2)
  Optimizing lut $abc$166565$lut$aiger166564$13024.genblk1.genblk1.genblk1.genblk1.genblk1.genblk1.lut0.genblk1.genblk1.genblk1.genblk1.genblk1.lut0 (4 -> 2)
  Optimizing lut $abc$166565$lut$aiger166564$13034.genblk1.genblk1.genblk1.genblk1.genblk1.genblk1.lut0.genblk1.genblk1.genblk1.genblk1.genblk1.lut0 (4 -> 2)
  Optimizing lut $abc$166565$lut$aiger166564$13044.genblk1.genblk1.genblk1.genblk1.genblk1.genblk1.lut0.genblk1.genblk1.genblk1.genblk1.genblk1.lut0 (4 -> 2)
  Optimizing lut $abc$166565$lut$aiger166564$13054.genblk1.genblk1.genblk1.genblk1.genblk1.genblk1.lut0.genblk1.genblk1.genblk1.genblk1.genblk1.lut0 (4 -> 2)
  Optimizing lut $abc$166565$lut$aiger166564$14210.genblk1.genblk1.genblk1.genblk1.genblk1.genblk1.genblk1.genblk1.lut0.genblk1.genblk1.genblk1.genblk1.genblk1.genblk1.genblk1.lut1.genblk1.genblk1.genblk1.genblk1.genblk1.genblk1.lut1.genblk1.genblk1.genblk1.genblk1.genblk1.lut1 (4 -> 0)
  Optimizing lut $auto$abc_ops_reintegrate.cc:450:reintegrate$166942.genblk1.genblk1.genblk1.genblk1.genblk1.genblk1.genblk1.genblk1.lut0.genblk1.genblk1.genblk1.genblk1.genblk1.genblk1.genblk1.lut1.genblk1.genblk1.genblk1.genblk1.genblk1.genblk1.lut1.genblk1.genblk1.genblk1.genblk1.genblk1.lut1 (4 -> 2)
  Optimizing lut $auto$abc_ops_reintegrate.cc:450:reintegrate$166941.genblk1.genblk1.genblk1.genblk1.genblk1.genblk1.genblk1.genblk1.lut0.genblk1.genblk1.genblk1.genblk1.genblk1.genblk1.genblk1.lut1.genblk1.genblk1.genblk1.genblk1.genblk1.genblk1.lut1.genblk1.genblk1.genblk1.genblk1.genblk1.lut1 (4 -> 2)
  Optimizing lut $abc$166565$lut$aiger166564$14296.genblk1.genblk1.genblk1.genblk1.genblk1.lut1 (4 -> 3)
  Optimizing lut $abc$166565$lut$aiger166564$10774.genblk1.genblk1.genblk1.genblk1.genblk1.genblk1.genblk1.genblk1.lut0.genblk1.genblk1.genblk1.genblk1.genblk1.genblk1.genblk1.lut1.genblk1.genblk1.genblk1.genblk1.genblk1.genblk1.lut1.genblk1.genblk1.genblk1.genblk1.genblk1.lut1 (4 -> 1)
  Optimizing lut $abc$166565$lut$aiger166564$13568.genblk1.genblk1.genblk1.genblk1.genblk1.genblk1.genblk1.lut0.genblk1.genblk1.genblk1.genblk1.genblk1.genblk1.lut0.genblk1.genblk1.genblk1.genblk1.genblk1.lut1 (4 -> 2)
  Optimizing lut $abc$166565$lut$aiger166564$13559.genblk1.genblk1.genblk1.genblk1.genblk1.genblk1.genblk1.lut1.genblk1.genblk1.genblk1.genblk1.genblk1.genblk1.lut0.genblk1.genblk1.genblk1.genblk1.genblk1.lut1 (4 -> 0)
  Optimizing lut $abc$166565$lut$aiger166564$13559.genblk1.genblk1.genblk1.genblk1.genblk1.genblk1.genblk1.lut0.genblk1.genblk1.genblk1.genblk1.genblk1.genblk1.lut0.genblk1.genblk1.genblk1.genblk1.genblk1.lut1 (4 -> 0)
  Optimizing lut $abc$166565$lut$aiger166564$10835.genblk1.genblk1.genblk1.genblk1.genblk1.genblk1.genblk1.genblk1.lut1.genblk1.genblk1.genblk1.genblk1.genblk1.genblk1.genblk1.lut0.genblk1.genblk1.genblk1.genblk1.genblk1.genblk1.lut1.genblk1.genblk1.genblk1.genblk1.genblk1.lut0 (4 -> 1)
  Optimizing lut $abc$166565$lut$aiger166564$10835.genblk1.genblk1.genblk1.genblk1.genblk1.genblk1.genblk1.genblk1.lut1.genblk1.genblk1.genblk1.genblk1.genblk1.genblk1.genblk1.lut1.genblk1.genblk1.genblk1.genblk1.genblk1.genblk1.lut1.genblk1.genblk1.genblk1.genblk1.genblk1.lut1 (4 -> 1)
  Optimizing lut $abc$166565$lut$aiger166564$10835.genblk1.genblk1.genblk1.genblk1.genblk1.genblk1.genblk1.genblk1.lut0.genblk1.genblk1.genblk1.genblk1.genblk1.genblk1.genblk1.lut1.genblk1.genblk1.genblk1.genblk1.genblk1.genblk1.lut1.genblk1.genblk1.genblk1.genblk1.genblk1.lut1 (4 -> 1)
  Optimizing lut $abc$166565$lut$aiger166564$13574.genblk1.genblk1.genblk1.genblk1.genblk1.lut1 (4 -> 0)
  Optimizing lut $abc$166565$lut$aiger166564$13517.genblk1.genblk1.genblk1.genblk1.genblk1.genblk1.genblk1.lut1.genblk1.genblk1.genblk1.genblk1.genblk1.genblk1.lut0.genblk1.genblk1.genblk1.genblk1.genblk1.lut1 (4 -> 2)
  Optimizing lut $abc$166565$lut$aiger166564$10787.genblk1.genblk1.genblk1.genblk1.genblk1.genblk1.genblk1.genblk1.lut1.genblk1.genblk1.genblk1.genblk1.genblk1.genblk1.genblk1.lut0.genblk1.genblk1.genblk1.genblk1.genblk1.genblk1.lut1.genblk1.genblk1.genblk1.genblk1.genblk1.lut0 (4 -> 1)
  Optimizing lut $abc$166565$lut$aiger166564$10787.genblk1.genblk1.genblk1.genblk1.genblk1.genblk1.genblk1.genblk1.lut1.genblk1.genblk1.genblk1.genblk1.genblk1.genblk1.genblk1.lut1.genblk1.genblk1.genblk1.genblk1.genblk1.genblk1.lut1.genblk1.genblk1.genblk1.genblk1.genblk1.lut1 (4 -> 1)
  Optimizing lut $abc$166565$lut$aiger166564$10787.genblk1.genblk1.genblk1.genblk1.genblk1.genblk1.genblk1.genblk1.lut0.genblk1.genblk1.genblk1.genblk1.genblk1.genblk1.genblk1.lut1.genblk1.genblk1.genblk1.genblk1.genblk1.genblk1.lut1.genblk1.genblk1.genblk1.genblk1.genblk1.lut1 (4 -> 1)
  Optimizing lut $abc$166565$lut$aiger166564$10806.genblk1.genblk1.genblk1.genblk1.genblk1.genblk1.genblk1.genblk1.lut1.genblk1.genblk1.genblk1.genblk1.genblk1.genblk1.genblk1.lut1.genblk1.genblk1.genblk1.genblk1.genblk1.genblk1.lut1.genblk1.genblk1.genblk1.genblk1.genblk1.lut1 (4 -> 1)
  Optimizing lut $abc$166565$lut$aiger166564$10806.genblk1.genblk1.genblk1.genblk1.genblk1.genblk1.genblk1.genblk1.lut0.genblk1.genblk1.genblk1.genblk1.genblk1.genblk1.genblk1.lut1.genblk1.genblk1.genblk1.genblk1.genblk1.genblk1.lut1.genblk1.genblk1.genblk1.genblk1.genblk1.lut1 (4 -> 1)
  Optimizing lut $abc$166565$lut$aiger166564$13480.genblk1.genblk1.genblk1.genblk1.genblk1.genblk1.genblk1.genblk1.lut1.genblk1.genblk1.genblk1.genblk1.genblk1.genblk1.genblk1.lut1.genblk1.genblk1.genblk1.genblk1.genblk1.genblk1.lut1.genblk1.genblk1.genblk1.genblk1.genblk1.lut1 (4 -> 3)
  Optimizing lut $abc$166565$lut$aiger166564$13480.genblk1.genblk1.genblk1.genblk1.genblk1.genblk1.genblk1.genblk1.lut0.genblk1.genblk1.genblk1.genblk1.genblk1.genblk1.genblk1.lut1.genblk1.genblk1.genblk1.genblk1.genblk1.genblk1.lut1.genblk1.genblk1.genblk1.genblk1.genblk1.lut1 (4 -> 0)
  Optimizing lut $abc$166565$lut$aiger166564$13581.genblk1.genblk1.genblk1.genblk1.genblk1.genblk1.genblk1.genblk1.lut0.genblk1.genblk1.genblk1.genblk1.genblk1.genblk1.genblk1.lut1.genblk1.genblk1.genblk1.genblk1.genblk1.genblk1.lut1.genblk1.genblk1.genblk1.genblk1.genblk1.lut1 (4 -> 3)
  Optimizing lut $auto$abc_ops_reintegrate.cc:450:reintegrate$166938.genblk1.genblk1.genblk1.genblk1.genblk1.genblk1.genblk1.genblk1.lut0.genblk1.genblk1.genblk1.genblk1.genblk1.genblk1.genblk1.lut1.genblk1.genblk1.genblk1.genblk1.genblk1.genblk1.lut1.genblk1.genblk1.genblk1.genblk1.genblk1.lut1 (4 -> 0)
  Optimizing lut $abc$166565$lut$aiger166564$14376.genblk1.genblk1.genblk1.genblk1.genblk1.lut1 (4 -> 2)
  Optimizing lut $auto$abc_ops_reintegrate.cc:450:reintegrate$166935.genblk1.genblk1.genblk1.genblk1.genblk1.genblk1.lut0.genblk1.genblk1.genblk1.genblk1.genblk1.lut0 (4 -> 3)
  Optimizing lut $auto$abc_ops_reintegrate.cc:450:reintegrate$166934.genblk1.genblk1.genblk1.genblk1.genblk1.genblk1.lut1.genblk1.genblk1.genblk1.genblk1.genblk1.lut0 (4 -> 3)
  Optimizing lut $auto$abc_ops_reintegrate.cc:450:reintegrate$166934.genblk1.genblk1.genblk1.genblk1.genblk1.genblk1.lut0.genblk1.genblk1.genblk1.genblk1.genblk1.lut0 (4 -> 3)
  Optimizing lut $auto$abc_ops_reintegrate.cc:450:reintegrate$166657.genblk1.genblk1.genblk1.genblk1.genblk1.genblk1.lut0.genblk1.genblk1.genblk1.genblk1.genblk1.lut0 (4 -> 3)
  Optimizing lut $auto$abc_ops_reintegrate.cc:450:reintegrate$166656.genblk1.genblk1.genblk1.genblk1.genblk1.genblk1.lut1.genblk1.genblk1.genblk1.genblk1.genblk1.lut0 (4 -> 3)
  Optimizing lut $auto$abc_ops_reintegrate.cc:450:reintegrate$166656.genblk1.genblk1.genblk1.genblk1.genblk1.genblk1.lut0.genblk1.genblk1.genblk1.genblk1.genblk1.lut0 (4 -> 3)
  Optimizing lut $auto$abc_ops_reintegrate.cc:450:reintegrate$166655.genblk1.genblk1.genblk1.genblk1.genblk1.genblk1.lut1.genblk1.genblk1.genblk1.genblk1.genblk1.lut0 (4 -> 3)
  Optimizing lut $auto$abc_ops_reintegrate.cc:450:reintegrate$166655.genblk1.genblk1.genblk1.genblk1.genblk1.genblk1.lut0.genblk1.genblk1.genblk1.genblk1.genblk1.lut0 (4 -> 3)
  Optimizing lut $auto$abc_ops_reintegrate.cc:450:reintegrate$166654.genblk1.genblk1.genblk1.genblk1.genblk1.genblk1.lut1.genblk1.genblk1.genblk1.genblk1.genblk1.lut0 (4 -> 3)
  Optimizing lut $auto$abc_ops_reintegrate.cc:450:reintegrate$166654.genblk1.genblk1.genblk1.genblk1.genblk1.genblk1.lut0.genblk1.genblk1.genblk1.genblk1.genblk1.lut0 (4 -> 3)
  Optimizing lut $auto$abc_ops_reintegrate.cc:450:reintegrate$166653.genblk1.genblk1.genblk1.genblk1.genblk1.genblk1.lut1.genblk1.genblk1.genblk1.genblk1.genblk1.lut0 (4 -> 3)
  Optimizing lut $auto$abc_ops_reintegrate.cc:450:reintegrate$166653.genblk1.genblk1.genblk1.genblk1.genblk1.genblk1.lut0.genblk1.genblk1.genblk1.genblk1.genblk1.lut0 (4 -> 3)
  Optimizing lut $auto$abc_ops_reintegrate.cc:450:reintegrate$166652.genblk1.genblk1.genblk1.genblk1.genblk1.genblk1.lut1.genblk1.genblk1.genblk1.genblk1.genblk1.lut0 (4 -> 3)
  Optimizing lut $auto$abc_ops_reintegrate.cc:450:reintegrate$166652.genblk1.genblk1.genblk1.genblk1.genblk1.genblk1.lut0.genblk1.genblk1.genblk1.genblk1.genblk1.lut0 (4 -> 3)
  Optimizing lut $auto$abc_ops_reintegrate.cc:450:reintegrate$166651.genblk1.genblk1.genblk1.genblk1.genblk1.genblk1.lut1.genblk1.genblk1.genblk1.genblk1.genblk1.lut0 (4 -> 3)
  Optimizing lut $auto$abc_ops_reintegrate.cc:450:reintegrate$166651.genblk1.genblk1.genblk1.genblk1.genblk1.genblk1.lut0.genblk1.genblk1.genblk1.genblk1.genblk1.lut0 (4 -> 3)
  Optimizing lut $auto$abc_ops_reintegrate.cc:450:reintegrate$166650.genblk1.genblk1.genblk1.genblk1.genblk1.genblk1.lut1.genblk1.genblk1.genblk1.genblk1.genblk1.lut0 (4 -> 3)
  Optimizing lut $auto$abc_ops_reintegrate.cc:450:reintegrate$166650.genblk1.genblk1.genblk1.genblk1.genblk1.genblk1.lut0.genblk1.genblk1.genblk1.genblk1.genblk1.lut0 (4 -> 3)
  Optimizing lut $auto$abc_ops_reintegrate.cc:450:reintegrate$166649.genblk1.genblk1.genblk1.genblk1.genblk1.genblk1.lut1.genblk1.genblk1.genblk1.genblk1.genblk1.lut0 (4 -> 3)
  Optimizing lut $auto$abc_ops_reintegrate.cc:450:reintegrate$166649.genblk1.genblk1.genblk1.genblk1.genblk1.genblk1.lut0.genblk1.genblk1.genblk1.genblk1.genblk1.lut0 (4 -> 3)
  Optimizing lut $auto$abc_ops_reintegrate.cc:450:reintegrate$166648.genblk1.genblk1.genblk1.genblk1.genblk1.genblk1.lut1.genblk1.genblk1.genblk1.genblk1.genblk1.lut0 (4 -> 3)
  Optimizing lut $auto$abc_ops_reintegrate.cc:450:reintegrate$166648.genblk1.genblk1.genblk1.genblk1.genblk1.genblk1.lut0.genblk1.genblk1.genblk1.genblk1.genblk1.lut0 (4 -> 3)
  Optimizing lut $auto$abc_ops_reintegrate.cc:450:reintegrate$166647.genblk1.genblk1.genblk1.genblk1.genblk1.genblk1.lut1.genblk1.genblk1.genblk1.genblk1.genblk1.lut0 (4 -> 3)
  Optimizing lut $auto$abc_ops_reintegrate.cc:450:reintegrate$166647.genblk1.genblk1.genblk1.genblk1.genblk1.genblk1.lut0.genblk1.genblk1.genblk1.genblk1.genblk1.lut0 (4 -> 3)
  Optimizing lut $auto$abc_ops_reintegrate.cc:450:reintegrate$166646.genblk1.genblk1.genblk1.genblk1.genblk1.genblk1.lut1.genblk1.genblk1.genblk1.genblk1.genblk1.lut0 (4 -> 3)
  Optimizing lut $auto$abc_ops_reintegrate.cc:450:reintegrate$166646.genblk1.genblk1.genblk1.genblk1.genblk1.genblk1.lut0.genblk1.genblk1.genblk1.genblk1.genblk1.lut0 (4 -> 3)
  Optimizing lut $auto$abc_ops_reintegrate.cc:450:reintegrate$166645.genblk1.genblk1.genblk1.genblk1.genblk1.genblk1.lut1.genblk1.genblk1.genblk1.genblk1.genblk1.lut0 (4 -> 3)
  Optimizing lut $auto$abc_ops_reintegrate.cc:450:reintegrate$166645.genblk1.genblk1.genblk1.genblk1.genblk1.genblk1.lut0.genblk1.genblk1.genblk1.genblk1.genblk1.lut0 (4 -> 3)
  Optimizing lut $auto$abc_ops_reintegrate.cc:450:reintegrate$166644.genblk1.genblk1.genblk1.genblk1.genblk1.genblk1.lut1.genblk1.genblk1.genblk1.genblk1.genblk1.lut0 (4 -> 3)
  Optimizing lut $auto$abc_ops_reintegrate.cc:450:reintegrate$166644.genblk1.genblk1.genblk1.genblk1.genblk1.genblk1.lut0.genblk1.genblk1.genblk1.genblk1.genblk1.lut0 (4 -> 3)
  Optimizing lut $auto$abc_ops_reintegrate.cc:450:reintegrate$166643.genblk1.genblk1.genblk1.genblk1.genblk1.genblk1.lut1.genblk1.genblk1.genblk1.genblk1.genblk1.lut0 (4 -> 3)
  Optimizing lut $auto$abc_ops_reintegrate.cc:450:reintegrate$166643.genblk1.genblk1.genblk1.genblk1.genblk1.genblk1.lut0.genblk1.genblk1.genblk1.genblk1.genblk1.lut0 (4 -> 3)
  Optimizing lut $auto$abc_ops_reintegrate.cc:450:reintegrate$166642.genblk1.genblk1.genblk1.genblk1.genblk1.genblk1.lut1.genblk1.genblk1.genblk1.genblk1.genblk1.lut0 (4 -> 3)
  Optimizing lut $auto$abc_ops_reintegrate.cc:450:reintegrate$166642.genblk1.genblk1.genblk1.genblk1.genblk1.genblk1.lut0.genblk1.genblk1.genblk1.genblk1.genblk1.lut0 (4 -> 3)
  Optimizing lut $auto$abc_ops_reintegrate.cc:450:reintegrate$166641.genblk1.genblk1.genblk1.genblk1.genblk1.genblk1.genblk1.lut0.genblk1.genblk1.genblk1.genblk1.genblk1.genblk1.lut0.genblk1.genblk1.genblk1.genblk1.genblk1.lut1 (4 -> 3)
  Optimizing lut $auto$abc_ops_reintegrate.cc:450:reintegrate$166640.genblk1.genblk1.genblk1.genblk1.genblk1.genblk1.genblk1.lut1.genblk1.genblk1.genblk1.genblk1.genblk1.genblk1.lut0.genblk1.genblk1.genblk1.genblk1.genblk1.lut1 (4 -> 3)
  Optimizing lut $auto$abc_ops_reintegrate.cc:450:reintegrate$166640.genblk1.genblk1.genblk1.genblk1.genblk1.genblk1.genblk1.lut0.genblk1.genblk1.genblk1.genblk1.genblk1.genblk1.lut0.genblk1.genblk1.genblk1.genblk1.genblk1.lut1 (4 -> 3)
  Optimizing lut $auto$abc_ops_reintegrate.cc:450:reintegrate$166639.genblk1.genblk1.genblk1.genblk1.genblk1.genblk1.genblk1.lut1.genblk1.genblk1.genblk1.genblk1.genblk1.genblk1.lut0.genblk1.genblk1.genblk1.genblk1.genblk1.lut1 (4 -> 3)
  Optimizing lut $auto$abc_ops_reintegrate.cc:450:reintegrate$166639.genblk1.genblk1.genblk1.genblk1.genblk1.genblk1.genblk1.lut0.genblk1.genblk1.genblk1.genblk1.genblk1.genblk1.lut0.genblk1.genblk1.genblk1.genblk1.genblk1.lut1 (4 -> 3)
  Optimizing lut $auto$abc_ops_reintegrate.cc:450:reintegrate$166638.genblk1.genblk1.genblk1.genblk1.genblk1.genblk1.genblk1.lut1.genblk1.genblk1.genblk1.genblk1.genblk1.genblk1.lut0.genblk1.genblk1.genblk1.genblk1.genblk1.lut1 (4 -> 3)
  Optimizing lut $auto$abc_ops_reintegrate.cc:450:reintegrate$166638.genblk1.genblk1.genblk1.genblk1.genblk1.genblk1.genblk1.lut0.genblk1.genblk1.genblk1.genblk1.genblk1.genblk1.lut0.genblk1.genblk1.genblk1.genblk1.genblk1.lut1 (4 -> 3)
  Optimizing lut $auto$abc_ops_reintegrate.cc:450:reintegrate$166637.genblk1.genblk1.genblk1.genblk1.genblk1.genblk1.genblk1.lut1.genblk1.genblk1.genblk1.genblk1.genblk1.genblk1.lut0.genblk1.genblk1.genblk1.genblk1.genblk1.lut1 (4 -> 3)
  Optimizing lut $auto$abc_ops_reintegrate.cc:450:reintegrate$166637.genblk1.genblk1.genblk1.genblk1.genblk1.genblk1.genblk1.lut0.genblk1.genblk1.genblk1.genblk1.genblk1.genblk1.lut0.genblk1.genblk1.genblk1.genblk1.genblk1.lut1 (4 -> 3)
  Optimizing lut $auto$abc_ops_reintegrate.cc:450:reintegrate$166636.genblk1.genblk1.genblk1.genblk1.genblk1.genblk1.genblk1.lut1.genblk1.genblk1.genblk1.genblk1.genblk1.genblk1.lut0.genblk1.genblk1.genblk1.genblk1.genblk1.lut1 (4 -> 3)
  Optimizing lut $auto$abc_ops_reintegrate.cc:450:reintegrate$166636.genblk1.genblk1.genblk1.genblk1.genblk1.genblk1.genblk1.lut0.genblk1.genblk1.genblk1.genblk1.genblk1.genblk1.lut0.genblk1.genblk1.genblk1.genblk1.genblk1.lut1 (4 -> 3)
  Optimizing lut $auto$abc_ops_reintegrate.cc:450:reintegrate$166635.genblk1.genblk1.genblk1.genblk1.genblk1.genblk1.genblk1.lut1.genblk1.genblk1.genblk1.genblk1.genblk1.genblk1.lut0.genblk1.genblk1.genblk1.genblk1.genblk1.lut1 (4 -> 3)
  Optimizing lut $auto$abc_ops_reintegrate.cc:450:reintegrate$166635.genblk1.genblk1.genblk1.genblk1.genblk1.genblk1.genblk1.lut0.genblk1.genblk1.genblk1.genblk1.genblk1.genblk1.lut0.genblk1.genblk1.genblk1.genblk1.genblk1.lut1 (4 -> 3)
  Optimizing lut $auto$abc_ops_reintegrate.cc:450:reintegrate$166634.genblk1.genblk1.genblk1.genblk1.genblk1.genblk1.genblk1.lut1.genblk1.genblk1.genblk1.genblk1.genblk1.genblk1.lut0.genblk1.genblk1.genblk1.genblk1.genblk1.lut1 (4 -> 3)
  Optimizing lut $auto$abc_ops_reintegrate.cc:450:reintegrate$166634.genblk1.genblk1.genblk1.genblk1.genblk1.genblk1.genblk1.lut0.genblk1.genblk1.genblk1.genblk1.genblk1.genblk1.lut0.genblk1.genblk1.genblk1.genblk1.genblk1.lut1 (4 -> 3)
  Optimizing lut $auto$abc_ops_reintegrate.cc:450:reintegrate$166633.genblk1.genblk1.genblk1.genblk1.genblk1.genblk1.genblk1.lut1.genblk1.genblk1.genblk1.genblk1.genblk1.genblk1.lut0.genblk1.genblk1.genblk1.genblk1.genblk1.lut1 (4 -> 3)
  Optimizing lut $auto$abc_ops_reintegrate.cc:450:reintegrate$166633.genblk1.genblk1.genblk1.genblk1.genblk1.genblk1.genblk1.lut0.genblk1.genblk1.genblk1.genblk1.genblk1.genblk1.lut0.genblk1.genblk1.genblk1.genblk1.genblk1.lut1 (4 -> 3)
  Optimizing lut $auto$abc_ops_reintegrate.cc:450:reintegrate$166632.genblk1.genblk1.genblk1.genblk1.genblk1.genblk1.genblk1.lut1.genblk1.genblk1.genblk1.genblk1.genblk1.genblk1.lut0.genblk1.genblk1.genblk1.genblk1.genblk1.lut1 (4 -> 3)
  Optimizing lut $auto$abc_ops_reintegrate.cc:450:reintegrate$166632.genblk1.genblk1.genblk1.genblk1.genblk1.genblk1.genblk1.lut0.genblk1.genblk1.genblk1.genblk1.genblk1.genblk1.lut0.genblk1.genblk1.genblk1.genblk1.genblk1.lut1 (4 -> 3)
  Optimizing lut $auto$abc_ops_reintegrate.cc:450:reintegrate$166631.genblk1.genblk1.genblk1.genblk1.genblk1.genblk1.genblk1.lut1.genblk1.genblk1.genblk1.genblk1.genblk1.genblk1.lut0.genblk1.genblk1.genblk1.genblk1.genblk1.lut1 (4 -> 3)
  Optimizing lut $auto$abc_ops_reintegrate.cc:450:reintegrate$166631.genblk1.genblk1.genblk1.genblk1.genblk1.genblk1.genblk1.lut0.genblk1.genblk1.genblk1.genblk1.genblk1.genblk1.lut0.genblk1.genblk1.genblk1.genblk1.genblk1.lut1 (4 -> 3)
  Optimizing lut $auto$abc_ops_reintegrate.cc:450:reintegrate$166630.genblk1.genblk1.genblk1.genblk1.genblk1.genblk1.genblk1.lut1.genblk1.genblk1.genblk1.genblk1.genblk1.genblk1.lut0.genblk1.genblk1.genblk1.genblk1.genblk1.lut1 (4 -> 3)
  Optimizing lut $auto$abc_ops_reintegrate.cc:450:reintegrate$166630.genblk1.genblk1.genblk1.genblk1.genblk1.genblk1.genblk1.lut0.genblk1.genblk1.genblk1.genblk1.genblk1.genblk1.lut0.genblk1.genblk1.genblk1.genblk1.genblk1.lut1 (4 -> 3)
  Optimizing lut $auto$abc_ops_reintegrate.cc:450:reintegrate$166629.genblk1.genblk1.genblk1.genblk1.genblk1.genblk1.genblk1.lut1.genblk1.genblk1.genblk1.genblk1.genblk1.genblk1.lut0.genblk1.genblk1.genblk1.genblk1.genblk1.lut1 (4 -> 3)
  Optimizing lut $auto$abc_ops_reintegrate.cc:450:reintegrate$166629.genblk1.genblk1.genblk1.genblk1.genblk1.genblk1.genblk1.lut0.genblk1.genblk1.genblk1.genblk1.genblk1.genblk1.lut0.genblk1.genblk1.genblk1.genblk1.genblk1.lut1 (4 -> 3)
  Optimizing lut $auto$abc_ops_reintegrate.cc:450:reintegrate$166628.genblk1.genblk1.genblk1.genblk1.genblk1.genblk1.genblk1.lut1.genblk1.genblk1.genblk1.genblk1.genblk1.genblk1.lut0.genblk1.genblk1.genblk1.genblk1.genblk1.lut1 (4 -> 3)
  Optimizing lut $auto$abc_ops_reintegrate.cc:450:reintegrate$166628.genblk1.genblk1.genblk1.genblk1.genblk1.genblk1.genblk1.lut0.genblk1.genblk1.genblk1.genblk1.genblk1.genblk1.lut0.genblk1.genblk1.genblk1.genblk1.genblk1.lut1 (4 -> 3)
  Optimizing lut $auto$abc_ops_reintegrate.cc:450:reintegrate$166627.genblk1.genblk1.genblk1.genblk1.genblk1.genblk1.genblk1.lut1.genblk1.genblk1.genblk1.genblk1.genblk1.genblk1.lut0.genblk1.genblk1.genblk1.genblk1.genblk1.lut1 (4 -> 3)
  Optimizing lut $auto$abc_ops_reintegrate.cc:450:reintegrate$166627.genblk1.genblk1.genblk1.genblk1.genblk1.genblk1.genblk1.lut0.genblk1.genblk1.genblk1.genblk1.genblk1.genblk1.lut0.genblk1.genblk1.genblk1.genblk1.genblk1.lut1 (4 -> 3)
  Optimizing lut $auto$abc_ops_reintegrate.cc:450:reintegrate$166626.genblk1.genblk1.genblk1.genblk1.genblk1.genblk1.genblk1.lut1.genblk1.genblk1.genblk1.genblk1.genblk1.genblk1.lut0.genblk1.genblk1.genblk1.genblk1.genblk1.lut1 (4 -> 3)
  Optimizing lut $auto$abc_ops_reintegrate.cc:450:reintegrate$166626.genblk1.genblk1.genblk1.genblk1.genblk1.genblk1.genblk1.lut0.genblk1.genblk1.genblk1.genblk1.genblk1.genblk1.lut0.genblk1.genblk1.genblk1.genblk1.genblk1.lut1 (4 -> 3)
  Optimizing lut $abc$166565$lut$aiger166564$11525.genblk1.genblk1.genblk1.genblk1.genblk1.genblk1.genblk1.lut1.genblk1.genblk1.genblk1.genblk1.genblk1.genblk1.lut0.genblk1.genblk1.genblk1.genblk1.genblk1.lut1 (4 -> 2)
  Optimizing lut $auto$abc_ops_reintegrate.cc:450:reintegrate$166625.genblk1.genblk1.genblk1.genblk1.genblk1.lut1 (4 -> 3)
  Optimizing lut $abc$166565$lut$aiger166564$9580.genblk1.genblk1.genblk1.genblk1.genblk1.genblk1.lut0.genblk1.genblk1.genblk1.genblk1.genblk1.lut0 (4 -> 1)
  Optimizing lut $abc$166565$lut$aiger166564$11571.genblk1.genblk1.genblk1.genblk1.genblk1.genblk1.lut1.genblk1.genblk1.genblk1.genblk1.genblk1.lut0 (4 -> 2)
  Optimizing lut $abc$166565$lut$aiger166564$11571.genblk1.genblk1.genblk1.genblk1.genblk1.genblk1.lut0.genblk1.genblk1.genblk1.genblk1.genblk1.lut0 (4 -> 2)
  Optimizing lut $abc$166565$lut$aiger166564$11688.genblk1.genblk1.genblk1.genblk1.genblk1.genblk1.genblk1.genblk1.lut1.genblk1.genblk1.genblk1.genblk1.genblk1.genblk1.genblk1.lut0.genblk1.genblk1.genblk1.genblk1.genblk1.genblk1.lut1.genblk1.genblk1.genblk1.genblk1.genblk1.lut0 (4 -> 0)
  Optimizing lut $abc$166565$lut$aiger166564$11677.genblk1.genblk1.genblk1.genblk1.genblk1.genblk1.lut0.genblk1.genblk1.genblk1.genblk1.genblk1.lut0 (4 -> 2)
  Optimizing lut $abc$166565$lut$aiger166564$11688.genblk1.genblk1.genblk1.genblk1.genblk1.genblk1.genblk1.genblk1.lut1.genblk1.genblk1.genblk1.genblk1.genblk1.genblk1.genblk1.lut1.genblk1.genblk1.genblk1.genblk1.genblk1.genblk1.lut1.genblk1.genblk1.genblk1.genblk1.genblk1.lut1 (4 -> 0)
  Optimizing lut $abc$166565$lut$aiger166564$11688.genblk1.genblk1.genblk1.genblk1.genblk1.genblk1.genblk1.genblk1.lut0.genblk1.genblk1.genblk1.genblk1.genblk1.genblk1.genblk1.lut1.genblk1.genblk1.genblk1.genblk1.genblk1.genblk1.lut1.genblk1.genblk1.genblk1.genblk1.genblk1.lut1 (4 -> 0)
  Optimizing lut $abc$166565$lut$aiger166564$11895.genblk1.genblk1.genblk1.genblk1.genblk1.lut1 (4 -> 3)
  Optimizing lut $abc$166565$lut$aiger166564$9589.genblk1.genblk1.genblk1.genblk1.genblk1.genblk1.lut0.genblk1.genblk1.genblk1.genblk1.genblk1.lut0 (4 -> 1)
  Optimizing lut $abc$166565$lut$aiger166564$12890.genblk1.genblk1.genblk1.genblk1.genblk1.lut1 (4 -> 3)
  Optimizing lut $abc$166565$lut$aiger166564$9598.genblk1.genblk1.genblk1.genblk1.genblk1.genblk1.lut0.genblk1.genblk1.genblk1.genblk1.genblk1.lut0 (4 -> 1)
  Optimizing lut $abc$166565$lut$aiger166564$11889.genblk1.genblk1.genblk1.genblk1.genblk1.lut1 (4 -> 3)
  Optimizing lut $abc$166565$lut$aiger166564$9607.genblk1.genblk1.genblk1.genblk1.genblk1.genblk1.lut0.genblk1.genblk1.genblk1.genblk1.genblk1.lut0 (4 -> 1)
  Optimizing lut $abc$166565$lut$aiger166564$12065.genblk1.genblk1.genblk1.genblk1.genblk1.lut1 (4 -> 3)
  Optimizing lut $abc$166565$lut$aiger166564$9616.genblk1.genblk1.genblk1.genblk1.genblk1.genblk1.lut0.genblk1.genblk1.genblk1.genblk1.genblk1.lut0 (4 -> 1)
  Optimizing lut $abc$166565$lut$aiger166564$12872.genblk1.genblk1.genblk1.genblk1.genblk1.lut1 (4 -> 3)
  Optimizing lut $abc$166565$lut$aiger166564$9625.genblk1.genblk1.genblk1.genblk1.genblk1.genblk1.lut0.genblk1.genblk1.genblk1.genblk1.genblk1.lut0 (4 -> 1)
  Optimizing lut $abc$166565$lut$aiger166564$12866.genblk1.genblk1.genblk1.genblk1.genblk1.lut1 (4 -> 3)
  Optimizing lut $abc$166565$lut$aiger166564$12058.genblk1.genblk1.genblk1.genblk1.genblk1.lut1 (4 -> 3)
  Optimizing lut $abc$166565$lut$aiger166564$8610.genblk1.genblk1.genblk1.genblk1.genblk1.genblk1.lut0.genblk1.genblk1.genblk1.genblk1.genblk1.lut0 (4 -> 1)
  Optimizing lut $abc$166565$lut$aiger166564$12860.genblk1.genblk1.genblk1.genblk1.genblk1.lut1 (4 -> 3)
  Optimizing lut $abc$166565$lut$aiger166564$9634.genblk1.genblk1.genblk1.genblk1.genblk1.genblk1.lut0.genblk1.genblk1.genblk1.genblk1.genblk1.lut0 (4 -> 1)
  Optimizing lut $abc$166565$lut$aiger166564$11877.genblk1.genblk1.genblk1.genblk1.genblk1.lut1 (4 -> 3)
  Optimizing lut $abc$166565$lut$aiger166564$9643.genblk1.genblk1.genblk1.genblk1.genblk1.genblk1.lut0.genblk1.genblk1.genblk1.genblk1.genblk1.lut0 (4 -> 1)
  Optimizing lut $abc$166565$lut$aiger166564$12854.genblk1.genblk1.genblk1.genblk1.genblk1.lut1 (4 -> 3)
  Optimizing lut $abc$166565$lut$aiger166564$8622.genblk1.genblk1.genblk1.genblk1.genblk1.genblk1.lut0.genblk1.genblk1.genblk1.genblk1.genblk1.lut0 (4 -> 1)
  Optimizing lut $abc$166565$lut$aiger166564$8631.genblk1.genblk1.genblk1.genblk1.genblk1.genblk1.lut0.genblk1.genblk1.genblk1.genblk1.genblk1.lut0 (4 -> 1)
  Optimizing lut $abc$166565$lut$aiger166564$11871.genblk1.genblk1.genblk1.genblk1.genblk1.lut1 (4 -> 3)
  Optimizing lut $abc$166565$lut$aiger166564$8640.genblk1.genblk1.genblk1.genblk1.genblk1.genblk1.lut0.genblk1.genblk1.genblk1.genblk1.genblk1.lut0 (4 -> 1)
  Optimizing lut $abc$166565$lut$aiger166564$12842.genblk1.genblk1.genblk1.genblk1.genblk1.lut1 (4 -> 3)
  Optimizing lut $abc$166565$lut$aiger166564$8649.genblk1.genblk1.genblk1.genblk1.genblk1.genblk1.lut0.genblk1.genblk1.genblk1.genblk1.genblk1.lut0 (4 -> 1)
  Optimizing lut $abc$166565$lut$aiger166564$13230.genblk1.genblk1.genblk1.genblk1.genblk1.lut1 (4 -> 3)
  Optimizing lut $abc$166565$lut$aiger166564$8658.genblk1.genblk1.genblk1.genblk1.genblk1.genblk1.lut0.genblk1.genblk1.genblk1.genblk1.genblk1.lut0 (4 -> 1)
  Optimizing lut $abc$166565$lut$aiger166564$13224.genblk1.genblk1.genblk1.genblk1.genblk1.lut1 (4 -> 3)
  Optimizing lut $abc$166565$lut$aiger166564$8667.genblk1.genblk1.genblk1.genblk1.genblk1.genblk1.lut0.genblk1.genblk1.genblk1.genblk1.genblk1.lut0 (4 -> 1)
  Optimizing lut $abc$166565$lut$aiger166564$12830.genblk1.genblk1.genblk1.genblk1.genblk1.lut1 (4 -> 3)
  Optimizing lut $abc$166565$lut$aiger166564$8676.genblk1.genblk1.genblk1.genblk1.genblk1.genblk1.lut0.genblk1.genblk1.genblk1.genblk1.genblk1.lut0 (4 -> 1)
  Optimizing lut $abc$166565$lut$aiger166564$12824.genblk1.genblk1.genblk1.genblk1.genblk1.lut1 (4 -> 3)
  Optimizing lut $abc$166565$lut$aiger166564$8685.genblk1.genblk1.genblk1.genblk1.genblk1.genblk1.lut0.genblk1.genblk1.genblk1.genblk1.genblk1.lut0 (4 -> 1)
  Optimizing lut $abc$166565$lut$aiger166564$13212.genblk1.genblk1.genblk1.genblk1.genblk1.lut1 (4 -> 3)
  Optimizing lut $abc$166565$lut$aiger166564$8694.genblk1.genblk1.genblk1.genblk1.genblk1.genblk1.lut0.genblk1.genblk1.genblk1.genblk1.genblk1.lut0 (4 -> 1)
  Optimizing lut $abc$166565$lut$aiger166564$12818.genblk1.genblk1.genblk1.genblk1.genblk1.lut1 (4 -> 3)
  Optimizing lut $abc$166565$lut$aiger166564$8703.genblk1.genblk1.genblk1.genblk1.genblk1.genblk1.lut0.genblk1.genblk1.genblk1.genblk1.genblk1.lut0 (4 -> 1)
  Optimizing lut $abc$166565$lut$aiger166564$12522.genblk1.genblk1.genblk1.genblk1.genblk1.lut1 (4 -> 3)
  Optimizing lut $abc$166565$lut$aiger166564$8712.genblk1.genblk1.genblk1.genblk1.genblk1.genblk1.lut0.genblk1.genblk1.genblk1.genblk1.genblk1.lut0 (4 -> 1)
  Optimizing lut $abc$166565$lut$aiger166564$10822.genblk1.genblk1.genblk1.genblk1.genblk1.genblk1.genblk1.genblk1.lut1.genblk1.genblk1.genblk1.genblk1.genblk1.genblk1.genblk1.lut1.genblk1.genblk1.genblk1.genblk1.genblk1.genblk1.lut1.genblk1.genblk1.genblk1.genblk1.genblk1.lut1 (4 -> 1)
  Optimizing lut $abc$166565$lut$aiger166564$10822.genblk1.genblk1.genblk1.genblk1.genblk1.genblk1.genblk1.genblk1.lut0.genblk1.genblk1.genblk1.genblk1.genblk1.genblk1.genblk1.lut1.genblk1.genblk1.genblk1.genblk1.genblk1.genblk1.lut1.genblk1.genblk1.genblk1.genblk1.genblk1.lut1 (4 -> 1)
  Optimizing lut $abc$166565$lut$aiger166564$8721.genblk1.genblk1.genblk1.genblk1.genblk1.genblk1.lut0.genblk1.genblk1.genblk1.genblk1.genblk1.lut0 (4 -> 1)
  Optimizing lut $abc$166565$lut$aiger166564$8730.genblk1.genblk1.genblk1.genblk1.genblk1.genblk1.lut0.genblk1.genblk1.genblk1.genblk1.genblk1.lut0 (4 -> 1)
  Optimizing lut $abc$166565$lut$aiger166564$12016.genblk1.genblk1.genblk1.genblk1.genblk1.lut1 (4 -> 3)
  Optimizing lut $abc$166565$lut$aiger166564$8739.genblk1.genblk1.genblk1.genblk1.genblk1.genblk1.lut0.genblk1.genblk1.genblk1.genblk1.genblk1.lut0 (4 -> 1)
  Optimizing lut $abc$166565$lut$aiger166564$8748.genblk1.genblk1.genblk1.genblk1.genblk1.genblk1.lut1.genblk1.genblk1.genblk1.genblk1.genblk1.lut0 (4 -> 1)
  Optimizing lut $abc$166565$lut$aiger166564$8748.genblk1.genblk1.genblk1.genblk1.genblk1.genblk1.lut0.genblk1.genblk1.genblk1.genblk1.genblk1.lut0 (4 -> 1)
  Optimizing lut $abc$166565$lut$aiger166564$13182.genblk1.genblk1.genblk1.genblk1.genblk1.lut1 (4 -> 3)
  Optimizing lut $abc$166565$lut$aiger166564$10624.genblk1.genblk1.genblk1.genblk1.genblk1.genblk1.genblk1.genblk1.lut0.genblk1.genblk1.genblk1.genblk1.genblk1.genblk1.genblk1.lut1.genblk1.genblk1.genblk1.genblk1.genblk1.genblk1.lut1.genblk1.genblk1.genblk1.genblk1.genblk1.lut1 (4 -> 0)
  Optimizing lut $abc$166565$lut$aiger166564$13176.genblk1.genblk1.genblk1.genblk1.genblk1.lut1 (4 -> 3)
  Optimizing lut $abc$166565$lut$aiger166564$10848.genblk1.genblk1.genblk1.genblk1.genblk1.genblk1.genblk1.genblk1.lut0.genblk1.genblk1.genblk1.genblk1.genblk1.genblk1.genblk1.lut1.genblk1.genblk1.genblk1.genblk1.genblk1.genblk1.lut1.genblk1.genblk1.genblk1.genblk1.genblk1.lut1 (4 -> 0)
  Optimizing lut $abc$166565$lut$aiger166564$10861.genblk1.genblk1.genblk1.genblk1.genblk1.genblk1.genblk1.genblk1.lut1.genblk1.genblk1.genblk1.genblk1.genblk1.genblk1.genblk1.lut1.genblk1.genblk1.genblk1.genblk1.genblk1.genblk1.lut1.genblk1.genblk1.genblk1.genblk1.genblk1.lut1 (4 -> 0)
  Optimizing lut $abc$166565$lut$aiger166564$10861.genblk1.genblk1.genblk1.genblk1.genblk1.genblk1.genblk1.genblk1.lut0.genblk1.genblk1.genblk1.genblk1.genblk1.genblk1.genblk1.lut1.genblk1.genblk1.genblk1.genblk1.genblk1.genblk1.lut1.genblk1.genblk1.genblk1.genblk1.genblk1.lut1 (4 -> 0)
  Optimizing lut $abc$166565$lut$aiger166564$13158.genblk1.genblk1.genblk1.genblk1.genblk1.lut1 (4 -> 3)
  Optimizing lut $abc$166565$lut$aiger166564$12325.genblk1.genblk1.genblk1.genblk1.genblk1.genblk1.lut0.genblk1.genblk1.genblk1.genblk1.genblk1.lut0 (4 -> 0)
  Optimizing lut $abc$166565$lut$aiger166564$13152.genblk1.genblk1.genblk1.genblk1.genblk1.lut1 (4 -> 3)
  Optimizing lut $abc$166565$lut$aiger166564$10874.genblk1.genblk1.genblk1.genblk1.genblk1.genblk1.lut0.genblk1.genblk1.genblk1.genblk1.genblk1.lut0 (4 -> 0)
  Optimizing lut $abc$166565$lut$aiger166564$11986.genblk1.genblk1.genblk1.genblk1.genblk1.lut1 (4 -> 3)
  Optimizing lut $abc$166565$lut$aiger166564$10688.genblk1.genblk1.genblk1.genblk1.genblk1.genblk1.genblk1.genblk1.lut0.genblk1.genblk1.genblk1.genblk1.genblk1.genblk1.genblk1.lut1.genblk1.genblk1.genblk1.genblk1.genblk1.genblk1.lut1.genblk1.genblk1.genblk1.genblk1.genblk1.lut1 (4 -> 1)
  Optimizing lut $abc$166565$lut$aiger166564$12146.genblk1.genblk1.genblk1.genblk1.genblk1.lut1 (4 -> 3)
  Optimizing lut $abc$166565$lut$aiger166564$9508.genblk1.genblk1.genblk1.genblk1.genblk1.genblk1.lut0.genblk1.genblk1.genblk1.genblk1.genblk1.lut0 (4 -> 1)
  Optimizing lut $abc$166565$lut$aiger166564$12354.genblk1.genblk1.genblk1.genblk1.genblk1.lut1 (4 -> 3)
  Optimizing lut $abc$166565$lut$aiger166564$9517.genblk1.genblk1.genblk1.genblk1.genblk1.genblk1.lut0.genblk1.genblk1.genblk1.genblk1.genblk1.lut0 (4 -> 1)
  Optimizing lut $abc$166565$lut$aiger166564$12638.genblk1.genblk1.genblk1.genblk1.genblk1.lut1 (4 -> 3)
  Optimizing lut $abc$166565$lut$aiger166564$9526.genblk1.genblk1.genblk1.genblk1.genblk1.genblk1.lut0.genblk1.genblk1.genblk1.genblk1.genblk1.lut0 (4 -> 1)
  Optimizing lut $abc$166565$lut$aiger166564$12632.genblk1.genblk1.genblk1.genblk1.genblk1.lut1 (4 -> 3)
  Optimizing lut $abc$166565$lut$aiger166564$9535.genblk1.genblk1.genblk1.genblk1.genblk1.genblk1.lut0.genblk1.genblk1.genblk1.genblk1.genblk1.lut0 (4 -> 1)
  Optimizing lut $abc$166565$lut$aiger166564$12626.genblk1.genblk1.genblk1.genblk1.genblk1.lut1 (4 -> 3)
  Optimizing lut $abc$166565$lut$aiger166564$9544.genblk1.genblk1.genblk1.genblk1.genblk1.genblk1.lut0.genblk1.genblk1.genblk1.genblk1.genblk1.lut0 (4 -> 1)
  Optimizing lut $abc$166565$lut$aiger166564$12620.genblk1.genblk1.genblk1.genblk1.genblk1.lut1 (4 -> 3)
  Optimizing lut $abc$166565$lut$aiger166564$9553.genblk1.genblk1.genblk1.genblk1.genblk1.genblk1.lut0.genblk1.genblk1.genblk1.genblk1.genblk1.lut0 (4 -> 1)
  Optimizing lut $abc$166565$lut$aiger166564$12614.genblk1.genblk1.genblk1.genblk1.genblk1.lut1 (4 -> 3)
  Optimizing lut $abc$166565$lut$aiger166564$9562.genblk1.genblk1.genblk1.genblk1.genblk1.genblk1.lut0.genblk1.genblk1.genblk1.genblk1.genblk1.lut0 (4 -> 1)
  Optimizing lut $abc$166565$lut$aiger166564$10536.genblk1.genblk1.genblk1.genblk1.genblk1.genblk1.genblk1.genblk1.lut1.genblk1.genblk1.genblk1.genblk1.genblk1.genblk1.genblk1.lut1.genblk1.genblk1.genblk1.genblk1.genblk1.genblk1.lut1.genblk1.genblk1.genblk1.genblk1.genblk1.lut1 (4 -> 0)
  Optimizing lut $abc$166565$lut$aiger166564$10536.genblk1.genblk1.genblk1.genblk1.genblk1.genblk1.genblk1.genblk1.lut0.genblk1.genblk1.genblk1.genblk1.genblk1.genblk1.genblk1.lut1.genblk1.genblk1.genblk1.genblk1.genblk1.genblk1.lut1.genblk1.genblk1.genblk1.genblk1.genblk1.lut1 (4 -> 0)
  Optimizing lut $abc$166565$lut$aiger166564$11901.genblk1.genblk1.genblk1.genblk1.genblk1.lut1 (4 -> 3)
  Optimizing lut $abc$166565$lut$aiger166564$9571.genblk1.genblk1.genblk1.genblk1.genblk1.genblk1.lut0.genblk1.genblk1.genblk1.genblk1.genblk1.lut0 (4 -> 1)
  Optimizing lut $abc$166565$lut$aiger166564$11901.genblk1.genblk1.genblk1.genblk1.genblk1.lut0 (4 -> 3)
  Optimizing lut $abc$166565$lut$aiger166564$12342.genblk1.genblk1.genblk1.genblk1.genblk1.lut0 (4 -> 3)
  Optimizing lut $abc$166565$lut$aiger166564$12348.genblk1.genblk1.genblk1.genblk1.genblk1.lut0 (4 -> 3)
  Optimizing lut $abc$166565$lut$aiger166564$9508.genblk1.genblk1.genblk1.genblk1.genblk1.genblk1.lut0.genblk1.genblk1.genblk1.genblk1.genblk1.lut1 (4 -> 1)
  Optimizing lut $abc$166565$lut$aiger166564$12644.genblk1.genblk1.genblk1.genblk1.genblk1.lut0 (4 -> 3)
  Optimizing lut $abc$166565$lut$aiger166564$11919.genblk1.genblk1.genblk1.genblk1.genblk1.lut0 (4 -> 3)
  Optimizing lut $abc$166565$lut$aiger166564$12104.genblk1.genblk1.genblk1.genblk1.genblk1.lut0 (4 -> 3)
  Optimizing lut $abc$166565$lut$aiger166564$12650.genblk1.genblk1.genblk1.genblk1.genblk1.lut0 (4 -> 3)
  Optimizing lut $abc$166565$lut$aiger166564$12110.genblk1.genblk1.genblk1.genblk1.genblk1.lut0 (4 -> 3)
  Optimizing lut $abc$166565$lut$aiger166564$12372.genblk1.genblk1.genblk1.genblk1.genblk1.lut0 (4 -> 3)
  Optimizing lut $abc$166565$lut$aiger166564$12122.genblk1.genblk1.genblk1.genblk1.genblk1.lut0 (4 -> 3)
  Optimizing lut $abc$166565$lut$aiger166564$12680.genblk1.genblk1.genblk1.genblk1.genblk1.lut0 (4 -> 3)
  Optimizing lut $abc$166565$lut$aiger166564$12128.genblk1.genblk1.genblk1.genblk1.genblk1.lut0 (4 -> 3)
  Optimizing lut $abc$166565$lut$aiger166564$12692.genblk1.genblk1.genblk1.genblk1.genblk1.lut0 (4 -> 3)
  Optimizing lut $abc$166565$lut$aiger166564$12402.genblk1.genblk1.genblk1.genblk1.genblk1.lut0 (4 -> 3)
  Optimizing lut $abc$166565$lut$aiger166564$12140.genblk1.genblk1.genblk1.genblk1.genblk1.lut0 (4 -> 3)
  Optimizing lut $abc$166565$lut$aiger166564$12414.genblk1.genblk1.genblk1.genblk1.genblk1.lut0 (4 -> 3)
  Optimizing lut $abc$166565$lut$aiger166564$12146.genblk1.genblk1.genblk1.genblk1.genblk1.lut0 (4 -> 3)
  Optimizing lut $abc$166565$lut$aiger166564$11955.genblk1.genblk1.genblk1.genblk1.genblk1.lut0 (4 -> 3)
  Optimizing lut $abc$166565$lut$aiger166564$12710.genblk1.genblk1.genblk1.genblk1.genblk1.lut0 (4 -> 3)
  Optimizing lut $abc$166565$lut$aiger166564$12420.genblk1.genblk1.genblk1.genblk1.genblk1.lut0 (4 -> 3)
  Optimizing lut $abc$166565$lut$aiger166564$12152.genblk1.genblk1.genblk1.genblk1.genblk1.lut0 (4 -> 3)
  Optimizing lut $abc$166565$lut$aiger166564$11966.genblk1.genblk1.genblk1.genblk1.genblk1.lut0 (4 -> 3)
  Optimizing lut $abc$166565$lut$aiger166564$13086.genblk1.genblk1.genblk1.genblk1.genblk1.lut0 (4 -> 3)
  Optimizing lut $abc$166565$lut$aiger166564$12740.genblk1.genblk1.genblk1.genblk1.genblk1.lut0 (4 -> 3)
  Optimizing lut $abc$166565$lut$aiger166564$12456.genblk1.genblk1.genblk1.genblk1.genblk1.lut0 (4 -> 3)
  Optimizing lut $abc$166565$lut$aiger166564$12746.genblk1.genblk1.genblk1.genblk1.genblk1.lut0 (4 -> 3)
  Optimizing lut $abc$166565$lut$aiger166564$12752.genblk1.genblk1.genblk1.genblk1.genblk1.lut0 (4 -> 3)
  Optimizing lut $abc$166565$lut$aiger166564$13134.genblk1.genblk1.genblk1.genblk1.genblk1.lut0 (4 -> 3)
  Optimizing lut $abc$166565$lut$aiger166564$12468.genblk1.genblk1.genblk1.genblk1.genblk1.lut0 (4 -> 3)
  Optimizing lut $abc$166565$lut$aiger166564$13146.genblk1.genblk1.genblk1.genblk1.genblk1.lut0 (4 -> 3)
  Optimizing lut $abc$166565$lut$aiger166564$11992.genblk1.genblk1.genblk1.genblk1.genblk1.lut0 (4 -> 3)
  Optimizing lut $abc$166565$lut$aiger166564$10861.genblk1.genblk1.genblk1.genblk1.genblk1.genblk1.genblk1.genblk1.lut0.genblk1.genblk1.genblk1.genblk1.genblk1.genblk1.genblk1.lut0.genblk1.genblk1.genblk1.genblk1.genblk1.genblk1.lut0.genblk1.genblk1.genblk1.genblk1.genblk1.lut1 (4 -> 0)
  Optimizing lut $abc$166565$lut$aiger166564$10848.genblk1.genblk1.genblk1.genblk1.genblk1.genblk1.genblk1.genblk1.lut1.genblk1.genblk1.genblk1.genblk1.genblk1.genblk1.genblk1.lut0.genblk1.genblk1.genblk1.genblk1.genblk1.genblk1.lut1.genblk1.genblk1.genblk1.genblk1.genblk1.lut1 (4 -> 0)
  Optimizing lut $abc$166565$lut$aiger166564$12776.genblk1.genblk1.genblk1.genblk1.genblk1.lut0 (4 -> 3)
  Optimizing lut $abc$166565$lut$aiger166564$12492.genblk1.genblk1.genblk1.genblk1.genblk1.lut0 (4 -> 3)
  Optimizing lut $abc$166565$lut$aiger166564$13170.genblk1.genblk1.genblk1.genblk1.genblk1.lut0 (4 -> 3)
  Optimizing lut $abc$166565$lut$aiger166564$12504.genblk1.genblk1.genblk1.genblk1.genblk1.lut0 (4 -> 3)
  Optimizing lut $abc$166565$lut$aiger166564$12510.genblk1.genblk1.genblk1.genblk1.genblk1.lut0 (4 -> 3)
  Optimizing lut $abc$166565$lut$aiger166564$12800.genblk1.genblk1.genblk1.genblk1.genblk1.lut0 (4 -> 3)
  Optimizing lut $abc$166565$lut$aiger166564$8721.genblk1.genblk1.genblk1.genblk1.genblk1.genblk1.lut0.genblk1.genblk1.genblk1.genblk1.genblk1.lut1 (4 -> 1)
  Optimizing lut $abc$166565$lut$aiger166564$13194.genblk1.genblk1.genblk1.genblk1.genblk1.lut0 (4 -> 3)
  Optimizing lut $abc$166565$lut$aiger166564$10822.genblk1.genblk1.genblk1.genblk1.genblk1.genblk1.genblk1.genblk1.lut0.genblk1.genblk1.genblk1.genblk1.genblk1.genblk1.genblk1.lut0.genblk1.genblk1.genblk1.genblk1.genblk1.genblk1.lut0.genblk1.genblk1.genblk1.genblk1.genblk1.lut1 (4 -> 1)
  Optimizing lut $abc$166565$lut$aiger166564$13657.genblk1.genblk1.genblk1.genblk1.genblk1.lut0 (4 -> 0)
  Optimizing lut $abc$166565$lut$aiger166564$12022.genblk1.genblk1.genblk1.genblk1.genblk1.lut0 (4 -> 3)
  Optimizing lut $abc$166565$lut$aiger166564$12812.genblk1.genblk1.genblk1.genblk1.genblk1.lut0 (4 -> 3)
  Optimizing lut $abc$166565$lut$aiger166564$12528.genblk1.genblk1.genblk1.genblk1.genblk1.lut0 (4 -> 3)
  Optimizing lut $abc$166565$lut$aiger166564$12818.genblk1.genblk1.genblk1.genblk1.genblk1.lut0 (4 -> 3)
  Optimizing lut $abc$166565$lut$aiger166564$11859.genblk1.genblk1.genblk1.genblk1.genblk1.lut0 (4 -> 3)
  Optimizing lut $abc$166565$lut$aiger166564$13212.genblk1.genblk1.genblk1.genblk1.genblk1.lut0 (4 -> 3)
  Optimizing lut $abc$166565$lut$aiger166564$13218.genblk1.genblk1.genblk1.genblk1.genblk1.lut0 (4 -> 3)
  Optimizing lut $abc$166565$lut$aiger166564$8658.genblk1.genblk1.genblk1.genblk1.genblk1.genblk1.lut0.genblk1.genblk1.genblk1.genblk1.genblk1.lut1 (4 -> 1)
  Optimizing lut $abc$166565$lut$aiger166564$12034.genblk1.genblk1.genblk1.genblk1.genblk1.lut0 (4 -> 3)
  Optimizing lut $abc$166565$lut$aiger166564$12842.genblk1.genblk1.genblk1.genblk1.genblk1.lut0 (4 -> 3)
  Optimizing lut $abc$166565$lut$aiger166564$8631.genblk1.genblk1.genblk1.genblk1.genblk1.genblk1.lut0.genblk1.genblk1.genblk1.genblk1.genblk1.lut1 (4 -> 1)
  Optimizing lut $abc$166565$lut$aiger166564$8622.genblk1.genblk1.genblk1.genblk1.genblk1.genblk1.lut0.genblk1.genblk1.genblk1.genblk1.genblk1.lut1 (4 -> 1)
  Optimizing lut $abc$166565$lut$aiger166564$12848.genblk1.genblk1.genblk1.genblk1.genblk1.lut0 (4 -> 3)
  Optimizing lut $abc$166565$lut$aiger166564$12430.genblk1.genblk1.genblk1.genblk1.genblk1.lut0 (4 -> 0)
  Optimizing lut $abc$166565$lut$aiger166564$9634.genblk1.genblk1.genblk1.genblk1.genblk1.genblk1.lut0.genblk1.genblk1.genblk1.genblk1.genblk1.lut1 (4 -> 1)
  Optimizing lut $abc$166565$lut$aiger166564$12860.genblk1.genblk1.genblk1.genblk1.genblk1.lut0 (4 -> 3)
  Optimizing lut $abc$166565$lut$aiger166564$9625.genblk1.genblk1.genblk1.genblk1.genblk1.genblk1.lut0.genblk1.genblk1.genblk1.genblk1.genblk1.lut1 (4 -> 1)
  Optimizing lut $abc$166565$lut$aiger166564$9616.genblk1.genblk1.genblk1.genblk1.genblk1.genblk1.lut0.genblk1.genblk1.genblk1.genblk1.genblk1.lut1 (4 -> 1)
  Optimizing lut $abc$166565$lut$aiger166564$12065.genblk1.genblk1.genblk1.genblk1.genblk1.lut0 (4 -> 3)
  Optimizing lut $abc$166565$lut$aiger166564$9589.genblk1.genblk1.genblk1.genblk1.genblk1.genblk1.lut0.genblk1.genblk1.genblk1.genblk1.genblk1.lut1 (4 -> 1)
  Optimizing lut $abc$166565$lut$aiger166564$11688.genblk1.genblk1.genblk1.genblk1.genblk1.genblk1.genblk1.genblk1.lut0.genblk1.genblk1.genblk1.genblk1.genblk1.genblk1.genblk1.lut0.genblk1.genblk1.genblk1.genblk1.genblk1.genblk1.lut0.genblk1.genblk1.genblk1.genblk1.genblk1.lut1 (4 -> 0)
  Optimizing lut $abc$166565$lut$aiger166564$11525.genblk1.genblk1.genblk1.genblk1.genblk1.genblk1.genblk1.lut0.genblk1.genblk1.genblk1.genblk1.genblk1.genblk1.lut1.genblk1.genblk1.genblk1.genblk1.genblk1.lut0 (4 -> 2)
  Optimizing lut $abc$166565$lut$aiger166564$11627.genblk1.genblk1.genblk1.genblk1.genblk1.lut0 (4 -> 0)
  Optimizing lut $abc$166565$lut$aiger166564$11519.genblk1.genblk1.genblk1.genblk1.genblk1.lut0 (4 -> 0)
  Optimizing lut $abc$166565$lut$aiger166564$9580.genblk1.genblk1.genblk1.genblk1.genblk1.genblk1.lut0.genblk1.genblk1.genblk1.genblk1.genblk1.lut1 (4 -> 1)
  Optimizing lut $auto$abc_ops_reintegrate.cc:450:reintegrate$166568.genblk1.genblk1.genblk1.genblk1.genblk1.lut0 (4 -> 3)
  Optimizing lut $auto$abc_ops_reintegrate.cc:450:reintegrate$166569.genblk1.genblk1.genblk1.genblk1.genblk1.lut0 (4 -> 3)
  Optimizing lut $auto$abc_ops_reintegrate.cc:450:reintegrate$166570.genblk1.genblk1.genblk1.genblk1.genblk1.lut0 (4 -> 3)
  Optimizing lut $auto$abc_ops_reintegrate.cc:450:reintegrate$166571.genblk1.genblk1.genblk1.genblk1.genblk1.lut0 (4 -> 3)
  Optimizing lut $auto$abc_ops_reintegrate.cc:450:reintegrate$166572.genblk1.genblk1.genblk1.genblk1.genblk1.lut0 (4 -> 3)
  Optimizing lut $auto$abc_ops_reintegrate.cc:450:reintegrate$166573.genblk1.genblk1.genblk1.genblk1.genblk1.lut0 (4 -> 3)
  Optimizing lut $auto$abc_ops_reintegrate.cc:450:reintegrate$166574.genblk1.genblk1.genblk1.genblk1.genblk1.lut0 (4 -> 3)
  Optimizing lut $auto$abc_ops_reintegrate.cc:450:reintegrate$166575.genblk1.genblk1.genblk1.genblk1.genblk1.lut0 (4 -> 3)
  Optimizing lut $auto$abc_ops_reintegrate.cc:450:reintegrate$166576.genblk1.genblk1.genblk1.genblk1.genblk1.lut0 (4 -> 3)
  Optimizing lut $auto$abc_ops_reintegrate.cc:450:reintegrate$166577.genblk1.genblk1.genblk1.genblk1.genblk1.lut0 (4 -> 3)
  Optimizing lut $auto$abc_ops_reintegrate.cc:450:reintegrate$166578.genblk1.genblk1.genblk1.genblk1.genblk1.lut0 (4 -> 3)
  Optimizing lut $auto$abc_ops_reintegrate.cc:450:reintegrate$166579.genblk1.genblk1.genblk1.genblk1.genblk1.lut0 (4 -> 3)
  Optimizing lut $auto$abc_ops_reintegrate.cc:450:reintegrate$166580.genblk1.genblk1.genblk1.genblk1.genblk1.lut0 (4 -> 3)
  Optimizing lut $auto$abc_ops_reintegrate.cc:450:reintegrate$166581.genblk1.genblk1.genblk1.genblk1.genblk1.lut0 (4 -> 3)
  Optimizing lut $auto$abc_ops_reintegrate.cc:450:reintegrate$166582.genblk1.genblk1.genblk1.genblk1.genblk1.lut0 (4 -> 3)
  Optimizing lut $auto$abc_ops_reintegrate.cc:450:reintegrate$166583.genblk1.genblk1.genblk1.genblk1.genblk1.lut0 (4 -> 3)
  Optimizing lut $auto$abc_ops_reintegrate.cc:450:reintegrate$166584.genblk1.genblk1.genblk1.genblk1.genblk1.lut0 (4 -> 3)
  Optimizing lut $auto$abc_ops_reintegrate.cc:450:reintegrate$166585.genblk1.genblk1.genblk1.genblk1.genblk1.lut0 (4 -> 3)
  Optimizing lut $auto$abc_ops_reintegrate.cc:450:reintegrate$166586.genblk1.genblk1.genblk1.genblk1.genblk1.lut0 (4 -> 3)
  Optimizing lut $auto$abc_ops_reintegrate.cc:450:reintegrate$166587.genblk1.genblk1.genblk1.genblk1.genblk1.lut0 (4 -> 3)
  Optimizing lut $auto$abc_ops_reintegrate.cc:450:reintegrate$166588.genblk1.genblk1.genblk1.genblk1.genblk1.lut0 (4 -> 3)
  Optimizing lut $auto$abc_ops_reintegrate.cc:450:reintegrate$166589.genblk1.genblk1.genblk1.genblk1.genblk1.lut0 (4 -> 3)
  Optimizing lut $auto$abc_ops_reintegrate.cc:450:reintegrate$166590.genblk1.genblk1.genblk1.genblk1.genblk1.lut0 (4 -> 3)
  Optimizing lut $auto$abc_ops_reintegrate.cc:450:reintegrate$166591.genblk1.genblk1.genblk1.genblk1.genblk1.lut0 (4 -> 3)
  Optimizing lut $auto$abc_ops_reintegrate.cc:450:reintegrate$166592.genblk1.genblk1.genblk1.genblk1.genblk1.lut0 (4 -> 3)
  Optimizing lut $auto$abc_ops_reintegrate.cc:450:reintegrate$166593.genblk1.genblk1.genblk1.genblk1.genblk1.lut0 (4 -> 3)
  Optimizing lut $auto$abc_ops_reintegrate.cc:450:reintegrate$166594.genblk1.genblk1.genblk1.genblk1.genblk1.lut0 (4 -> 3)
  Optimizing lut $auto$abc_ops_reintegrate.cc:450:reintegrate$166595.genblk1.genblk1.genblk1.genblk1.genblk1.lut0 (4 -> 3)
  Optimizing lut $auto$abc_ops_reintegrate.cc:450:reintegrate$166596.genblk1.genblk1.genblk1.genblk1.genblk1.lut0 (4 -> 3)
  Optimizing lut $auto$abc_ops_reintegrate.cc:450:reintegrate$166597.genblk1.genblk1.genblk1.genblk1.genblk1.lut0 (4 -> 3)
  Optimizing lut $auto$abc_ops_reintegrate.cc:450:reintegrate$166598.genblk1.genblk1.genblk1.genblk1.genblk1.lut0 (4 -> 3)
  Optimizing lut $auto$abc_ops_reintegrate.cc:450:reintegrate$166599.genblk1.genblk1.genblk1.genblk1.genblk1.lut0 (4 -> 3)
  Optimizing lut $auto$abc_ops_reintegrate.cc:450:reintegrate$166600.genblk1.genblk1.genblk1.genblk1.genblk1.lut0 (4 -> 3)
  Optimizing lut $auto$abc_ops_reintegrate.cc:450:reintegrate$166601.genblk1.genblk1.genblk1.genblk1.genblk1.lut0 (4 -> 3)
  Optimizing lut $auto$abc_ops_reintegrate.cc:450:reintegrate$166602.genblk1.genblk1.genblk1.genblk1.genblk1.lut0 (4 -> 3)
  Optimizing lut $auto$abc_ops_reintegrate.cc:450:reintegrate$166603.genblk1.genblk1.genblk1.genblk1.genblk1.lut0 (4 -> 3)
  Optimizing lut $auto$abc_ops_reintegrate.cc:450:reintegrate$166604.genblk1.genblk1.genblk1.genblk1.genblk1.lut0 (4 -> 3)
  Optimizing lut $auto$abc_ops_reintegrate.cc:450:reintegrate$166605.genblk1.genblk1.genblk1.genblk1.genblk1.lut0 (4 -> 3)
  Optimizing lut $auto$abc_ops_reintegrate.cc:450:reintegrate$166606.genblk1.genblk1.genblk1.genblk1.genblk1.lut0 (4 -> 3)
  Optimizing lut $auto$abc_ops_reintegrate.cc:450:reintegrate$166607.genblk1.genblk1.genblk1.genblk1.genblk1.lut0 (4 -> 3)
  Optimizing lut $auto$abc_ops_reintegrate.cc:450:reintegrate$166608.genblk1.genblk1.genblk1.genblk1.genblk1.lut0 (4 -> 3)
  Optimizing lut $auto$abc_ops_reintegrate.cc:450:reintegrate$166609.genblk1.genblk1.genblk1.genblk1.genblk1.lut0 (4 -> 3)
  Optimizing lut $auto$abc_ops_reintegrate.cc:450:reintegrate$166610.genblk1.genblk1.genblk1.genblk1.genblk1.lut0 (4 -> 3)
  Optimizing lut $auto$abc_ops_reintegrate.cc:450:reintegrate$166611.genblk1.genblk1.genblk1.genblk1.genblk1.lut0 (4 -> 3)
  Optimizing lut $auto$abc_ops_reintegrate.cc:450:reintegrate$166612.genblk1.genblk1.genblk1.genblk1.genblk1.lut0 (4 -> 3)
  Optimizing lut $auto$abc_ops_reintegrate.cc:450:reintegrate$166613.genblk1.genblk1.genblk1.genblk1.genblk1.lut0 (4 -> 3)
  Optimizing lut $auto$abc_ops_reintegrate.cc:450:reintegrate$166614.genblk1.genblk1.genblk1.genblk1.genblk1.lut0 (4 -> 3)
  Optimizing lut $auto$abc_ops_reintegrate.cc:450:reintegrate$166615.genblk1.genblk1.genblk1.genblk1.genblk1.lut0 (4 -> 3)
  Optimizing lut $auto$abc_ops_reintegrate.cc:450:reintegrate$166616.genblk1.genblk1.genblk1.genblk1.genblk1.lut0 (4 -> 3)
  Optimizing lut $auto$abc_ops_reintegrate.cc:450:reintegrate$166617.genblk1.genblk1.genblk1.genblk1.genblk1.lut0 (4 -> 3)
  Optimizing lut $auto$abc_ops_reintegrate.cc:450:reintegrate$166618.genblk1.genblk1.genblk1.genblk1.genblk1.lut0 (4 -> 3)
  Optimizing lut $auto$abc_ops_reintegrate.cc:450:reintegrate$166619.genblk1.genblk1.genblk1.genblk1.genblk1.lut0 (4 -> 3)
  Optimizing lut $auto$abc_ops_reintegrate.cc:450:reintegrate$166620.genblk1.genblk1.genblk1.genblk1.genblk1.lut0 (4 -> 3)
  Optimizing lut $auto$abc_ops_reintegrate.cc:450:reintegrate$166621.genblk1.genblk1.genblk1.genblk1.genblk1.lut0 (4 -> 3)
  Optimizing lut $auto$abc_ops_reintegrate.cc:450:reintegrate$166622.genblk1.genblk1.genblk1.genblk1.genblk1.lut0 (4 -> 3)
  Optimizing lut $auto$abc_ops_reintegrate.cc:450:reintegrate$166623.genblk1.genblk1.genblk1.genblk1.genblk1.lut0 (4 -> 3)
  Optimizing lut $auto$abc_ops_reintegrate.cc:450:reintegrate$166624.genblk1.genblk1.genblk1.genblk1.genblk1.lut0 (4 -> 3)
  Optimizing lut $auto$abc_ops_reintegrate.cc:450:reintegrate$166625.genblk1.genblk1.genblk1.genblk1.genblk1.lut0 (4 -> 3)
  Optimizing lut $auto$abc_ops_reintegrate.cc:450:reintegrate$166626.genblk1.genblk1.genblk1.genblk1.genblk1.genblk1.genblk1.lut1.genblk1.genblk1.genblk1.genblk1.genblk1.genblk1.lut1.genblk1.genblk1.genblk1.genblk1.genblk1.lut1 (4 -> 3)
  Optimizing lut $auto$abc_ops_reintegrate.cc:450:reintegrate$166627.genblk1.genblk1.genblk1.genblk1.genblk1.genblk1.genblk1.lut1.genblk1.genblk1.genblk1.genblk1.genblk1.genblk1.lut1.genblk1.genblk1.genblk1.genblk1.genblk1.lut1 (4 -> 3)
  Optimizing lut $auto$abc_ops_reintegrate.cc:450:reintegrate$166628.genblk1.genblk1.genblk1.genblk1.genblk1.genblk1.genblk1.lut1.genblk1.genblk1.genblk1.genblk1.genblk1.genblk1.lut1.genblk1.genblk1.genblk1.genblk1.genblk1.lut1 (4 -> 3)
  Optimizing lut $auto$abc_ops_reintegrate.cc:450:reintegrate$166629.genblk1.genblk1.genblk1.genblk1.genblk1.genblk1.genblk1.lut1.genblk1.genblk1.genblk1.genblk1.genblk1.genblk1.lut1.genblk1.genblk1.genblk1.genblk1.genblk1.lut1 (4 -> 3)
  Optimizing lut $auto$abc_ops_reintegrate.cc:450:reintegrate$166630.genblk1.genblk1.genblk1.genblk1.genblk1.genblk1.genblk1.lut1.genblk1.genblk1.genblk1.genblk1.genblk1.genblk1.lut1.genblk1.genblk1.genblk1.genblk1.genblk1.lut1 (4 -> 3)
  Optimizing lut $auto$abc_ops_reintegrate.cc:450:reintegrate$166631.genblk1.genblk1.genblk1.genblk1.genblk1.genblk1.genblk1.lut1.genblk1.genblk1.genblk1.genblk1.genblk1.genblk1.lut1.genblk1.genblk1.genblk1.genblk1.genblk1.lut1 (4 -> 3)
  Optimizing lut $auto$abc_ops_reintegrate.cc:450:reintegrate$166632.genblk1.genblk1.genblk1.genblk1.genblk1.genblk1.genblk1.lut1.genblk1.genblk1.genblk1.genblk1.genblk1.genblk1.lut1.genblk1.genblk1.genblk1.genblk1.genblk1.lut1 (4 -> 3)
  Optimizing lut $auto$abc_ops_reintegrate.cc:450:reintegrate$166633.genblk1.genblk1.genblk1.genblk1.genblk1.genblk1.genblk1.lut1.genblk1.genblk1.genblk1.genblk1.genblk1.genblk1.lut1.genblk1.genblk1.genblk1.genblk1.genblk1.lut1 (4 -> 3)
  Optimizing lut $auto$abc_ops_reintegrate.cc:450:reintegrate$166634.genblk1.genblk1.genblk1.genblk1.genblk1.genblk1.genblk1.lut1.genblk1.genblk1.genblk1.genblk1.genblk1.genblk1.lut1.genblk1.genblk1.genblk1.genblk1.genblk1.lut1 (4 -> 3)
  Optimizing lut $auto$abc_ops_reintegrate.cc:450:reintegrate$166635.genblk1.genblk1.genblk1.genblk1.genblk1.genblk1.genblk1.lut1.genblk1.genblk1.genblk1.genblk1.genblk1.genblk1.lut1.genblk1.genblk1.genblk1.genblk1.genblk1.lut1 (4 -> 3)
  Optimizing lut $auto$abc_ops_reintegrate.cc:450:reintegrate$166636.genblk1.genblk1.genblk1.genblk1.genblk1.genblk1.genblk1.lut1.genblk1.genblk1.genblk1.genblk1.genblk1.genblk1.lut1.genblk1.genblk1.genblk1.genblk1.genblk1.lut1 (4 -> 3)
  Optimizing lut $auto$abc_ops_reintegrate.cc:450:reintegrate$166637.genblk1.genblk1.genblk1.genblk1.genblk1.genblk1.genblk1.lut1.genblk1.genblk1.genblk1.genblk1.genblk1.genblk1.lut1.genblk1.genblk1.genblk1.genblk1.genblk1.lut1 (4 -> 3)
  Optimizing lut $auto$abc_ops_reintegrate.cc:450:reintegrate$166638.genblk1.genblk1.genblk1.genblk1.genblk1.genblk1.genblk1.lut1.genblk1.genblk1.genblk1.genblk1.genblk1.genblk1.lut1.genblk1.genblk1.genblk1.genblk1.genblk1.lut1 (4 -> 3)
  Optimizing lut $auto$abc_ops_reintegrate.cc:450:reintegrate$166639.genblk1.genblk1.genblk1.genblk1.genblk1.genblk1.genblk1.lut1.genblk1.genblk1.genblk1.genblk1.genblk1.genblk1.lut1.genblk1.genblk1.genblk1.genblk1.genblk1.lut1 (4 -> 3)
  Optimizing lut $auto$abc_ops_reintegrate.cc:450:reintegrate$166640.genblk1.genblk1.genblk1.genblk1.genblk1.genblk1.genblk1.lut1.genblk1.genblk1.genblk1.genblk1.genblk1.genblk1.lut1.genblk1.genblk1.genblk1.genblk1.genblk1.lut1 (4 -> 3)
  Optimizing lut $auto$abc_ops_reintegrate.cc:450:reintegrate$166641.genblk1.genblk1.genblk1.genblk1.genblk1.genblk1.genblk1.lut1.genblk1.genblk1.genblk1.genblk1.genblk1.genblk1.lut1.genblk1.genblk1.genblk1.genblk1.genblk1.lut1 (4 -> 3)
  Optimizing lut $auto$abc_ops_reintegrate.cc:450:reintegrate$166643.genblk1.genblk1.genblk1.genblk1.genblk1.genblk1.lut0.genblk1.genblk1.genblk1.genblk1.genblk1.lut1 (4 -> 3)
  Optimizing lut $auto$abc_ops_reintegrate.cc:450:reintegrate$166644.genblk1.genblk1.genblk1.genblk1.genblk1.genblk1.lut0.genblk1.genblk1.genblk1.genblk1.genblk1.lut1 (4 -> 3)
  Optimizing lut $auto$abc_ops_reintegrate.cc:450:reintegrate$166645.genblk1.genblk1.genblk1.genblk1.genblk1.genblk1.lut0.genblk1.genblk1.genblk1.genblk1.genblk1.lut1 (4 -> 3)
  Optimizing lut $auto$abc_ops_reintegrate.cc:450:reintegrate$166646.genblk1.genblk1.genblk1.genblk1.genblk1.genblk1.lut0.genblk1.genblk1.genblk1.genblk1.genblk1.lut1 (4 -> 3)
  Optimizing lut $auto$abc_ops_reintegrate.cc:450:reintegrate$166647.genblk1.genblk1.genblk1.genblk1.genblk1.genblk1.lut0.genblk1.genblk1.genblk1.genblk1.genblk1.lut1 (4 -> 3)
  Optimizing lut $auto$abc_ops_reintegrate.cc:450:reintegrate$166648.genblk1.genblk1.genblk1.genblk1.genblk1.genblk1.lut0.genblk1.genblk1.genblk1.genblk1.genblk1.lut1 (4 -> 3)
  Optimizing lut $auto$abc_ops_reintegrate.cc:450:reintegrate$166649.genblk1.genblk1.genblk1.genblk1.genblk1.genblk1.lut0.genblk1.genblk1.genblk1.genblk1.genblk1.lut1 (4 -> 3)
  Optimizing lut $auto$abc_ops_reintegrate.cc:450:reintegrate$166650.genblk1.genblk1.genblk1.genblk1.genblk1.genblk1.lut0.genblk1.genblk1.genblk1.genblk1.genblk1.lut1 (4 -> 3)
  Optimizing lut $auto$abc_ops_reintegrate.cc:450:reintegrate$166651.genblk1.genblk1.genblk1.genblk1.genblk1.genblk1.lut0.genblk1.genblk1.genblk1.genblk1.genblk1.lut1 (4 -> 3)
  Optimizing lut $auto$abc_ops_reintegrate.cc:450:reintegrate$166652.genblk1.genblk1.genblk1.genblk1.genblk1.genblk1.lut0.genblk1.genblk1.genblk1.genblk1.genblk1.lut1 (4 -> 3)
  Optimizing lut $auto$abc_ops_reintegrate.cc:450:reintegrate$166653.genblk1.genblk1.genblk1.genblk1.genblk1.genblk1.lut0.genblk1.genblk1.genblk1.genblk1.genblk1.lut1 (4 -> 3)
  Optimizing lut $auto$abc_ops_reintegrate.cc:450:reintegrate$166654.genblk1.genblk1.genblk1.genblk1.genblk1.genblk1.lut0.genblk1.genblk1.genblk1.genblk1.genblk1.lut1 (4 -> 3)
  Optimizing lut $auto$abc_ops_reintegrate.cc:450:reintegrate$166655.genblk1.genblk1.genblk1.genblk1.genblk1.genblk1.lut0.genblk1.genblk1.genblk1.genblk1.genblk1.lut1 (4 -> 3)
  Optimizing lut $auto$abc_ops_reintegrate.cc:450:reintegrate$166656.genblk1.genblk1.genblk1.genblk1.genblk1.genblk1.lut0.genblk1.genblk1.genblk1.genblk1.genblk1.lut1 (4 -> 3)
  Optimizing lut $auto$abc_ops_reintegrate.cc:450:reintegrate$166657.genblk1.genblk1.genblk1.genblk1.genblk1.genblk1.lut0.genblk1.genblk1.genblk1.genblk1.genblk1.lut1 (4 -> 3)
  Optimizing lut $auto$abc_ops_reintegrate.cc:450:reintegrate$166934.genblk1.genblk1.genblk1.genblk1.genblk1.genblk1.lut0.genblk1.genblk1.genblk1.genblk1.genblk1.lut1 (4 -> 3)
  Optimizing lut $auto$abc_ops_reintegrate.cc:450:reintegrate$166658.genblk1.genblk1.genblk1.genblk1.genblk1.lut0 (4 -> 3)
  Optimizing lut $auto$abc_ops_reintegrate.cc:450:reintegrate$166659.genblk1.genblk1.genblk1.genblk1.genblk1.lut0 (4 -> 3)
  Optimizing lut $auto$abc_ops_reintegrate.cc:450:reintegrate$166660.genblk1.genblk1.genblk1.genblk1.genblk1.lut0 (4 -> 3)
  Optimizing lut $auto$abc_ops_reintegrate.cc:450:reintegrate$166661.genblk1.genblk1.genblk1.genblk1.genblk1.lut0 (4 -> 3)
  Optimizing lut $auto$abc_ops_reintegrate.cc:450:reintegrate$166662.genblk1.genblk1.genblk1.genblk1.genblk1.lut0 (4 -> 3)
  Optimizing lut $auto$abc_ops_reintegrate.cc:450:reintegrate$166663.genblk1.genblk1.genblk1.genblk1.genblk1.lut0 (4 -> 3)
  Optimizing lut $auto$abc_ops_reintegrate.cc:450:reintegrate$166664.genblk1.genblk1.genblk1.genblk1.genblk1.lut0 (4 -> 3)
  Optimizing lut $auto$abc_ops_reintegrate.cc:450:reintegrate$166665.genblk1.genblk1.genblk1.genblk1.genblk1.lut0 (4 -> 3)
  Optimizing lut $auto$abc_ops_reintegrate.cc:450:reintegrate$166666.genblk1.genblk1.genblk1.genblk1.genblk1.lut0 (4 -> 3)
  Optimizing lut $auto$abc_ops_reintegrate.cc:450:reintegrate$166667.genblk1.genblk1.genblk1.genblk1.genblk1.lut0 (4 -> 3)
  Optimizing lut $auto$abc_ops_reintegrate.cc:450:reintegrate$166668.genblk1.genblk1.genblk1.genblk1.genblk1.lut0 (4 -> 3)
  Optimizing lut $auto$abc_ops_reintegrate.cc:450:reintegrate$166669.genblk1.genblk1.genblk1.genblk1.genblk1.lut0 (4 -> 3)
  Optimizing lut $auto$abc_ops_reintegrate.cc:450:reintegrate$166670.genblk1.genblk1.genblk1.genblk1.genblk1.lut0 (4 -> 3)
  Optimizing lut $auto$abc_ops_reintegrate.cc:450:reintegrate$166671.genblk1.genblk1.genblk1.genblk1.genblk1.lut0 (4 -> 3)
  Optimizing lut $auto$abc_ops_reintegrate.cc:450:reintegrate$166672.genblk1.genblk1.genblk1.genblk1.genblk1.lut0 (4 -> 3)
  Optimizing lut $auto$abc_ops_reintegrate.cc:450:reintegrate$166673.genblk1.genblk1.genblk1.genblk1.genblk1.lut0 (4 -> 3)
  Optimizing lut $auto$abc_ops_reintegrate.cc:450:reintegrate$166674.genblk1.genblk1.genblk1.genblk1.genblk1.lut0 (4 -> 3)
  Optimizing lut $auto$abc_ops_reintegrate.cc:450:reintegrate$166675.genblk1.genblk1.genblk1.genblk1.genblk1.lut0 (4 -> 3)
  Optimizing lut $auto$abc_ops_reintegrate.cc:450:reintegrate$166676.genblk1.genblk1.genblk1.genblk1.genblk1.lut0 (4 -> 3)
  Optimizing lut $auto$abc_ops_reintegrate.cc:450:reintegrate$166677.genblk1.genblk1.genblk1.genblk1.genblk1.lut0 (4 -> 3)
  Optimizing lut $auto$abc_ops_reintegrate.cc:450:reintegrate$166678.genblk1.genblk1.genblk1.genblk1.genblk1.lut0 (4 -> 3)
  Optimizing lut $auto$abc_ops_reintegrate.cc:450:reintegrate$166679.genblk1.genblk1.genblk1.genblk1.genblk1.lut0 (4 -> 3)
  Optimizing lut $auto$abc_ops_reintegrate.cc:450:reintegrate$166680.genblk1.genblk1.genblk1.genblk1.genblk1.lut0 (4 -> 3)
  Optimizing lut $auto$abc_ops_reintegrate.cc:450:reintegrate$166681.genblk1.genblk1.genblk1.genblk1.genblk1.lut0 (4 -> 3)
  Optimizing lut $auto$abc_ops_reintegrate.cc:450:reintegrate$166682.genblk1.genblk1.genblk1.genblk1.genblk1.lut0 (4 -> 3)
  Optimizing lut $auto$abc_ops_reintegrate.cc:450:reintegrate$166683.genblk1.genblk1.genblk1.genblk1.genblk1.lut0 (4 -> 3)
  Optimizing lut $auto$abc_ops_reintegrate.cc:450:reintegrate$166684.genblk1.genblk1.genblk1.genblk1.genblk1.lut0 (4 -> 3)
  Optimizing lut $auto$abc_ops_reintegrate.cc:450:reintegrate$166685.genblk1.genblk1.genblk1.genblk1.genblk1.lut0 (4 -> 3)
  Optimizing lut $auto$abc_ops_reintegrate.cc:450:reintegrate$166686.genblk1.genblk1.genblk1.genblk1.genblk1.lut0 (4 -> 3)
  Optimizing lut $auto$abc_ops_reintegrate.cc:450:reintegrate$166687.genblk1.genblk1.genblk1.genblk1.genblk1.lut0 (4 -> 3)
  Optimizing lut $auto$abc_ops_reintegrate.cc:450:reintegrate$166688.genblk1.genblk1.genblk1.genblk1.genblk1.lut0 (4 -> 3)
  Optimizing lut $auto$abc_ops_reintegrate.cc:450:reintegrate$166689.genblk1.genblk1.genblk1.genblk1.genblk1.lut0 (4 -> 3)
  Optimizing lut $auto$abc_ops_reintegrate.cc:450:reintegrate$166691.genblk1.genblk1.genblk1.genblk1.genblk1.lut0 (4 -> 3)
  Optimizing lut $auto$abc_ops_reintegrate.cc:450:reintegrate$166692.genblk1.genblk1.genblk1.genblk1.genblk1.lut0 (4 -> 3)
  Optimizing lut $auto$abc_ops_reintegrate.cc:450:reintegrate$166693.genblk1.genblk1.genblk1.genblk1.genblk1.lut0 (4 -> 3)
  Optimizing lut $auto$abc_ops_reintegrate.cc:450:reintegrate$166694.genblk1.genblk1.genblk1.genblk1.genblk1.lut0 (4 -> 3)
  Optimizing lut $auto$abc_ops_reintegrate.cc:450:reintegrate$166695.genblk1.genblk1.genblk1.genblk1.genblk1.lut0 (4 -> 3)
  Optimizing lut $auto$abc_ops_reintegrate.cc:450:reintegrate$166696.genblk1.genblk1.genblk1.genblk1.genblk1.lut0 (4 -> 3)
  Optimizing lut $auto$abc_ops_reintegrate.cc:450:reintegrate$166697.genblk1.genblk1.genblk1.genblk1.genblk1.lut0 (4 -> 3)
  Optimizing lut $auto$abc_ops_reintegrate.cc:450:reintegrate$166698.genblk1.genblk1.genblk1.genblk1.genblk1.lut0 (4 -> 3)
  Optimizing lut $auto$abc_ops_reintegrate.cc:450:reintegrate$166699.genblk1.genblk1.genblk1.genblk1.genblk1.lut0 (4 -> 3)
  Optimizing lut $auto$abc_ops_reintegrate.cc:450:reintegrate$166700.genblk1.genblk1.genblk1.genblk1.genblk1.lut0 (4 -> 3)
  Optimizing lut $auto$abc_ops_reintegrate.cc:450:reintegrate$166701.genblk1.genblk1.genblk1.genblk1.genblk1.lut0 (4 -> 3)
  Optimizing lut $auto$abc_ops_reintegrate.cc:450:reintegrate$166702.genblk1.genblk1.genblk1.genblk1.genblk1.lut0 (4 -> 3)
  Optimizing lut $auto$abc_ops_reintegrate.cc:450:reintegrate$166703.genblk1.genblk1.genblk1.genblk1.genblk1.lut0 (4 -> 3)
  Optimizing lut $auto$abc_ops_reintegrate.cc:450:reintegrate$166704.genblk1.genblk1.genblk1.genblk1.genblk1.lut0 (4 -> 3)
  Optimizing lut $auto$abc_ops_reintegrate.cc:450:reintegrate$166705.genblk1.genblk1.genblk1.genblk1.genblk1.lut0 (4 -> 3)
  Optimizing lut $auto$abc_ops_reintegrate.cc:450:reintegrate$166706.genblk1.genblk1.genblk1.genblk1.genblk1.lut0 (4 -> 3)
  Optimizing lut $auto$abc_ops_reintegrate.cc:450:reintegrate$166707.genblk1.genblk1.genblk1.genblk1.genblk1.lut0 (4 -> 3)
  Optimizing lut $auto$abc_ops_reintegrate.cc:450:reintegrate$166708.genblk1.genblk1.genblk1.genblk1.genblk1.lut0 (4 -> 3)
  Optimizing lut $auto$abc_ops_reintegrate.cc:450:reintegrate$166709.genblk1.genblk1.genblk1.genblk1.genblk1.lut0 (4 -> 3)
  Optimizing lut $auto$abc_ops_reintegrate.cc:450:reintegrate$166710.genblk1.genblk1.genblk1.genblk1.genblk1.lut0 (4 -> 3)
  Optimizing lut $auto$abc_ops_reintegrate.cc:450:reintegrate$166711.genblk1.genblk1.genblk1.genblk1.genblk1.lut0 (4 -> 3)
  Optimizing lut $auto$abc_ops_reintegrate.cc:450:reintegrate$166712.genblk1.genblk1.genblk1.genblk1.genblk1.lut0 (4 -> 3)
  Optimizing lut $auto$abc_ops_reintegrate.cc:450:reintegrate$166713.genblk1.genblk1.genblk1.genblk1.genblk1.lut0 (4 -> 3)
  Optimizing lut $auto$abc_ops_reintegrate.cc:450:reintegrate$166714.genblk1.genblk1.genblk1.genblk1.genblk1.lut0 (4 -> 3)
  Optimizing lut $auto$abc_ops_reintegrate.cc:450:reintegrate$166715.genblk1.genblk1.genblk1.genblk1.genblk1.lut0 (4 -> 3)
  Optimizing lut $auto$abc_ops_reintegrate.cc:450:reintegrate$166716.genblk1.genblk1.genblk1.genblk1.genblk1.lut0 (4 -> 3)
  Optimizing lut $auto$abc_ops_reintegrate.cc:450:reintegrate$166717.genblk1.genblk1.genblk1.genblk1.genblk1.lut0 (4 -> 3)
  Optimizing lut $auto$abc_ops_reintegrate.cc:450:reintegrate$166718.genblk1.genblk1.genblk1.genblk1.genblk1.lut0 (4 -> 3)
  Optimizing lut $auto$abc_ops_reintegrate.cc:450:reintegrate$166719.genblk1.genblk1.genblk1.genblk1.genblk1.lut0 (4 -> 3)
  Optimizing lut $auto$abc_ops_reintegrate.cc:450:reintegrate$166720.genblk1.genblk1.genblk1.genblk1.genblk1.lut0 (4 -> 3)
  Optimizing lut $auto$abc_ops_reintegrate.cc:450:reintegrate$166721.genblk1.genblk1.genblk1.genblk1.genblk1.lut0 (4 -> 3)
  Optimizing lut $auto$abc_ops_reintegrate.cc:450:reintegrate$166935.genblk1.genblk1.genblk1.genblk1.genblk1.genblk1.lut0.genblk1.genblk1.genblk1.genblk1.genblk1.lut1 (4 -> 3)
  Optimizing lut $auto$abc_ops_reintegrate.cc:450:reintegrate$166938.genblk1.genblk1.genblk1.genblk1.genblk1.genblk1.genblk1.genblk1.lut0.genblk1.genblk1.genblk1.genblk1.genblk1.genblk1.genblk1.lut0.genblk1.genblk1.genblk1.genblk1.genblk1.genblk1.lut0.genblk1.genblk1.genblk1.genblk1.genblk1.lut1 (4 -> 0)
  Optimizing lut $auto$abc_ops_reintegrate.cc:450:reintegrate$166936.genblk1.genblk1.genblk1.genblk1.genblk1.lut0 (4 -> 0)
  Optimizing lut $abc$166565$lut$aiger166564$14324.genblk1.genblk1.genblk1.genblk1.genblk1.lut0 (4 -> 3)
  Optimizing lut $abc$166565$lut$aiger166564$13581.genblk1.genblk1.genblk1.genblk1.genblk1.genblk1.genblk1.genblk1.lut1.genblk1.genblk1.genblk1.genblk1.genblk1.genblk1.genblk1.lut0.genblk1.genblk1.genblk1.genblk1.genblk1.genblk1.lut1.genblk1.genblk1.genblk1.genblk1.genblk1.lut1 (4 -> 2)
  Optimizing lut $abc$166565$lut$aiger166564$10806.genblk1.genblk1.genblk1.genblk1.genblk1.genblk1.genblk1.genblk1.lut1.genblk1.genblk1.genblk1.genblk1.genblk1.genblk1.genblk1.lut0.genblk1.genblk1.genblk1.genblk1.genblk1.genblk1.lut1.genblk1.genblk1.genblk1.genblk1.genblk1.lut1 (4 -> 1)
  Optimizing lut $abc$166565$lut$aiger166564$10787.genblk1.genblk1.genblk1.genblk1.genblk1.genblk1.genblk1.genblk1.lut1.genblk1.genblk1.genblk1.genblk1.genblk1.genblk1.genblk1.lut0.genblk1.genblk1.genblk1.genblk1.genblk1.genblk1.lut1.genblk1.genblk1.genblk1.genblk1.genblk1.lut1 (4 -> 1)
  Optimizing lut $abc$166565$lut$aiger166564$13559.genblk1.genblk1.genblk1.genblk1.genblk1.genblk1.genblk1.lut1.genblk1.genblk1.genblk1.genblk1.genblk1.genblk1.lut1.genblk1.genblk1.genblk1.genblk1.genblk1.lut1 (4 -> 1)
  Optimizing lut $abc$166565$lut$aiger166564$13568.genblk1.genblk1.genblk1.genblk1.genblk1.genblk1.genblk1.lut1.genblk1.genblk1.genblk1.genblk1.genblk1.genblk1.lut1.genblk1.genblk1.genblk1.genblk1.genblk1.lut1 (4 -> 1)
  Optimizing lut $abc$166565$lut$aiger166564$10774.genblk1.genblk1.genblk1.genblk1.genblk1.genblk1.genblk1.genblk1.lut1.genblk1.genblk1.genblk1.genblk1.genblk1.genblk1.genblk1.lut0.genblk1.genblk1.genblk1.genblk1.genblk1.genblk1.lut1.genblk1.genblk1.genblk1.genblk1.genblk1.lut1 (4 -> 1)
  Optimizing lut $auto$abc_ops_reintegrate.cc:450:reintegrate$166942.genblk1.genblk1.genblk1.genblk1.genblk1.genblk1.genblk1.genblk1.lut1.genblk1.genblk1.genblk1.genblk1.genblk1.genblk1.genblk1.lut0.genblk1.genblk1.genblk1.genblk1.genblk1.genblk1.lut1.genblk1.genblk1.genblk1.genblk1.genblk1.lut1 (4 -> 1)
  Optimizing lut $abc$166565$lut$aiger166564$11451.genblk1.genblk1.genblk1.genblk1.genblk1.genblk1.genblk1.lut1.genblk1.genblk1.genblk1.genblk1.genblk1.genblk1.lut1.genblk1.genblk1.genblk1.genblk1.genblk1.lut1 (4 -> 0)
  Optimizing lut $abc$166565$lut$aiger166564$11271.genblk1.genblk1.genblk1.genblk1.genblk1.genblk1.lut0.genblk1.genblk1.genblk1.genblk1.genblk1.lut1 (4 -> 0)
  Optimizing lut $abc$166565$lut$aiger166564$11296.genblk1.genblk1.genblk1.genblk1.genblk1.genblk1.genblk1.genblk1.lut0.genblk1.genblk1.genblk1.genblk1.genblk1.genblk1.genblk1.lut0.genblk1.genblk1.genblk1.genblk1.genblk1.genblk1.lut0.genblk1.genblk1.genblk1.genblk1.genblk1.lut1 (4 -> 0)
  Optimizing lut $abc$166565$lut$aiger166564$11411.genblk1.genblk1.genblk1.genblk1.genblk1.lut0 (4 -> 0)
  Optimizing lut $abc$166565$lut$aiger166564$11400.genblk1.genblk1.genblk1.genblk1.genblk1.lut0 (4 -> 0)
  Optimizing lut $abc$166565$lut$aiger166564$11623.genblk1.genblk1.genblk1.genblk1.genblk1.genblk1.genblk1.lut0.genblk1.genblk1.genblk1.genblk1.genblk1.genblk1.lut1.genblk1.genblk1.genblk1.genblk1.genblk1.lut0 (4 -> 2)
  Optimizing lut $abc$166565$lut$aiger166564$11592.genblk1.genblk1.genblk1.genblk1.genblk1.lut0 (4 -> 0)
  Optimizing lut $abc$166565$lut$aiger166564$10727.genblk1.genblk1.genblk1.genblk1.genblk1.lut0 (4 -> 0)
  Optimizing lut $abc$166565$lut$aiger166564$10714.genblk1.genblk1.genblk1.genblk1.genblk1.genblk1.genblk1.genblk1.lut1.genblk1.genblk1.genblk1.genblk1.genblk1.genblk1.genblk1.lut0.genblk1.genblk1.genblk1.genblk1.genblk1.genblk1.lut1.genblk1.genblk1.genblk1.genblk1.genblk1.lut1 (4 -> 1)
  Optimizing lut $abc$166565$lut$aiger166564$10675.genblk1.genblk1.genblk1.genblk1.genblk1.genblk1.genblk1.genblk1.lut1.genblk1.genblk1.genblk1.genblk1.genblk1.genblk1.genblk1.lut0.genblk1.genblk1.genblk1.genblk1.genblk1.genblk1.lut1.genblk1.genblk1.genblk1.genblk1.genblk1.lut1 (4 -> 1)
  Optimizing lut $abc$166565$lut$aiger166564$10601.genblk1.genblk1.genblk1.genblk1.genblk1.genblk1.genblk1.genblk1.lut1.genblk1.genblk1.genblk1.genblk1.genblk1.genblk1.genblk1.lut0.genblk1.genblk1.genblk1.genblk1.genblk1.genblk1.lut1.genblk1.genblk1.genblk1.genblk1.genblk1.lut1 (4 -> 1)
  Optimizing lut $abc$166565$lut$aiger166564$10588.genblk1.genblk1.genblk1.genblk1.genblk1.genblk1.genblk1.genblk1.lut1.genblk1.genblk1.genblk1.genblk1.genblk1.genblk1.genblk1.lut0.genblk1.genblk1.genblk1.genblk1.genblk1.genblk1.lut1.genblk1.genblk1.genblk1.genblk1.genblk1.lut1 (4 -> 1)
  Optimizing lut $auto$abc_ops_reintegrate.cc:450:reintegrate$167055.genblk1.genblk1.genblk1.genblk1.genblk1.genblk1.genblk1.lut1.genblk1.genblk1.genblk1.genblk1.genblk1.genblk1.lut1.genblk1.genblk1.genblk1.genblk1.genblk1.lut1 (4 -> 3)
  Optimizing lut $auto$abc_ops_reintegrate.cc:450:reintegrate$167056.genblk1.genblk1.genblk1.genblk1.genblk1.genblk1.genblk1.lut1.genblk1.genblk1.genblk1.genblk1.genblk1.genblk1.lut1.genblk1.genblk1.genblk1.genblk1.genblk1.lut1 (4 -> 3)
  Optimizing lut $auto$abc_ops_reintegrate.cc:450:reintegrate$167057.genblk1.genblk1.genblk1.genblk1.genblk1.genblk1.genblk1.lut1.genblk1.genblk1.genblk1.genblk1.genblk1.genblk1.lut1.genblk1.genblk1.genblk1.genblk1.genblk1.lut1 (4 -> 3)
  Optimizing lut $auto$abc_ops_reintegrate.cc:450:reintegrate$167058.genblk1.genblk1.genblk1.genblk1.genblk1.genblk1.genblk1.lut1.genblk1.genblk1.genblk1.genblk1.genblk1.genblk1.lut1.genblk1.genblk1.genblk1.genblk1.genblk1.lut1 (4 -> 3)
  Optimizing lut $auto$abc_ops_reintegrate.cc:450:reintegrate$167059.genblk1.genblk1.genblk1.genblk1.genblk1.genblk1.genblk1.lut1.genblk1.genblk1.genblk1.genblk1.genblk1.genblk1.lut1.genblk1.genblk1.genblk1.genblk1.genblk1.lut1 (4 -> 3)
  Optimizing lut $auto$abc_ops_reintegrate.cc:450:reintegrate$167060.genblk1.genblk1.genblk1.genblk1.genblk1.genblk1.genblk1.lut1.genblk1.genblk1.genblk1.genblk1.genblk1.genblk1.lut1.genblk1.genblk1.genblk1.genblk1.genblk1.lut1 (4 -> 3)
  Optimizing lut $auto$abc_ops_reintegrate.cc:450:reintegrate$167061.genblk1.genblk1.genblk1.genblk1.genblk1.genblk1.genblk1.lut1.genblk1.genblk1.genblk1.genblk1.genblk1.genblk1.lut1.genblk1.genblk1.genblk1.genblk1.genblk1.lut1 (4 -> 3)
  Optimizing lut $auto$abc_ops_reintegrate.cc:450:reintegrate$167062.genblk1.genblk1.genblk1.genblk1.genblk1.genblk1.genblk1.lut1.genblk1.genblk1.genblk1.genblk1.genblk1.genblk1.lut1.genblk1.genblk1.genblk1.genblk1.genblk1.lut1 (4 -> 3)
  Optimizing lut $auto$abc_ops_reintegrate.cc:450:reintegrate$167063.genblk1.genblk1.genblk1.genblk1.genblk1.genblk1.genblk1.lut1.genblk1.genblk1.genblk1.genblk1.genblk1.genblk1.lut1.genblk1.genblk1.genblk1.genblk1.genblk1.lut1 (4 -> 3)
  Optimizing lut $auto$abc_ops_reintegrate.cc:450:reintegrate$167064.genblk1.genblk1.genblk1.genblk1.genblk1.genblk1.genblk1.lut1.genblk1.genblk1.genblk1.genblk1.genblk1.genblk1.lut1.genblk1.genblk1.genblk1.genblk1.genblk1.lut1 (4 -> 3)
  Optimizing lut $auto$abc_ops_reintegrate.cc:450:reintegrate$167065.genblk1.genblk1.genblk1.genblk1.genblk1.genblk1.genblk1.lut1.genblk1.genblk1.genblk1.genblk1.genblk1.genblk1.lut1.genblk1.genblk1.genblk1.genblk1.genblk1.lut1 (4 -> 3)
  Optimizing lut $auto$abc_ops_reintegrate.cc:450:reintegrate$167066.genblk1.genblk1.genblk1.genblk1.genblk1.genblk1.genblk1.lut1.genblk1.genblk1.genblk1.genblk1.genblk1.genblk1.lut1.genblk1.genblk1.genblk1.genblk1.genblk1.lut1 (4 -> 3)
  Optimizing lut $auto$abc_ops_reintegrate.cc:450:reintegrate$167067.genblk1.genblk1.genblk1.genblk1.genblk1.genblk1.genblk1.lut1.genblk1.genblk1.genblk1.genblk1.genblk1.genblk1.lut1.genblk1.genblk1.genblk1.genblk1.genblk1.lut1 (4 -> 3)
  Optimizing lut $auto$abc_ops_reintegrate.cc:450:reintegrate$167068.genblk1.genblk1.genblk1.genblk1.genblk1.genblk1.genblk1.lut1.genblk1.genblk1.genblk1.genblk1.genblk1.genblk1.lut1.genblk1.genblk1.genblk1.genblk1.genblk1.lut1 (4 -> 3)
  Optimizing lut $auto$abc_ops_reintegrate.cc:450:reintegrate$167069.genblk1.genblk1.genblk1.genblk1.genblk1.genblk1.genblk1.lut1.genblk1.genblk1.genblk1.genblk1.genblk1.genblk1.lut1.genblk1.genblk1.genblk1.genblk1.genblk1.lut1 (4 -> 3)
  Optimizing lut $abc$166565$lut$aiger166564$9335.genblk1.genblk1.genblk1.genblk1.genblk1.lut0 (4 -> 2)
  Optimizing lut $auto$abc_ops_reintegrate.cc:450:reintegrate$167072.genblk1.genblk1.genblk1.genblk1.genblk1.genblk1.lut0.genblk1.genblk1.genblk1.genblk1.genblk1.lut1 (4 -> 3)
  Optimizing lut $auto$abc_ops_reintegrate.cc:450:reintegrate$167073.genblk1.genblk1.genblk1.genblk1.genblk1.genblk1.lut0.genblk1.genblk1.genblk1.genblk1.genblk1.lut1 (4 -> 3)
  Optimizing lut $auto$abc_ops_reintegrate.cc:450:reintegrate$167074.genblk1.genblk1.genblk1.genblk1.genblk1.genblk1.lut0.genblk1.genblk1.genblk1.genblk1.genblk1.lut1 (4 -> 3)
  Optimizing lut $auto$abc_ops_reintegrate.cc:450:reintegrate$167075.genblk1.genblk1.genblk1.genblk1.genblk1.genblk1.lut0.genblk1.genblk1.genblk1.genblk1.genblk1.lut1 (4 -> 3)
  Optimizing lut $auto$abc_ops_reintegrate.cc:450:reintegrate$167076.genblk1.genblk1.genblk1.genblk1.genblk1.genblk1.lut0.genblk1.genblk1.genblk1.genblk1.genblk1.lut1 (4 -> 3)
  Optimizing lut $auto$abc_ops_reintegrate.cc:450:reintegrate$167077.genblk1.genblk1.genblk1.genblk1.genblk1.genblk1.lut0.genblk1.genblk1.genblk1.genblk1.genblk1.lut1 (4 -> 3)
  Optimizing lut $auto$abc_ops_reintegrate.cc:450:reintegrate$167078.genblk1.genblk1.genblk1.genblk1.genblk1.genblk1.lut0.genblk1.genblk1.genblk1.genblk1.genblk1.lut1 (4 -> 3)
  Optimizing lut $auto$abc_ops_reintegrate.cc:450:reintegrate$167079.genblk1.genblk1.genblk1.genblk1.genblk1.genblk1.lut0.genblk1.genblk1.genblk1.genblk1.genblk1.lut1 (4 -> 3)
  Optimizing lut $auto$abc_ops_reintegrate.cc:450:reintegrate$167080.genblk1.genblk1.genblk1.genblk1.genblk1.genblk1.lut0.genblk1.genblk1.genblk1.genblk1.genblk1.lut1 (4 -> 3)
  Optimizing lut $auto$abc_ops_reintegrate.cc:450:reintegrate$167081.genblk1.genblk1.genblk1.genblk1.genblk1.genblk1.lut0.genblk1.genblk1.genblk1.genblk1.genblk1.lut1 (4 -> 3)
  Optimizing lut $auto$abc_ops_reintegrate.cc:450:reintegrate$167082.genblk1.genblk1.genblk1.genblk1.genblk1.genblk1.lut0.genblk1.genblk1.genblk1.genblk1.genblk1.lut1 (4 -> 3)
  Optimizing lut $auto$abc_ops_reintegrate.cc:450:reintegrate$167083.genblk1.genblk1.genblk1.genblk1.genblk1.genblk1.lut0.genblk1.genblk1.genblk1.genblk1.genblk1.lut1 (4 -> 3)
  Optimizing lut $auto$abc_ops_reintegrate.cc:450:reintegrate$167088.genblk1.genblk1.genblk1.genblk1.genblk1.lut1 (4 -> 3)
  Optimizing lut $abc$166565$lut$aiger166564$5621.genblk1.genblk1.genblk1.genblk1.genblk1.lut0 (4 -> 2)
  Optimizing lut $auto$abc_ops_reintegrate.cc:450:reintegrate$167085.genblk1.genblk1.genblk1.genblk1.genblk1.lut0 (4 -> 3)
  Optimizing lut $auto$abc_ops_reintegrate.cc:450:reintegrate$167086.genblk1.genblk1.genblk1.genblk1.genblk1.lut0 (4 -> 3)
  Optimizing lut $auto$abc_ops_reintegrate.cc:450:reintegrate$167087.genblk1.genblk1.genblk1.genblk1.genblk1.lut0 (4 -> 3)
  Optimizing lut $auto$abc_ops_reintegrate.cc:450:reintegrate$167088.genblk1.genblk1.genblk1.genblk1.genblk1.lut0 (4 -> 3)
  Optimizing lut $auto$abc_ops_reintegrate.cc:450:reintegrate$167031.genblk1.genblk1.genblk1.genblk1.genblk1.genblk1.genblk1.genblk1.lut0.genblk1.genblk1.genblk1.genblk1.genblk1.genblk1.genblk1.lut0.genblk1.genblk1.genblk1.genblk1.genblk1.genblk1.lut1.genblk1.genblk1.genblk1.genblk1.genblk1.lut1 (4 -> 0)
  Optimizing lut $abc$166565$lut$aiger166564$11465.genblk1.genblk1.genblk1.genblk1.genblk1.genblk1.genblk1.lut0.genblk1.genblk1.genblk1.genblk1.genblk1.genblk1.lut1.genblk1.genblk1.genblk1.genblk1.genblk1.lut0 (4 -> 0)
  Optimizing lut $abc$166565$lut$aiger166564$12166.genblk1.genblk1.genblk1.genblk1.genblk1.genblk1.lut0.genblk1.genblk1.genblk1.genblk1.genblk1.lut1 (4 -> 2)
  Optimizing lut $abc$166565$lut$aiger166564$12178.genblk1.genblk1.genblk1.genblk1.genblk1.genblk1.lut0.genblk1.genblk1.genblk1.genblk1.genblk1.lut1 (4 -> 2)
  Optimizing lut $abc$166565$lut$aiger166564$12188.genblk1.genblk1.genblk1.genblk1.genblk1.genblk1.lut0.genblk1.genblk1.genblk1.genblk1.genblk1.lut1 (4 -> 2)
  Optimizing lut $abc$166565$lut$aiger166564$12198.genblk1.genblk1.genblk1.genblk1.genblk1.genblk1.lut0.genblk1.genblk1.genblk1.genblk1.genblk1.lut1 (4 -> 2)
  Optimizing lut $abc$166565$lut$aiger166564$12208.genblk1.genblk1.genblk1.genblk1.genblk1.genblk1.lut0.genblk1.genblk1.genblk1.genblk1.genblk1.lut1 (4 -> 2)
  Optimizing lut $abc$166565$lut$aiger166564$12218.genblk1.genblk1.genblk1.genblk1.genblk1.genblk1.lut0.genblk1.genblk1.genblk1.genblk1.genblk1.lut1 (4 -> 2)
  Optimizing lut $abc$166565$lut$aiger166564$12228.genblk1.genblk1.genblk1.genblk1.genblk1.genblk1.lut0.genblk1.genblk1.genblk1.genblk1.genblk1.lut1 (4 -> 2)
  Optimizing lut $abc$166565$lut$aiger166564$12238.genblk1.genblk1.genblk1.genblk1.genblk1.genblk1.lut0.genblk1.genblk1.genblk1.genblk1.genblk1.lut1 (4 -> 2)
  Optimizing lut $abc$166565$lut$aiger166564$12248.genblk1.genblk1.genblk1.genblk1.genblk1.genblk1.lut0.genblk1.genblk1.genblk1.genblk1.genblk1.lut1 (4 -> 2)
  Optimizing lut $abc$166565$lut$aiger166564$12258.genblk1.genblk1.genblk1.genblk1.genblk1.genblk1.lut0.genblk1.genblk1.genblk1.genblk1.genblk1.lut1 (4 -> 2)
  Optimizing lut $abc$166565$lut$aiger166564$12268.genblk1.genblk1.genblk1.genblk1.genblk1.genblk1.lut0.genblk1.genblk1.genblk1.genblk1.genblk1.lut1 (4 -> 2)
  Optimizing lut $abc$166565$lut$aiger166564$12278.genblk1.genblk1.genblk1.genblk1.genblk1.genblk1.lut0.genblk1.genblk1.genblk1.genblk1.genblk1.lut1 (4 -> 2)
  Optimizing lut $abc$166565$lut$aiger166564$12288.genblk1.genblk1.genblk1.genblk1.genblk1.genblk1.lut0.genblk1.genblk1.genblk1.genblk1.genblk1.lut1 (4 -> 2)
  Optimizing lut $abc$166565$lut$aiger166564$12298.genblk1.genblk1.genblk1.genblk1.genblk1.genblk1.lut0.genblk1.genblk1.genblk1.genblk1.genblk1.lut1 (4 -> 2)
  Optimizing lut $abc$166565$lut$aiger166564$12308.genblk1.genblk1.genblk1.genblk1.genblk1.genblk1.lut0.genblk1.genblk1.genblk1.genblk1.genblk1.lut1 (4 -> 2)
  Optimizing lut $abc$166565$lut$aiger166564$12318.genblk1.genblk1.genblk1.genblk1.genblk1.genblk1.lut0.genblk1.genblk1.genblk1.genblk1.genblk1.lut1 (4 -> 2)
  Optimizing lut $abc$166565$lut$aiger166564$12904.genblk1.genblk1.genblk1.genblk1.genblk1.genblk1.lut0.genblk1.genblk1.genblk1.genblk1.genblk1.lut1 (4 -> 2)
  Optimizing lut $abc$166565$lut$aiger166564$12914.genblk1.genblk1.genblk1.genblk1.genblk1.genblk1.lut0.genblk1.genblk1.genblk1.genblk1.genblk1.lut1 (4 -> 2)
  Optimizing lut $abc$166565$lut$aiger166564$12924.genblk1.genblk1.genblk1.genblk1.genblk1.genblk1.lut0.genblk1.genblk1.genblk1.genblk1.genblk1.lut1 (4 -> 2)
  Optimizing lut $abc$166565$lut$aiger166564$12974.genblk1.genblk1.genblk1.genblk1.genblk1.genblk1.lut0.genblk1.genblk1.genblk1.genblk1.genblk1.lut1 (4 -> 2)
  Optimizing lut $abc$166565$lut$aiger166564$13004.genblk1.genblk1.genblk1.genblk1.genblk1.genblk1.lut0.genblk1.genblk1.genblk1.genblk1.genblk1.lut1 (4 -> 2)
  Optimizing lut $abc$166565$lut$aiger166564$13014.genblk1.genblk1.genblk1.genblk1.genblk1.genblk1.lut0.genblk1.genblk1.genblk1.genblk1.genblk1.lut1 (4 -> 2)
  Optimizing lut $abc$166565$lut$aiger166564$13024.genblk1.genblk1.genblk1.genblk1.genblk1.genblk1.lut0.genblk1.genblk1.genblk1.genblk1.genblk1.lut1 (4 -> 2)
  Optimizing lut $abc$166565$lut$aiger166564$13034.genblk1.genblk1.genblk1.genblk1.genblk1.genblk1.lut0.genblk1.genblk1.genblk1.genblk1.genblk1.lut1 (4 -> 2)
  Optimizing lut $abc$166565$lut$aiger166564$13044.genblk1.genblk1.genblk1.genblk1.genblk1.genblk1.lut0.genblk1.genblk1.genblk1.genblk1.genblk1.lut1 (4 -> 2)
  Optimizing lut $abc$166565$lut$aiger166564$9580.genblk1.genblk1.genblk1.genblk1.genblk1.genblk1.lut1.genblk1.genblk1.genblk1.genblk1.genblk1.lut0 (4 -> 1)
  Optimizing lut $abc$166565$lut$aiger166564$12074.genblk1.genblk1.genblk1.genblk1.genblk1.lut0 (4 -> 3)
  Optimizing lut $abc$166565$lut$aiger166564$11688.genblk1.genblk1.genblk1.genblk1.genblk1.genblk1.genblk1.genblk1.lut1.genblk1.genblk1.genblk1.genblk1.genblk1.genblk1.genblk1.lut0.genblk1.genblk1.genblk1.genblk1.genblk1.genblk1.lut1.genblk1.genblk1.genblk1.genblk1.genblk1.lut1 (4 -> 0)
  Optimizing lut $abc$166565$lut$aiger166564$12904.genblk1.genblk1.genblk1.genblk1.genblk1.genblk1.lut1.genblk1.genblk1.genblk1.genblk1.genblk1.lut1 (4 -> 2)
  Optimizing lut $abc$166565$lut$aiger166564$12896.genblk1.genblk1.genblk1.genblk1.genblk1.lut1 (4 -> 3)
  Optimizing lut $abc$166565$lut$aiger166564$12318.genblk1.genblk1.genblk1.genblk1.genblk1.genblk1.lut1.genblk1.genblk1.genblk1.genblk1.genblk1.lut1 (4 -> 2)
  Optimizing lut $abc$166565$lut$aiger166564$11895.genblk1.genblk1.genblk1.genblk1.genblk1.lut0 (4 -> 3)
  Optimizing lut $abc$166565$lut$aiger166564$9589.genblk1.genblk1.genblk1.genblk1.genblk1.genblk1.lut1.genblk1.genblk1.genblk1.genblk1.genblk1.lut0 (4 -> 1)
  Optimizing lut $abc$166565$lut$aiger166564$12896.genblk1.genblk1.genblk1.genblk1.genblk1.lut0 (4 -> 3)
  Optimizing lut $abc$166565$lut$aiger166564$10553.genblk1.genblk1.genblk1.genblk1.genblk1.genblk1.genblk1.genblk1.lut0.genblk1.genblk1.genblk1.genblk1.genblk1.genblk1.genblk1.lut0.genblk1.genblk1.genblk1.genblk1.genblk1.genblk1.lut1.genblk1.genblk1.genblk1.genblk1.genblk1.lut1 (4 -> 1)
  Optimizing lut $abc$166565$lut$aiger166564$11853.genblk1.genblk1.genblk1.genblk1.genblk1.genblk1.lut0.genblk1.genblk1.genblk1.genblk1.genblk1.lut1 (4 -> 0)
  Optimizing lut $abc$166565$lut$aiger166564$9598.genblk1.genblk1.genblk1.genblk1.genblk1.genblk1.lut1.genblk1.genblk1.genblk1.genblk1.genblk1.lut0 (4 -> 1)
  Optimizing lut $abc$166565$lut$aiger166564$12890.genblk1.genblk1.genblk1.genblk1.genblk1.lut0 (4 -> 3)
  Optimizing lut $abc$166565$lut$aiger166564$12884.genblk1.genblk1.genblk1.genblk1.genblk1.lut1 (4 -> 3)
  Optimizing lut $abc$166565$lut$aiger166564$12308.genblk1.genblk1.genblk1.genblk1.genblk1.genblk1.lut1.genblk1.genblk1.genblk1.genblk1.genblk1.lut1 (4 -> 2)
  Optimizing lut $abc$166565$lut$aiger166564$11889.genblk1.genblk1.genblk1.genblk1.genblk1.lut0 (4 -> 3)
  Optimizing lut $abc$166565$lut$aiger166564$9607.genblk1.genblk1.genblk1.genblk1.genblk1.genblk1.lut1.genblk1.genblk1.genblk1.genblk1.genblk1.lut0 (4 -> 1)
  Optimizing lut $abc$166565$lut$aiger166564$12884.genblk1.genblk1.genblk1.genblk1.genblk1.lut0 (4 -> 3)
  Optimizing lut $abc$166565$lut$aiger166564$11677.genblk1.genblk1.genblk1.genblk1.genblk1.genblk1.lut1.genblk1.genblk1.genblk1.genblk1.genblk1.lut0 (4 -> 2)
  Optimizing lut $abc$166565$lut$aiger166564$10774.genblk1.genblk1.genblk1.genblk1.genblk1.genblk1.genblk1.genblk1.lut0.genblk1.genblk1.genblk1.genblk1.genblk1.genblk1.genblk1.lut0.genblk1.genblk1.genblk1.genblk1.genblk1.genblk1.lut1.genblk1.genblk1.genblk1.genblk1.genblk1.lut1 (4 -> 1)
  Optimizing lut $abc$166565$lut$aiger166564$9598.genblk1.genblk1.genblk1.genblk1.genblk1.genblk1.lut0.genblk1.genblk1.genblk1.genblk1.genblk1.lut1 (4 -> 1)
  Optimizing lut $abc$166565$lut$aiger166564$12878.genblk1.genblk1.genblk1.genblk1.genblk1.lut1 (4 -> 3)
  Optimizing lut $abc$166565$lut$aiger166564$9616.genblk1.genblk1.genblk1.genblk1.genblk1.genblk1.lut1.genblk1.genblk1.genblk1.genblk1.genblk1.lut0 (4 -> 1)
  Optimizing lut $abc$166565$lut$aiger166564$12878.genblk1.genblk1.genblk1.genblk1.genblk1.lut0 (4 -> 3)
  Optimizing lut $abc$166565$lut$aiger166564$10553.genblk1.genblk1.genblk1.genblk1.genblk1.genblk1.genblk1.genblk1.lut1.genblk1.genblk1.genblk1.genblk1.genblk1.genblk1.genblk1.lut0.genblk1.genblk1.genblk1.genblk1.genblk1.genblk1.lut1.genblk1.genblk1.genblk1.genblk1.genblk1.lut1 (4 -> 1)
  Optimizing lut $abc$166565$lut$aiger166564$13723.genblk1.genblk1.genblk1.genblk1.genblk1.lut1 (4 -> 0)
  Optimizing lut $auto$abc_ops_reintegrate.cc:450:reintegrate$166960.genblk1.genblk1.genblk1.genblk1.genblk1.lut1 (4 -> 1)
  Optimizing lut $abc$166565$lut$aiger166564$11681.genblk1.genblk1.genblk1.genblk1.genblk1.lut0 (4 -> 1)
  Optimizing lut $abc$166565$lut$aiger166564$12298.genblk1.genblk1.genblk1.genblk1.genblk1.genblk1.lut1.genblk1.genblk1.genblk1.genblk1.genblk1.lut1 (4 -> 2)
  Optimizing lut $abc$166565$lut$aiger166564$10787.genblk1.genblk1.genblk1.genblk1.genblk1.genblk1.genblk1.genblk1.lut0.genblk1.genblk1.genblk1.genblk1.genblk1.genblk1.genblk1.lut0.genblk1.genblk1.genblk1.genblk1.genblk1.genblk1.lut1.genblk1.genblk1.genblk1.genblk1.genblk1.lut1 (4 -> 1)
  Optimizing lut $abc$166565$lut$aiger166564$14328.genblk1.genblk1.genblk1.genblk1.genblk1.lut0 (4 -> 3)
  Optimizing lut $auto$abc_ops_reintegrate.cc:450:reintegrate$166960.genblk1.genblk1.genblk1.genblk1.genblk1.lut0 (4 -> 3)
  Optimizing lut $abc$166565$lut$aiger166564$9607.genblk1.genblk1.genblk1.genblk1.genblk1.genblk1.lut0.genblk1.genblk1.genblk1.genblk1.genblk1.lut1 (4 -> 1)
  Optimizing lut $abc$166565$lut$aiger166564$11883.genblk1.genblk1.genblk1.genblk1.genblk1.lut1 (4 -> 3)
  Optimizing lut $abc$166565$lut$aiger166564$12872.genblk1.genblk1.genblk1.genblk1.genblk1.lut0 (4 -> 3)
  Optimizing lut $abc$166565$lut$aiger166564$9625.genblk1.genblk1.genblk1.genblk1.genblk1.genblk1.lut1.genblk1.genblk1.genblk1.genblk1.genblk1.lut0 (4 -> 1)
  Optimizing lut $abc$166565$lut$aiger166564$11883.genblk1.genblk1.genblk1.genblk1.genblk1.lut0 (4 -> 3)
  Optimizing lut $abc$166565$lut$aiger166564$11417.genblk1.genblk1.genblk1.genblk1.genblk1.genblk1.genblk1.lut1.genblk1.genblk1.genblk1.genblk1.genblk1.genblk1.lut1.genblk1.genblk1.genblk1.genblk1.genblk1.lut1 (4 -> 2)
  Optimizing lut $abc$166565$lut$aiger166564$10567.genblk1.genblk1.genblk1.genblk1.genblk1.genblk1.genblk1.genblk1.lut0.genblk1.genblk1.genblk1.genblk1.genblk1.genblk1.genblk1.lut0.genblk1.genblk1.genblk1.genblk1.genblk1.genblk1.lut1.genblk1.genblk1.genblk1.genblk1.genblk1.lut1 (4 -> 1)
  Optimizing lut $auto$abc_ops_reintegrate.cc:450:reintegrate$167071.genblk1.genblk1.genblk1.genblk1.genblk1.genblk1.lut0.genblk1.genblk1.genblk1.genblk1.genblk1.lut1 (4 -> 3)
  Optimizing lut $abc$166565$lut$aiger166564$11960.genblk1.genblk1.genblk1.genblk1.genblk1.genblk1.lut1.genblk1.genblk1.genblk1.genblk1.genblk1.lut0 (4 -> 0)
  Optimizing lut $abc$166565$lut$aiger166564$12866.genblk1.genblk1.genblk1.genblk1.genblk1.lut0 (4 -> 3)
  Optimizing lut $abc$166565$lut$aiger166564$11504.genblk1.genblk1.genblk1.genblk1.genblk1.lut0 (4 -> 0)
  Optimizing lut $abc$166565$lut$aiger166564$12052.genblk1.genblk1.genblk1.genblk1.genblk1.lut1 (4 -> 3)
  Optimizing lut $abc$166565$lut$aiger166564$10774.genblk1.genblk1.genblk1.genblk1.genblk1.genblk1.genblk1.genblk1.lut1.genblk1.genblk1.genblk1.genblk1.genblk1.genblk1.genblk1.lut1.genblk1.genblk1.genblk1.genblk1.genblk1.genblk1.lut1.genblk1.genblk1.genblk1.genblk1.genblk1.lut1 (4 -> 1)
  Optimizing lut $abc$166565$lut$aiger166564$12058.genblk1.genblk1.genblk1.genblk1.genblk1.lut0 (4 -> 3)
  Optimizing lut $abc$166565$lut$aiger166564$10567.genblk1.genblk1.genblk1.genblk1.genblk1.genblk1.genblk1.genblk1.lut1.genblk1.genblk1.genblk1.genblk1.genblk1.genblk1.genblk1.lut0.genblk1.genblk1.genblk1.genblk1.genblk1.genblk1.lut1.genblk1.genblk1.genblk1.genblk1.genblk1.lut1 (4 -> 1)
  Optimizing lut $abc$166565$lut$aiger166564$8610.genblk1.genblk1.genblk1.genblk1.genblk1.genblk1.lut1.genblk1.genblk1.genblk1.genblk1.genblk1.lut0 (4 -> 1)
  Optimizing lut $abc$166565$lut$aiger166564$12052.genblk1.genblk1.genblk1.genblk1.genblk1.lut0 (4 -> 3)
  Optimizing lut $abc$166565$lut$aiger166564$12288.genblk1.genblk1.genblk1.genblk1.genblk1.genblk1.lut1.genblk1.genblk1.genblk1.genblk1.genblk1.lut1 (4 -> 2)
  Optimizing lut $abc$166565$lut$aiger166564$11960.genblk1.genblk1.genblk1.genblk1.genblk1.genblk1.lut0.genblk1.genblk1.genblk1.genblk1.genblk1.lut1 (4 -> 0)
  Optimizing lut $abc$166565$lut$aiger166564$9634.genblk1.genblk1.genblk1.genblk1.genblk1.genblk1.lut1.genblk1.genblk1.genblk1.genblk1.genblk1.lut0 (4 -> 1)
  Optimizing lut $abc$166565$lut$aiger166564$8610.genblk1.genblk1.genblk1.genblk1.genblk1.genblk1.lut0.genblk1.genblk1.genblk1.genblk1.genblk1.lut1 (4 -> 1)
  Optimizing lut $abc$166565$lut$aiger166564$9643.genblk1.genblk1.genblk1.genblk1.genblk1.genblk1.lut1.genblk1.genblk1.genblk1.genblk1.genblk1.lut0 (4 -> 1)
  Optimizing lut $abc$166565$lut$aiger166564$14210.genblk1.genblk1.genblk1.genblk1.genblk1.genblk1.genblk1.genblk1.lut1.genblk1.genblk1.genblk1.genblk1.genblk1.genblk1.genblk1.lut1.genblk1.genblk1.genblk1.genblk1.genblk1.genblk1.lut1.genblk1.genblk1.genblk1.genblk1.genblk1.lut1 (4 -> 0)
  Optimizing lut $abc$166565$lut$aiger166564$11877.genblk1.genblk1.genblk1.genblk1.genblk1.lut0 (4 -> 3)
  Optimizing lut $abc$166565$lut$aiger166564$12854.genblk1.genblk1.genblk1.genblk1.genblk1.lut0 (4 -> 3)
  Optimizing lut $abc$166565$lut$aiger166564$12046.genblk1.genblk1.genblk1.genblk1.genblk1.lut1 (4 -> 3)
  Optimizing lut $abc$166565$lut$aiger166564$13248.genblk1.genblk1.genblk1.genblk1.genblk1.lut0 (4 -> 3)
  Optimizing lut $abc$166565$lut$aiger166564$8622.genblk1.genblk1.genblk1.genblk1.genblk1.genblk1.lut1.genblk1.genblk1.genblk1.genblk1.genblk1.lut0 (4 -> 1)
  Optimizing lut $abc$166565$lut$aiger166564$12046.genblk1.genblk1.genblk1.genblk1.genblk1.lut0 (4 -> 3)
  Optimizing lut $abc$166565$lut$aiger166564$9643.genblk1.genblk1.genblk1.genblk1.genblk1.genblk1.lut0.genblk1.genblk1.genblk1.genblk1.genblk1.lut1 (4 -> 1)
  Optimizing lut $auto$abc_ops_reintegrate.cc:450:reintegrate$166942.genblk1.genblk1.genblk1.genblk1.genblk1.genblk1.genblk1.genblk1.lut0.genblk1.genblk1.genblk1.genblk1.genblk1.genblk1.genblk1.lut0.genblk1.genblk1.genblk1.genblk1.genblk1.genblk1.lut1.genblk1.genblk1.genblk1.genblk1.genblk1.lut1 (4 -> 1)
  Optimizing lut $auto$abc_ops_reintegrate.cc:450:reintegrate$166941.genblk1.genblk1.genblk1.genblk1.genblk1.genblk1.genblk1.genblk1.lut0.genblk1.genblk1.genblk1.genblk1.genblk1.genblk1.genblk1.lut0.genblk1.genblk1.genblk1.genblk1.genblk1.genblk1.lut1.genblk1.genblk1.genblk1.genblk1.genblk1.lut1 (4 -> 1)
  Optimizing lut $abc$166565$lut$aiger166564$12278.genblk1.genblk1.genblk1.genblk1.genblk1.genblk1.lut1.genblk1.genblk1.genblk1.genblk1.genblk1.lut1 (4 -> 2)
  Optimizing lut $abc$166565$lut$aiger166564$13242.genblk1.genblk1.genblk1.genblk1.genblk1.lut1 (4 -> 3)
  Optimizing lut $auto$abc_ops_reintegrate.cc:450:reintegrate$166941.genblk1.genblk1.genblk1.genblk1.genblk1.genblk1.genblk1.genblk1.lut1.genblk1.genblk1.genblk1.genblk1.genblk1.genblk1.genblk1.lut0.genblk1.genblk1.genblk1.genblk1.genblk1.genblk1.lut1.genblk1.genblk1.genblk1.genblk1.genblk1.lut1 (4 -> 1)
  Optimizing lut $abc$166565$lut$aiger166564$10320.genblk1.genblk1.genblk1.genblk1.genblk1.lut0 (4 -> 0)
  Optimizing lut $abc$166565$lut$aiger166564$12848.genblk1.genblk1.genblk1.genblk1.genblk1.lut1 (4 -> 3)
  Optimizing lut $abc$166565$lut$aiger166564$13242.genblk1.genblk1.genblk1.genblk1.genblk1.lut0 (4 -> 3)
  Optimizing lut $abc$166565$lut$aiger166564$8631.genblk1.genblk1.genblk1.genblk1.genblk1.genblk1.lut1.genblk1.genblk1.genblk1.genblk1.genblk1.lut0 (4 -> 1)
  Optimizing lut $auto$abc_ops_reintegrate.cc:450:reintegrate$166938.genblk1.genblk1.genblk1.genblk1.genblk1.genblk1.genblk1.genblk1.lut0.genblk1.genblk1.genblk1.genblk1.genblk1.genblk1.genblk1.lut0.genblk1.genblk1.genblk1.genblk1.genblk1.genblk1.lut1.genblk1.genblk1.genblk1.genblk1.genblk1.lut1 (4 -> 0)
  Optimizing lut $auto$abc_ops_reintegrate.cc:450:reintegrate$166938.genblk1.genblk1.genblk1.genblk1.genblk1.genblk1.genblk1.genblk1.lut1.genblk1.genblk1.genblk1.genblk1.genblk1.genblk1.genblk1.lut0.genblk1.genblk1.genblk1.genblk1.genblk1.genblk1.lut1.genblk1.genblk1.genblk1.genblk1.genblk1.lut1 (4 -> 0)
  Optimizing lut $auto$abc_ops_reintegrate.cc:450:reintegrate$166935.genblk1.genblk1.genblk1.genblk1.genblk1.genblk1.lut1.genblk1.genblk1.genblk1.genblk1.genblk1.lut0 (4 -> 3)
  Optimizing lut $auto$abc_ops_reintegrate.cc:450:reintegrate$166935.genblk1.genblk1.genblk1.genblk1.genblk1.genblk1.lut1.genblk1.genblk1.genblk1.genblk1.genblk1.lut1 (4 -> 3)
  Optimizing lut $abc$166565$lut$aiger166564$13236.genblk1.genblk1.genblk1.genblk1.genblk1.lut1 (4 -> 3)
  Optimizing lut $auto$abc_ops_reintegrate.cc:450:reintegrate$166934.genblk1.genblk1.genblk1.genblk1.genblk1.genblk1.lut1.genblk1.genblk1.genblk1.genblk1.genblk1.lut1 (4 -> 3)
  Optimizing lut $abc$166565$lut$aiger166564$8640.genblk1.genblk1.genblk1.genblk1.genblk1.genblk1.lut1.genblk1.genblk1.genblk1.genblk1.genblk1.lut0 (4 -> 1)
  Optimizing lut $abc$166565$lut$aiger166564$10806.genblk1.genblk1.genblk1.genblk1.genblk1.genblk1.genblk1.genblk1.lut0.genblk1.genblk1.genblk1.genblk1.genblk1.genblk1.genblk1.lut0.genblk1.genblk1.genblk1.genblk1.genblk1.genblk1.lut1.genblk1.genblk1.genblk1.genblk1.genblk1.lut1 (4 -> 1)
  Optimizing lut $abc$166565$lut$aiger166564$13236.genblk1.genblk1.genblk1.genblk1.genblk1.lut0 (4 -> 3)
  Optimizing lut $abc$166565$lut$aiger166564$11536.genblk1.genblk1.genblk1.genblk1.genblk1.lut0 (4 -> 0)
  Optimizing lut $abc$166565$lut$aiger166564$12040.genblk1.genblk1.genblk1.genblk1.genblk1.lut1 (4 -> 3)
  Optimizing lut $abc$166565$lut$aiger166564$8649.genblk1.genblk1.genblk1.genblk1.genblk1.genblk1.lut1.genblk1.genblk1.genblk1.genblk1.genblk1.lut0 (4 -> 1)
  Optimizing lut $abc$166565$lut$aiger166564$12040.genblk1.genblk1.genblk1.genblk1.genblk1.lut0 (4 -> 3)
  Optimizing lut $abc$166565$lut$aiger166564$8640.genblk1.genblk1.genblk1.genblk1.genblk1.genblk1.lut0.genblk1.genblk1.genblk1.genblk1.genblk1.lut1 (4 -> 1)
  Optimizing lut $abc$166565$lut$aiger166564$12836.genblk1.genblk1.genblk1.genblk1.genblk1.lut1 (4 -> 3)
  Optimizing lut $abc$166565$lut$aiger166564$13230.genblk1.genblk1.genblk1.genblk1.genblk1.lut0 (4 -> 3)
  Optimizing lut $abc$166565$lut$aiger166564$12268.genblk1.genblk1.genblk1.genblk1.genblk1.genblk1.lut1.genblk1.genblk1.genblk1.genblk1.genblk1.lut1 (4 -> 2)
  Optimizing lut $abc$166565$lut$aiger166564$8658.genblk1.genblk1.genblk1.genblk1.genblk1.genblk1.lut1.genblk1.genblk1.genblk1.genblk1.genblk1.lut0 (4 -> 1)
  Optimizing lut $abc$166565$lut$aiger166564$12836.genblk1.genblk1.genblk1.genblk1.genblk1.lut0 (4 -> 3)
  Optimizing lut $abc$166565$lut$aiger166564$8649.genblk1.genblk1.genblk1.genblk1.genblk1.genblk1.lut0.genblk1.genblk1.genblk1.genblk1.genblk1.lut1 (4 -> 1)
  Optimizing lut $abc$166565$lut$aiger166564$12034.genblk1.genblk1.genblk1.genblk1.genblk1.lut1 (4 -> 3)
  Optimizing lut $abc$166565$lut$aiger166564$13224.genblk1.genblk1.genblk1.genblk1.genblk1.lut0 (4 -> 3)
  Optimizing lut $abc$166565$lut$aiger166564$10588.genblk1.genblk1.genblk1.genblk1.genblk1.genblk1.genblk1.genblk1.lut0.genblk1.genblk1.genblk1.genblk1.genblk1.genblk1.genblk1.lut0.genblk1.genblk1.genblk1.genblk1.genblk1.genblk1.lut1.genblk1.genblk1.genblk1.genblk1.genblk1.lut1 (4 -> 1)
  Optimizing lut $abc$166565$lut$aiger166564$8667.genblk1.genblk1.genblk1.genblk1.genblk1.genblk1.lut1.genblk1.genblk1.genblk1.genblk1.genblk1.lut0 (4 -> 1)
  Optimizing lut $abc$166565$lut$aiger166564$13218.genblk1.genblk1.genblk1.genblk1.genblk1.lut1 (4 -> 3)
  Optimizing lut $abc$166565$lut$aiger166564$12830.genblk1.genblk1.genblk1.genblk1.genblk1.lut0 (4 -> 3)
  Optimizing lut $abc$166565$lut$aiger166564$8676.genblk1.genblk1.genblk1.genblk1.genblk1.genblk1.lut1.genblk1.genblk1.genblk1.genblk1.genblk1.lut0 (4 -> 1)
  Optimizing lut $abc$166565$lut$aiger166564$8667.genblk1.genblk1.genblk1.genblk1.genblk1.genblk1.lut0.genblk1.genblk1.genblk1.genblk1.genblk1.lut1 (4 -> 1)
  Optimizing lut $abc$166565$lut$aiger166564$12258.genblk1.genblk1.genblk1.genblk1.genblk1.genblk1.lut1.genblk1.genblk1.genblk1.genblk1.genblk1.lut1 (4 -> 2)
  Optimizing lut $abc$166565$lut$aiger166564$8685.genblk1.genblk1.genblk1.genblk1.genblk1.genblk1.lut1.genblk1.genblk1.genblk1.genblk1.genblk1.lut0 (4 -> 1)
  Optimizing lut $abc$166565$lut$aiger166564$12824.genblk1.genblk1.genblk1.genblk1.genblk1.lut0 (4 -> 3)
  Optimizing lut $abc$166565$lut$aiger166564$11700.genblk1.genblk1.genblk1.genblk1.genblk1.lut0 (4 -> 0)
  Optimizing lut $abc$166565$lut$aiger166564$8676.genblk1.genblk1.genblk1.genblk1.genblk1.genblk1.lut0.genblk1.genblk1.genblk1.genblk1.genblk1.lut1 (4 -> 1)
  Optimizing lut $abc$166565$lut$aiger166564$12028.genblk1.genblk1.genblk1.genblk1.genblk1.lut1 (4 -> 3)
  Optimizing lut $abc$166565$lut$aiger166564$11859.genblk1.genblk1.genblk1.genblk1.genblk1.lut1 (4 -> 3)
  Optimizing lut $abc$166565$lut$aiger166564$11329.genblk1.genblk1.genblk1.genblk1.genblk1.genblk1.lut1.genblk1.genblk1.genblk1.genblk1.genblk1.lut0 (4 -> 0)
  Optimizing lut $abc$166565$lut$aiger166564$10601.genblk1.genblk1.genblk1.genblk1.genblk1.genblk1.genblk1.genblk1.lut0.genblk1.genblk1.genblk1.genblk1.genblk1.genblk1.genblk1.lut0.genblk1.genblk1.genblk1.genblk1.genblk1.genblk1.lut1.genblk1.genblk1.genblk1.genblk1.genblk1.lut1 (4 -> 1)
  Optimizing lut $abc$166565$lut$aiger166564$12028.genblk1.genblk1.genblk1.genblk1.genblk1.lut0 (4 -> 3)
  Optimizing lut $abc$166565$lut$aiger166564$8694.genblk1.genblk1.genblk1.genblk1.genblk1.genblk1.lut1.genblk1.genblk1.genblk1.genblk1.genblk1.lut0 (4 -> 1)
  Optimizing lut $abc$166565$lut$aiger166564$8685.genblk1.genblk1.genblk1.genblk1.genblk1.genblk1.lut0.genblk1.genblk1.genblk1.genblk1.genblk1.lut1 (4 -> 1)
  Optimizing lut $abc$166565$lut$aiger166564$14210.genblk1.genblk1.genblk1.genblk1.genblk1.genblk1.genblk1.genblk1.lut0.genblk1.genblk1.genblk1.genblk1.genblk1.genblk1.genblk1.lut0.genblk1.genblk1.genblk1.genblk1.genblk1.genblk1.lut1.genblk1.genblk1.genblk1.genblk1.genblk1.lut1 (4 -> 0)
  Optimizing lut $abc$166565$lut$aiger166564$12528.genblk1.genblk1.genblk1.genblk1.genblk1.lut1 (4 -> 3)
  Optimizing lut $abc$166565$lut$aiger166564$13206.genblk1.genblk1.genblk1.genblk1.genblk1.lut1 (4 -> 3)
  Optimizing lut $abc$166565$lut$aiger166564$8703.genblk1.genblk1.genblk1.genblk1.genblk1.genblk1.lut1.genblk1.genblk1.genblk1.genblk1.genblk1.lut0 (4 -> 1)
  Optimizing lut $abc$166565$lut$aiger166564$13206.genblk1.genblk1.genblk1.genblk1.genblk1.lut0 (4 -> 3)
  Optimizing lut $auto$abc_ops_reintegrate.cc:450:reintegrate$166626.genblk1.genblk1.genblk1.genblk1.genblk1.genblk1.genblk1.lut0.genblk1.genblk1.genblk1.genblk1.genblk1.genblk1.lut1.genblk1.genblk1.genblk1.genblk1.genblk1.lut0 (4 -> 3)
  Optimizing lut $abc$166565$lut$aiger166564$10608.genblk1.genblk1.genblk1.genblk1.genblk1.genblk1.lut1.genblk1.genblk1.genblk1.genblk1.genblk1.lut1 (4 -> 3)
  Optimizing lut $abc$166565$lut$aiger166564$14210.genblk1.genblk1.genblk1.genblk1.genblk1.genblk1.genblk1.genblk1.lut1.genblk1.genblk1.genblk1.genblk1.genblk1.genblk1.genblk1.lut0.genblk1.genblk1.genblk1.genblk1.genblk1.genblk1.lut1.genblk1.genblk1.genblk1.genblk1.genblk1.lut1 (4 -> 0)
  Optimizing lut $abc$166565$lut$aiger166564$12248.genblk1.genblk1.genblk1.genblk1.genblk1.genblk1.lut1.genblk1.genblk1.genblk1.genblk1.genblk1.lut1 (4 -> 2)
  Optimizing lut $abc$166565$lut$aiger166564$8694.genblk1.genblk1.genblk1.genblk1.genblk1.genblk1.lut0.genblk1.genblk1.genblk1.genblk1.genblk1.lut1 (4 -> 1)
  Optimizing lut $abc$166565$lut$aiger166564$11116.genblk1.genblk1.genblk1.genblk1.genblk1.lut0 (4 -> 0)
  Optimizing lut $abc$166565$lut$aiger166564$12812.genblk1.genblk1.genblk1.genblk1.genblk1.lut1 (4 -> 3)
  Optimizing lut $abc$166565$lut$aiger166564$12522.genblk1.genblk1.genblk1.genblk1.genblk1.lut0 (4 -> 3)
  Optimizing lut $abc$166565$lut$aiger166564$12022.genblk1.genblk1.genblk1.genblk1.genblk1.lut1 (4 -> 3)
  Optimizing lut $abc$166565$lut$aiger166564$13200.genblk1.genblk1.genblk1.genblk1.genblk1.lut1 (4 -> 3)
  Optimizing lut $abc$166565$lut$aiger166564$8712.genblk1.genblk1.genblk1.genblk1.genblk1.genblk1.lut1.genblk1.genblk1.genblk1.genblk1.genblk1.lut0 (4 -> 1)
  Optimizing lut $abc$166565$lut$aiger166564$13200.genblk1.genblk1.genblk1.genblk1.genblk1.lut0 (4 -> 3)
  Optimizing lut $abc$166565$lut$aiger166564$8703.genblk1.genblk1.genblk1.genblk1.genblk1.genblk1.lut0.genblk1.genblk1.genblk1.genblk1.genblk1.lut1 (4 -> 1)
  Optimizing lut $abc$166565$lut$aiger166564$10822.genblk1.genblk1.genblk1.genblk1.genblk1.genblk1.genblk1.genblk1.lut0.genblk1.genblk1.genblk1.genblk1.genblk1.genblk1.genblk1.lut0.genblk1.genblk1.genblk1.genblk1.genblk1.genblk1.lut1.genblk1.genblk1.genblk1.genblk1.genblk1.lut1 (4 -> 1)
  Optimizing lut $abc$166565$lut$aiger166564$12806.genblk1.genblk1.genblk1.genblk1.genblk1.lut1 (4 -> 3)
  Optimizing lut $abc$166565$lut$aiger166564$8721.genblk1.genblk1.genblk1.genblk1.genblk1.genblk1.lut1.genblk1.genblk1.genblk1.genblk1.genblk1.lut0 (4 -> 1)
  Optimizing lut $abc$166565$lut$aiger166564$13194.genblk1.genblk1.genblk1.genblk1.genblk1.lut1 (4 -> 3)
  Optimizing lut $abc$166565$lut$aiger166564$12516.genblk1.genblk1.genblk1.genblk1.genblk1.lut1 (4 -> 3)
  Optimizing lut $abc$166565$lut$aiger166564$12516.genblk1.genblk1.genblk1.genblk1.genblk1.lut0 (4 -> 3)
  Optimizing lut $abc$166565$lut$aiger166564$8730.genblk1.genblk1.genblk1.genblk1.genblk1.genblk1.lut1.genblk1.genblk1.genblk1.genblk1.genblk1.lut0 (4 -> 1)
  Optimizing lut $abc$166565$lut$aiger166564$12238.genblk1.genblk1.genblk1.genblk1.genblk1.genblk1.lut1.genblk1.genblk1.genblk1.genblk1.genblk1.lut1 (4 -> 2)
  Optimizing lut $abc$166565$lut$aiger166564$12800.genblk1.genblk1.genblk1.genblk1.genblk1.lut1 (4 -> 3)
  Optimizing lut $abc$166565$lut$aiger166564$11314.genblk1.genblk1.genblk1.genblk1.genblk1.lut0 (4 -> 0)
  Optimizing lut $abc$166565$lut$aiger166564$12016.genblk1.genblk1.genblk1.genblk1.genblk1.lut0 (4 -> 3)
  Optimizing lut $abc$166565$lut$aiger166564$13188.genblk1.genblk1.genblk1.genblk1.genblk1.lut1 (4 -> 3)
  Optimizing lut $abc$166565$lut$aiger166564$12510.genblk1.genblk1.genblk1.genblk1.genblk1.lut1 (4 -> 3)
  Optimizing lut $auto$abc_ops_reintegrate.cc:450:reintegrate$166945.genblk1.genblk1.genblk1.genblk1.genblk1.lut1 (4 -> 0)
  Optimizing lut $abc$166565$lut$aiger166564$10601.genblk1.genblk1.genblk1.genblk1.genblk1.genblk1.genblk1.genblk1.lut0.genblk1.genblk1.genblk1.genblk1.genblk1.genblk1.genblk1.lut0.genblk1.genblk1.genblk1.genblk1.genblk1.genblk1.lut0.genblk1.genblk1.genblk1.genblk1.genblk1.lut1 (4 -> 1)
  Optimizing lut $abc$166565$lut$aiger166564$13188.genblk1.genblk1.genblk1.genblk1.genblk1.lut0 (4 -> 3)
  Optimizing lut $abc$166565$lut$aiger166564$8739.genblk1.genblk1.genblk1.genblk1.genblk1.genblk1.lut1.genblk1.genblk1.genblk1.genblk1.genblk1.lut0 (4 -> 1)
  Optimizing lut $abc$166565$lut$aiger166564$10822.genblk1.genblk1.genblk1.genblk1.genblk1.genblk1.genblk1.genblk1.lut1.genblk1.genblk1.genblk1.genblk1.genblk1.genblk1.genblk1.lut0.genblk1.genblk1.genblk1.genblk1.genblk1.genblk1.lut1.genblk1.genblk1.genblk1.genblk1.genblk1.lut1 (4 -> 1)
  Optimizing lut $abc$166565$lut$aiger166564$8730.genblk1.genblk1.genblk1.genblk1.genblk1.genblk1.lut0.genblk1.genblk1.genblk1.genblk1.genblk1.lut1 (4 -> 1)
  Optimizing lut $abc$166565$lut$aiger166564$8739.genblk1.genblk1.genblk1.genblk1.genblk1.genblk1.lut0.genblk1.genblk1.genblk1.genblk1.genblk1.lut1 (4 -> 1)
  Optimizing lut $abc$166565$lut$aiger166564$12794.genblk1.genblk1.genblk1.genblk1.genblk1.lut1 (4 -> 3)
  Optimizing lut $abc$166565$lut$aiger166564$13182.genblk1.genblk1.genblk1.genblk1.genblk1.lut0 (4 -> 3)
  Optimizing lut $abc$166565$lut$aiger166564$12010.genblk1.genblk1.genblk1.genblk1.genblk1.lut1 (4 -> 3)
  Optimizing lut $abc$166565$lut$aiger166564$12794.genblk1.genblk1.genblk1.genblk1.genblk1.lut0 (4 -> 3)
  Optimizing lut $abc$166565$lut$aiger166564$8757.genblk1.genblk1.genblk1.genblk1.genblk1.lut1 (4 -> 1)
  Optimizing lut $abc$166565$lut$aiger166564$12010.genblk1.genblk1.genblk1.genblk1.genblk1.lut0 (4 -> 3)
  Optimizing lut $abc$166565$lut$aiger166564$12504.genblk1.genblk1.genblk1.genblk1.genblk1.lut1 (4 -> 3)
  Optimizing lut $abc$166565$lut$aiger166564$10624.genblk1.genblk1.genblk1.genblk1.genblk1.genblk1.genblk1.genblk1.lut1.genblk1.genblk1.genblk1.genblk1.genblk1.genblk1.genblk1.lut1.genblk1.genblk1.genblk1.genblk1.genblk1.genblk1.lut1.genblk1.genblk1.genblk1.genblk1.genblk1.lut1 (4 -> 0)
  Optimizing lut $abc$166565$lut$aiger166564$10624.genblk1.genblk1.genblk1.genblk1.genblk1.genblk1.genblk1.genblk1.lut0.genblk1.genblk1.genblk1.genblk1.genblk1.genblk1.genblk1.lut0.genblk1.genblk1.genblk1.genblk1.genblk1.genblk1.lut1.genblk1.genblk1.genblk1.genblk1.genblk1.lut1 (4 -> 0)
  Optimizing lut $abc$166565$lut$aiger166564$10624.genblk1.genblk1.genblk1.genblk1.genblk1.genblk1.genblk1.genblk1.lut1.genblk1.genblk1.genblk1.genblk1.genblk1.genblk1.genblk1.lut0.genblk1.genblk1.genblk1.genblk1.genblk1.genblk1.lut1.genblk1.genblk1.genblk1.genblk1.genblk1.lut1 (4 -> 0)
  Optimizing lut $abc$166565$lut$aiger166564$12228.genblk1.genblk1.genblk1.genblk1.genblk1.genblk1.lut1.genblk1.genblk1.genblk1.genblk1.genblk1.lut1 (4 -> 2)
  Optimizing lut $abc$166565$lut$aiger166564$10835.genblk1.genblk1.genblk1.genblk1.genblk1.genblk1.genblk1.genblk1.lut0.genblk1.genblk1.genblk1.genblk1.genblk1.genblk1.genblk1.lut0.genblk1.genblk1.genblk1.genblk1.genblk1.genblk1.lut1.genblk1.genblk1.genblk1.genblk1.genblk1.lut1 (4 -> 1)
  Optimizing lut $abc$166565$lut$aiger166564$12788.genblk1.genblk1.genblk1.genblk1.genblk1.lut1 (4 -> 3)
  Optimizing lut $abc$166565$lut$aiger166564$13176.genblk1.genblk1.genblk1.genblk1.genblk1.lut0 (4 -> 3)
  Optimizing lut $abc$166565$lut$aiger166564$12498.genblk1.genblk1.genblk1.genblk1.genblk1.lut1 (4 -> 3)
  Optimizing lut $abc$166565$lut$aiger166564$12788.genblk1.genblk1.genblk1.genblk1.genblk1.lut0 (4 -> 3)
  Optimizing lut $abc$166565$lut$aiger166564$11329.genblk1.genblk1.genblk1.genblk1.genblk1.genblk1.lut1.genblk1.genblk1.genblk1.genblk1.genblk1.lut1 (4 -> 0)
  Optimizing lut $abc$166565$lut$aiger166564$11623.genblk1.genblk1.genblk1.genblk1.genblk1.genblk1.genblk1.lut0.genblk1.genblk1.genblk1.genblk1.genblk1.genblk1.lut1.genblk1.genblk1.genblk1.genblk1.genblk1.lut1 (4 -> 2)
  Optimizing lut $abc$166565$lut$aiger166564$13170.genblk1.genblk1.genblk1.genblk1.genblk1.lut1 (4 -> 3)
  Optimizing lut $abc$166565$lut$aiger166564$12498.genblk1.genblk1.genblk1.genblk1.genblk1.lut0 (4 -> 3)
  Optimizing lut $abc$166565$lut$aiger166564$11436.genblk1.genblk1.genblk1.genblk1.genblk1.genblk1.lut1.genblk1.genblk1.genblk1.genblk1.genblk1.lut0 (4 -> 0)
  Optimizing lut $abc$166565$lut$aiger166564$12004.genblk1.genblk1.genblk1.genblk1.genblk1.lut1 (4 -> 3)
  Optimizing lut $abc$166565$lut$aiger166564$12782.genblk1.genblk1.genblk1.genblk1.genblk1.lut1 (4 -> 3)
  Optimizing lut $abc$166565$lut$aiger166564$12004.genblk1.genblk1.genblk1.genblk1.genblk1.lut0 (4 -> 3)
  Optimizing lut $abc$166565$lut$aiger166564$12492.genblk1.genblk1.genblk1.genblk1.genblk1.lut1 (4 -> 3)
  Optimizing lut $abc$166565$lut$aiger166564$12782.genblk1.genblk1.genblk1.genblk1.genblk1.lut0 (4 -> 3)
  Optimizing lut $abc$166565$lut$aiger166564$12218.genblk1.genblk1.genblk1.genblk1.genblk1.genblk1.lut1.genblk1.genblk1.genblk1.genblk1.genblk1.lut1 (4 -> 2)
  Optimizing lut $abc$166565$lut$aiger166564$13164.genblk1.genblk1.genblk1.genblk1.genblk1.lut1 (4 -> 3)
  Optimizing lut $abc$166565$lut$aiger166564$12776.genblk1.genblk1.genblk1.genblk1.genblk1.lut1 (4 -> 3)
  Optimizing lut $abc$166565$lut$aiger166564$13164.genblk1.genblk1.genblk1.genblk1.genblk1.lut0 (4 -> 3)
  Optimizing lut $abc$166565$lut$aiger166564$10642.genblk1.genblk1.genblk1.genblk1.genblk1.genblk1.genblk1.genblk1.lut0.genblk1.genblk1.genblk1.genblk1.genblk1.genblk1.genblk1.lut0.genblk1.genblk1.genblk1.genblk1.genblk1.genblk1.lut1.genblk1.genblk1.genblk1.genblk1.genblk1.lut1 (4 -> 0)
  Optimizing lut $abc$166565$lut$aiger166564$10848.genblk1.genblk1.genblk1.genblk1.genblk1.genblk1.genblk1.genblk1.lut1.genblk1.genblk1.genblk1.genblk1.genblk1.genblk1.genblk1.lut1.genblk1.genblk1.genblk1.genblk1.genblk1.genblk1.lut1.genblk1.genblk1.genblk1.genblk1.genblk1.lut1 (4 -> 0)
  Optimizing lut $abc$166565$lut$aiger166564$10848.genblk1.genblk1.genblk1.genblk1.genblk1.genblk1.genblk1.genblk1.lut0.genblk1.genblk1.genblk1.genblk1.genblk1.genblk1.genblk1.lut0.genblk1.genblk1.genblk1.genblk1.genblk1.genblk1.lut1.genblk1.genblk1.genblk1.genblk1.genblk1.lut1 (4 -> 0)
  Optimizing lut $abc$166565$lut$aiger166564$10861.genblk1.genblk1.genblk1.genblk1.genblk1.genblk1.genblk1.genblk1.lut0.genblk1.genblk1.genblk1.genblk1.genblk1.genblk1.genblk1.lut0.genblk1.genblk1.genblk1.genblk1.genblk1.genblk1.lut1.genblk1.genblk1.genblk1.genblk1.genblk1.lut1 (4 -> 0)
  Optimizing lut $abc$166565$lut$aiger166564$10861.genblk1.genblk1.genblk1.genblk1.genblk1.genblk1.genblk1.genblk1.lut1.genblk1.genblk1.genblk1.genblk1.genblk1.genblk1.genblk1.lut0.genblk1.genblk1.genblk1.genblk1.genblk1.genblk1.lut1.genblk1.genblk1.genblk1.genblk1.genblk1.lut1 (4 -> 0)
  Optimizing lut $abc$166565$lut$aiger166564$14100.genblk1.genblk1.genblk1.genblk1.genblk1.lut0 (4 -> 0)
  Optimizing lut $abc$166565$lut$aiger166564$12486.genblk1.genblk1.genblk1.genblk1.genblk1.lut1 (4 -> 3)
  Optimizing lut $abc$166565$lut$aiger166564$13158.genblk1.genblk1.genblk1.genblk1.genblk1.lut0 (4 -> 3)
  Optimizing lut $abc$166565$lut$aiger166564$11998.genblk1.genblk1.genblk1.genblk1.genblk1.lut1 (4 -> 3)
  Optimizing lut $abc$166565$lut$aiger166564$12486.genblk1.genblk1.genblk1.genblk1.genblk1.lut0 (4 -> 3)
  Optimizing lut $abc$166565$lut$aiger166564$12770.genblk1.genblk1.genblk1.genblk1.genblk1.lut1 (4 -> 3)
  Optimizing lut $abc$166565$lut$aiger166564$11998.genblk1.genblk1.genblk1.genblk1.genblk1.lut0 (4 -> 3)
  Optimizing lut $abc$166565$lut$aiger166564$10642.genblk1.genblk1.genblk1.genblk1.genblk1.genblk1.genblk1.genblk1.lut1.genblk1.genblk1.genblk1.genblk1.genblk1.genblk1.genblk1.lut0.genblk1.genblk1.genblk1.genblk1.genblk1.genblk1.lut1.genblk1.genblk1.genblk1.genblk1.genblk1.lut1 (4 -> 0)
  Optimizing lut $abc$166565$lut$aiger166564$12208.genblk1.genblk1.genblk1.genblk1.genblk1.genblk1.lut1.genblk1.genblk1.genblk1.genblk1.genblk1.lut1 (4 -> 2)
  Optimizing lut $abc$166565$lut$aiger166564$12770.genblk1.genblk1.genblk1.genblk1.genblk1.lut0 (4 -> 3)
  Optimizing lut $abc$166565$lut$aiger166564$12480.genblk1.genblk1.genblk1.genblk1.genblk1.lut1 (4 -> 3)
  Optimizing lut $abc$166565$lut$aiger166564$13152.genblk1.genblk1.genblk1.genblk1.genblk1.lut0 (4 -> 3)
  Optimizing lut $abc$166565$lut$aiger166564$11992.genblk1.genblk1.genblk1.genblk1.genblk1.lut1 (4 -> 3)
  Optimizing lut $abc$166565$lut$aiger166564$12480.genblk1.genblk1.genblk1.genblk1.genblk1.lut0 (4 -> 3)
  Optimizing lut $abc$166565$lut$aiger166564$11709.genblk1.genblk1.genblk1.genblk1.genblk1.lut0 (4 -> 0)
  Optimizing lut $abc$166565$lut$aiger166564$13146.genblk1.genblk1.genblk1.genblk1.genblk1.lut1 (4 -> 3)
  Optimizing lut $abc$166565$lut$aiger166564$12764.genblk1.genblk1.genblk1.genblk1.genblk1.lut1 (4 -> 3)
  Optimizing lut $abc$166565$lut$aiger166564$12474.genblk1.genblk1.genblk1.genblk1.genblk1.lut1 (4 -> 3)
  Optimizing lut $abc$166565$lut$aiger166564$12764.genblk1.genblk1.genblk1.genblk1.genblk1.lut0 (4 -> 3)
  Optimizing lut $abc$166565$lut$aiger166564$13140.genblk1.genblk1.genblk1.genblk1.genblk1.lut1 (4 -> 3)
  Optimizing lut $abc$166565$lut$aiger166564$12474.genblk1.genblk1.genblk1.genblk1.genblk1.lut0 (4 -> 3)
  Optimizing lut $abc$166565$lut$aiger166564$11554.genblk1.genblk1.genblk1.genblk1.genblk1.genblk1.lut1.genblk1.genblk1.genblk1.genblk1.genblk1.lut0 (4 -> 0)
  Optimizing lut $abc$166565$lut$aiger166564$13581.genblk1.genblk1.genblk1.genblk1.genblk1.genblk1.genblk1.genblk1.lut0.genblk1.genblk1.genblk1.genblk1.genblk1.genblk1.genblk1.lut0.genblk1.genblk1.genblk1.genblk1.genblk1.genblk1.lut1.genblk1.genblk1.genblk1.genblk1.genblk1.lut1 (4 -> 3)
  Optimizing lut $abc$166565$lut$aiger166564$11210.genblk1.genblk1.genblk1.genblk1.genblk1.lut0 (4 -> 0)
  Optimizing lut $abc$166565$lut$aiger166564$12198.genblk1.genblk1.genblk1.genblk1.genblk1.genblk1.lut1.genblk1.genblk1.genblk1.genblk1.genblk1.lut1 (4 -> 2)
  Optimizing lut $abc$166565$lut$aiger166564$12758.genblk1.genblk1.genblk1.genblk1.genblk1.lut1 (4 -> 3)
  Optimizing lut $abc$166565$lut$aiger166564$13140.genblk1.genblk1.genblk1.genblk1.genblk1.lut0 (4 -> 3)
  Optimizing lut $abc$166565$lut$aiger166564$13539.genblk1.genblk1.genblk1.genblk1.genblk1.genblk1.genblk1.lut0.genblk1.genblk1.genblk1.genblk1.genblk1.genblk1.lut0.genblk1.genblk1.genblk1.genblk1.genblk1.lut1 (4 -> 2)
  Optimizing lut $abc$166565$lut$aiger166564$12468.genblk1.genblk1.genblk1.genblk1.genblk1.lut1 (4 -> 3)
  Optimizing lut $abc$166565$lut$aiger166564$12758.genblk1.genblk1.genblk1.genblk1.genblk1.lut0 (4 -> 3)
  Optimizing lut $abc$166565$lut$aiger166564$13134.genblk1.genblk1.genblk1.genblk1.genblk1.lut1 (4 -> 3)
  Optimizing lut $abc$166565$lut$aiger166564$13568.genblk1.genblk1.genblk1.genblk1.genblk1.genblk1.genblk1.lut0.genblk1.genblk1.genblk1.genblk1.genblk1.genblk1.lut1.genblk1.genblk1.genblk1.genblk1.genblk1.lut1 (4 -> 1)
  Optimizing lut $abc$166565$lut$aiger166564$10874.genblk1.genblk1.genblk1.genblk1.genblk1.genblk1.lut1.genblk1.genblk1.genblk1.genblk1.genblk1.lut0 (4 -> 0)
  Optimizing lut $abc$166565$lut$aiger166564$10874.genblk1.genblk1.genblk1.genblk1.genblk1.genblk1.lut1.genblk1.genblk1.genblk1.genblk1.genblk1.lut1 (4 -> 0)
  Optimizing lut $abc$166565$lut$aiger166564$12325.genblk1.genblk1.genblk1.genblk1.genblk1.genblk1.lut0.genblk1.genblk1.genblk1.genblk1.genblk1.lut1 (4 -> 0)
  Optimizing lut $abc$166565$lut$aiger166564$12752.genblk1.genblk1.genblk1.genblk1.genblk1.lut1 (4 -> 3)
  Optimizing lut $abc$166565$lut$aiger166564$11986.genblk1.genblk1.genblk1.genblk1.genblk1.lut0 (4 -> 3)
  Optimizing lut $abc$166565$lut$aiger166564$13559.genblk1.genblk1.genblk1.genblk1.genblk1.genblk1.genblk1.lut0.genblk1.genblk1.genblk1.genblk1.genblk1.genblk1.lut1.genblk1.genblk1.genblk1.genblk1.genblk1.lut1 (4 -> 1)
  Optimizing lut $abc$166565$lut$aiger166564$13128.genblk1.genblk1.genblk1.genblk1.genblk1.lut1 (4 -> 3)
  Optimizing lut $abc$166565$lut$aiger166564$12462.genblk1.genblk1.genblk1.genblk1.genblk1.lut1 (4 -> 3)
  Optimizing lut $abc$166565$lut$aiger166564$13128.genblk1.genblk1.genblk1.genblk1.genblk1.lut0 (4 -> 3)
  Optimizing lut $abc$166565$lut$aiger166564$11554.genblk1.genblk1.genblk1.genblk1.genblk1.genblk1.lut0.genblk1.genblk1.genblk1.genblk1.genblk1.lut1 (4 -> 0)
  Optimizing lut $abc$166565$lut$aiger166564$13122.genblk1.genblk1.genblk1.genblk1.genblk1.lut1 (4 -> 3)
  Optimizing lut $abc$166565$lut$aiger166564$12188.genblk1.genblk1.genblk1.genblk1.genblk1.genblk1.lut1.genblk1.genblk1.genblk1.genblk1.genblk1.lut1 (4 -> 2)
  Optimizing lut $abc$166565$lut$aiger166564$12462.genblk1.genblk1.genblk1.genblk1.genblk1.lut0 (4 -> 3)
  Optimizing lut $abc$166565$lut$aiger166564$12746.genblk1.genblk1.genblk1.genblk1.genblk1.lut1 (4 -> 3)
  Optimizing lut $abc$166565$lut$aiger166564$13122.genblk1.genblk1.genblk1.genblk1.genblk1.lut0 (4 -> 3)
  Optimizing lut $abc$166565$lut$aiger166564$10835.genblk1.genblk1.genblk1.genblk1.genblk1.genblk1.genblk1.genblk1.lut1.genblk1.genblk1.genblk1.genblk1.genblk1.genblk1.genblk1.lut0.genblk1.genblk1.genblk1.genblk1.genblk1.genblk1.lut1.genblk1.genblk1.genblk1.genblk1.genblk1.lut1 (4 -> 1)
  Optimizing lut $abc$166565$lut$aiger166564$11980.genblk1.genblk1.genblk1.genblk1.genblk1.lut1 (4 -> 3)
  Optimizing lut $abc$166565$lut$aiger166564$12456.genblk1.genblk1.genblk1.genblk1.genblk1.lut1 (4 -> 3)
  Optimizing lut $abc$166565$lut$aiger166564$11980.genblk1.genblk1.genblk1.genblk1.genblk1.lut0 (4 -> 3)
  Optimizing lut $abc$166565$lut$aiger166564$13116.genblk1.genblk1.genblk1.genblk1.genblk1.lut1 (4 -> 3)
  Optimizing lut $abc$166565$lut$aiger166564$12740.genblk1.genblk1.genblk1.genblk1.genblk1.lut1 (4 -> 3)
  Optimizing lut $auto$abc_ops_reintegrate.cc:450:reintegrate$167069.genblk1.genblk1.genblk1.genblk1.genblk1.genblk1.genblk1.lut0.genblk1.genblk1.genblk1.genblk1.genblk1.genblk1.lut0.genblk1.genblk1.genblk1.genblk1.genblk1.lut1 (4 -> 3)
  Optimizing lut $abc$166565$lut$aiger166564$13116.genblk1.genblk1.genblk1.genblk1.genblk1.lut0 (4 -> 3)
  Optimizing lut $abc$166565$lut$aiger166564$13517.genblk1.genblk1.genblk1.genblk1.genblk1.genblk1.genblk1.lut0.genblk1.genblk1.genblk1.genblk1.genblk1.genblk1.lut0.genblk1.genblk1.genblk1.genblk1.genblk1.lut1 (4 -> 2)
  Optimizing lut $abc$166565$lut$aiger166564$11688.genblk1.genblk1.genblk1.genblk1.genblk1.genblk1.genblk1.genblk1.lut0.genblk1.genblk1.genblk1.genblk1.genblk1.genblk1.genblk1.lut0.genblk1.genblk1.genblk1.genblk1.genblk1.genblk1.lut1.genblk1.genblk1.genblk1.genblk1.genblk1.lut1 (4 -> 0)
  Optimizing lut $abc$166565$lut$aiger166564$13110.genblk1.genblk1.genblk1.genblk1.genblk1.lut1 (4 -> 3)
  Optimizing lut $abc$166565$lut$aiger166564$13539.genblk1.genblk1.genblk1.genblk1.genblk1.genblk1.genblk1.lut0.genblk1.genblk1.genblk1.genblk1.genblk1.genblk1.lut1.genblk1.genblk1.genblk1.genblk1.genblk1.lut1 (4 -> 2)
  Optimizing lut $abc$166565$lut$aiger166564$12450.genblk1.genblk1.genblk1.genblk1.genblk1.lut1 (4 -> 3)
  Optimizing lut $abc$166565$lut$aiger166564$13110.genblk1.genblk1.genblk1.genblk1.genblk1.lut0 (4 -> 3)
  Optimizing lut $abc$166565$lut$aiger166564$12178.genblk1.genblk1.genblk1.genblk1.genblk1.genblk1.lut1.genblk1.genblk1.genblk1.genblk1.genblk1.lut1 (4 -> 2)
  Optimizing lut $abc$166565$lut$aiger166564$11974.genblk1.genblk1.genblk1.genblk1.genblk1.lut1 (4 -> 3)
  Optimizing lut $abc$166565$lut$aiger166564$12450.genblk1.genblk1.genblk1.genblk1.genblk1.lut0 (4 -> 3)
  Optimizing lut $abc$166565$lut$aiger166564$11974.genblk1.genblk1.genblk1.genblk1.genblk1.lut0 (4 -> 3)
  Optimizing lut $abc$166565$lut$aiger166564$10507.genblk1.genblk1.genblk1.genblk1.genblk1.lut0 (4 -> 0)
  Optimizing lut $abc$166565$lut$aiger166564$13104.genblk1.genblk1.genblk1.genblk1.genblk1.lut1 (4 -> 3)
  Optimizing lut $abc$166565$lut$aiger166564$9349.genblk1.genblk1.genblk1.genblk1.genblk1.lut0 (4 -> 1)
  Optimizing lut $abc$166565$lut$aiger166564$12734.genblk1.genblk1.genblk1.genblk1.genblk1.lut1 (4 -> 3)
  Optimizing lut $abc$166565$lut$aiger166564$13104.genblk1.genblk1.genblk1.genblk1.genblk1.lut0 (4 -> 3)
  Optimizing lut $abc$166565$lut$aiger166564$13480.genblk1.genblk1.genblk1.genblk1.genblk1.genblk1.genblk1.genblk1.lut1.genblk1.genblk1.genblk1.genblk1.genblk1.genblk1.genblk1.lut0.genblk1.genblk1.genblk1.genblk1.genblk1.genblk1.lut1.genblk1.genblk1.genblk1.genblk1.genblk1.lut1 (4 -> 3)
  Optimizing lut $abc$166565$lut$aiger166564$12444.genblk1.genblk1.genblk1.genblk1.genblk1.lut1 (4 -> 3)
  Optimizing lut $abc$166565$lut$aiger166564$12734.genblk1.genblk1.genblk1.genblk1.genblk1.lut0 (4 -> 3)
  Optimizing lut $abc$166565$lut$aiger166564$13098.genblk1.genblk1.genblk1.genblk1.genblk1.lut1 (4 -> 3)
  Optimizing lut $abc$166565$lut$aiger166564$12444.genblk1.genblk1.genblk1.genblk1.genblk1.lut0 (4 -> 3)
  Optimizing lut $abc$166565$lut$aiger166564$12728.genblk1.genblk1.genblk1.genblk1.genblk1.lut1 (4 -> 3)
  Optimizing lut $abc$166565$lut$aiger166564$13098.genblk1.genblk1.genblk1.genblk1.genblk1.lut0 (4 -> 3)
  Optimizing lut $abc$166565$lut$aiger166564$13092.genblk1.genblk1.genblk1.genblk1.genblk1.lut1 (4 -> 3)
  Optimizing lut $abc$166565$lut$aiger166564$12728.genblk1.genblk1.genblk1.genblk1.genblk1.lut0 (4 -> 3)
  Optimizing lut $abc$166565$lut$aiger166564$12158.genblk1.genblk1.genblk1.genblk1.genblk1.lut1 (4 -> 3)
  Optimizing lut $abc$166565$lut$aiger166564$12166.genblk1.genblk1.genblk1.genblk1.genblk1.genblk1.lut1.genblk1.genblk1.genblk1.genblk1.genblk1.lut1 (4 -> 2)
  Optimizing lut $abc$166565$lut$aiger166564$13092.genblk1.genblk1.genblk1.genblk1.genblk1.lut0 (4 -> 3)
  Optimizing lut $abc$166565$lut$aiger166564$13086.genblk1.genblk1.genblk1.genblk1.genblk1.lut1 (4 -> 3)
  Optimizing lut $abc$166565$lut$aiger166564$12158.genblk1.genblk1.genblk1.genblk1.genblk1.lut0 (4 -> 3)
  Optimizing lut $abc$166565$lut$aiger166564$12722.genblk1.genblk1.genblk1.genblk1.genblk1.lut1 (4 -> 3)
  Optimizing lut $abc$166565$lut$aiger166564$13517.genblk1.genblk1.genblk1.genblk1.genblk1.genblk1.genblk1.lut0.genblk1.genblk1.genblk1.genblk1.genblk1.genblk1.lut1.genblk1.genblk1.genblk1.genblk1.genblk1.lut1 (4 -> 2)
  Optimizing lut $abc$166565$lut$aiger166564$12436.genblk1.genblk1.genblk1.genblk1.genblk1.lut1 (4 -> 3)
  Optimizing lut $abc$166565$lut$aiger166564$11638.genblk1.genblk1.genblk1.genblk1.genblk1.lut1 (4 -> 0)
  Optimizing lut $abc$166565$lut$aiger166564$12722.genblk1.genblk1.genblk1.genblk1.genblk1.lut0 (4 -> 3)
  Optimizing lut $abc$166565$lut$aiger166564$13517.genblk1.genblk1.genblk1.genblk1.genblk1.genblk1.genblk1.lut1.genblk1.genblk1.genblk1.genblk1.genblk1.genblk1.lut1.genblk1.genblk1.genblk1.genblk1.genblk1.lut1 (4 -> 2)
  Optimizing lut $abc$166565$lut$aiger166564$11966.genblk1.genblk1.genblk1.genblk1.genblk1.lut1 (4 -> 3)
  Optimizing lut $abc$166565$lut$aiger166564$10675.genblk1.genblk1.genblk1.genblk1.genblk1.genblk1.genblk1.genblk1.lut0.genblk1.genblk1.genblk1.genblk1.genblk1.genblk1.genblk1.lut0.genblk1.genblk1.genblk1.genblk1.genblk1.genblk1.lut1.genblk1.genblk1.genblk1.genblk1.genblk1.lut1 (4 -> 1)
  Optimizing lut $abc$166565$lut$aiger166564$13248.genblk1.genblk1.genblk1.genblk1.genblk1.lut1 (4 -> 3)
  Optimizing lut $abc$166565$lut$aiger166564$12436.genblk1.genblk1.genblk1.genblk1.genblk1.lut0 (4 -> 3)
  Optimizing lut $abc$166565$lut$aiger166564$13080.genblk1.genblk1.genblk1.genblk1.genblk1.lut1 (4 -> 3)
  Optimizing lut $abc$166565$lut$aiger166564$12716.genblk1.genblk1.genblk1.genblk1.genblk1.lut1 (4 -> 3)
  Optimizing lut $abc$166565$lut$aiger166564$13080.genblk1.genblk1.genblk1.genblk1.genblk1.lut0 (4 -> 3)
  Optimizing lut $abc$166565$lut$aiger166564$11960.genblk1.genblk1.genblk1.genblk1.genblk1.genblk1.lut1.genblk1.genblk1.genblk1.genblk1.genblk1.lut1 (4 -> 0)
  Optimizing lut $abc$166565$lut$aiger166564$12152.genblk1.genblk1.genblk1.genblk1.genblk1.lut1 (4 -> 3)
  Optimizing lut $abc$166565$lut$aiger166564$12716.genblk1.genblk1.genblk1.genblk1.genblk1.lut0 (4 -> 3)
  Optimizing lut $abc$166565$lut$aiger166564$13074.genblk1.genblk1.genblk1.genblk1.genblk1.lut1 (4 -> 3)
  Optimizing lut $abc$166565$lut$aiger166564$12426.genblk1.genblk1.genblk1.genblk1.genblk1.lut1 (4 -> 3)
  Optimizing lut $abc$166565$lut$aiger166564$13074.genblk1.genblk1.genblk1.genblk1.genblk1.lut0 (4 -> 3)
  Optimizing lut $abc$166565$lut$aiger166564$12420.genblk1.genblk1.genblk1.genblk1.genblk1.lut1 (4 -> 3)
  Optimizing lut $abc$166565$lut$aiger166564$12710.genblk1.genblk1.genblk1.genblk1.genblk1.lut1 (4 -> 3)
  Optimizing lut $abc$166565$lut$aiger166564$13068.genblk1.genblk1.genblk1.genblk1.genblk1.lut1 (4 -> 3)
  Optimizing lut $abc$166565$lut$aiger166564$11955.genblk1.genblk1.genblk1.genblk1.genblk1.lut1 (4 -> 3)
  Optimizing lut $abc$166565$lut$aiger166564$13068.genblk1.genblk1.genblk1.genblk1.genblk1.lut0 (4 -> 3)
  Optimizing lut $abc$166565$lut$aiger166564$12426.genblk1.genblk1.genblk1.genblk1.genblk1.lut0 (4 -> 3)
  Optimizing lut $abc$166565$lut$aiger166564$10688.genblk1.genblk1.genblk1.genblk1.genblk1.genblk1.genblk1.genblk1.lut1.genblk1.genblk1.genblk1.genblk1.genblk1.genblk1.genblk1.lut1.genblk1.genblk1.genblk1.genblk1.genblk1.genblk1.lut1.genblk1.genblk1.genblk1.genblk1.genblk1.lut1 (4 -> 1)
  Optimizing lut $abc$166565$lut$aiger166564$10688.genblk1.genblk1.genblk1.genblk1.genblk1.genblk1.genblk1.genblk1.lut0.genblk1.genblk1.genblk1.genblk1.genblk1.genblk1.genblk1.lut0.genblk1.genblk1.genblk1.genblk1.genblk1.genblk1.lut1.genblk1.genblk1.genblk1.genblk1.genblk1.lut1 (4 -> 1)
  Optimizing lut $abc$166565$lut$aiger166564$10688.genblk1.genblk1.genblk1.genblk1.genblk1.genblk1.genblk1.genblk1.lut1.genblk1.genblk1.genblk1.genblk1.genblk1.genblk1.genblk1.lut0.genblk1.genblk1.genblk1.genblk1.genblk1.genblk1.lut1.genblk1.genblk1.genblk1.genblk1.genblk1.lut1 (4 -> 1)
  Optimizing lut $abc$166565$lut$aiger166564$13062.genblk1.genblk1.genblk1.genblk1.genblk1.lut1 (4 -> 3)
  Optimizing lut $abc$166565$lut$aiger166564$12414.genblk1.genblk1.genblk1.genblk1.genblk1.lut1 (4 -> 3)
  Optimizing lut $abc$166565$lut$aiger166564$13062.genblk1.genblk1.genblk1.genblk1.genblk1.lut0 (4 -> 3)
  Optimizing lut $abc$166565$lut$aiger166564$12704.genblk1.genblk1.genblk1.genblk1.genblk1.lut1 (4 -> 3)
  Optimizing lut $abc$166565$lut$aiger166564$11949.genblk1.genblk1.genblk1.genblk1.genblk1.lut1 (4 -> 3)
  Optimizing lut $abc$166565$lut$aiger166564$11554.genblk1.genblk1.genblk1.genblk1.genblk1.genblk1.lut1.genblk1.genblk1.genblk1.genblk1.genblk1.lut1 (4 -> 0)
  Optimizing lut $abc$166565$lut$aiger166564$11296.genblk1.genblk1.genblk1.genblk1.genblk1.genblk1.genblk1.genblk1.lut0.genblk1.genblk1.genblk1.genblk1.genblk1.genblk1.genblk1.lut0.genblk1.genblk1.genblk1.genblk1.genblk1.genblk1.lut1.genblk1.genblk1.genblk1.genblk1.genblk1.lut1 (4 -> 0)
  Optimizing lut $abc$166565$lut$aiger166564$13480.genblk1.genblk1.genblk1.genblk1.genblk1.genblk1.genblk1.genblk1.lut0.genblk1.genblk1.genblk1.genblk1.genblk1.genblk1.genblk1.lut0.genblk1.genblk1.genblk1.genblk1.genblk1.genblk1.lut1.genblk1.genblk1.genblk1.genblk1.genblk1.lut1 (4 -> 0)
  Optimizing lut $abc$166565$lut$aiger166564$12704.genblk1.genblk1.genblk1.genblk1.genblk1.lut0 (4 -> 3)
  Optimizing lut $abc$166565$lut$aiger166564$12140.genblk1.genblk1.genblk1.genblk1.genblk1.lut1 (4 -> 3)
  Optimizing lut $abc$166565$lut$aiger166564$11949.genblk1.genblk1.genblk1.genblk1.genblk1.lut0 (4 -> 3)
  Optimizing lut $abc$166565$lut$aiger166564$12408.genblk1.genblk1.genblk1.genblk1.genblk1.lut1 (4 -> 3)
  Optimizing lut $abc$166565$lut$aiger166564$12698.genblk1.genblk1.genblk1.genblk1.genblk1.lut1 (4 -> 3)
  Optimizing lut $abc$166565$lut$aiger166564$12408.genblk1.genblk1.genblk1.genblk1.genblk1.lut0 (4 -> 3)
  Optimizing lut $abc$166565$lut$aiger166564$11943.genblk1.genblk1.genblk1.genblk1.genblk1.lut1 (4 -> 3)
  Optimizing lut $abc$166565$lut$aiger166564$13054.genblk1.genblk1.genblk1.genblk1.genblk1.genblk1.lut1.genblk1.genblk1.genblk1.genblk1.genblk1.lut1 (4 -> 2)
  Optimizing lut $abc$166565$lut$aiger166564$12698.genblk1.genblk1.genblk1.genblk1.genblk1.lut0 (4 -> 3)
  Optimizing lut $abc$166565$lut$aiger166564$10701.genblk1.genblk1.genblk1.genblk1.genblk1.genblk1.genblk1.genblk1.lut0.genblk1.genblk1.genblk1.genblk1.genblk1.genblk1.genblk1.lut0.genblk1.genblk1.genblk1.genblk1.genblk1.genblk1.lut1.genblk1.genblk1.genblk1.genblk1.genblk1.lut1 (4 -> 1)
  Optimizing lut $abc$166565$lut$aiger166564$11417.genblk1.genblk1.genblk1.genblk1.genblk1.genblk1.genblk1.lut0.genblk1.genblk1.genblk1.genblk1.genblk1.genblk1.lut1.genblk1.genblk1.genblk1.genblk1.genblk1.lut1 (4 -> 0)
  Optimizing lut $abc$166565$lut$aiger166564$12402.genblk1.genblk1.genblk1.genblk1.genblk1.lut1 (4 -> 3)
  Optimizing lut $abc$166565$lut$aiger166564$11943.genblk1.genblk1.genblk1.genblk1.genblk1.lut0 (4 -> 3)
  Optimizing lut $abc$166565$lut$aiger166564$12692.genblk1.genblk1.genblk1.genblk1.genblk1.lut1 (4 -> 3)
  Optimizing lut $abc$166565$lut$aiger166564$12134.genblk1.genblk1.genblk1.genblk1.genblk1.lut1 (4 -> 3)
  Optimizing lut $abc$166565$lut$aiger166564$12686.genblk1.genblk1.genblk1.genblk1.genblk1.lut1 (4 -> 3)
  Optimizing lut $abc$166565$lut$aiger166564$13044.genblk1.genblk1.genblk1.genblk1.genblk1.genblk1.lut1.genblk1.genblk1.genblk1.genblk1.genblk1.lut1 (4 -> 2)
  Optimizing lut $abc$166565$lut$aiger166564$12134.genblk1.genblk1.genblk1.genblk1.genblk1.lut0 (4 -> 3)
  Optimizing lut $abc$166565$lut$aiger166564$11647.genblk1.genblk1.genblk1.genblk1.genblk1.lut0 (4 -> 0)
  Optimizing lut $abc$166565$lut$aiger166564$10714.genblk1.genblk1.genblk1.genblk1.genblk1.genblk1.genblk1.genblk1.lut0.genblk1.genblk1.genblk1.genblk1.genblk1.genblk1.genblk1.lut0.genblk1.genblk1.genblk1.genblk1.genblk1.genblk1.lut1.genblk1.genblk1.genblk1.genblk1.genblk1.lut1 (4 -> 1)
  Optimizing lut $abc$166565$lut$aiger166564$12396.genblk1.genblk1.genblk1.genblk1.genblk1.lut1 (4 -> 3)
  Optimizing lut $abc$166565$lut$aiger166564$12686.genblk1.genblk1.genblk1.genblk1.genblk1.lut0 (4 -> 3)
  Optimizing lut $abc$166565$lut$aiger166564$12128.genblk1.genblk1.genblk1.genblk1.genblk1.lut1 (4 -> 3)
  Optimizing lut $abc$166565$lut$aiger166564$12396.genblk1.genblk1.genblk1.genblk1.genblk1.lut0 (4 -> 3)
  Optimizing lut $auto$abc_ops_reintegrate.cc:450:reintegrate$166720.genblk1.genblk1.genblk1.genblk1.genblk1.lut1 (4 -> 3)
  Optimizing lut $abc$166565$lut$aiger166564$13034.genblk1.genblk1.genblk1.genblk1.genblk1.genblk1.lut1.genblk1.genblk1.genblk1.genblk1.genblk1.lut1 (4 -> 2)
  Optimizing lut $auto$abc_ops_reintegrate.cc:450:reintegrate$166719.genblk1.genblk1.genblk1.genblk1.genblk1.lut1 (4 -> 3)
  Optimizing lut $auto$abc_ops_reintegrate.cc:450:reintegrate$166718.genblk1.genblk1.genblk1.genblk1.genblk1.lut1 (4 -> 3)
  Optimizing lut $auto$abc_ops_reintegrate.cc:450:reintegrate$166717.genblk1.genblk1.genblk1.genblk1.genblk1.lut1 (4 -> 3)
  Optimizing lut $abc$166565$lut$aiger166564$11937.genblk1.genblk1.genblk1.genblk1.genblk1.lut1 (4 -> 3)
  Optimizing lut $auto$abc_ops_reintegrate.cc:450:reintegrate$166716.genblk1.genblk1.genblk1.genblk1.genblk1.lut1 (4 -> 3)
  Optimizing lut $auto$abc_ops_reintegrate.cc:450:reintegrate$166715.genblk1.genblk1.genblk1.genblk1.genblk1.lut1 (4 -> 3)
  Optimizing lut $auto$abc_ops_reintegrate.cc:450:reintegrate$166714.genblk1.genblk1.genblk1.genblk1.genblk1.lut1 (4 -> 3)
  Optimizing lut $auto$abc_ops_reintegrate.cc:450:reintegrate$166713.genblk1.genblk1.genblk1.genblk1.genblk1.lut1 (4 -> 3)
  Optimizing lut $auto$abc_ops_reintegrate.cc:450:reintegrate$166712.genblk1.genblk1.genblk1.genblk1.genblk1.lut1 (4 -> 3)
  Optimizing lut $auto$abc_ops_reintegrate.cc:450:reintegrate$166711.genblk1.genblk1.genblk1.genblk1.genblk1.lut1 (4 -> 3)
  Optimizing lut $abc$166565$lut$aiger166564$12680.genblk1.genblk1.genblk1.genblk1.genblk1.lut1 (4 -> 3)
  Optimizing lut $auto$abc_ops_reintegrate.cc:450:reintegrate$166950.genblk1.genblk1.genblk1.genblk1.genblk1.lut1 (4 -> 0)
  Optimizing lut $auto$abc_ops_reintegrate.cc:450:reintegrate$166710.genblk1.genblk1.genblk1.genblk1.genblk1.lut1 (4 -> 3)
  Optimizing lut $abc$166565$lut$aiger166564$11937.genblk1.genblk1.genblk1.genblk1.genblk1.lut0 (4 -> 3)
  Optimizing lut $abc$166565$lut$aiger166564$14181.genblk1.genblk1.genblk1.genblk1.genblk1.lut1 (4 -> 1)
  Optimizing lut $abc$166565$lut$aiger166564$12390.genblk1.genblk1.genblk1.genblk1.genblk1.lut1 (4 -> 3)
  Optimizing lut $auto$abc_ops_reintegrate.cc:450:reintegrate$166709.genblk1.genblk1.genblk1.genblk1.genblk1.lut1 (4 -> 3)
  Optimizing lut $abc$166565$lut$aiger166564$12122.genblk1.genblk1.genblk1.genblk1.genblk1.lut1 (4 -> 3)
  Optimizing lut $abc$166565$lut$aiger166564$12390.genblk1.genblk1.genblk1.genblk1.genblk1.lut0 (4 -> 3)
  Optimizing lut $auto$abc_ops_reintegrate.cc:450:reintegrate$166708.genblk1.genblk1.genblk1.genblk1.genblk1.lut1 (4 -> 3)
  Optimizing lut $auto$abc_ops_reintegrate.cc:450:reintegrate$166707.genblk1.genblk1.genblk1.genblk1.genblk1.lut1 (4 -> 3)
  Optimizing lut $abc$166565$lut$aiger166564$13024.genblk1.genblk1.genblk1.genblk1.genblk1.genblk1.lut1.genblk1.genblk1.genblk1.genblk1.genblk1.lut1 (4 -> 2)
  Optimizing lut $auto$abc_ops_reintegrate.cc:450:reintegrate$166706.genblk1.genblk1.genblk1.genblk1.genblk1.lut1 (4 -> 3)
  Optimizing lut $auto$abc_ops_reintegrate.cc:450:reintegrate$166705.genblk1.genblk1.genblk1.genblk1.genblk1.lut1 (4 -> 3)
  Optimizing lut $auto$abc_ops_reintegrate.cc:450:reintegrate$166704.genblk1.genblk1.genblk1.genblk1.genblk1.lut1 (4 -> 3)
  Optimizing lut $auto$abc_ops_reintegrate.cc:450:reintegrate$166703.genblk1.genblk1.genblk1.genblk1.genblk1.lut1 (4 -> 3)
  Optimizing lut $auto$abc_ops_reintegrate.cc:450:reintegrate$166702.genblk1.genblk1.genblk1.genblk1.genblk1.lut1 (4 -> 3)
  Optimizing lut $auto$abc_ops_reintegrate.cc:450:reintegrate$166701.genblk1.genblk1.genblk1.genblk1.genblk1.lut1 (4 -> 3)
  Optimizing lut $auto$abc_ops_reintegrate.cc:450:reintegrate$166700.genblk1.genblk1.genblk1.genblk1.genblk1.lut1 (4 -> 3)
  Optimizing lut $auto$abc_ops_reintegrate.cc:450:reintegrate$166699.genblk1.genblk1.genblk1.genblk1.genblk1.lut1 (4 -> 3)
  Optimizing lut $auto$abc_ops_reintegrate.cc:450:reintegrate$166698.genblk1.genblk1.genblk1.genblk1.genblk1.lut1 (4 -> 3)
  Optimizing lut $abc$166565$lut$aiger166564$12674.genblk1.genblk1.genblk1.genblk1.genblk1.lut1 (4 -> 3)
  Optimizing lut $abc$166565$lut$aiger166564$12384.genblk1.genblk1.genblk1.genblk1.genblk1.lut1 (4 -> 3)
  Optimizing lut $auto$abc_ops_reintegrate.cc:450:reintegrate$166697.genblk1.genblk1.genblk1.genblk1.genblk1.lut1 (4 -> 3)
  Optimizing lut $auto$abc_ops_reintegrate.cc:450:reintegrate$166696.genblk1.genblk1.genblk1.genblk1.genblk1.lut1 (4 -> 3)
  Optimizing lut $auto$abc_ops_reintegrate.cc:450:reintegrate$166695.genblk1.genblk1.genblk1.genblk1.genblk1.lut1 (4 -> 3)
  Optimizing lut $abc$166565$lut$aiger166564$12674.genblk1.genblk1.genblk1.genblk1.genblk1.lut0 (4 -> 3)
  Optimizing lut $auto$abc_ops_reintegrate.cc:450:reintegrate$166694.genblk1.genblk1.genblk1.genblk1.genblk1.lut1 (4 -> 3)
  Optimizing lut $auto$abc_ops_reintegrate.cc:450:reintegrate$166693.genblk1.genblk1.genblk1.genblk1.genblk1.lut1 (4 -> 3)
  Optimizing lut $auto$abc_ops_reintegrate.cc:450:reintegrate$166692.genblk1.genblk1.genblk1.genblk1.genblk1.lut1 (4 -> 3)
  Optimizing lut $auto$abc_ops_reintegrate.cc:450:reintegrate$166691.genblk1.genblk1.genblk1.genblk1.genblk1.lut1 (4 -> 3)
  Optimizing lut $auto$abc_ops_reintegrate.cc:450:reintegrate$166690.genblk1.genblk1.genblk1.genblk1.genblk1.lut1 (4 -> 3)
  Optimizing lut $auto$abc_ops_reintegrate.cc:450:reintegrate$166689.genblk1.genblk1.genblk1.genblk1.genblk1.lut1 (4 -> 3)
  Optimizing lut $auto$abc_ops_reintegrate.cc:450:reintegrate$166688.genblk1.genblk1.genblk1.genblk1.genblk1.lut1 (4 -> 3)
  Optimizing lut $abc$166565$lut$aiger166564$11931.genblk1.genblk1.genblk1.genblk1.genblk1.lut1 (4 -> 3)
  Optimizing lut $abc$166565$lut$aiger166564$12384.genblk1.genblk1.genblk1.genblk1.genblk1.lut0 (4 -> 3)
  Optimizing lut $auto$abc_ops_reintegrate.cc:450:reintegrate$166687.genblk1.genblk1.genblk1.genblk1.genblk1.lut1 (4 -> 3)
  Optimizing lut $auto$abc_ops_reintegrate.cc:450:reintegrate$166686.genblk1.genblk1.genblk1.genblk1.genblk1.lut1 (4 -> 3)
  Optimizing lut $abc$166565$lut$aiger166564$13014.genblk1.genblk1.genblk1.genblk1.genblk1.genblk1.lut1.genblk1.genblk1.genblk1.genblk1.genblk1.lut1 (4 -> 2)
  Optimizing lut $auto$abc_ops_reintegrate.cc:450:reintegrate$166685.genblk1.genblk1.genblk1.genblk1.genblk1.lut1 (4 -> 3)
  Optimizing lut $auto$abc_ops_reintegrate.cc:450:reintegrate$166684.genblk1.genblk1.genblk1.genblk1.genblk1.lut1 (4 -> 3)
  Optimizing lut $auto$abc_ops_reintegrate.cc:450:reintegrate$166683.genblk1.genblk1.genblk1.genblk1.genblk1.lut1 (4 -> 3)
  Optimizing lut $auto$abc_ops_reintegrate.cc:450:reintegrate$166682.genblk1.genblk1.genblk1.genblk1.genblk1.lut1 (4 -> 3)
  Optimizing lut $auto$abc_ops_reintegrate.cc:450:reintegrate$166681.genblk1.genblk1.genblk1.genblk1.genblk1.lut1 (4 -> 3)
  Optimizing lut $abc$166565$lut$aiger166564$10701.genblk1.genblk1.genblk1.genblk1.genblk1.genblk1.genblk1.genblk1.lut1.genblk1.genblk1.genblk1.genblk1.genblk1.genblk1.genblk1.lut0.genblk1.genblk1.genblk1.genblk1.genblk1.genblk1.lut1.genblk1.genblk1.genblk1.genblk1.genblk1.lut1 (4 -> 1)
  Optimizing lut $abc$166565$lut$aiger166564$12668.genblk1.genblk1.genblk1.genblk1.genblk1.lut1 (4 -> 3)
  Optimizing lut $auto$abc_ops_reintegrate.cc:450:reintegrate$166680.genblk1.genblk1.genblk1.genblk1.genblk1.lut1 (4 -> 3)
  Optimizing lut $auto$abc_ops_reintegrate.cc:450:reintegrate$166679.genblk1.genblk1.genblk1.genblk1.genblk1.lut1 (4 -> 3)
  Optimizing lut $abc$166565$lut$aiger166564$11931.genblk1.genblk1.genblk1.genblk1.genblk1.lut0 (4 -> 3)
  Optimizing lut $abc$166565$lut$aiger166564$12378.genblk1.genblk1.genblk1.genblk1.genblk1.lut1 (4 -> 3)
  Optimizing lut $auto$abc_ops_reintegrate.cc:450:reintegrate$166678.genblk1.genblk1.genblk1.genblk1.genblk1.lut1 (4 -> 3)
  Optimizing lut $auto$abc_ops_reintegrate.cc:450:reintegrate$166677.genblk1.genblk1.genblk1.genblk1.genblk1.lut1 (4 -> 3)
  Optimizing lut $auto$abc_ops_reintegrate.cc:450:reintegrate$166676.genblk1.genblk1.genblk1.genblk1.genblk1.lut1 (4 -> 3)
  Optimizing lut $abc$166565$lut$aiger166564$12668.genblk1.genblk1.genblk1.genblk1.genblk1.lut0 (4 -> 3)
  Optimizing lut $auto$abc_ops_reintegrate.cc:450:reintegrate$166675.genblk1.genblk1.genblk1.genblk1.genblk1.lut1 (4 -> 3)
  Optimizing lut $abc$166565$lut$aiger166564$12116.genblk1.genblk1.genblk1.genblk1.genblk1.lut1 (4 -> 3)
  Optimizing lut $auto$abc_ops_reintegrate.cc:450:reintegrate$166674.genblk1.genblk1.genblk1.genblk1.genblk1.lut1 (4 -> 3)
  Optimizing lut $abc$166565$lut$aiger166564$12378.genblk1.genblk1.genblk1.genblk1.genblk1.lut0 (4 -> 3)
  Optimizing lut $auto$abc_ops_reintegrate.cc:450:reintegrate$166673.genblk1.genblk1.genblk1.genblk1.genblk1.lut1 (4 -> 3)
  Optimizing lut $abc$166565$lut$aiger166564$13004.genblk1.genblk1.genblk1.genblk1.genblk1.genblk1.lut1.genblk1.genblk1.genblk1.genblk1.genblk1.lut1 (4 -> 2)
  Optimizing lut $auto$abc_ops_reintegrate.cc:450:reintegrate$166672.genblk1.genblk1.genblk1.genblk1.genblk1.lut1 (4 -> 3)
  Optimizing lut $auto$abc_ops_reintegrate.cc:450:reintegrate$166671.genblk1.genblk1.genblk1.genblk1.genblk1.lut1 (4 -> 3)
  Optimizing lut $auto$abc_ops_reintegrate.cc:450:reintegrate$166670.genblk1.genblk1.genblk1.genblk1.genblk1.lut1 (4 -> 3)
  Optimizing lut $abc$166565$lut$aiger166564$11436.genblk1.genblk1.genblk1.genblk1.genblk1.genblk1.lut1.genblk1.genblk1.genblk1.genblk1.genblk1.lut1 (4 -> 0)
  Optimizing lut $auto$abc_ops_reintegrate.cc:450:reintegrate$166669.genblk1.genblk1.genblk1.genblk1.genblk1.lut1 (4 -> 3)
  Optimizing lut $abc$166565$lut$aiger166564$12662.genblk1.genblk1.genblk1.genblk1.genblk1.lut1 (4 -> 3)
  Optimizing lut $auto$abc_ops_reintegrate.cc:450:reintegrate$166668.genblk1.genblk1.genblk1.genblk1.genblk1.lut1 (4 -> 3)
  Optimizing lut $auto$abc_ops_reintegrate.cc:450:reintegrate$166667.genblk1.genblk1.genblk1.genblk1.genblk1.lut1 (4 -> 3)
  Optimizing lut $auto$abc_ops_reintegrate.cc:450:reintegrate$166666.genblk1.genblk1.genblk1.genblk1.genblk1.lut1 (4 -> 3)
  Optimizing lut $auto$abc_ops_reintegrate.cc:450:reintegrate$166665.genblk1.genblk1.genblk1.genblk1.genblk1.lut1 (4 -> 3)
  Optimizing lut $auto$abc_ops_reintegrate.cc:450:reintegrate$166664.genblk1.genblk1.genblk1.genblk1.genblk1.lut1 (4 -> 3)
  Optimizing lut $auto$abc_ops_reintegrate.cc:450:reintegrate$166663.genblk1.genblk1.genblk1.genblk1.genblk1.lut1 (4 -> 3)
  Optimizing lut $auto$abc_ops_reintegrate.cc:450:reintegrate$166662.genblk1.genblk1.genblk1.genblk1.genblk1.lut1 (4 -> 3)
  Optimizing lut $abc$166565$lut$aiger166564$12116.genblk1.genblk1.genblk1.genblk1.genblk1.lut0 (4 -> 3)
  Optimizing lut $abc$166565$lut$aiger166564$12372.genblk1.genblk1.genblk1.genblk1.genblk1.lut1 (4 -> 3)
  Optimizing lut $auto$abc_ops_reintegrate.cc:450:reintegrate$166661.genblk1.genblk1.genblk1.genblk1.genblk1.lut1 (4 -> 3)
  Optimizing lut $abc$166565$lut$aiger166564$12662.genblk1.genblk1.genblk1.genblk1.genblk1.lut0 (4 -> 3)
  Optimizing lut $auto$abc_ops_reintegrate.cc:450:reintegrate$166660.genblk1.genblk1.genblk1.genblk1.genblk1.lut1 (4 -> 3)
  Optimizing lut $auto$abc_ops_reintegrate.cc:450:reintegrate$166659.genblk1.genblk1.genblk1.genblk1.genblk1.lut1 (4 -> 3)
  Optimizing lut $abc$166565$lut$aiger166564$11925.genblk1.genblk1.genblk1.genblk1.genblk1.lut1 (4 -> 3)
  Optimizing lut $auto$abc_ops_reintegrate.cc:450:reintegrate$166658.genblk1.genblk1.genblk1.genblk1.genblk1.lut1 (4 -> 3)
  Optimizing lut $auto$abc_ops_reintegrate.cc:450:reintegrate$166657.genblk1.genblk1.genblk1.genblk1.genblk1.genblk1.lut1.genblk1.genblk1.genblk1.genblk1.genblk1.lut0 (4 -> 3)
  Optimizing lut $abc$166565$lut$aiger166564$11525.genblk1.genblk1.genblk1.genblk1.genblk1.genblk1.genblk1.lut0.genblk1.genblk1.genblk1.genblk1.genblk1.genblk1.lut1.genblk1.genblk1.genblk1.genblk1.genblk1.lut1 (4 -> 2)
  Optimizing lut $abc$166565$lut$aiger166564$12656.genblk1.genblk1.genblk1.genblk1.genblk1.lut1 (4 -> 3)
  Optimizing lut $auto$abc_ops_reintegrate.cc:450:reintegrate$166657.genblk1.genblk1.genblk1.genblk1.genblk1.genblk1.lut1.genblk1.genblk1.genblk1.genblk1.genblk1.lut1 (4 -> 3)
  Optimizing lut $auto$abc_ops_reintegrate.cc:450:reintegrate$166656.genblk1.genblk1.genblk1.genblk1.genblk1.genblk1.lut1.genblk1.genblk1.genblk1.genblk1.genblk1.lut1 (4 -> 3)
  Optimizing lut $abc$166565$lut$aiger166564$12994.genblk1.genblk1.genblk1.genblk1.genblk1.genblk1.lut1.genblk1.genblk1.genblk1.genblk1.genblk1.lut1 (4 -> 2)
  Optimizing lut $abc$166565$lut$aiger166564$11925.genblk1.genblk1.genblk1.genblk1.genblk1.lut0 (4 -> 3)
  Optimizing lut $auto$abc_ops_reintegrate.cc:450:reintegrate$166655.genblk1.genblk1.genblk1.genblk1.genblk1.genblk1.lut1.genblk1.genblk1.genblk1.genblk1.genblk1.lut1 (4 -> 3)
  Optimizing lut $auto$abc_ops_reintegrate.cc:450:reintegrate$166654.genblk1.genblk1.genblk1.genblk1.genblk1.genblk1.lut1.genblk1.genblk1.genblk1.genblk1.genblk1.lut1 (4 -> 3)
  Optimizing lut $auto$abc_ops_reintegrate.cc:450:reintegrate$166653.genblk1.genblk1.genblk1.genblk1.genblk1.genblk1.lut1.genblk1.genblk1.genblk1.genblk1.genblk1.lut1 (4 -> 3)
  Optimizing lut $auto$abc_ops_reintegrate.cc:450:reintegrate$166690.genblk1.genblk1.genblk1.genblk1.genblk1.lut0 (4 -> 3)
  Optimizing lut $auto$abc_ops_reintegrate.cc:450:reintegrate$166652.genblk1.genblk1.genblk1.genblk1.genblk1.genblk1.lut1.genblk1.genblk1.genblk1.genblk1.genblk1.lut1 (4 -> 3)
  Optimizing lut $auto$abc_ops_reintegrate.cc:450:reintegrate$166651.genblk1.genblk1.genblk1.genblk1.genblk1.genblk1.lut1.genblk1.genblk1.genblk1.genblk1.genblk1.lut1 (4 -> 3)
  Optimizing lut $auto$abc_ops_reintegrate.cc:450:reintegrate$166650.genblk1.genblk1.genblk1.genblk1.genblk1.genblk1.lut1.genblk1.genblk1.genblk1.genblk1.genblk1.lut1 (4 -> 3)
  Optimizing lut $abc$166565$lut$aiger166564$12110.genblk1.genblk1.genblk1.genblk1.genblk1.lut1 (4 -> 3)
  Optimizing lut $auto$abc_ops_reintegrate.cc:450:reintegrate$166649.genblk1.genblk1.genblk1.genblk1.genblk1.genblk1.lut1.genblk1.genblk1.genblk1.genblk1.genblk1.lut1 (4 -> 3)
  Optimizing lut $auto$abc_ops_reintegrate.cc:450:reintegrate$166648.genblk1.genblk1.genblk1.genblk1.genblk1.genblk1.lut1.genblk1.genblk1.genblk1.genblk1.genblk1.lut1 (4 -> 3)
  Optimizing lut $abc$166565$lut$aiger166564$12656.genblk1.genblk1.genblk1.genblk1.genblk1.lut0 (4 -> 3)
  Optimizing lut $auto$abc_ops_reintegrate.cc:450:reintegrate$166647.genblk1.genblk1.genblk1.genblk1.genblk1.genblk1.lut1.genblk1.genblk1.genblk1.genblk1.genblk1.lut1 (4 -> 3)
  Optimizing lut $abc$166565$lut$aiger166564$12366.genblk1.genblk1.genblk1.genblk1.genblk1.lut1 (4 -> 3)
  Optimizing lut $auto$abc_ops_reintegrate.cc:450:reintegrate$166646.genblk1.genblk1.genblk1.genblk1.genblk1.genblk1.lut1.genblk1.genblk1.genblk1.genblk1.genblk1.lut1 (4 -> 3)
  Optimizing lut $abc$166565$lut$aiger166564$10736.genblk1.genblk1.genblk1.genblk1.genblk1.genblk1.genblk1.genblk1.lut0.genblk1.genblk1.genblk1.genblk1.genblk1.genblk1.genblk1.lut0.genblk1.genblk1.genblk1.genblk1.genblk1.genblk1.lut1.genblk1.genblk1.genblk1.genblk1.genblk1.lut1 (4 -> 2)
  Optimizing lut $abc$166565$lut$aiger166564$12806.genblk1.genblk1.genblk1.genblk1.genblk1.lut0 (4 -> 3)
  Optimizing lut $auto$abc_ops_reintegrate.cc:450:reintegrate$166645.genblk1.genblk1.genblk1.genblk1.genblk1.genblk1.lut1.genblk1.genblk1.genblk1.genblk1.genblk1.lut1 (4 -> 3)
  Optimizing lut $auto$abc_ops_reintegrate.cc:450:reintegrate$166644.genblk1.genblk1.genblk1.genblk1.genblk1.genblk1.lut1.genblk1.genblk1.genblk1.genblk1.genblk1.lut1 (4 -> 3)
  Optimizing lut $abc$166565$lut$aiger166564$12366.genblk1.genblk1.genblk1.genblk1.genblk1.lut0 (4 -> 3)
  Optimizing lut $auto$abc_ops_reintegrate.cc:450:reintegrate$166643.genblk1.genblk1.genblk1.genblk1.genblk1.genblk1.lut1.genblk1.genblk1.genblk1.genblk1.genblk1.lut1 (4 -> 3)
  Optimizing lut $abc$166565$lut$aiger166564$12984.genblk1.genblk1.genblk1.genblk1.genblk1.genblk1.lut1.genblk1.genblk1.genblk1.genblk1.genblk1.lut1 (4 -> 2)
  Optimizing lut $abc$166565$lut$aiger166564$12650.genblk1.genblk1.genblk1.genblk1.genblk1.lut1 (4 -> 3)
  Optimizing lut $auto$abc_ops_reintegrate.cc:450:reintegrate$166642.genblk1.genblk1.genblk1.genblk1.genblk1.genblk1.lut1.genblk1.genblk1.genblk1.genblk1.genblk1.lut1 (4 -> 3)
  Optimizing lut $auto$abc_ops_reintegrate.cc:450:reintegrate$166641.genblk1.genblk1.genblk1.genblk1.genblk1.genblk1.genblk1.lut0.genblk1.genblk1.genblk1.genblk1.genblk1.genblk1.lut1.genblk1.genblk1.genblk1.genblk1.genblk1.lut1 (4 -> 3)
  Optimizing lut $abc$166565$lut$aiger166564$10736.genblk1.genblk1.genblk1.genblk1.genblk1.genblk1.genblk1.genblk1.lut1.genblk1.genblk1.genblk1.genblk1.genblk1.genblk1.genblk1.lut0.genblk1.genblk1.genblk1.genblk1.genblk1.genblk1.lut1.genblk1.genblk1.genblk1.genblk1.genblk1.lut1 (4 -> 2)
  Optimizing lut $auto$abc_ops_reintegrate.cc:450:reintegrate$166640.genblk1.genblk1.genblk1.genblk1.genblk1.genblk1.genblk1.lut0.genblk1.genblk1.genblk1.genblk1.genblk1.genblk1.lut1.genblk1.genblk1.genblk1.genblk1.genblk1.lut1 (4 -> 3)
  Optimizing lut $abc$166565$lut$aiger166564$9012.genblk1.genblk1.genblk1.genblk1.genblk1.lut0 (4 -> 0)
  Optimizing lut $auto$abc_ops_reintegrate.cc:450:reintegrate$166639.genblk1.genblk1.genblk1.genblk1.genblk1.genblk1.genblk1.lut0.genblk1.genblk1.genblk1.genblk1.genblk1.genblk1.lut1.genblk1.genblk1.genblk1.genblk1.genblk1.lut1 (4 -> 3)
  Optimizing lut $auto$abc_ops_reintegrate.cc:450:reintegrate$166638.genblk1.genblk1.genblk1.genblk1.genblk1.genblk1.genblk1.lut0.genblk1.genblk1.genblk1.genblk1.genblk1.genblk1.lut1.genblk1.genblk1.genblk1.genblk1.genblk1.lut1 (4 -> 3)
  Optimizing lut $abc$166565$lut$aiger166564$12360.genblk1.genblk1.genblk1.genblk1.genblk1.lut1 (4 -> 3)
  Optimizing lut $auto$abc_ops_reintegrate.cc:450:reintegrate$166637.genblk1.genblk1.genblk1.genblk1.genblk1.genblk1.genblk1.lut0.genblk1.genblk1.genblk1.genblk1.genblk1.genblk1.lut1.genblk1.genblk1.genblk1.genblk1.genblk1.lut1 (4 -> 3)
  Optimizing lut $auto$abc_ops_reintegrate.cc:450:reintegrate$166636.genblk1.genblk1.genblk1.genblk1.genblk1.genblk1.genblk1.lut0.genblk1.genblk1.genblk1.genblk1.genblk1.genblk1.lut1.genblk1.genblk1.genblk1.genblk1.genblk1.lut1 (4 -> 3)
  Optimizing lut $auto$abc_ops_reintegrate.cc:450:reintegrate$166635.genblk1.genblk1.genblk1.genblk1.genblk1.genblk1.genblk1.lut0.genblk1.genblk1.genblk1.genblk1.genblk1.genblk1.lut1.genblk1.genblk1.genblk1.genblk1.genblk1.lut1 (4 -> 3)
  Optimizing lut $auto$abc_ops_reintegrate.cc:450:reintegrate$166634.genblk1.genblk1.genblk1.genblk1.genblk1.genblk1.genblk1.lut0.genblk1.genblk1.genblk1.genblk1.genblk1.genblk1.lut1.genblk1.genblk1.genblk1.genblk1.genblk1.lut1 (4 -> 3)
  Optimizing lut $auto$abc_ops_reintegrate.cc:450:reintegrate$166633.genblk1.genblk1.genblk1.genblk1.genblk1.genblk1.genblk1.lut0.genblk1.genblk1.genblk1.genblk1.genblk1.genblk1.lut1.genblk1.genblk1.genblk1.genblk1.genblk1.lut1 (4 -> 3)
  Optimizing lut $auto$abc_ops_reintegrate.cc:450:reintegrate$166632.genblk1.genblk1.genblk1.genblk1.genblk1.genblk1.genblk1.lut0.genblk1.genblk1.genblk1.genblk1.genblk1.genblk1.lut1.genblk1.genblk1.genblk1.genblk1.genblk1.lut1 (4 -> 3)
  Optimizing lut $auto$abc_ops_reintegrate.cc:450:reintegrate$166631.genblk1.genblk1.genblk1.genblk1.genblk1.genblk1.genblk1.lut0.genblk1.genblk1.genblk1.genblk1.genblk1.genblk1.lut1.genblk1.genblk1.genblk1.genblk1.genblk1.lut1 (4 -> 3)
  Optimizing lut $auto$abc_ops_reintegrate.cc:450:reintegrate$166630.genblk1.genblk1.genblk1.genblk1.genblk1.genblk1.genblk1.lut0.genblk1.genblk1.genblk1.genblk1.genblk1.genblk1.lut1.genblk1.genblk1.genblk1.genblk1.genblk1.lut1 (4 -> 3)
  Optimizing lut $auto$abc_ops_reintegrate.cc:450:reintegrate$166629.genblk1.genblk1.genblk1.genblk1.genblk1.genblk1.genblk1.lut0.genblk1.genblk1.genblk1.genblk1.genblk1.genblk1.lut1.genblk1.genblk1.genblk1.genblk1.genblk1.lut1 (4 -> 3)
  Optimizing lut $abc$166565$lut$aiger166564$12104.genblk1.genblk1.genblk1.genblk1.genblk1.lut1 (4 -> 3)
  Optimizing lut $abc$166565$lut$aiger166564$12360.genblk1.genblk1.genblk1.genblk1.genblk1.lut0 (4 -> 3)
  Optimizing lut $auto$abc_ops_reintegrate.cc:450:reintegrate$166628.genblk1.genblk1.genblk1.genblk1.genblk1.genblk1.genblk1.lut0.genblk1.genblk1.genblk1.genblk1.genblk1.genblk1.lut1.genblk1.genblk1.genblk1.genblk1.genblk1.lut1 (4 -> 3)
  Optimizing lut $abc$166565$lut$aiger166564$12974.genblk1.genblk1.genblk1.genblk1.genblk1.genblk1.lut1.genblk1.genblk1.genblk1.genblk1.genblk1.lut1 (4 -> 2)
  Optimizing lut $abc$166565$lut$aiger166564$11919.genblk1.genblk1.genblk1.genblk1.genblk1.lut1 (4 -> 3)
  Optimizing lut $auto$abc_ops_reintegrate.cc:450:reintegrate$166627.genblk1.genblk1.genblk1.genblk1.genblk1.genblk1.genblk1.lut0.genblk1.genblk1.genblk1.genblk1.genblk1.genblk1.lut1.genblk1.genblk1.genblk1.genblk1.genblk1.lut1 (4 -> 3)
  Optimizing lut $abc$166565$lut$aiger166564$12644.genblk1.genblk1.genblk1.genblk1.genblk1.lut1 (4 -> 3)
  Optimizing lut $auto$abc_ops_reintegrate.cc:450:reintegrate$166626.genblk1.genblk1.genblk1.genblk1.genblk1.genblk1.genblk1.lut0.genblk1.genblk1.genblk1.genblk1.genblk1.genblk1.lut1.genblk1.genblk1.genblk1.genblk1.genblk1.lut1 (4 -> 3)
  Optimizing lut $auto$abc_ops_reintegrate.cc:450:reintegrate$166624.genblk1.genblk1.genblk1.genblk1.genblk1.lut1 (4 -> 3)
  Optimizing lut $auto$abc_ops_reintegrate.cc:450:reintegrate$166623.genblk1.genblk1.genblk1.genblk1.genblk1.lut1 (4 -> 3)
  Optimizing lut $auto$abc_ops_reintegrate.cc:450:reintegrate$166622.genblk1.genblk1.genblk1.genblk1.genblk1.lut1 (4 -> 3)
  Optimizing lut $abc$166565$lut$aiger166564$9508.genblk1.genblk1.genblk1.genblk1.genblk1.genblk1.lut1.genblk1.genblk1.genblk1.genblk1.genblk1.lut0 (4 -> 1)
  Optimizing lut $auto$abc_ops_reintegrate.cc:450:reintegrate$166621.genblk1.genblk1.genblk1.genblk1.genblk1.lut1 (4 -> 3)
  Optimizing lut $abc$166565$lut$aiger166564$10688.genblk1.genblk1.genblk1.genblk1.genblk1.genblk1.genblk1.genblk1.lut0.genblk1.genblk1.genblk1.genblk1.genblk1.genblk1.genblk1.lut0.genblk1.genblk1.genblk1.genblk1.genblk1.genblk1.lut0.genblk1.genblk1.genblk1.genblk1.genblk1.lut1 (4 -> 1)
  Optimizing lut $auto$abc_ops_reintegrate.cc:450:reintegrate$166620.genblk1.genblk1.genblk1.genblk1.genblk1.lut1 (4 -> 3)
  Optimizing lut $auto$abc_ops_reintegrate.cc:450:reintegrate$166619.genblk1.genblk1.genblk1.genblk1.genblk1.lut1 (4 -> 3)
  Optimizing lut $auto$abc_ops_reintegrate.cc:450:reintegrate$166618.genblk1.genblk1.genblk1.genblk1.genblk1.lut1 (4 -> 3)
  Optimizing lut $auto$abc_ops_reintegrate.cc:450:reintegrate$166617.genblk1.genblk1.genblk1.genblk1.genblk1.lut1 (4 -> 3)
  Optimizing lut $auto$abc_ops_reintegrate.cc:450:reintegrate$166616.genblk1.genblk1.genblk1.genblk1.genblk1.lut1 (4 -> 3)
  Optimizing lut $auto$abc_ops_reintegrate.cc:450:reintegrate$166615.genblk1.genblk1.genblk1.genblk1.genblk1.lut1 (4 -> 3)
  Optimizing lut $abc$166565$lut$aiger166564$9517.genblk1.genblk1.genblk1.genblk1.genblk1.genblk1.lut1.genblk1.genblk1.genblk1.genblk1.genblk1.lut0 (4 -> 1)
  Optimizing lut $auto$abc_ops_reintegrate.cc:450:reintegrate$166614.genblk1.genblk1.genblk1.genblk1.genblk1.lut1 (4 -> 3)
  Optimizing lut $auto$abc_ops_reintegrate.cc:450:reintegrate$166613.genblk1.genblk1.genblk1.genblk1.genblk1.lut1 (4 -> 3)
  Optimizing lut $abc$166565$lut$aiger166564$12354.genblk1.genblk1.genblk1.genblk1.genblk1.lut0 (4 -> 3)
  Optimizing lut $abc$166565$lut$aiger166564$12964.genblk1.genblk1.genblk1.genblk1.genblk1.genblk1.lut1.genblk1.genblk1.genblk1.genblk1.genblk1.lut1 (4 -> 2)
  Optimizing lut $auto$abc_ops_reintegrate.cc:450:reintegrate$166612.genblk1.genblk1.genblk1.genblk1.genblk1.lut1 (4 -> 3)
  Optimizing lut $auto$abc_ops_reintegrate.cc:450:reintegrate$166611.genblk1.genblk1.genblk1.genblk1.genblk1.lut1 (4 -> 3)
  Optimizing lut $auto$abc_ops_reintegrate.cc:450:reintegrate$166610.genblk1.genblk1.genblk1.genblk1.genblk1.lut1 (4 -> 3)
  Optimizing lut $auto$abc_ops_reintegrate.cc:450:reintegrate$166609.genblk1.genblk1.genblk1.genblk1.genblk1.lut1 (4 -> 3)
  Optimizing lut $auto$abc_ops_reintegrate.cc:450:reintegrate$166608.genblk1.genblk1.genblk1.genblk1.genblk1.lut1 (4 -> 3)
  Optimizing lut $abc$166565$lut$aiger166564$12098.genblk1.genblk1.genblk1.genblk1.genblk1.lut1 (4 -> 3)
  Optimizing lut $auto$abc_ops_reintegrate.cc:450:reintegrate$166607.genblk1.genblk1.genblk1.genblk1.genblk1.lut1 (4 -> 3)
  Optimizing lut $abc$166565$lut$aiger166564$12638.genblk1.genblk1.genblk1.genblk1.genblk1.lut0 (4 -> 3)
  Optimizing lut $auto$abc_ops_reintegrate.cc:450:reintegrate$166606.genblk1.genblk1.genblk1.genblk1.genblk1.lut1 (4 -> 3)
  Optimizing lut $auto$abc_ops_reintegrate.cc:450:reintegrate$166605.genblk1.genblk1.genblk1.genblk1.genblk1.lut1 (4 -> 3)
  Optimizing lut $abc$166565$lut$aiger166564$12348.genblk1.genblk1.genblk1.genblk1.genblk1.lut1 (4 -> 3)
  Optimizing lut $abc$166565$lut$aiger166564$11417.genblk1.genblk1.genblk1.genblk1.genblk1.genblk1.genblk1.lut0.genblk1.genblk1.genblk1.genblk1.genblk1.genblk1.lut1.genblk1.genblk1.genblk1.genblk1.genblk1.lut0 (4 -> 0)
  Optimizing lut $auto$abc_ops_reintegrate.cc:450:reintegrate$166604.genblk1.genblk1.genblk1.genblk1.genblk1.lut1 (4 -> 3)
  Optimizing lut $auto$abc_ops_reintegrate.cc:450:reintegrate$166603.genblk1.genblk1.genblk1.genblk1.genblk1.lut1 (4 -> 3)
  Optimizing lut $auto$abc_ops_reintegrate.cc:450:reintegrate$166602.genblk1.genblk1.genblk1.genblk1.genblk1.lut1 (4 -> 3)
  Optimizing lut $auto$abc_ops_reintegrate.cc:450:reintegrate$166601.genblk1.genblk1.genblk1.genblk1.genblk1.lut1 (4 -> 3)
  Optimizing lut $abc$166565$lut$aiger166564$12098.genblk1.genblk1.genblk1.genblk1.genblk1.lut0 (4 -> 3)
  Optimizing lut $abc$166565$lut$aiger166564$11913.genblk1.genblk1.genblk1.genblk1.genblk1.lut1 (4 -> 3)
  Optimizing lut $abc$166565$lut$aiger166564$9526.genblk1.genblk1.genblk1.genblk1.genblk1.genblk1.lut1.genblk1.genblk1.genblk1.genblk1.genblk1.lut0 (4 -> 1)
  Optimizing lut $abc$166565$lut$aiger166564$11913.genblk1.genblk1.genblk1.genblk1.genblk1.lut0 (4 -> 3)
  Optimizing lut $abc$166565$lut$aiger166564$12954.genblk1.genblk1.genblk1.genblk1.genblk1.genblk1.lut1.genblk1.genblk1.genblk1.genblk1.genblk1.lut1 (4 -> 2)
  Optimizing lut $auto$abc_ops_reintegrate.cc:450:reintegrate$166600.genblk1.genblk1.genblk1.genblk1.genblk1.lut1 (4 -> 3)
  Optimizing lut $abc$166565$lut$aiger166564$9517.genblk1.genblk1.genblk1.genblk1.genblk1.genblk1.lut0.genblk1.genblk1.genblk1.genblk1.genblk1.lut1 (4 -> 1)
  Optimizing lut $auto$abc_ops_reintegrate.cc:450:reintegrate$166599.genblk1.genblk1.genblk1.genblk1.genblk1.lut1 (4 -> 3)
  Optimizing lut $auto$abc_ops_reintegrate.cc:450:reintegrate$166598.genblk1.genblk1.genblk1.genblk1.genblk1.lut1 (4 -> 3)
  Optimizing lut $auto$abc_ops_reintegrate.cc:450:reintegrate$166597.genblk1.genblk1.genblk1.genblk1.genblk1.lut1 (4 -> 3)
  Optimizing lut $auto$abc_ops_reintegrate.cc:450:reintegrate$166596.genblk1.genblk1.genblk1.genblk1.genblk1.lut1 (4 -> 3)
  Optimizing lut $abc$166565$lut$aiger166564$12632.genblk1.genblk1.genblk1.genblk1.genblk1.lut0 (4 -> 3)
  Optimizing lut $abc$166565$lut$aiger166564$11525.genblk1.genblk1.genblk1.genblk1.genblk1.genblk1.genblk1.lut0.genblk1.genblk1.genblk1.genblk1.genblk1.genblk1.lut0.genblk1.genblk1.genblk1.genblk1.genblk1.lut1 (4 -> 2)
  Optimizing lut $auto$abc_ops_reintegrate.cc:450:reintegrate$166595.genblk1.genblk1.genblk1.genblk1.genblk1.lut1 (4 -> 3)
  Optimizing lut $auto$abc_ops_reintegrate.cc:450:reintegrate$166594.genblk1.genblk1.genblk1.genblk1.genblk1.lut1 (4 -> 3)
  Optimizing lut $auto$abc_ops_reintegrate.cc:450:reintegrate$166593.genblk1.genblk1.genblk1.genblk1.genblk1.lut1 (4 -> 3)
  Optimizing lut $abc$166565$lut$aiger166564$12092.genblk1.genblk1.genblk1.genblk1.genblk1.lut1 (4 -> 3)
  Optimizing lut $auto$abc_ops_reintegrate.cc:450:reintegrate$166592.genblk1.genblk1.genblk1.genblk1.genblk1.lut1 (4 -> 3)
  Optimizing lut $auto$abc_ops_reintegrate.cc:450:reintegrate$166591.genblk1.genblk1.genblk1.genblk1.genblk1.lut1 (4 -> 3)
  Optimizing lut $abc$166565$lut$aiger166564$12342.genblk1.genblk1.genblk1.genblk1.genblk1.lut1 (4 -> 3)
  Optimizing lut $abc$166565$lut$aiger166564$12092.genblk1.genblk1.genblk1.genblk1.genblk1.lut0 (4 -> 3)
  Optimizing lut $abc$166565$lut$aiger166564$9535.genblk1.genblk1.genblk1.genblk1.genblk1.genblk1.lut1.genblk1.genblk1.genblk1.genblk1.genblk1.lut0 (4 -> 1)
  Optimizing lut $auto$abc_ops_reintegrate.cc:450:reintegrate$166590.genblk1.genblk1.genblk1.genblk1.genblk1.lut1 (4 -> 3)
  Optimizing lut $abc$166565$lut$aiger166564$11612.genblk1.genblk1.genblk1.genblk1.genblk1.lut0 (4 -> 0)
  Optimizing lut $abc$166565$lut$aiger166564$9526.genblk1.genblk1.genblk1.genblk1.genblk1.genblk1.lut0.genblk1.genblk1.genblk1.genblk1.genblk1.lut1 (4 -> 1)
  Optimizing lut $abc$166565$lut$aiger166564$12944.genblk1.genblk1.genblk1.genblk1.genblk1.genblk1.lut1.genblk1.genblk1.genblk1.genblk1.genblk1.lut1 (4 -> 2)
  Optimizing lut $abc$166565$lut$aiger166564$13539.genblk1.genblk1.genblk1.genblk1.genblk1.genblk1.genblk1.lut1.genblk1.genblk1.genblk1.genblk1.genblk1.genblk1.lut1.genblk1.genblk1.genblk1.genblk1.genblk1.lut1 (4 -> 2)
  Optimizing lut $abc$166565$lut$aiger166564$11907.genblk1.genblk1.genblk1.genblk1.genblk1.lut1 (4 -> 3)
  Optimizing lut $auto$abc_ops_reintegrate.cc:450:reintegrate$166953.genblk1.genblk1.genblk1.genblk1.genblk1.lut0 (4 -> 0)
  Optimizing lut $auto$abc_ops_reintegrate.cc:450:reintegrate$166589.genblk1.genblk1.genblk1.genblk1.genblk1.lut1 (4 -> 3)
  Optimizing lut $auto$abc_ops_reintegrate.cc:450:reintegrate$166588.genblk1.genblk1.genblk1.genblk1.genblk1.lut1 (4 -> 3)
  Optimizing lut $abc$166565$lut$aiger166564$12626.genblk1.genblk1.genblk1.genblk1.genblk1.lut0 (4 -> 3)
  Optimizing lut $auto$abc_ops_reintegrate.cc:450:reintegrate$166587.genblk1.genblk1.genblk1.genblk1.genblk1.lut1 (4 -> 3)
  Optimizing lut $abc$166565$lut$aiger166564$9544.genblk1.genblk1.genblk1.genblk1.genblk1.genblk1.lut1.genblk1.genblk1.genblk1.genblk1.genblk1.lut0 (4 -> 1)
  Optimizing lut $abc$166565$lut$aiger166564$11907.genblk1.genblk1.genblk1.genblk1.genblk1.lut0 (4 -> 3)
  Optimizing lut $auto$abc_ops_reintegrate.cc:450:reintegrate$166586.genblk1.genblk1.genblk1.genblk1.genblk1.lut1 (4 -> 3)
  Optimizing lut $abc$166565$lut$aiger166564$9535.genblk1.genblk1.genblk1.genblk1.genblk1.genblk1.lut0.genblk1.genblk1.genblk1.genblk1.genblk1.lut1 (4 -> 1)
  Optimizing lut $auto$abc_ops_reintegrate.cc:450:reintegrate$166585.genblk1.genblk1.genblk1.genblk1.genblk1.lut1 (4 -> 3)
  Optimizing lut $auto$abc_ops_reintegrate.cc:450:reintegrate$166584.genblk1.genblk1.genblk1.genblk1.genblk1.lut1 (4 -> 3)
  Optimizing lut $auto$abc_ops_reintegrate.cc:450:reintegrate$166583.genblk1.genblk1.genblk1.genblk1.genblk1.lut1 (4 -> 3)
  Optimizing lut $abc$166565$lut$aiger166564$12934.genblk1.genblk1.genblk1.genblk1.genblk1.genblk1.lut1.genblk1.genblk1.genblk1.genblk1.genblk1.lut1 (4 -> 2)
  Optimizing lut $abc$166565$lut$aiger166564$12086.genblk1.genblk1.genblk1.genblk1.genblk1.lut1 (4 -> 3)
  Optimizing lut $abc$166565$lut$aiger166564$12620.genblk1.genblk1.genblk1.genblk1.genblk1.lut0 (4 -> 3)
  Optimizing lut $auto$abc_ops_reintegrate.cc:450:reintegrate$166582.genblk1.genblk1.genblk1.genblk1.genblk1.lut1 (4 -> 3)
  Optimizing lut $abc$166565$lut$aiger166564$9553.genblk1.genblk1.genblk1.genblk1.genblk1.genblk1.lut1.genblk1.genblk1.genblk1.genblk1.genblk1.lut0 (4 -> 1)
  Optimizing lut $auto$abc_ops_reintegrate.cc:450:reintegrate$166581.genblk1.genblk1.genblk1.genblk1.genblk1.lut1 (4 -> 3)
  Optimizing lut $abc$166565$lut$aiger166564$12086.genblk1.genblk1.genblk1.genblk1.genblk1.lut0 (4 -> 3)
  Optimizing lut $auto$abc_ops_reintegrate.cc:450:reintegrate$166580.genblk1.genblk1.genblk1.genblk1.genblk1.lut1 (4 -> 3)
  Optimizing lut $abc$166565$lut$aiger166564$11341.genblk1.genblk1.genblk1.genblk1.genblk1.genblk1.genblk1.lut1.genblk1.genblk1.genblk1.genblk1.genblk1.genblk1.lut1.genblk1.genblk1.genblk1.genblk1.genblk1.lut1 (4 -> 0)
  Optimizing lut $abc$166565$lut$aiger166564$9544.genblk1.genblk1.genblk1.genblk1.genblk1.genblk1.lut0.genblk1.genblk1.genblk1.genblk1.genblk1.lut1 (4 -> 1)
  Optimizing lut $auto$abc_ops_reintegrate.cc:450:reintegrate$166579.genblk1.genblk1.genblk1.genblk1.genblk1.lut1 (4 -> 3)
  Optimizing lut $auto$abc_ops_reintegrate.cc:450:reintegrate$166578.genblk1.genblk1.genblk1.genblk1.genblk1.lut1 (4 -> 3)
  Optimizing lut $abc$166565$lut$aiger166564$11871.genblk1.genblk1.genblk1.genblk1.genblk1.lut0 (4 -> 3)
  Optimizing lut $auto$abc_ops_reintegrate.cc:450:reintegrate$166577.genblk1.genblk1.genblk1.genblk1.genblk1.lut1 (4 -> 3)
  Optimizing lut $abc$166565$lut$aiger166564$11465.genblk1.genblk1.genblk1.genblk1.genblk1.genblk1.genblk1.lut0.genblk1.genblk1.genblk1.genblk1.genblk1.genblk1.lut1.genblk1.genblk1.genblk1.genblk1.genblk1.lut1 (4 -> 0)
  Optimizing lut $auto$abc_ops_reintegrate.cc:450:reintegrate$166576.genblk1.genblk1.genblk1.genblk1.genblk1.lut1 (4 -> 3)
  Optimizing lut $abc$166565$lut$aiger166564$12924.genblk1.genblk1.genblk1.genblk1.genblk1.genblk1.lut1.genblk1.genblk1.genblk1.genblk1.genblk1.lut1 (4 -> 2)
  Optimizing lut $abc$166565$lut$aiger166564$12331.genblk1.genblk1.genblk1.genblk1.genblk1.lut1 (4 -> 3)
  Optimizing lut $abc$166565$lut$aiger166564$12614.genblk1.genblk1.genblk1.genblk1.genblk1.lut0 (4 -> 3)
  Optimizing lut $abc$166565$lut$aiger166564$9562.genblk1.genblk1.genblk1.genblk1.genblk1.genblk1.lut1.genblk1.genblk1.genblk1.genblk1.genblk1.lut0 (4 -> 1)
  Optimizing lut $abc$166565$lut$aiger166564$12331.genblk1.genblk1.genblk1.genblk1.genblk1.lut0 (4 -> 3)
  Optimizing lut $auto$abc_ops_reintegrate.cc:450:reintegrate$166575.genblk1.genblk1.genblk1.genblk1.genblk1.lut1 (4 -> 3)
  Optimizing lut $auto$abc_ops_reintegrate.cc:450:reintegrate$166574.genblk1.genblk1.genblk1.genblk1.genblk1.lut1 (4 -> 3)
  Optimizing lut $auto$abc_ops_reintegrate.cc:450:reintegrate$166573.genblk1.genblk1.genblk1.genblk1.genblk1.lut1 (4 -> 3)
  Optimizing lut $auto$abc_ops_reintegrate.cc:450:reintegrate$166572.genblk1.genblk1.genblk1.genblk1.genblk1.lut1 (4 -> 3)
  Optimizing lut $abc$166565$lut$aiger166564$9553.genblk1.genblk1.genblk1.genblk1.genblk1.genblk1.lut0.genblk1.genblk1.genblk1.genblk1.genblk1.lut1 (4 -> 1)
  Optimizing lut $abc$166565$lut$aiger166564$10536.genblk1.genblk1.genblk1.genblk1.genblk1.genblk1.genblk1.genblk1.lut0.genblk1.genblk1.genblk1.genblk1.genblk1.genblk1.genblk1.lut0.genblk1.genblk1.genblk1.genblk1.genblk1.genblk1.lut1.genblk1.genblk1.genblk1.genblk1.genblk1.lut1 (4 -> 0)
  Optimizing lut $abc$166565$lut$aiger166564$12325.genblk1.genblk1.genblk1.genblk1.genblk1.genblk1.lut1.genblk1.genblk1.genblk1.genblk1.genblk1.lut1 (4 -> 0)
  Optimizing lut $auto$abc_ops_reintegrate.cc:450:reintegrate$167031.genblk1.genblk1.genblk1.genblk1.genblk1.genblk1.genblk1.genblk1.lut1.genblk1.genblk1.genblk1.genblk1.genblk1.genblk1.genblk1.lut0.genblk1.genblk1.genblk1.genblk1.genblk1.genblk1.lut1.genblk1.genblk1.genblk1.genblk1.genblk1.lut1 (4 -> 0)
  Optimizing lut $abc$166565$lut$aiger166564$12080.genblk1.genblk1.genblk1.genblk1.genblk1.lut1 (4 -> 3)
  Optimizing lut $abc$166565$lut$aiger166564$9571.genblk1.genblk1.genblk1.genblk1.genblk1.genblk1.lut1.genblk1.genblk1.genblk1.genblk1.genblk1.lut0 (4 -> 1)
  Optimizing lut $abc$166565$lut$aiger166564$12080.genblk1.genblk1.genblk1.genblk1.genblk1.lut0 (4 -> 3)
  Optimizing lut $auto$abc_ops_reintegrate.cc:450:reintegrate$166571.genblk1.genblk1.genblk1.genblk1.genblk1.lut1 (4 -> 3)
  Optimizing lut $abc$166565$lut$aiger166564$12914.genblk1.genblk1.genblk1.genblk1.genblk1.genblk1.lut1.genblk1.genblk1.genblk1.genblk1.genblk1.lut1 (4 -> 2)
  Optimizing lut $auto$abc_ops_reintegrate.cc:450:reintegrate$166570.genblk1.genblk1.genblk1.genblk1.genblk1.lut1 (4 -> 3)
  Optimizing lut $abc$166565$lut$aiger166564$10536.genblk1.genblk1.genblk1.genblk1.genblk1.genblk1.genblk1.genblk1.lut1.genblk1.genblk1.genblk1.genblk1.genblk1.genblk1.genblk1.lut0.genblk1.genblk1.genblk1.genblk1.genblk1.genblk1.lut1.genblk1.genblk1.genblk1.genblk1.genblk1.lut1 (4 -> 0)
  Optimizing lut $abc$166565$lut$aiger166564$10536.genblk1.genblk1.genblk1.genblk1.genblk1.genblk1.genblk1.genblk1.lut0.genblk1.genblk1.genblk1.genblk1.genblk1.genblk1.genblk1.lut0.genblk1.genblk1.genblk1.genblk1.genblk1.genblk1.lut0.genblk1.genblk1.genblk1.genblk1.genblk1.lut1 (4 -> 0)
  Optimizing lut $auto$abc_ops_reintegrate.cc:450:reintegrate$166569.genblk1.genblk1.genblk1.genblk1.genblk1.lut1 (4 -> 3)
  Optimizing lut $abc$166565$lut$aiger166564$11271.genblk1.genblk1.genblk1.genblk1.genblk1.genblk1.lut1.genblk1.genblk1.genblk1.genblk1.genblk1.lut1 (4 -> 0)
  Optimizing lut $auto$abc_ops_reintegrate.cc:450:reintegrate$166568.genblk1.genblk1.genblk1.genblk1.genblk1.lut1 (4 -> 3)
  Optimizing lut $abc$166565$lut$aiger166564$11623.genblk1.genblk1.genblk1.genblk1.genblk1.genblk1.genblk1.lut0.genblk1.genblk1.genblk1.genblk1.genblk1.genblk1.lut0.genblk1.genblk1.genblk1.genblk1.genblk1.lut1 (4 -> 2)
  Optimizing lut $abc$166565$lut$aiger166564$5600.genblk1.genblk1.genblk1.genblk1.genblk1.lut0 (4 -> 0)
  Optimizing lut $abc$166565$lut$aiger166564$5607.genblk1.genblk1.genblk1.genblk1.genblk1.lut0 (4 -> 0)
  Optimizing lut $auto$abc_ops_reintegrate.cc:450:reintegrate$167083.genblk1.genblk1.genblk1.genblk1.genblk1.genblk1.lut1.genblk1.genblk1.genblk1.genblk1.genblk1.lut0 (4 -> 3)
  Optimizing lut $auto$abc_ops_reintegrate.cc:450:reintegrate$167086.genblk1.genblk1.genblk1.genblk1.genblk1.lut1 (4 -> 3)
  Optimizing lut $auto$abc_ops_reintegrate.cc:450:reintegrate$166721.genblk1.genblk1.genblk1.genblk1.genblk1.lut1 (4 -> 3)
  Optimizing lut $abc$166565$lut$aiger166564$5641.genblk1.genblk1.genblk1.genblk1.genblk1.lut0 (4 -> 0)
  Optimizing lut $auto$abc_ops_reintegrate.cc:450:reintegrate$167085.genblk1.genblk1.genblk1.genblk1.genblk1.lut1 (4 -> 3)
  Optimizing lut $auto$abc_ops_reintegrate.cc:450:reintegrate$167084.genblk1.genblk1.genblk1.genblk1.genblk1.lut1 (4 -> 3)
  Optimizing lut $abc$166565$lut$aiger166564$12074.genblk1.genblk1.genblk1.genblk1.genblk1.lut1 (4 -> 3)
  Optimizing lut $auto$abc_ops_reintegrate.cc:450:reintegrate$167073.genblk1.genblk1.genblk1.genblk1.genblk1.genblk1.lut1.genblk1.genblk1.genblk1.genblk1.genblk1.lut1 (4 -> 3)
  Optimizing lut $auto$abc_ops_reintegrate.cc:450:reintegrate$167083.genblk1.genblk1.genblk1.genblk1.genblk1.genblk1.lut1.genblk1.genblk1.genblk1.genblk1.genblk1.lut1 (4 -> 3)
  Optimizing lut $auto$abc_ops_reintegrate.cc:450:reintegrate$167080.genblk1.genblk1.genblk1.genblk1.genblk1.genblk1.lut1.genblk1.genblk1.genblk1.genblk1.genblk1.lut1 (4 -> 3)
  Optimizing lut $auto$abc_ops_reintegrate.cc:450:reintegrate$167079.genblk1.genblk1.genblk1.genblk1.genblk1.genblk1.lut1.genblk1.genblk1.genblk1.genblk1.genblk1.lut1 (4 -> 3)
  Optimizing lut $auto$abc_ops_reintegrate.cc:450:reintegrate$167078.genblk1.genblk1.genblk1.genblk1.genblk1.genblk1.lut1.genblk1.genblk1.genblk1.genblk1.genblk1.lut1 (4 -> 3)
  Optimizing lut $auto$abc_ops_reintegrate.cc:450:reintegrate$167077.genblk1.genblk1.genblk1.genblk1.genblk1.genblk1.lut1.genblk1.genblk1.genblk1.genblk1.genblk1.lut1 (4 -> 3)
  Optimizing lut $auto$abc_ops_reintegrate.cc:450:reintegrate$167076.genblk1.genblk1.genblk1.genblk1.genblk1.genblk1.lut1.genblk1.genblk1.genblk1.genblk1.genblk1.lut1 (4 -> 3)
  Optimizing lut $auto$abc_ops_reintegrate.cc:450:reintegrate$167075.genblk1.genblk1.genblk1.genblk1.genblk1.genblk1.lut1.genblk1.genblk1.genblk1.genblk1.genblk1.lut1 (4 -> 3)
  Optimizing lut $auto$abc_ops_reintegrate.cc:450:reintegrate$167074.genblk1.genblk1.genblk1.genblk1.genblk1.genblk1.lut1.genblk1.genblk1.genblk1.genblk1.genblk1.lut1 (4 -> 3)
  Optimizing lut $auto$abc_ops_reintegrate.cc:450:reintegrate$167082.genblk1.genblk1.genblk1.genblk1.genblk1.genblk1.lut1.genblk1.genblk1.genblk1.genblk1.genblk1.lut1 (4 -> 3)
  Optimizing lut $auto$abc_ops_reintegrate.cc:450:reintegrate$167062.genblk1.genblk1.genblk1.genblk1.genblk1.genblk1.genblk1.lut0.genblk1.genblk1.genblk1.genblk1.genblk1.genblk1.lut1.genblk1.genblk1.genblk1.genblk1.genblk1.lut1 (4 -> 3)
  Optimizing lut $auto$abc_ops_reintegrate.cc:450:reintegrate$167071.genblk1.genblk1.genblk1.genblk1.genblk1.genblk1.lut1.genblk1.genblk1.genblk1.genblk1.genblk1.lut1 (4 -> 3)
  Optimizing lut $auto$abc_ops_reintegrate.cc:450:reintegrate$167070.genblk1.genblk1.genblk1.genblk1.genblk1.genblk1.lut1.genblk1.genblk1.genblk1.genblk1.genblk1.lut1 (4 -> 3)
  Optimizing lut $auto$abc_ops_reintegrate.cc:450:reintegrate$167068.genblk1.genblk1.genblk1.genblk1.genblk1.genblk1.genblk1.lut0.genblk1.genblk1.genblk1.genblk1.genblk1.genblk1.lut1.genblk1.genblk1.genblk1.genblk1.genblk1.lut1 (4 -> 3)
  Optimizing lut $auto$abc_ops_reintegrate.cc:450:reintegrate$167072.genblk1.genblk1.genblk1.genblk1.genblk1.genblk1.lut1.genblk1.genblk1.genblk1.genblk1.genblk1.lut1 (4 -> 3)
  Optimizing lut $auto$abc_ops_reintegrate.cc:450:reintegrate$167067.genblk1.genblk1.genblk1.genblk1.genblk1.genblk1.genblk1.lut0.genblk1.genblk1.genblk1.genblk1.genblk1.genblk1.lut1.genblk1.genblk1.genblk1.genblk1.genblk1.lut1 (4 -> 3)
  Optimizing lut $auto$abc_ops_reintegrate.cc:450:reintegrate$167066.genblk1.genblk1.genblk1.genblk1.genblk1.genblk1.genblk1.lut0.genblk1.genblk1.genblk1.genblk1.genblk1.genblk1.lut1.genblk1.genblk1.genblk1.genblk1.genblk1.lut1 (4 -> 3)
  Optimizing lut $auto$abc_ops_reintegrate.cc:450:reintegrate$167065.genblk1.genblk1.genblk1.genblk1.genblk1.genblk1.genblk1.lut0.genblk1.genblk1.genblk1.genblk1.genblk1.genblk1.lut1.genblk1.genblk1.genblk1.genblk1.genblk1.lut1 (4 -> 3)
  Optimizing lut $auto$abc_ops_reintegrate.cc:450:reintegrate$167064.genblk1.genblk1.genblk1.genblk1.genblk1.genblk1.genblk1.lut0.genblk1.genblk1.genblk1.genblk1.genblk1.genblk1.lut1.genblk1.genblk1.genblk1.genblk1.genblk1.lut1 (4 -> 3)
  Optimizing lut $auto$abc_ops_reintegrate.cc:450:reintegrate$167063.genblk1.genblk1.genblk1.genblk1.genblk1.genblk1.genblk1.lut0.genblk1.genblk1.genblk1.genblk1.genblk1.genblk1.lut1.genblk1.genblk1.genblk1.genblk1.genblk1.lut1 (4 -> 3)
  Optimizing lut $auto$abc_ops_reintegrate.cc:450:reintegrate$167061.genblk1.genblk1.genblk1.genblk1.genblk1.genblk1.genblk1.lut0.genblk1.genblk1.genblk1.genblk1.genblk1.genblk1.lut1.genblk1.genblk1.genblk1.genblk1.genblk1.lut1 (4 -> 3)
  Optimizing lut $auto$abc_ops_reintegrate.cc:450:reintegrate$167060.genblk1.genblk1.genblk1.genblk1.genblk1.genblk1.genblk1.lut0.genblk1.genblk1.genblk1.genblk1.genblk1.genblk1.lut1.genblk1.genblk1.genblk1.genblk1.genblk1.lut1 (4 -> 3)
  Optimizing lut $auto$abc_ops_reintegrate.cc:450:reintegrate$167059.genblk1.genblk1.genblk1.genblk1.genblk1.genblk1.genblk1.lut0.genblk1.genblk1.genblk1.genblk1.genblk1.genblk1.lut1.genblk1.genblk1.genblk1.genblk1.genblk1.lut1 (4 -> 3)
  Optimizing lut $auto$abc_ops_reintegrate.cc:450:reintegrate$167058.genblk1.genblk1.genblk1.genblk1.genblk1.genblk1.genblk1.lut0.genblk1.genblk1.genblk1.genblk1.genblk1.genblk1.lut1.genblk1.genblk1.genblk1.genblk1.genblk1.lut1 (4 -> 3)
  Optimizing lut $auto$abc_ops_reintegrate.cc:450:reintegrate$167057.genblk1.genblk1.genblk1.genblk1.genblk1.genblk1.genblk1.lut0.genblk1.genblk1.genblk1.genblk1.genblk1.genblk1.lut1.genblk1.genblk1.genblk1.genblk1.genblk1.lut1 (4 -> 3)
  Optimizing lut $auto$abc_ops_reintegrate.cc:450:reintegrate$167056.genblk1.genblk1.genblk1.genblk1.genblk1.genblk1.genblk1.lut0.genblk1.genblk1.genblk1.genblk1.genblk1.genblk1.lut1.genblk1.genblk1.genblk1.genblk1.genblk1.lut1 (4 -> 3)
  Optimizing lut $auto$abc_ops_reintegrate.cc:450:reintegrate$167055.genblk1.genblk1.genblk1.genblk1.genblk1.genblk1.genblk1.lut0.genblk1.genblk1.genblk1.genblk1.genblk1.genblk1.lut1.genblk1.genblk1.genblk1.genblk1.genblk1.lut1 (4 -> 3)
  Optimizing lut $auto$abc_ops_reintegrate.cc:450:reintegrate$167054.genblk1.genblk1.genblk1.genblk1.genblk1.genblk1.genblk1.lut0.genblk1.genblk1.genblk1.genblk1.genblk1.genblk1.lut1.genblk1.genblk1.genblk1.genblk1.genblk1.lut1 (4 -> 3)
  Optimizing lut $auto$abc_ops_reintegrate.cc:450:reintegrate$167034.genblk1.genblk1.genblk1.genblk1.genblk1.lut1 (4 -> 2)
  Optimizing lut $auto$abc_ops_reintegrate.cc:450:reintegrate$167038.genblk1.genblk1.genblk1.genblk1.genblk1.lut0 (4 -> 3)
  Optimizing lut $auto$abc_ops_reintegrate.cc:450:reintegrate$167031.genblk1.genblk1.genblk1.genblk1.genblk1.genblk1.genblk1.genblk1.lut1.genblk1.genblk1.genblk1.genblk1.genblk1.genblk1.genblk1.lut1.genblk1.genblk1.genblk1.genblk1.genblk1.genblk1.lut1.genblk1.genblk1.genblk1.genblk1.genblk1.lut1 (4 -> 0)
  Optimizing lut $auto$abc_ops_reintegrate.cc:450:reintegrate$167081.genblk1.genblk1.genblk1.genblk1.genblk1.genblk1.lut1.genblk1.genblk1.genblk1.genblk1.genblk1.lut1 (4 -> 3)
  Optimizing lut $auto$abc_ops_reintegrate.cc:450:reintegrate$167087.genblk1.genblk1.genblk1.genblk1.genblk1.lut1 (4 -> 3)
  Optimizing lut $abc$166565$lut$aiger166564$12964.genblk1.genblk1.genblk1.genblk1.genblk1.genblk1.lut0.genblk1.genblk1.genblk1.genblk1.genblk1.lut1 (4 -> 2)
  Optimizing lut $abc$166565$lut$aiger166564$12934.genblk1.genblk1.genblk1.genblk1.genblk1.genblk1.lut0.genblk1.genblk1.genblk1.genblk1.genblk1.lut1 (4 -> 2)
  Optimizing lut $abc$166565$lut$aiger166564$12954.genblk1.genblk1.genblk1.genblk1.genblk1.genblk1.lut0.genblk1.genblk1.genblk1.genblk1.genblk1.lut1 (4 -> 2)
  Optimizing lut $abc$166565$lut$aiger166564$12944.genblk1.genblk1.genblk1.genblk1.genblk1.genblk1.lut0.genblk1.genblk1.genblk1.genblk1.genblk1.lut1 (4 -> 2)
  Optimizing lut $auto$abc_ops_reintegrate.cc:450:reintegrate$167069.genblk1.genblk1.genblk1.genblk1.genblk1.genblk1.genblk1.lut0.genblk1.genblk1.genblk1.genblk1.genblk1.genblk1.lut1.genblk1.genblk1.genblk1.genblk1.genblk1.lut1 (4 -> 3)
  Optimizing lut $abc$166565$lut$aiger166564$12984.genblk1.genblk1.genblk1.genblk1.genblk1.genblk1.lut0.genblk1.genblk1.genblk1.genblk1.genblk1.lut1 (4 -> 2)
  Optimizing lut $auto$abc_ops_reintegrate.cc:450:reintegrate$167038.genblk1.genblk1.genblk1.genblk1.genblk1.lut1 (4 -> 1)
  Optimizing lut $abc$166565$lut$aiger166564$12994.genblk1.genblk1.genblk1.genblk1.genblk1.genblk1.lut0.genblk1.genblk1.genblk1.genblk1.genblk1.lut1 (4 -> 2)
  Optimizing lut $auto$abc_ops_reintegrate.cc:450:reintegrate$167084.genblk1.genblk1.genblk1.genblk1.genblk1.lut0 (4 -> 3)
  Optimizing lut $auto$abc_ops_reintegrate.cc:450:reintegrate$166567.genblk1.genblk1.genblk1.genblk1.genblk1.lut0 (4 -> 3)
  Optimizing lut $auto$abc_ops_reintegrate.cc:450:reintegrate$166567.genblk1.genblk1.genblk1.genblk1.genblk1.lut1 (4 -> 3)
  Optimizing lut $auto$abc_ops_reintegrate.cc:450:reintegrate$167054.genblk1.genblk1.genblk1.genblk1.genblk1.genblk1.genblk1.lut1.genblk1.genblk1.genblk1.genblk1.genblk1.genblk1.lut1.genblk1.genblk1.genblk1.genblk1.genblk1.lut1 (4 -> 3)

9.47. Executing HILOMAP pass (mapping to constant drivers).
Removed 0 unused cells and 10314 unused wires.

9.48. Executing AUTONAME pass.
Renamed 12384 objects in module top (1102 iterations).
<suppressed ~12384 debug messages>

9.49. Executing HIERARCHY pass (managing design hierarchy).
Attribute `top' found on module `top'. Setting top module to top.

9.49.1. Analyzing design hierarchy..
Top module:  \top

9.49.2. Analyzing design hierarchy..
Top module:  \top
Removed 0 unused modules.

9.50. Printing statistics.

=== top ===

        +----------Local Count, excluding submodules.
        | 
     5595 wires
     9452 wire bits
     5595 public wires
     9452 public wire bits
        5 ports
       10 port bits
     4994 cells
        8   $scopeinfo
        1   GND
        3   IBUF
      574   LUT1
      376   LUT2
     1589   LUT3
      936   LUT4
     1061   MUX2_LUT5
      309   MUX2_LUT6
      100   MUX2_LUT7
       29   MUX2_LUT8
        7   OBUF
        1   VCC
     1972 submodules
      410   ALU
       12   DFF
     1471   DFFE
        8   DFFR
       70   DFFRE
        1   DFFSE

=== design hierarchy ===

        +----------Count including submodules.
        | 
     4994 top

        +----------Count including submodules.
        | 
     5595 wires
     9452 wire bits
     5595 public wires
     9452 public wire bits
        5 ports
       10 port bits
        - memories
        - memory bits
        - processes
     4994 cells
        8   $scopeinfo
        1   GND
        3   IBUF
      574   LUT1
      376   LUT2
     1589   LUT3
      936   LUT4
     1061   MUX2_LUT5
      309   MUX2_LUT6
      100   MUX2_LUT7
       29   MUX2_LUT8
        7   OBUF
        1   VCC
     1972 submodules
      410   ALU
       12   DFF
     1471   DFFE
        8   DFFR
       70   DFFRE
        1   DFFSE

9.51. Executing CHECK pass (checking for obvious problems).
Checking module top...
Found and reported 0 problems.

9.52. Executing JSON backend.

10. Printing statistics.

=== top ===

        +----------Local Count, excluding submodules.
        | 
     5595 wires
     9452 wire bits
     5595 public wires
     9452 public wire bits
        5 ports
       10 port bits
     6966 cells
        8   $scopeinfo
      410   ALU
       12   DFF
     1471   DFFE
        8   DFFR
       70   DFFRE
        1   DFFSE
        1   GND
        3   IBUF
      574   LUT1
      376   LUT2
     1589   LUT3
      936   LUT4
     1061   MUX2_LUT5
      309   MUX2_LUT6
      100   MUX2_LUT7
       29   MUX2_LUT8
        7   OBUF
        1   VCC

End of script. Logfile hash: eaf3e20ede, time: 4.46s, user: 3.30s, system: 0.14s, MEM: 232.16 MB peak
Yosys 0.66+91 (git sha1 8869ce61d, Release, Clang /usr/local/osxcross/target/bin/aarch64-apple-darwin23.5-clang++ 18.1.8)
Time spent: 26% 1x abc9_exe (1 sec), 17% 1x autoname (0 sec), ...
