
 /----------------------------------------------------------------------------\
 |  yosys -- Yosys Open SYnthesis Suite                                       |
 |  Copyright (C) 2012 - 2026  Claire Xenia Wolf <claire@yosyshq.com>         |
 |  Distributed under an ISC-like license, type "license" to see terms        |
 \----------------------------------------------------------------------------/
 Yosys 0.66+91 (git sha1 8869ce61d, Release, Clang /usr/local/osxcross/target/bin/aarch64-apple-darwin23.5-clang++ 18.1.8)

-- Running command `read_verilog rtl/order_book_side.v ; synth_gowin -top order_book_side; stat' --

1. Executing Verilog-2005 frontend: rtl/order_book_side.v
Parsing Verilog input from `rtl/order_book_side.v' to AST representation.
Generating RTLIL representation for module `\order_book_side'.
Successfully finished Verilog frontend.

2. Executing SYNTH_GOWIN pass.

2.1. Executing Verilog-2005 frontend: /Users/paoloverwey/oss-cad-suite/libexec/../share/yosys/gowin/cells_sim.v
Parsing Verilog input from `/Users/paoloverwey/oss-cad-suite/libexec/../share/yosys/gowin/cells_sim.v' to AST representation.
Generating RTLIL representation for module `\LUT1'.
Generating RTLIL representation for module `\LUT2'.
Generating RTLIL representation for module `\LUT3'.
Generating RTLIL representation for module `\LUT4'.
Generating RTLIL representation for module `\__APICULA_LUT5'.
Generating RTLIL representation for module `\__APICULA_LUT6'.
Generating RTLIL representation for module `\__APICULA_LUT7'.
Generating RTLIL representation for module `\__APICULA_LUT8'.
Generating RTLIL representation for module `\MUX2'.
Generating RTLIL representation for module `\MUX2_LUT5'.
Generating RTLIL representation for module `\MUX2_LUT6'.
Generating RTLIL representation for module `\MUX2_LUT7'.
Generating RTLIL representation for module `\MUX2_LUT8'.
Generating RTLIL representation for module `\DFF'.
Generating RTLIL representation for module `\DFFE'.
Generating RTLIL representation for module `\DFFS'.
Generating RTLIL representation for module `\DFFSE'.
Generating RTLIL representation for module `\DFFR'.
Generating RTLIL representation for module `\DFFRE'.
Generating RTLIL representation for module `\DFFP'.
Generating RTLIL representation for module `\DFFPE'.
Generating RTLIL representation for module `\DFFC'.
Generating RTLIL representation for module `\DFFCE'.
Generating RTLIL representation for module `\DFFN'.
Generating RTLIL representation for module `\DFFNE'.
Generating RTLIL representation for module `\DFFNS'.
Generating RTLIL representation for module `\DFFNSE'.
Generating RTLIL representation for module `\DFFNR'.
Generating RTLIL representation for module `\DFFNRE'.
Generating RTLIL representation for module `\DFFNP'.
Generating RTLIL representation for module `\DFFNPE'.
Generating RTLIL representation for module `\DFFNC'.
Generating RTLIL representation for module `\DFFNCE'.
Generating RTLIL representation for module `\DL'.
Generating RTLIL representation for module `\DLN'.
Generating RTLIL representation for module `\DLE'.
Generating RTLIL representation for module `\DLNE'.
Generating RTLIL representation for module `\DLC'.
Generating RTLIL representation for module `\DLCE'.
Generating RTLIL representation for module `\DLNC'.
Generating RTLIL representation for module `\DLNCE'.
Generating RTLIL representation for module `\DLP'.
Generating RTLIL representation for module `\DLPE'.
Generating RTLIL representation for module `\DLNP'.
Generating RTLIL representation for module `\DLNPE'.
Generating RTLIL representation for module `\VCC'.
Generating RTLIL representation for module `\GND'.
Generating RTLIL representation for module `\IBUF'.
Generating RTLIL representation for module `\OBUF'.
Generating RTLIL representation for module `\TBUF'.
Generating RTLIL representation for module `\IOBUF'.
Generating RTLIL representation for module `\ELVDS_OBUF'.
Generating RTLIL representation for module `\TLVDS_OBUF'.
Generating RTLIL representation for module `\OSER4'.
Generating RTLIL representation for module `\OSER4_MEM'.
Generating RTLIL representation for module `\OSER8'.
Generating RTLIL representation for module `\OSER10'.
Generating RTLIL representation for module `\OVIDEO'.
Generating RTLIL representation for module `\OSER16'.
Generating RTLIL representation for module `\IDES4'.
Generating RTLIL representation for module `\IDES4_MEM'.
Generating RTLIL representation for module `\IDES8'.
Generating RTLIL representation for module `\IDES10'.
Generating RTLIL representation for module `\IVIDEO'.
Generating RTLIL representation for module `\IDES16'.
Generating RTLIL representation for module `\IDDR'.
Generating RTLIL representation for module `\IDDRC'.
Generating RTLIL representation for module `\DQS'.
Generating RTLIL representation for module `\ODDR'.
Generating RTLIL representation for module `\ODDRC'.
Generating RTLIL representation for module `\GSR'.
Generating RTLIL representation for module `\BANDGAP'.
Generating RTLIL representation for module `\ALU'.
Generating RTLIL representation for module `\RAM16S1'.
Generating RTLIL representation for module `\RAM16S2'.
Generating RTLIL representation for module `\RAM16S4'.
Generating RTLIL representation for module `\RAM16SDP1'.
Generating RTLIL representation for module `\RAM16SDP2'.
Generating RTLIL representation for module `\RAM16SDP4'.
Generating RTLIL representation for module `\SP'.
Generating RTLIL representation for module `\SPX9'.
Generating RTLIL representation for module `\SDP'.
Generating RTLIL representation for module `\SDPX9'.
Generating RTLIL representation for module `\DP'.
Generating RTLIL representation for module `\DPX9'.
Generating RTLIL representation for module `\rPLL'.
Generating RTLIL representation for module `\PLLVR'.
Generating RTLIL representation for module `\OSC'.
Generating RTLIL representation for module `\OSCZ'.
Generating RTLIL representation for module `\OSCF'.
Generating RTLIL representation for module `\OSCH'.
Generating RTLIL representation for module `\OSCW'.
Generating RTLIL representation for module `\OSCO'.
Generating RTLIL representation for module `\EMCU'.
Successfully finished Verilog frontend.

2.2. Executing Verilog-2005 frontend: /Users/paoloverwey/oss-cad-suite/libexec/../share/yosys/gowin/cells_xtra_gw1n.v
Parsing Verilog input from `/Users/paoloverwey/oss-cad-suite/libexec/../share/yosys/gowin/cells_xtra_gw1n.v' to AST representation.
Generating RTLIL representation for module `\LUT5'.
Generating RTLIL representation for module `\LUT6'.
Generating RTLIL representation for module `\LUT7'.
Generating RTLIL representation for module `\LUT8'.
Generating RTLIL representation for module `\INV'.
Generating RTLIL representation for module `\IODELAY'.
Generating RTLIL representation for module `\IEM'.
Generating RTLIL representation for module `\ROM16'.
Generating RTLIL representation for module `\ROM'.
Generating RTLIL representation for module `\ROMX9'.
Generating RTLIL representation for module `\pROM'.
Generating RTLIL representation for module `\pROMX9'.
Generating RTLIL representation for module `\SDPB'.
Generating RTLIL representation for module `\SDPX9B'.
Generating RTLIL representation for module `\DPB'.
Generating RTLIL representation for module `\DPX9B'.
Generating RTLIL representation for module `\PADD18'.
Generating RTLIL representation for module `\PADD9'.
Generating RTLIL representation for module `\MULT9X9'.
Generating RTLIL representation for module `\MULT18X18'.
Generating RTLIL representation for module `\MULT36X36'.
Generating RTLIL representation for module `\MULTALU36X18'.
Generating RTLIL representation for module `\MULTADDALU18X18'.
Generating RTLIL representation for module `\MULTALU18X18'.
Generating RTLIL representation for module `\ALU54D'.
Generating RTLIL representation for module `\BUFG'.
Generating RTLIL representation for module `\BUFS'.
Generating RTLIL representation for module `\PLL'.
Generating RTLIL representation for module `\TLVDS_IBUF'.
Generating RTLIL representation for module `\TLVDS_TBUF'.
Generating RTLIL representation for module `\TLVDS_IOBUF'.
Generating RTLIL representation for module `\ELVDS_IBUF'.
Generating RTLIL representation for module `\ELVDS_TBUF'.
Generating RTLIL representation for module `\ELVDS_IOBUF'.
Generating RTLIL representation for module `\MIPI_IBUF'.
Generating RTLIL representation for module `\MIPI_IBUF_HS'.
Generating RTLIL representation for module `\MIPI_IBUF_LP'.
Generating RTLIL representation for module `\MIPI_OBUF'.
Generating RTLIL representation for module `\MIPI_OBUF_A'.
Generating RTLIL representation for module `\ELVDS_IBUF_MIPI'.
Generating RTLIL representation for module `\I3C_IOBUF'.
Generating RTLIL representation for module `\CLKDIV'.
Generating RTLIL representation for module `\DHCEN'.
Generating RTLIL representation for module `\DLLDLY'.
Generating RTLIL representation for module `\FLASH96K'.
Generating RTLIL representation for module `\FLASH256K'.
Generating RTLIL representation for module `\FLASH608K'.
Generating RTLIL representation for module `\DCS'.
Generating RTLIL representation for module `\DQCE'.
Generating RTLIL representation for module `\CLKDIV2'.
Generating RTLIL representation for module `\DHCENC'.
Generating RTLIL representation for module `\FLASH64K'.
Generating RTLIL representation for module `\FLASH64KZ'.
Successfully finished Verilog frontend.

2.3. Executing HIERARCHY pass (managing design hierarchy).

2.3.1. Analyzing design hierarchy..
Top module:  \order_book_side

2.3.2. Analyzing design hierarchy..
Top module:  \order_book_side
Removed 0 unused modules.

2.4. Executing PROC pass (convert processes to netlists).

2.4.1. Executing PROC_CLEAN pass (remove empty switches from decision trees).
Found and cleaned up 8 empty switches in `\order_book_side.$proc$rtl/order_book_side.v:90$46'.
Cleaned up 8 empty switches.

2.4.2. Executing PROC_RMDEAD pass (remove dead branches from decision trees).
Marked 23 switch rules as full_case in process $proc$rtl/order_book_side.v:90$46 in module order_book_side.
Marked 16 switch rules as full_case in process $proc$rtl/order_book_side.v:55$12 in module order_book_side.
Removed a total of 0 dead cases.

2.4.3. Executing PROC_PRUNE pass (remove redundant assignments in processes).
Removed 0 redundant assignments.
Promoted 18 assignments to connections.

2.4.4. Executing PROC_INIT pass (extract init attributes).
Found init rule in `\order_book_side.$proc$rtl/order_book_side.v:69$70'.
  Set init value: \valid = 8'00000000
  Set init value: \price = 128'00000000000000000000000000000000000000000000000000000000000000000000000000000000000000000000000000000000000000000000000000000000
  Set init value: \quantity = 128'00000000000000000000000000000000000000000000000000000000000000000000000000000000000000000000000000000000000000000000000000000000
  Set init value: \orderID = 128'00000000000000000000000000000000000000000000000000000000000000000000000000000000000000000000000000000000000000000000000000000000
  Set init value: \seqNum = 128'00000000000000000000000000000000000000000000000000000000000000000000000000000000000000000000000000000000000000000000000000000000
  Set init value: \simultaneousOpError = 1'0
  Set init value: \insertFullError = 1'0
  Set init value: \removeEmptyError = 1'0
  Set init value: \reduceEmptyError = 1'0
  Set init value: \overReduceError = 1'0
  Set init value: \insertValidPrev = 1'0
  Set init value: \removeValidPrev = 1'0

2.4.5. Executing PROC_ARST pass (detect async resets in processes).

2.4.6. Executing PROC_ROM pass (convert switches to ROMs).
Converted 0 switches.
<suppressed ~41 debug messages>

2.4.7. Executing PROC_MUX pass (convert decision trees to multiplexers).
Creating decoders for process `\order_book_side.$proc$rtl/order_book_side.v:69$70'.
Creating decoders for process `\order_book_side.$proc$rtl/order_book_side.v:90$46'.
     1/51: $6\i[31:0]
     2/51: $5\i[31:0]
     3/51: $0\seqNum[127:0] [127:112]
     4/51: $0\seqNum[127:0] [111:96]
     5/51: $0\orderID[127:0] [111:96]
     6/51: $0\quantity[127:0] [111:96]
     7/51: $0\price[127:0] [111:96]
     8/51: $0\valid[7:0] [6]
     9/51: $0\seqNum[127:0] [95:80]
    10/51: $0\orderID[127:0] [95:80]
    11/51: $0\quantity[127:0] [95:80]
    12/51: $0\price[127:0] [95:80]
    13/51: $0\valid[7:0] [5]
    14/51: $0\seqNum[127:0] [79:64]
    15/51: $0\orderID[127:0] [79:64]
    16/51: $0\quantity[127:0] [79:64]
    17/51: $0\price[127:0] [79:64]
    18/51: $0\valid[7:0] [4]
    19/51: $0\seqNum[127:0] [63:48]
    20/51: $0\orderID[127:0] [63:48]
    21/51: $0\quantity[127:0] [63:48]
    22/51: $0\price[127:0] [63:48]
    23/51: $0\valid[7:0] [3]
    24/51: $0\seqNum[127:0] [47:32]
    25/51: $0\orderID[127:0] [47:32]
    26/51: $0\quantity[127:0] [47:32]
    27/51: $0\price[127:0] [47:32]
    28/51: $0\valid[7:0] [2]
    29/51: $0\seqNum[127:0] [31:16]
    30/51: $0\orderID[127:0] [31:16]
    31/51: $0\quantity[127:0] [31:16]
    32/51: $0\price[127:0] [31:16]
    33/51: $0\valid[7:0] [1]
    34/51: $0\quantity[127:0] [127:112]
    35/51: $0\seqNum[127:0] [15:0]
    36/51: $0\orderID[127:0] [15:0]
    37/51: $0\quantity[127:0] [15:0]
    38/51: $0\price[127:0] [15:0]
    39/51: $0\valid[7:0] [0]
    40/51: $2\i[31:0]
    41/51: $1\i[31:0]
    42/51: $0\overReduceError[0:0]
    43/51: $0\reduceEmptyError[0:0]
    44/51: $0\removeEmptyError[0:0]
    45/51: $0\insertFullError[0:0]
    46/51: $0\simultaneousOpError[0:0]
    47/51: $0\price[127:0] [127:112]
    48/51: $0\valid[7:0] [7]
    49/51: $0\orderID[127:0] [127:112]
    50/51: $4\i[31:0]
    51/51: $3\i[31:0]
Creating decoders for process `\order_book_side.$proc$rtl/order_book_side.v:84$45'.
Creating decoders for process `\order_book_side.$proc$rtl/order_book_side.v:55$12'.
     1/16: $16\insertIndex[3:0]
     2/16: $15\insertIndex[3:0]
     3/16: $14\insertIndex[3:0]
     4/16: $13\insertIndex[3:0]
     5/16: $12\insertIndex[3:0]
     6/16: $11\insertIndex[3:0]
     7/16: $10\insertIndex[3:0]
     8/16: $9\insertIndex[3:0]
     9/16: $8\insertIndex[3:0]
    10/16: $7\insertIndex[3:0]
    11/16: $6\insertIndex[3:0]
    12/16: $5\insertIndex[3:0]
    13/16: $4\insertIndex[3:0]
    14/16: $3\insertIndex[3:0]
    15/16: $2\insertIndex[3:0]
    16/16: $1\insertIndex[3:0]

2.4.8. Executing PROC_DLATCH pass (convert process syncs to latches).
No latch inferred for signal `\order_book_side.\insertIndex' from process `\order_book_side.$proc$rtl/order_book_side.v:55$12'.
No latch inferred for signal `\order_book_side.\j' from process `\order_book_side.$proc$rtl/order_book_side.v:55$12'.

2.4.9. Executing PROC_DFF pass (convert process syncs to FFs).
Creating register for signal `\order_book_side.\i' using process `\order_book_side.$proc$rtl/order_book_side.v:90$46'.
  created $dff cell `$procdff$1544' with positive edge clock.
Creating register for signal `\order_book_side.\valid' using process `\order_book_side.$proc$rtl/order_book_side.v:90$46'.
  created $dff cell `$procdff$1545' with positive edge clock.
Creating register for signal `\order_book_side.\price' using process `\order_book_side.$proc$rtl/order_book_side.v:90$46'.
  created $dff cell `$procdff$1546' with positive edge clock.
Creating register for signal `\order_book_side.\quantity' using process `\order_book_side.$proc$rtl/order_book_side.v:90$46'.
  created $dff cell `$procdff$1547' with positive edge clock.
Creating register for signal `\order_book_side.\orderID' using process `\order_book_side.$proc$rtl/order_book_side.v:90$46'.
  created $dff cell `$procdff$1548' with positive edge clock.
Creating register for signal `\order_book_side.\seqNum' using process `\order_book_side.$proc$rtl/order_book_side.v:90$46'.
  created $dff cell `$procdff$1549' with positive edge clock.
Creating register for signal `\order_book_side.\simultaneousOpError' using process `\order_book_side.$proc$rtl/order_book_side.v:90$46'.
  created $dff cell `$procdff$1550' with positive edge clock.
Creating register for signal `\order_book_side.\insertFullError' using process `\order_book_side.$proc$rtl/order_book_side.v:90$46'.
  created $dff cell `$procdff$1551' with positive edge clock.
Creating register for signal `\order_book_side.\removeEmptyError' using process `\order_book_side.$proc$rtl/order_book_side.v:90$46'.
  created $dff cell `$procdff$1552' with positive edge clock.
Creating register for signal `\order_book_side.\reduceEmptyError' using process `\order_book_side.$proc$rtl/order_book_side.v:90$46'.
  created $dff cell `$procdff$1553' with positive edge clock.
Creating register for signal `\order_book_side.\overReduceError' using process `\order_book_side.$proc$rtl/order_book_side.v:90$46'.
  created $dff cell `$procdff$1554' with positive edge clock.
Creating register for signal `\order_book_side.\insertValidPrev' using process `\order_book_side.$proc$rtl/order_book_side.v:84$45'.
  created $dff cell `$procdff$1555' with positive edge clock.
Creating register for signal `\order_book_side.\removeValidPrev' using process `\order_book_side.$proc$rtl/order_book_side.v:84$45'.
  created $dff cell `$procdff$1556' with positive edge clock.
Creating register for signal `\order_book_side.\reduceValidPrev' using process `\order_book_side.$proc$rtl/order_book_side.v:84$45'.
  created $dff cell `$procdff$1557' with positive edge clock.

2.4.10. Executing PROC_MEMWR pass (convert process memory writes to cells).

2.4.11. Executing PROC_CLEAN pass (remove empty switches from decision trees).
Removing empty process `order_book_side.$proc$rtl/order_book_side.v:69$70'.
Found and cleaned up 25 empty switches in `\order_book_side.$proc$rtl/order_book_side.v:90$46'.
Removing empty process `order_book_side.$proc$rtl/order_book_side.v:90$46'.
Removing empty process `order_book_side.$proc$rtl/order_book_side.v:84$45'.
Found and cleaned up 16 empty switches in `\order_book_side.$proc$rtl/order_book_side.v:55$12'.
Removing empty process `order_book_side.$proc$rtl/order_book_side.v:55$12'.
Cleaned up 41 empty switches.

2.4.12. Executing OPT_EXPR pass (perform const folding).
Optimizing module order_book_side.
<suppressed ~5 debug messages>

2.5. Executing CHECK pass (checking for obvious problems).
Checking module order_book_side...
Found and reported 0 problems.

2.6. Executing FLATTEN pass (flatten design).

2.7. Executing TRIBUF pass.

2.8. Executing DEMINOUT pass (demote inout ports to input or output).

2.9. Executing OPT_EXPR pass (perform const folding).
Optimizing module order_book_side.

2.10. Executing OPT_CLEAN pass (remove unused cells and wires).
Finding unused cells or wires in module \order_book_side..
Removed 18 unused cells and 494 unused wires.
<suppressed ~20 debug messages>

2.11. Executing CHECK pass (checking for obvious problems).
Checking module order_book_side...
Found and reported 0 problems.

2.12. Executing OPT pass (performing simple optimizations).

2.12.1. Executing OPT_EXPR pass (perform const folding).
Optimizing module order_book_side.

2.12.2. Executing OPT_MERGE pass (detect identical cells).
Finding identical cells in module `\order_book_side'.
Computing hashes of 438 cells of `\order_book_side'.
Finding duplicate cells in `\order_book_side'.
Removed a total of 0 cells.

2.12.3. Executing OPT_MUXTREE pass (detect dead branches in mux trees).
Running muxtree optimizer on module \order_book_side..
  Creating internal representation of mux trees.
  Evaluating internal representation of mux trees.
  Analyzing evaluation results.
    dead port 2/2 on $mux $procmux$1521.
    dead port 2/2 on $mux $procmux$1512.
    dead port 2/2 on $mux $procmux$1503.
    dead port 2/2 on $mux $procmux$1494.
    dead port 2/2 on $mux $procmux$1485.
    dead port 2/2 on $mux $procmux$1476.
    dead port 2/2 on $mux $procmux$1530.
Removed 7 multiplexer ports.
<suppressed ~416 debug messages>

2.12.4. Executing OPT_REDUCE pass (consolidate $*mux and $reduce_* inputs).
  Optimizing cells in module \order_book_side.
Performed a total of 0 changes.

2.12.5. Executing OPT_MERGE pass (detect identical cells).
Finding identical cells in module `\order_book_side'.
Computing hashes of 431 cells of `\order_book_side'.
Finding duplicate cells in `\order_book_side'.
Computing hashes of 430 cells of `\order_book_side'.
Finding duplicate cells in `\order_book_side'.
<suppressed ~3 debug messages>
Removed a total of 1 cells.

2.12.6. Executing OPT_DFF pass (perform DFF optimizations).

2.12.7. Executing OPT_CLEAN pass (remove unused cells and wires).
Finding unused cells or wires in module \order_book_side..
Removed 0 unused cells and 8 unused wires.
<suppressed ~1 debug messages>

2.12.8. Executing OPT_EXPR pass (perform const folding).
Optimizing module order_book_side.

2.12.9. Rerunning OPT passes. (Maybe there is more to do..)

2.12.10. Executing OPT_MUXTREE pass (detect dead branches in mux trees).
Running muxtree optimizer on module \order_book_side..
  Creating internal representation of mux trees.
  Evaluating internal representation of mux trees.
  Analyzing evaluation results.
Removed 0 multiplexer ports.
<suppressed ~411 debug messages>

2.12.11. Executing OPT_REDUCE pass (consolidate $*mux and $reduce_* inputs).
  Optimizing cells in module \order_book_side.
Performed a total of 0 changes.

2.12.12. Executing OPT_MERGE pass (detect identical cells).
Finding identical cells in module `\order_book_side'.
Computing hashes of 430 cells of `\order_book_side'.
Finding duplicate cells in `\order_book_side'.
Removed a total of 0 cells.

2.12.13. Executing OPT_DFF pass (perform DFF optimizations).

2.12.14. Executing OPT_CLEAN pass (remove unused cells and wires).
Finding unused cells or wires in module \order_book_side..

2.12.15. Executing OPT_EXPR pass (perform const folding).
Optimizing module order_book_side.

2.12.16. Finished fast OPT passes. (There is nothing left to do.)

2.13. Executing FSM pass (extract and optimize FSM).

2.13.1. Executing FSM_DETECT pass (finding FSMs in design).

2.13.2. Executing FSM_EXTRACT pass (extracting FSM from design).

2.13.3. Executing FSM_OPT pass (simple optimizations of FSMs).

2.13.4. Executing OPT_CLEAN pass (remove unused cells and wires).
Finding unused cells or wires in module \order_book_side..

2.13.5. Executing FSM_OPT pass (simple optimizations of FSMs).

2.13.6. Executing FSM_RECODE pass (re-assigning FSM state encoding).

2.13.7. Executing FSM_INFO pass (dumping all available information on FSM cells).

2.13.8. Executing FSM_MAP pass (mapping FSMs to basic logic).

2.14. Executing OPT pass (performing simple optimizations).

2.14.1. Executing OPT_EXPR pass (perform const folding).
Optimizing module order_book_side.

2.14.2. Executing OPT_MERGE pass (detect identical cells).
Finding identical cells in module `\order_book_side'.
Computing hashes of 430 cells of `\order_book_side'.
Finding duplicate cells in `\order_book_side'.
Removed a total of 0 cells.

2.14.3. Executing OPT_MUXTREE pass (detect dead branches in mux trees).
Running muxtree optimizer on module \order_book_side..
  Creating internal representation of mux trees.
  Evaluating internal representation of mux trees.
  Analyzing evaluation results.
Removed 0 multiplexer ports.
<suppressed ~411 debug messages>

2.14.4. Executing OPT_REDUCE pass (consolidate $*mux and $reduce_* inputs).
  Optimizing cells in module \order_book_side.
Performed a total of 0 changes.

2.14.5. Executing OPT_MERGE pass (detect identical cells).
Finding identical cells in module `\order_book_side'.
Computing hashes of 430 cells of `\order_book_side'.
Finding duplicate cells in `\order_book_side'.
Removed a total of 0 cells.

2.14.6. Executing OPT_DFF pass (perform DFF optimizations).
Adding EN signal on $procdff$1554 ($dff) from module order_book_side (D = $procmux$1330_Y, Q = \overReduceError).
Adding SRST signal on $auto$ff.cc:337:slice$1558 ($dffe) from module order_book_side (D = $procmux$1324_Y, Q = \overReduceError, rval = 1'0).
Adding EN signal on $procdff$1553 ($dff) from module order_book_side (D = $procmux$1344_Y, Q = \reduceEmptyError).
Adding SRST signal on $auto$ff.cc:337:slice$1568 ($dffe) from module order_book_side (D = $procmux$1338_Y, Q = \reduceEmptyError, rval = 1'0).
Adding EN signal on $procdff$1552 ($dff) from module order_book_side (D = $procmux$1358_Y, Q = \removeEmptyError).
Adding SRST signal on $auto$ff.cc:337:slice$1578 ($dffe) from module order_book_side (D = $procmux$1355_Y, Q = \removeEmptyError, rval = 1'0).
Adding EN signal on $procdff$1551 ($dff) from module order_book_side (D = $procmux$1375_Y, Q = \insertFullError).
Adding SRST signal on $procdff$1550 ($dff) from module order_book_side (D = $procmux$1386_Y, Q = \simultaneousOpError, rval = 1'1).
Adding EN signal on $auto$ff.cc:337:slice$1593 ($sdff) from module order_book_side (D = $procmux$1386_Y, Q = \simultaneousOpError).
Adding EN signal on $procdff$1549 ($dff) from module order_book_side (D = $procmux$432_Y, Q = \seqNum [127:112]).
Adding EN signal on $procdff$1549 ($dff) from module order_book_side (D = $procmux$1204_Y, Q = \seqNum [15:0]).
Adding EN signal on $procdff$1549 ($dff) from module order_book_side (D = $procmux$1067_Y, Q = \seqNum [31:16]).
Adding EN signal on $procdff$1549 ($dff) from module order_book_side (D = $procmux$947_Y, Q = \seqNum [47:32]).
Adding EN signal on $procdff$1549 ($dff) from module order_book_side (D = $procmux$827_Y, Q = \seqNum [63:48]).
Adding EN signal on $procdff$1549 ($dff) from module order_book_side (D = $procmux$707_Y, Q = \seqNum [79:64]).
Adding EN signal on $procdff$1549 ($dff) from module order_book_side (D = $procmux$587_Y, Q = \seqNum [95:80]).
Adding EN signal on $procdff$1549 ($dff) from module order_book_side (D = $procmux$467_Y, Q = \seqNum [111:96]).
Adding EN signal on $procdff$1548 ($dff) from module order_book_side (D = $procmux$1435_Y, Q = \orderID [127:112]).
Adding EN signal on $procdff$1548 ($dff) from module order_book_side (D = $procmux$1227_Y, Q = \orderID [15:0]).
Adding EN signal on $procdff$1548 ($dff) from module order_book_side (D = $procmux$1091_Y, Q = \orderID [31:16]).
Adding EN signal on $procdff$1548 ($dff) from module order_book_side (D = $procmux$971_Y, Q = \orderID [47:32]).
Adding EN signal on $procdff$1548 ($dff) from module order_book_side (D = $procmux$851_Y, Q = \orderID [63:48]).
Adding EN signal on $procdff$1548 ($dff) from module order_book_side (D = $procmux$731_Y, Q = \orderID [79:64]).
Adding EN signal on $procdff$1548 ($dff) from module order_book_side (D = $procmux$611_Y, Q = \orderID [95:80]).
Adding EN signal on $procdff$1548 ($dff) from module order_book_side (D = $procmux$491_Y, Q = \orderID [111:96]).
Adding EN signal on $procdff$1547 ($dff) from module order_book_side (D = $procmux$1170_Y, Q = \quantity [127:112]).
Adding EN signal on $procdff$1547 ($dff) from module order_book_side (D = $procmux$1115_Y, Q = \quantity [31:16]).
Adding EN signal on $procdff$1547 ($dff) from module order_book_side (D = $procmux$995_Y, Q = \quantity [47:32]).
Adding EN signal on $procdff$1547 ($dff) from module order_book_side (D = $procmux$875_Y, Q = \quantity [63:48]).
Adding EN signal on $procdff$1547 ($dff) from module order_book_side (D = $procmux$755_Y, Q = \quantity [79:64]).
Adding EN signal on $procdff$1547 ($dff) from module order_book_side (D = $procmux$635_Y, Q = \quantity [95:80]).
Adding EN signal on $procdff$1547 ($dff) from module order_book_side (D = $procmux$515_Y, Q = \quantity [111:96]).
Adding EN signal on $procdff$1547 ($dff) from module order_book_side (D = $procmux$1258_Y, Q = \quantity [15:0]).
Adding EN signal on $procdff$1546 ($dff) from module order_book_side (D = $procmux$1393_Y, Q = \price [127:112]).
Adding EN signal on $procdff$1546 ($dff) from module order_book_side (D = $procmux$1281_Y, Q = \price [15:0]).
Adding EN signal on $procdff$1546 ($dff) from module order_book_side (D = $procmux$1139_Y, Q = \price [31:16]).
Adding EN signal on $procdff$1546 ($dff) from module order_book_side (D = $procmux$1019_Y, Q = \price [47:32]).
Adding EN signal on $procdff$1546 ($dff) from module order_book_side (D = $procmux$899_Y, Q = \price [63:48]).
Adding EN signal on $procdff$1546 ($dff) from module order_book_side (D = $procmux$779_Y, Q = \price [79:64]).
Adding EN signal on $procdff$1546 ($dff) from module order_book_side (D = $procmux$659_Y, Q = \price [95:80]).
Adding EN signal on $procdff$1546 ($dff) from module order_book_side (D = $procmux$539_Y, Q = \price [111:96]).
Adding EN signal on $procdff$1545 ($dff) from module order_book_side (D = $procmux$1304_Y, Q = \valid [0]).
Adding EN signal on $procdff$1545 ($dff) from module order_book_side (D = $procmux$1163_Y, Q = \valid [1]).
Adding EN signal on $procdff$1545 ($dff) from module order_book_side (D = $procmux$1043_Y, Q = \valid [2]).
Adding EN signal on $procdff$1545 ($dff) from module order_book_side (D = $procmux$923_Y, Q = \valid [3]).
Adding EN signal on $procdff$1545 ($dff) from module order_book_side (D = $procmux$803_Y, Q = \valid [4]).
Adding EN signal on $procdff$1545 ($dff) from module order_book_side (D = $procmux$683_Y, Q = \valid [5]).
Adding EN signal on $procdff$1545 ($dff) from module order_book_side (D = $procmux$563_Y, Q = \valid [6]).
Adding EN signal on $procdff$1545 ($dff) from module order_book_side (D = $procmux$1428_Y, Q = \valid [7]).

2.14.7. Executing OPT_CLEAN pass (remove unused cells and wires).
Finding unused cells or wires in module \order_book_side..
Removed 66 unused cells and 31 unused wires.
<suppressed ~67 debug messages>

2.14.8. Executing OPT_EXPR pass (perform const folding).
Optimizing module order_book_side.
<suppressed ~72 debug messages>

2.14.9. Rerunning OPT passes. (Maybe there is more to do..)

2.14.10. Executing OPT_MUXTREE pass (detect dead branches in mux trees).
Running muxtree optimizer on module \order_book_side..
  Creating internal representation of mux trees.
  Evaluating internal representation of mux trees.
  Analyzing evaluation results.
Removed 0 multiplexer ports.
<suppressed ~345 debug messages>

2.14.11. Executing OPT_REDUCE pass (consolidate $*mux and $reduce_* inputs).
  Optimizing cells in module \order_book_side.
Performed a total of 0 changes.

2.14.12. Executing OPT_MERGE pass (detect identical cells).
Finding identical cells in module `\order_book_side'.
Computing hashes of 656 cells of `\order_book_side'.
Finding duplicate cells in `\order_book_side'.
Computing hashes of 461 cells of `\order_book_side'.
Finding duplicate cells in `\order_book_side'.
Computing hashes of 427 cells of `\order_book_side'.
Finding duplicate cells in `\order_book_side'.
<suppressed ~687 debug messages>
Removed a total of 229 cells.

2.14.13. Executing OPT_DFF pass (perform DFF optimizations).

2.14.14. Executing OPT_CLEAN pass (remove unused cells and wires).
Finding unused cells or wires in module \order_book_side..
Removed 0 unused cells and 229 unused wires.
<suppressed ~1 debug messages>

2.14.15. Executing OPT_EXPR pass (perform const folding).
Optimizing module order_book_side.

2.14.16. Rerunning OPT passes. (Maybe there is more to do..)

2.14.17. Executing OPT_MUXTREE pass (detect dead branches in mux trees).
Running muxtree optimizer on module \order_book_side..
  Creating internal representation of mux trees.
  Evaluating internal representation of mux trees.
  Analyzing evaluation results.
Removed 0 multiplexer ports.
<suppressed ~350 debug messages>

2.14.18. Executing OPT_REDUCE pass (consolidate $*mux and $reduce_* inputs).
  Optimizing cells in module \order_book_side.
Performed a total of 0 changes.

2.14.19. Executing OPT_MERGE pass (detect identical cells).
Finding identical cells in module `\order_book_side'.
Computing hashes of 427 cells of `\order_book_side'.
Finding duplicate cells in `\order_book_side'.
Removed a total of 0 cells.

2.14.20. Executing OPT_DFF pass (perform DFF optimizations).

2.14.21. Executing OPT_CLEAN pass (remove unused cells and wires).
Finding unused cells or wires in module \order_book_side..

2.14.22. Executing OPT_EXPR pass (perform const folding).
Optimizing module order_book_side.

2.14.23. Finished fast OPT passes. (There is nothing left to do.)

2.15. Executing WREDUCE pass (reducing word size of cells).
Removed top 2 bits (of 3) from port B of cell order_book_side.$auto$opt_dff.cc:235:make_patterns_logic$1932 ($ne).
Removed top 31 bits (of 32) from port A of cell order_book_side.$lt$rtl/order_book_side.v:114$52 ($lt).
Removed top 31 bits (of 32) from port A of cell order_book_side.$lt$rtl/order_book_side.v:114$54 ($lt).
Removed top 3 bits (of 4) from port A of cell order_book_side.$eq$rtl/order_book_side.v:116$55 ($eq).
Removed top 30 bits (of 32) from port A of cell order_book_side.$lt$rtl/order_book_side.v:114$56 ($lt).
Removed top 2 bits (of 4) from port A of cell order_book_side.$eq$rtl/order_book_side.v:116$57 ($eq).
Removed top 30 bits (of 32) from port A of cell order_book_side.$lt$rtl/order_book_side.v:114$58 ($lt).
Removed top 2 bits (of 4) from port A of cell order_book_side.$eq$rtl/order_book_side.v:116$59 ($eq).
Removed top 29 bits (of 32) from port A of cell order_book_side.$lt$rtl/order_book_side.v:114$60 ($lt).
Removed top 1 bits (of 4) from port A of cell order_book_side.$eq$rtl/order_book_side.v:116$61 ($eq).
Removed top 29 bits (of 32) from port A of cell order_book_side.$lt$rtl/order_book_side.v:114$62 ($lt).
Removed top 1 bits (of 4) from port A of cell order_book_side.$eq$rtl/order_book_side.v:116$63 ($eq).
Removed top 29 bits (of 32) from port A of cell order_book_side.$lt$rtl/order_book_side.v:114$64 ($lt).
Removed top 1 bits (of 4) from port A of cell order_book_side.$eq$rtl/order_book_side.v:116$65 ($eq).
Removed top 29 bits (of 32) from port A of cell order_book_side.$lt$rtl/order_book_side.v:114$66 ($lt).
Removed top 1 bits (of 4) from port A of cell order_book_side.$eq$rtl/order_book_side.v:116$67 ($eq).

2.16. Executing PEEPOPT pass (run peephole optimizers).

2.17. Executing OPT_CLEAN pass (remove unused cells and wires).
Finding unused cells or wires in module \order_book_side..

2.18. Executing SHARE pass (SAT-based resource sharing).

2.19. Executing TECHMAP pass (map to technology primitives).

2.19.1. Executing Verilog-2005 frontend: /Users/paoloverwey/oss-cad-suite/libexec/../share/yosys/mul2dsp.v
Parsing Verilog input from `/Users/paoloverwey/oss-cad-suite/libexec/../share/yosys/mul2dsp.v' to AST representation.
Generating RTLIL representation for module `\_80_mul'.
Generating RTLIL representation for module `\_90_soft_mul'.
Successfully finished Verilog frontend.

2.19.2. Continuing TECHMAP pass.
No more expansions possible.
<suppressed ~4 debug messages>

2.20. Executing TECHMAP pass (map to technology primitives).

2.20.1. Executing Verilog-2005 frontend: /Users/paoloverwey/oss-cad-suite/libexec/../share/yosys/mul2dsp.v
Parsing Verilog input from `/Users/paoloverwey/oss-cad-suite/libexec/../share/yosys/mul2dsp.v' to AST representation.
Generating RTLIL representation for module `\_80_mul'.
Generating RTLIL representation for module `\_90_soft_mul'.
Successfully finished Verilog frontend.

2.20.2. Continuing TECHMAP pass.
No more expansions possible.
<suppressed ~4 debug messages>

2.21. Executing TECHMAP pass (map to technology primitives).

2.21.1. Executing Verilog-2005 frontend: /Users/paoloverwey/oss-cad-suite/libexec/../share/yosys/mul2dsp.v
Parsing Verilog input from `/Users/paoloverwey/oss-cad-suite/libexec/../share/yosys/mul2dsp.v' to AST representation.
Generating RTLIL representation for module `\_80_mul'.
Generating RTLIL representation for module `\_90_soft_mul'.
Successfully finished Verilog frontend.

2.21.2. Continuing TECHMAP pass.
No more expansions possible.
<suppressed ~4 debug messages>

2.22. Executing TECHMAP pass (map to technology primitives).

2.22.1. Executing Verilog-2005 frontend: /Users/paoloverwey/oss-cad-suite/libexec/../share/yosys/mul2dsp.v
Parsing Verilog input from `/Users/paoloverwey/oss-cad-suite/libexec/../share/yosys/mul2dsp.v' to AST representation.
Generating RTLIL representation for module `\_80_mul'.
Generating RTLIL representation for module `\_90_soft_mul'.
Successfully finished Verilog frontend.

2.22.2. Continuing TECHMAP pass.
No more expansions possible.
<suppressed ~4 debug messages>

2.23. Executing TECHMAP pass (map to technology primitives).

2.23.1. Executing Verilog-2005 frontend: /Users/paoloverwey/oss-cad-suite/libexec/../share/yosys/gowin/dsp_map.v
Parsing Verilog input from `/Users/paoloverwey/oss-cad-suite/libexec/../share/yosys/gowin/dsp_map.v' to AST representation.
Generating RTLIL representation for module `$__MUL9X9'.
Generating RTLIL representation for module `$__MUL18X18'.
Generating RTLIL representation for module `$__MUL36X36'.
Successfully finished Verilog frontend.

2.23.2. Continuing TECHMAP pass.
No more expansions possible.
<suppressed ~5 debug messages>

2.24. Executing ALUMACC pass (create $alu and $macc cells).
Extracting $alu and $macc cells in module order_book_side:
  creating $macc model for $sub$rtl/order_book_side.v:165$69 ($sub).
  creating $alu model for $macc $sub$rtl/order_book_side.v:165$69.
  creating $alu model for $ge$rtl/order_book_side.v:161$68 ($ge): merged with $sub$rtl/order_book_side.v:165$69.
  creating $alu model for $lt$rtl/order_book_side.v:114$66 ($lt): new $alu
  creating $alu model for $lt$rtl/order_book_side.v:114$64 ($lt): new $alu
  creating $alu model for $lt$rtl/order_book_side.v:114$62 ($lt): new $alu
  creating $alu model for $lt$rtl/order_book_side.v:114$60 ($lt): new $alu
  creating $alu model for $lt$rtl/order_book_side.v:114$58 ($lt): new $alu
  creating $alu model for $lt$rtl/order_book_side.v:114$56 ($lt): new $alu
  creating $alu model for $lt$rtl/order_book_side.v:114$54 ($lt): new $alu
  creating $alu model for $lt$rtl/order_book_side.v:114$52 ($lt): new $alu
  creating $alu model for $gt$rtl/order_book_side.v:59$43 ($gt): new $alu
  creating $alu model for $gt$rtl/order_book_side.v:59$39 ($gt): new $alu
  creating $alu model for $gt$rtl/order_book_side.v:59$35 ($gt): new $alu
  creating $alu model for $gt$rtl/order_book_side.v:59$31 ($gt): new $alu
  creating $alu model for $gt$rtl/order_book_side.v:59$27 ($gt): new $alu
  creating $alu model for $gt$rtl/order_book_side.v:59$23 ($gt): new $alu
  creating $alu model for $gt$rtl/order_book_side.v:59$19 ($gt): new $alu
  creating $alu model for $gt$rtl/order_book_side.v:59$15 ($gt): new $alu
  creating $alu model for $eq$rtl/order_book_side.v:116$67 ($eq): merged with $lt$rtl/order_book_side.v:114$66.
  creating $alu model for $eq$rtl/order_book_side.v:116$65 ($eq): merged with $lt$rtl/order_book_side.v:114$64.
  creating $alu model for $eq$rtl/order_book_side.v:116$63 ($eq): merged with $lt$rtl/order_book_side.v:114$62.
  creating $alu model for $eq$rtl/order_book_side.v:116$61 ($eq): merged with $lt$rtl/order_book_side.v:114$60.
  creating $alu model for $eq$rtl/order_book_side.v:116$59 ($eq): merged with $lt$rtl/order_book_side.v:114$58.
  creating $alu model for $eq$rtl/order_book_side.v:116$57 ($eq): merged with $lt$rtl/order_book_side.v:114$56.
  creating $alu model for $eq$rtl/order_book_side.v:116$55 ($eq): merged with $lt$rtl/order_book_side.v:114$54.
  creating $alu cell for $gt$rtl/order_book_side.v:59$15: $auto$alumacc.cc:512:replace_alu$2137
  creating $alu cell for $gt$rtl/order_book_side.v:59$19: $auto$alumacc.cc:512:replace_alu$2148
  creating $alu cell for $gt$rtl/order_book_side.v:59$23: $auto$alumacc.cc:512:replace_alu$2159
  creating $alu cell for $gt$rtl/order_book_side.v:59$27: $auto$alumacc.cc:512:replace_alu$2170
  creating $alu cell for $gt$rtl/order_book_side.v:59$31: $auto$alumacc.cc:512:replace_alu$2181
  creating $alu cell for $gt$rtl/order_book_side.v:59$35: $auto$alumacc.cc:512:replace_alu$2192
  creating $alu cell for $gt$rtl/order_book_side.v:59$39: $auto$alumacc.cc:512:replace_alu$2203
  creating $alu cell for $gt$rtl/order_book_side.v:59$43: $auto$alumacc.cc:512:replace_alu$2214
  creating $alu cell for $lt$rtl/order_book_side.v:114$52: $auto$alumacc.cc:512:replace_alu$2225
  creating $alu cell for $lt$rtl/order_book_side.v:114$54, $eq$rtl/order_book_side.v:116$55: $auto$alumacc.cc:512:replace_alu$2230
  creating $alu cell for $lt$rtl/order_book_side.v:114$56, $eq$rtl/order_book_side.v:116$57: $auto$alumacc.cc:512:replace_alu$2237
  creating $alu cell for $lt$rtl/order_book_side.v:114$58, $eq$rtl/order_book_side.v:116$59: $auto$alumacc.cc:512:replace_alu$2244
  creating $alu cell for $lt$rtl/order_book_side.v:114$60, $eq$rtl/order_book_side.v:116$61: $auto$alumacc.cc:512:replace_alu$2251
  creating $alu cell for $lt$rtl/order_book_side.v:114$62, $eq$rtl/order_book_side.v:116$63: $auto$alumacc.cc:512:replace_alu$2258
  creating $alu cell for $lt$rtl/order_book_side.v:114$64, $eq$rtl/order_book_side.v:116$65: $auto$alumacc.cc:512:replace_alu$2265
  creating $alu cell for $lt$rtl/order_book_side.v:114$66, $eq$rtl/order_book_side.v:116$67: $auto$alumacc.cc:512:replace_alu$2272
  creating $alu cell for $sub$rtl/order_book_side.v:165$69, $ge$rtl/order_book_side.v:161$68: $auto$alumacc.cc:512:replace_alu$2279
  created 17 $alu and 0 $macc cells.

2.25. Executing OPT pass (performing simple optimizations).

2.25.1. Executing OPT_EXPR pass (perform const folding).
Optimizing module order_book_side.
<suppressed ~37 debug messages>

2.25.2. Executing OPT_MERGE pass (detect identical cells).
Finding identical cells in module `\order_book_side'.
Computing hashes of 468 cells of `\order_book_side'.
Finding duplicate cells in `\order_book_side'.
Removed a total of 0 cells.

2.25.3. Executing OPT_MUXTREE pass (detect dead branches in mux trees).
Running muxtree optimizer on module \order_book_side..
  Creating internal representation of mux trees.
  Evaluating internal representation of mux trees.
  Analyzing evaluation results.
Removed 0 multiplexer ports.
<suppressed ~350 debug messages>

2.25.4. Executing OPT_REDUCE pass (consolidate $*mux and $reduce_* inputs).
  Optimizing cells in module \order_book_side.
Performed a total of 0 changes.

2.25.5. Executing OPT_MERGE pass (detect identical cells).
Finding identical cells in module `\order_book_side'.
Computing hashes of 468 cells of `\order_book_side'.
Finding duplicate cells in `\order_book_side'.
Removed a total of 0 cells.

2.25.6. Executing OPT_DFF pass (perform DFF optimizations).

2.25.7. Executing OPT_CLEAN pass (remove unused cells and wires).
Finding unused cells or wires in module \order_book_side..
Removed 0 unused cells and 25 unused wires.
<suppressed ~1 debug messages>

2.25.8. Executing OPT_EXPR pass (perform const folding).
Optimizing module order_book_side.

2.25.9. Rerunning OPT passes. (Maybe there is more to do..)

2.25.10. Executing OPT_MUXTREE pass (detect dead branches in mux trees).
Running muxtree optimizer on module \order_book_side..
  Creating internal representation of mux trees.
  Evaluating internal representation of mux trees.
  Analyzing evaluation results.
Removed 0 multiplexer ports.
<suppressed ~350 debug messages>

2.25.11. Executing OPT_REDUCE pass (consolidate $*mux and $reduce_* inputs).
  Optimizing cells in module \order_book_side.
Performed a total of 0 changes.

2.25.12. Executing OPT_MERGE pass (detect identical cells).
Finding identical cells in module `\order_book_side'.
Computing hashes of 468 cells of `\order_book_side'.
Finding duplicate cells in `\order_book_side'.
Removed a total of 0 cells.

2.25.13. Executing OPT_DFF pass (perform DFF optimizations).

2.25.14. Executing OPT_CLEAN pass (remove unused cells and wires).
Finding unused cells or wires in module \order_book_side..

2.25.15. Executing OPT_EXPR pass (perform const folding).
Optimizing module order_book_side.

2.25.16. Finished fast OPT passes. (There is nothing left to do.)

2.26. Executing MEMORY pass.

2.26.1. Executing OPT_MEM pass (optimize memories).
Performed a total of 0 transformations.

2.26.2. Executing OPT_MEM_PRIORITY pass (removing unnecessary memory write priority relations).
Performed a total of 0 transformations.

2.26.3. Executing OPT_MEM_FEEDBACK pass (finding memory read-to-write feedback paths).

2.26.4. Executing MEMORY_BMUX2ROM pass (converting muxes to ROMs).

2.26.5. Executing MEMORY_DFF pass (merging $dff cells to $memrd).

2.26.6. Executing OPT_CLEAN pass (remove unused cells and wires).
Finding unused cells or wires in module \order_book_side..

2.26.7. Executing MEMORY_SHARE pass (consolidating $memrd/$memwr cells).

2.26.8. Executing OPT_MEM_WIDEN pass (optimize memories where all ports are wide).
Performed a total of 0 transformations.

2.26.9. Executing OPT_CLEAN pass (remove unused cells and wires).
Finding unused cells or wires in module \order_book_side..

2.26.10. Executing MEMORY_COLLECT pass (generating $mem cells).

2.27. Executing OPT_CLEAN pass (remove unused cells and wires).
Finding unused cells or wires in module \order_book_side..

2.28. Executing MEMORY_LIBMAP pass (mapping memories to cells).

2.29. Executing TECHMAP pass (map to technology primitives).

2.29.1. Executing Verilog-2005 frontend: /Users/paoloverwey/oss-cad-suite/libexec/../share/yosys/gowin/lutrams_map.v
Parsing Verilog input from `/Users/paoloverwey/oss-cad-suite/libexec/../share/yosys/gowin/lutrams_map.v' to AST representation.
Generating RTLIL representation for module `$__GOWIN_LUTRAM_'.
Successfully finished Verilog frontend.

2.29.2. Executing Verilog-2005 frontend: /Users/paoloverwey/oss-cad-suite/libexec/../share/yosys/gowin/brams_map.v
Parsing Verilog input from `/Users/paoloverwey/oss-cad-suite/libexec/../share/yosys/gowin/brams_map.v' to AST representation.
Generating RTLIL representation for module `$__GOWIN_SP_'.
Generating RTLIL representation for module `$__GOWIN_DP_'.
Generating RTLIL representation for module `$__GOWIN_SDP_'.
Successfully finished Verilog frontend.

2.29.3. Continuing TECHMAP pass.
No more expansions possible.
<suppressed ~6 debug messages>

2.30. Executing OPT pass (performing simple optimizations).

2.30.1. Executing OPT_EXPR pass (perform const folding).
Optimizing module order_book_side.
<suppressed ~199 debug messages>

2.30.2. Executing OPT_MERGE pass (detect identical cells).
Finding identical cells in module `\order_book_side'.
Computing hashes of 280 cells of `\order_book_side'.
Finding duplicate cells in `\order_book_side'.
Computing hashes of 276 cells of `\order_book_side'.
Finding duplicate cells in `\order_book_side'.
<suppressed ~12 debug messages>
Removed a total of 4 cells.

2.30.3. Executing OPT_DFF pass (perform DFF optimizations).
Adding SRST signal on $auto$ff.cc:337:slice$1585 ($sdffce) from module order_book_side (D = $procmux$1336_Y, Q = \removeEmptyError, rval = 1'0).
Adding SRST signal on $auto$ff.cc:337:slice$1586 ($dffe) from module order_book_side (D = $procmux$1370_Y, Q = \insertFullError, rval = 1'0).
Adding SRST signal on $auto$ff.cc:337:slice$2015 ($dffe) from module order_book_side (D = $procmux$1290_Y, Q = \valid [0], rval = 1'1).
Adding SRST signal on $auto$ff.cc:337:slice$2108 ($dffe) from module order_book_side (D = $procmux$1426_Y, Q = \valid [7], rval = 1'0).

2.30.4. Executing OPT_CLEAN pass (remove unused cells and wires).
Finding unused cells or wires in module \order_book_side..
Removed 8 unused cells and 207 unused wires.
<suppressed ~9 debug messages>

2.30.5. Rerunning OPT passes. (Removed registers in this run.)

2.30.6. Executing OPT_EXPR pass (perform const folding).
Optimizing module order_book_side.

2.30.7. Executing OPT_MERGE pass (detect identical cells).
Finding identical cells in module `\order_book_side'.
Computing hashes of 272 cells of `\order_book_side'.
Finding duplicate cells in `\order_book_side'.
Removed a total of 0 cells.

2.30.8. Executing OPT_DFF pass (perform DFF optimizations).
Adding SRST signal on $auto$ff.cc:337:slice$1565 ($sdffce) from module order_book_side (D = $auto$rtlil.cc:3259:ReduceOr$2287, Q = \overReduceError, rval = 1'0).

2.30.9. Executing OPT_CLEAN pass (remove unused cells and wires).
Finding unused cells or wires in module \order_book_side..
Removed 1 unused cells and 1 unused wires.
<suppressed ~2 debug messages>

2.30.10. Rerunning OPT passes. (Removed registers in this run.)

2.30.11. Executing OPT_EXPR pass (perform const folding).
Optimizing module order_book_side.

2.30.12. Executing OPT_MERGE pass (detect identical cells).
Finding identical cells in module `\order_book_side'.
Computing hashes of 272 cells of `\order_book_side'.
Finding duplicate cells in `\order_book_side'.
Removed a total of 0 cells.

2.30.13. Executing OPT_DFF pass (perform DFF optimizations).

2.30.14. Executing OPT_CLEAN pass (remove unused cells and wires).
Finding unused cells or wires in module \order_book_side..

2.30.15. Finished fast OPT passes.

2.31. Executing MEMORY_MAP pass (converting memories to logic and flip-flops).

2.32. Executing OPT pass (performing simple optimizations).

2.32.1. Executing OPT_EXPR pass (perform const folding).
Optimizing module order_book_side.

2.32.2. Executing OPT_MERGE pass (detect identical cells).
Finding identical cells in module `\order_book_side'.
Computing hashes of 272 cells of `\order_book_side'.
Finding duplicate cells in `\order_book_side'.
Removed a total of 0 cells.

2.32.3. Executing OPT_MUXTREE pass (detect dead branches in mux trees).
Running muxtree optimizer on module \order_book_side..
  Creating internal representation of mux trees.
  Evaluating internal representation of mux trees.
  Analyzing evaluation results.
Removed 0 multiplexer ports.
<suppressed ~132 debug messages>

2.32.4. Executing OPT_REDUCE pass (consolidate $*mux and $reduce_* inputs).
  Optimizing cells in module \order_book_side.
    New input vector for $reduce_or cell $auto$opt_dff.cc:277:combine_resets$2517: { \bookEmpty \removeValidEdge \insertValidEdge }
    Consolidated identical input bits for $mux cell $procmux$1537:
      Old ports: A=4'1000, B=4'0000, Y=$1\insertIndex[3:0]
      New ports: A=1'1, B=1'0, Y=$1\insertIndex[3:0] [3]
      New connections: $1\insertIndex[3:0] [2:0] = 3'000
  Optimizing cells in module \order_book_side.
    Consolidated identical input bits for $mux cell $procmux$1528:
      Old ports: A=$1\insertIndex[3:0], B=4'0001, Y=$4\insertIndex[3:0]
      New ports: A={ $1\insertIndex[3:0] [3] 1'0 }, B=2'01, Y={ $4\insertIndex[3:0] [3] $4\insertIndex[3:0] [0] }
      New connections: $4\insertIndex[3:0] [2:1] = 2'00
  Optimizing cells in module \order_book_side.
    Consolidated identical input bits for $mux cell $procmux$1533:
      Old ports: A=$1\insertIndex[3:0], B=$4\insertIndex[3:0], Y=$3\insertIndex[3:0]
      New ports: A={ $1\insertIndex[3:0] [3] 1'0 }, B={ $4\insertIndex[3:0] [3] $4\insertIndex[3:0] [0] }, Y={ $3\insertIndex[3:0] [3] $3\insertIndex[3:0] [0] }
      New connections: $3\insertIndex[3:0] [2:1] = 2'00
  Optimizing cells in module \order_book_side.
    Consolidated identical input bits for $mux cell $procmux$1519:
      Old ports: A=$3\insertIndex[3:0], B=4'0010, Y=$6\insertIndex[3:0]
      New ports: A={ $3\insertIndex[3:0] [3] 1'0 $3\insertIndex[3:0] [0] }, B=3'010, Y={ $6\insertIndex[3:0] [3] $6\insertIndex[3:0] [1:0] }
      New connections: $6\insertIndex[3:0] [2] = 1'0
  Optimizing cells in module \order_book_side.
    Consolidated identical input bits for $mux cell $procmux$1524:
      Old ports: A=$3\insertIndex[3:0], B=$6\insertIndex[3:0], Y=$5\insertIndex[3:0]
      New ports: A={ $3\insertIndex[3:0] [3] 1'0 $3\insertIndex[3:0] [0] }, B={ $6\insertIndex[3:0] [3] $6\insertIndex[3:0] [1:0] }, Y={ $5\insertIndex[3:0] [3] $5\insertIndex[3:0] [1:0] }
      New connections: $5\insertIndex[3:0] [2] = 1'0
  Optimizing cells in module \order_book_side.
    Consolidated identical input bits for $mux cell $procmux$1510:
      Old ports: A=$5\insertIndex[3:0], B=4'0011, Y=$8\insertIndex[3:0]
      New ports: A={ $5\insertIndex[3:0] [3] $5\insertIndex[3:0] [1:0] }, B=3'011, Y={ $8\insertIndex[3:0] [3] $8\insertIndex[3:0] [1:0] }
      New connections: $8\insertIndex[3:0] [2] = 1'0
  Optimizing cells in module \order_book_side.
    Consolidated identical input bits for $mux cell $procmux$1515:
      Old ports: A=$5\insertIndex[3:0], B=$8\insertIndex[3:0], Y=$7\insertIndex[3:0]
      New ports: A={ $5\insertIndex[3:0] [3] $5\insertIndex[3:0] [1:0] }, B={ $8\insertIndex[3:0] [3] $8\insertIndex[3:0] [1:0] }, Y={ $7\insertIndex[3:0] [3] $7\insertIndex[3:0] [1:0] }
      New connections: $7\insertIndex[3:0] [2] = 1'0
  Optimizing cells in module \order_book_side.
Performed a total of 8 changes.

2.32.5. Executing OPT_MERGE pass (detect identical cells).
Finding identical cells in module `\order_book_side'.
Computing hashes of 272 cells of `\order_book_side'.
Finding duplicate cells in `\order_book_side'.
Removed a total of 0 cells.

2.32.6. Executing OPT_DFF pass (perform DFF optimizations).

2.32.7. Executing OPT_CLEAN pass (remove unused cells and wires).
Finding unused cells or wires in module \order_book_side..

2.32.8. Executing OPT_EXPR pass (perform const folding).
Optimizing module order_book_side.
<suppressed ~2 debug messages>

2.32.9. Rerunning OPT passes. (Maybe there is more to do..)

2.32.10. Executing OPT_MUXTREE pass (detect dead branches in mux trees).
Running muxtree optimizer on module \order_book_side..
  Creating internal representation of mux trees.
  Evaluating internal representation of mux trees.
  Analyzing evaluation results.
Removed 0 multiplexer ports.
<suppressed ~134 debug messages>

2.32.11. Executing OPT_REDUCE pass (consolidate $*mux and $reduce_* inputs).
  Optimizing cells in module \order_book_side.
Performed a total of 0 changes.

2.32.12. Executing OPT_MERGE pass (detect identical cells).
Finding identical cells in module `\order_book_side'.
Computing hashes of 271 cells of `\order_book_side'.
Finding duplicate cells in `\order_book_side'.
Removed a total of 0 cells.

2.32.13. Executing OPT_DFF pass (perform DFF optimizations).

2.32.14. Executing OPT_CLEAN pass (remove unused cells and wires).
Finding unused cells or wires in module \order_book_side..
Removed 0 unused cells and 1 unused wires.
<suppressed ~1 debug messages>

2.32.15. Executing OPT_EXPR pass (perform const folding).
Optimizing module order_book_side.

2.32.16. Rerunning OPT passes. (Maybe there is more to do..)

2.32.17. Executing OPT_MUXTREE pass (detect dead branches in mux trees).
Running muxtree optimizer on module \order_book_side..
  Creating internal representation of mux trees.
  Evaluating internal representation of mux trees.
  Analyzing evaluation results.
Removed 0 multiplexer ports.
<suppressed ~134 debug messages>

2.32.18. Executing OPT_REDUCE pass (consolidate $*mux and $reduce_* inputs).
  Optimizing cells in module \order_book_side.
Performed a total of 0 changes.

2.32.19. Executing OPT_MERGE pass (detect identical cells).
Finding identical cells in module `\order_book_side'.
Computing hashes of 271 cells of `\order_book_side'.
Finding duplicate cells in `\order_book_side'.
Removed a total of 0 cells.

2.32.20. Executing OPT_DFF pass (perform DFF optimizations).

2.32.21. Executing OPT_CLEAN pass (remove unused cells and wires).
Finding unused cells or wires in module \order_book_side..

2.32.22. Executing OPT_EXPR pass (perform const folding).
Optimizing module order_book_side.

2.32.23. Finished fast OPT passes. (There is nothing left to do.)

2.33. Executing TECHMAP pass (map to technology primitives).

2.33.1. Executing Verilog-2005 frontend: /Users/paoloverwey/oss-cad-suite/libexec/../share/yosys/techmap.v
Parsing Verilog input from `/Users/paoloverwey/oss-cad-suite/libexec/../share/yosys/techmap.v' to AST representation.
Generating RTLIL representation for module `\_90_simplemap_bool_ops'.
Generating RTLIL representation for module `\_90_simplemap_reduce_ops'.
Generating RTLIL representation for module `\_90_simplemap_logic_ops'.
Generating RTLIL representation for module `\_90_simplemap_compare_ops'.
Generating RTLIL representation for module `\_90_simplemap_various'.
Generating RTLIL representation for module `\_90_simplemap_registers'.
Generating RTLIL representation for module `\_90_shift_ops_shr_shl_sshl_sshr'.
Generating RTLIL representation for module `\_90_shift_shiftx'.
Generating RTLIL representation for module `\_90_fa'.
Generating RTLIL representation for module `\_90_lcu_brent_kung'.
Generating RTLIL representation for module `\_90_alu'.
Generating RTLIL representation for module `\_90_macc'.
Generating RTLIL representation for module `\_90_alumacc'.
Generating RTLIL representation for module `$__div_mod_u'.
Generating RTLIL representation for module `$__div_mod_trunc'.
Generating RTLIL representation for module `\_90_div'.
Generating RTLIL representation for module `\_90_mod'.
Generating RTLIL representation for module `$__div_mod_floor'.
Generating RTLIL representation for module `\_90_divfloor'.
Generating RTLIL representation for module `\_90_modfloor'.
Generating RTLIL representation for module `\_90_pow'.
Generating RTLIL representation for module `\_90_demux'.
Generating RTLIL representation for module `\_90_lut'.
Generating RTLIL representation for module `$connect'.
Generating RTLIL representation for module `$input_port'.
Successfully finished Verilog frontend.

2.33.2. Executing Verilog-2005 frontend: /Users/paoloverwey/oss-cad-suite/libexec/../share/yosys/gowin/arith_map.v
Parsing Verilog input from `/Users/paoloverwey/oss-cad-suite/libexec/../share/yosys/gowin/arith_map.v' to AST representation.
Generating RTLIL representation for module `\_80_gw1n_alu'.
Successfully finished Verilog frontend.

2.33.3. Continuing TECHMAP pass.
Using extmapper simplemap for cells of type $reduce_or.
Using extmapper simplemap for cells of type $sdffce.
Using extmapper simplemap for cells of type $not.
Using extmapper simplemap for cells of type $reduce_and.
Using template $paramod$6df0329addda9228fcc2546de2aaf14ad26c98e1\_80_gw1n_alu for cells of type $alu.
Using template $paramod$adbaf76fa5a3091a329503792521395f8ff4d1a4\_90_alu for cells of type $alu.
Using template $paramod$1a3a0c35c4a4896fbfd612699525c057298e72d2\_80_gw1n_alu for cells of type $alu.
Using template $paramod$79fc7abbb3333dbd5736999d565fd903198fb1eb\_80_gw1n_alu for cells of type $alu.
Using template $paramod$d1615bf4e5e328245ffd1550e5fe105901cda77b\_90_alu for cells of type $alu.
Using template $paramod$f85408ed1aa3d09e465edae8a7bf590332ae9f7b\_80_gw1n_alu for cells of type $alu.
Using template $paramod$7af24cf7f572852703f08ef7a936c59efa2c57af\_80_gw1n_alu for cells of type $alu.
Using template $paramod$32a7b7b86c07519b7537abc18e96f0331f97914d\_80_gw1n_alu for cells of type $alu.
Using extmapper simplemap for cells of type $or.
Using extmapper simplemap for cells of type $ne.
Using extmapper simplemap for cells of type $dffe.
Using extmapper simplemap for cells of type $reduce_bool.
Using extmapper simplemap for cells of type $sdffe.
Using extmapper simplemap for cells of type $logic_not.
Using extmapper simplemap for cells of type $and.
Using extmapper simplemap for cells of type $logic_or.
Using extmapper simplemap for cells of type $eq.
Using extmapper simplemap for cells of type $logic_and.
Using extmapper simplemap for cells of type $mux.
Using extmapper simplemap for cells of type $dff.
Using extmapper simplemap for cells of type $pos.
Using extmapper simplemap for cells of type $xor.
Using template $paramod\_90_fa\WIDTH=32'00000000000000000000000000000010 for cells of type $fa.
Using template $paramod\_90_lcu_brent_kung\WIDTH=32'00000000000000000000000000000010 for cells of type $lcu.
Using template $paramod\_90_fa\WIDTH=32'00000000000000000000000000000001 for cells of type $fa.
Using template $paramod\_90_lcu_brent_kung\WIDTH=32'00000000000000000000000000000001 for cells of type $lcu.
No more expansions possible.
<suppressed ~1027 debug messages>

2.34. Executing OPT pass (performing simple optimizations).

2.34.1. Executing OPT_EXPR pass (perform const folding).
Optimizing module order_book_side.
<suppressed ~473 debug messages>

2.34.2. Executing OPT_MERGE pass (detect identical cells).
Finding identical cells in module `\order_book_side'.
Computing hashes of 2329 cells of `\order_book_side'.
Finding duplicate cells in `\order_book_side'.
Computing hashes of 2283 cells of `\order_book_side'.
Finding duplicate cells in `\order_book_side'.
Computing hashes of 2275 cells of `\order_book_side'.
Finding duplicate cells in `\order_book_side'.
<suppressed ~162 debug messages>
Removed a total of 54 cells.

2.34.3. Executing OPT_DFF pass (perform DFF optimizations).

2.34.4. Executing OPT_CLEAN pass (remove unused cells and wires).
Finding unused cells or wires in module \order_book_side..
Removed 14 unused cells and 750 unused wires.
<suppressed ~15 debug messages>

2.34.5. Finished fast OPT passes.

2.35. Executing IOPADMAP pass (mapping inputs/outputs to IO-PAD cells).
Mapping port order_book_side.overReduceError using OBUF.
Mapping port order_book_side.reduceEmptyError using OBUF.
Mapping port order_book_side.removeEmptyError using OBUF.
Mapping port order_book_side.insertFullError using OBUF.
Mapping port order_book_side.simultaneousOpError using OBUF.
Mapping port order_book_side.seqNum using OBUF.
Mapping port order_book_side.orderID using OBUF.
Mapping port order_book_side.quantity using OBUF.
Mapping port order_book_side.price using OBUF.
Mapping port order_book_side.valid using OBUF.
Mapping port order_book_side.reduceAmount using IBUF.
Mapping port order_book_side.reduceValid using IBUF.
Mapping port order_book_side.removeValid using IBUF.
Mapping port order_book_side.insertSeqNum using IBUF.
Mapping port order_book_side.insertOrderID using IBUF.
Mapping port order_book_side.insertQuantity using IBUF.
Mapping port order_book_side.insertPrice using IBUF.
Mapping port order_book_side.insertValid using IBUF.
Mapping port order_book_side.clk using IBUF.

2.36. Executing OPT_CLEAN pass (remove unused cells and wires).
Finding unused cells or wires in module \order_book_side..

2.37. Executing DFFLEGALIZE pass (convert FFs to types supported by the target).

2.38. Executing TECHMAP pass (map to technology primitives).

2.38.1. Executing Verilog-2005 frontend: /Users/paoloverwey/oss-cad-suite/libexec/../share/yosys/gowin/cells_map.v
Parsing Verilog input from `/Users/paoloverwey/oss-cad-suite/libexec/../share/yosys/gowin/cells_map.v' to AST representation.
Generating RTLIL representation for module `$_DFF_N_'.
Generating RTLIL representation for module `$_DFF_P_'.
Generating RTLIL representation for module `$_DFFE_PP_'.
Generating RTLIL representation for module `$_DFFE_NP_'.
Generating RTLIL representation for module `$_SDFF_PP0_'.
Generating RTLIL representation for module `$_SDFF_NP0_'.
Generating RTLIL representation for module `$_SDFFE_PP0P_'.
Generating RTLIL representation for module `$_SDFFE_NP0P_'.
Generating RTLIL representation for module `$_SDFF_PP1_'.
Generating RTLIL representation for module `$_SDFF_NP1_'.
Generating RTLIL representation for module `$_SDFFE_PP1P_'.
Generating RTLIL representation for module `$_SDFFE_NP1P_'.
Generating RTLIL representation for module `$_DFF_PP1_'.
Generating RTLIL representation for module `$_DFF_NP1_'.
Generating RTLIL representation for module `$_DFF_PP0_'.
Generating RTLIL representation for module `$_DFF_NP0_'.
Generating RTLIL representation for module `$_DFFE_PP1P_'.
Generating RTLIL representation for module `$_DFFE_NP1P_'.
Generating RTLIL representation for module `$_DFFE_PP0P_'.
Generating RTLIL representation for module `$_DFFE_NP0P_'.
Generating RTLIL representation for module `$lut'.
Successfully finished Verilog frontend.

2.38.2. Continuing TECHMAP pass.
Using template $_DFF_P_ for cells of type $_DFF_P_.
Using template $_SDFFE_PP0P_ for cells of type $_SDFFE_PP0P_.
Using template $_DFFE_PP_ for cells of type $_DFFE_PP_.
No more expansions possible.
<suppressed ~551 debug messages>

2.39. Executing TECHMAP pass (map to technology primitives).

2.39.1. Executing Verilog-2005 frontend: /Users/paoloverwey/oss-cad-suite/libexec/../share/yosys/gowin/cells_latch.v
Parsing Verilog input from `/Users/paoloverwey/oss-cad-suite/libexec/../share/yosys/gowin/cells_latch.v' to AST representation.
Generating RTLIL representation for module `$_DLATCH_P_'.
Generating RTLIL representation for module `$_DLATCH_N_'.
Generating RTLIL representation for module `$_DLATCH_PP0_'.
Generating RTLIL representation for module `$_DLATCH_NP0_'.
Generating RTLIL representation for module `$_DLATCH_PP1_'.
Generating RTLIL representation for module `$_DLATCH_NP1_'.
Successfully finished Verilog frontend.

2.39.2. Continuing TECHMAP pass.
No more expansions possible.
<suppressed ~8 debug messages>

2.40. Executing OPT_EXPR pass (perform const folding).
Optimizing module order_book_side.

2.41. Executing SIMPLEMAP pass (map simple cells to gate primitives).

2.42. Executing SORT pass.

2.43. Executing Verilog-2005 frontend: /Users/paoloverwey/oss-cad-suite/libexec/../share/yosys/abc9_model.v
Parsing Verilog input from `/Users/paoloverwey/oss-cad-suite/libexec/../share/yosys/abc9_model.v' to AST representation.
Generating RTLIL representation for module `$__ABC9_DELAY'.
Generating RTLIL representation for module `$__ABC9_SCC_BREAKER'.
Generating RTLIL representation for module `$__DFF_N__$abc9_flop'.
Generating RTLIL representation for module `$__DFF_P__$abc9_flop'.
Successfully finished Verilog frontend.

2.44. Executing ABC9 pass.

2.44.1. Executing ABC9_OPS pass (helper functions for ABC9).

2.44.2. Executing ABC9_OPS pass (helper functions for ABC9).

2.44.3. Executing PROC pass (convert processes to netlists).

2.44.3.1. Executing PROC_CLEAN pass (remove empty switches from decision trees).
Found and cleaned up 1 empty switch in `$paramod\ALU\ALU_MODE=s32'00000000000000000000000000000010.$proc$/Users/paoloverwey/oss-cad-suite/libexec/../share/yosys/gowin/cells_sim.v:1064$6234'.
Cleaned up 1 empty switch.

2.44.3.2. Executing PROC_RMDEAD pass (remove dead branches from decision trees).
Removed a total of 0 dead cases.

2.44.3.3. Executing PROC_PRUNE pass (remove redundant assignments in processes).
Removed 0 redundant assignments.
Promoted 4 assignments to connections.

2.44.3.4. Executing PROC_INIT pass (extract init attributes).

2.44.3.5. Executing PROC_ARST pass (detect async resets in processes).

2.44.3.6. Executing PROC_ROM pass (convert switches to ROMs).
Converted 0 switches.

2.44.3.7. Executing PROC_MUX pass (convert decision trees to multiplexers).
Creating decoders for process `$paramod\ALU\ALU_MODE=s32'00000000000000000000000000000010.$proc$/Users/paoloverwey/oss-cad-suite/libexec/../share/yosys/gowin/cells_sim.v:1064$6234'.

2.44.3.8. Executing PROC_DLATCH pass (convert process syncs to latches).
No latch inferred for signal `$paramod\ALU\ALU_MODE=s32'00000000000000000000000000000010.\C' from process `$paramod\ALU\ALU_MODE=s32'00000000000000000000000000000010.$proc$/Users/paoloverwey/oss-cad-suite/libexec/../share/yosys/gowin/cells_sim.v:1064$6234'.
No latch inferred for signal `$paramod\ALU\ALU_MODE=s32'00000000000000000000000000000010.\S' from process `$paramod\ALU\ALU_MODE=s32'00000000000000000000000000000010.$proc$/Users/paoloverwey/oss-cad-suite/libexec/../share/yosys/gowin/cells_sim.v:1064$6234'.

2.44.3.9. Executing PROC_DFF pass (convert process syncs to FFs).

2.44.3.10. Executing PROC_MEMWR pass (convert process memory writes to cells).

2.44.3.11. Executing PROC_CLEAN pass (remove empty switches from decision trees).
Removing empty process `$paramod\ALU\ALU_MODE=s32'00000000000000000000000000000010.$proc$/Users/paoloverwey/oss-cad-suite/libexec/../share/yosys/gowin/cells_sim.v:1064$6234'.
Cleaned up 0 empty switches.

2.44.4. Executing SCC pass (detecting logic loops).
Found 0 SCCs in module order_book_side.
Found 0 SCCs.

2.44.5. Executing ABC9_OPS pass (helper functions for ABC9).

2.44.6. Executing TECHMAP pass (map to technology primitives).

2.44.6.1. Executing Verilog-2005 frontend: /Users/paoloverwey/oss-cad-suite/libexec/../share/yosys/techmap.v
Parsing Verilog input from `/Users/paoloverwey/oss-cad-suite/libexec/../share/yosys/techmap.v' to AST representation.
Generating RTLIL representation for module `\_90_simplemap_bool_ops'.
Generating RTLIL representation for module `\_90_simplemap_reduce_ops'.
Generating RTLIL representation for module `\_90_simplemap_logic_ops'.
Generating RTLIL representation for module `\_90_simplemap_compare_ops'.
Generating RTLIL representation for module `\_90_simplemap_various'.
Generating RTLIL representation for module `\_90_simplemap_registers'.
Generating RTLIL representation for module `\_90_shift_ops_shr_shl_sshl_sshr'.
Generating RTLIL representation for module `\_90_shift_shiftx'.
Generating RTLIL representation for module `\_90_fa'.
Generating RTLIL representation for module `\_90_lcu_brent_kung'.
Generating RTLIL representation for module `\_90_alu'.
Generating RTLIL representation for module `\_90_macc'.
Generating RTLIL representation for module `\_90_alumacc'.
Generating RTLIL representation for module `$__div_mod_u'.
Generating RTLIL representation for module `$__div_mod_trunc'.
Generating RTLIL representation for module `\_90_div'.
Generating RTLIL representation for module `\_90_mod'.
Generating RTLIL representation for module `$__div_mod_floor'.
Generating RTLIL representation for module `\_90_divfloor'.
Generating RTLIL representation for module `\_90_modfloor'.
Generating RTLIL representation for module `\_90_pow'.
Generating RTLIL representation for module `\_90_demux'.
Generating RTLIL representation for module `\_90_lut'.
Generating RTLIL representation for module `$connect'.
Generating RTLIL representation for module `$input_port'.
Successfully finished Verilog frontend.

2.44.6.2. Continuing TECHMAP pass.
No more expansions possible.
<suppressed ~230 debug messages>

2.44.7. Executing OPT pass (performing simple optimizations).

2.44.7.1. Executing OPT_EXPR pass (perform const folding).

2.44.7.2. Executing OPT_MERGE pass (detect identical cells).
Removed a total of 0 cells.

2.44.7.3. Executing OPT_MUXTREE pass (detect dead branches in mux trees).
Removed 0 multiplexer ports.

2.44.7.4. Executing OPT_REDUCE pass (consolidate $*mux and $reduce_* inputs).
Performed a total of 0 changes.

2.44.7.5. Executing OPT_MERGE pass (detect identical cells).
Removed a total of 0 cells.

2.44.7.6. Executing OPT_DFF pass (perform DFF optimizations).

2.44.7.7. Executing OPT_CLEAN pass (remove unused cells and wires).

2.44.7.8. Executing OPT_EXPR pass (perform const folding).

2.44.7.9. Finished fast OPT passes. (There is nothing left to do.)

2.44.8. Executing TECHMAP pass (map to technology primitives).

2.44.8.1. Executing Verilog-2005 frontend: /Users/paoloverwey/oss-cad-suite/libexec/../share/yosys/abc9_map.v
Parsing Verilog input from `/Users/paoloverwey/oss-cad-suite/libexec/../share/yosys/abc9_map.v' to AST representation.
Successfully finished Verilog frontend.

2.44.8.2. Continuing TECHMAP pass.
No more expansions possible.
<suppressed ~2 debug messages>

2.44.9. Executing Verilog-2005 frontend: /Users/paoloverwey/oss-cad-suite/libexec/../share/yosys/abc9_model.v
Parsing Verilog input from `/Users/paoloverwey/oss-cad-suite/libexec/../share/yosys/abc9_model.v' to AST representation.
Replacing existing blackbox module `$__ABC9_DELAY' at /Users/paoloverwey/oss-cad-suite/libexec/../share/yosys/abc9_model.v:2.1-7.10.
Generating RTLIL representation for module `$__ABC9_DELAY'.
Replacing existing blackbox module `$__ABC9_SCC_BREAKER' at /Users/paoloverwey/oss-cad-suite/libexec/../share/yosys/abc9_model.v:9.1-11.10.
Generating RTLIL representation for module `$__ABC9_SCC_BREAKER'.
Replacing existing module `$__DFF_N__$abc9_flop' at /Users/paoloverwey/oss-cad-suite/libexec/../share/yosys/abc9_model.v:14.1-20.10.
Generating RTLIL representation for module `$__DFF_N__$abc9_flop'.
Replacing existing module `$__DFF_P__$abc9_flop' at /Users/paoloverwey/oss-cad-suite/libexec/../share/yosys/abc9_model.v:23.1-29.10.
Generating RTLIL representation for module `$__DFF_P__$abc9_flop'.
Successfully finished Verilog frontend.

2.44.10. Executing ABC9_OPS pass (helper functions for ABC9).
<suppressed ~1059 debug messages>

2.44.11. Executing ABC9_OPS pass (helper functions for ABC9).

2.44.12. Executing ABC9_OPS pass (helper functions for ABC9).
<suppressed ~2 debug messages>

2.44.13. Executing TECHMAP pass (map to technology primitives).

2.44.13.1. Executing Verilog-2005 frontend: /Users/paoloverwey/oss-cad-suite/libexec/../share/yosys/techmap.v
Parsing Verilog input from `/Users/paoloverwey/oss-cad-suite/libexec/../share/yosys/techmap.v' to AST representation.
Generating RTLIL representation for module `\_90_simplemap_bool_ops'.
Generating RTLIL representation for module `\_90_simplemap_reduce_ops'.
Generating RTLIL representation for module `\_90_simplemap_logic_ops'.
Generating RTLIL representation for module `\_90_simplemap_compare_ops'.
Generating RTLIL representation for module `\_90_simplemap_various'.
Generating RTLIL representation for module `\_90_simplemap_registers'.
Generating RTLIL representation for module `\_90_shift_ops_shr_shl_sshl_sshr'.
Generating RTLIL representation for module `\_90_shift_shiftx'.
Generating RTLIL representation for module `\_90_fa'.
Generating RTLIL representation for module `\_90_lcu_brent_kung'.
Generating RTLIL representation for module `\_90_alu'.
Generating RTLIL representation for module `\_90_macc'.
Generating RTLIL representation for module `\_90_alumacc'.
Generating RTLIL representation for module `$__div_mod_u'.
Generating RTLIL representation for module `$__div_mod_trunc'.
Generating RTLIL representation for module `\_90_div'.
Generating RTLIL representation for module `\_90_mod'.
Generating RTLIL representation for module `$__div_mod_floor'.
Generating RTLIL representation for module `\_90_divfloor'.
Generating RTLIL representation for module `\_90_modfloor'.
Generating RTLIL representation for module `\_90_pow'.
Generating RTLIL representation for module `\_90_demux'.
Generating RTLIL representation for module `\_90_lut'.
Generating RTLIL representation for module `$connect'.
Generating RTLIL representation for module `$input_port'.
Successfully finished Verilog frontend.

2.44.13.2. Continuing TECHMAP pass.
Using template $paramod\ALU\ALU_MODE=s32'00000000000000000000000000000010 for cells of type $paramod\ALU\ALU_MODE=s32'00000000000000000000000000000010.
Using extmapper simplemap for cells of type $mux.
Using extmapper simplemap for cells of type $xor.
Using extmapper simplemap for cells of type $not.
No more expansions possible.
<suppressed ~239 debug messages>

2.44.14. Executing OPT pass (performing simple optimizations).

2.44.14.1. Executing OPT_EXPR pass (perform const folding).
Optimizing module order_book_side.

2.44.14.2. Executing OPT_MERGE pass (detect identical cells).
Finding identical cells in module `\order_book_side'.
Computing hashes of 14 cells of `\order_book_side'.
Finding duplicate cells in `\order_book_side'.
Removed a total of 0 cells.

2.44.14.3. Executing OPT_MUXTREE pass (detect dead branches in mux trees).
Running muxtree optimizer on module \order_book_side..
  Creating internal representation of mux trees.
  No muxes found in this module.
Removed 0 multiplexer ports.

2.44.14.4. Executing OPT_REDUCE pass (consolidate $*mux and $reduce_* inputs).
  Optimizing cells in module \order_book_side.
Performed a total of 0 changes.

2.44.14.5. Executing OPT_MERGE pass (detect identical cells).
Finding identical cells in module `\order_book_side'.
Computing hashes of 14 cells of `\order_book_side'.
Finding duplicate cells in `\order_book_side'.
Removed a total of 0 cells.

2.44.14.6. Executing OPT_DFF pass (perform DFF optimizations).

2.44.14.7. Executing OPT_CLEAN pass (remove unused cells and wires).
Finding unused cells or wires in module \order_book_side..
Removed 0 unused cells and 16 unused wires.
<suppressed ~1 debug messages>

2.44.14.8. Executing OPT_EXPR pass (perform const folding).
Optimizing module order_book_side.

2.44.14.9. Rerunning OPT passes. (Maybe there is more to do..)

2.44.14.10. Executing OPT_MUXTREE pass (detect dead branches in mux trees).
Running muxtree optimizer on module \order_book_side..
  Creating internal representation of mux trees.
  No muxes found in this module.
Removed 0 multiplexer ports.

2.44.14.11. Executing OPT_REDUCE pass (consolidate $*mux and $reduce_* inputs).
  Optimizing cells in module \order_book_side.
Performed a total of 0 changes.

2.44.14.12. Executing OPT_MERGE pass (detect identical cells).
Finding identical cells in module `\order_book_side'.
Computing hashes of 14 cells of `\order_book_side'.
Finding duplicate cells in `\order_book_side'.
Removed a total of 0 cells.

2.44.14.13. Executing OPT_DFF pass (perform DFF optimizations).

2.44.14.14. Executing OPT_CLEAN pass (remove unused cells and wires).
Finding unused cells or wires in module \order_book_side..

2.44.14.15. Executing OPT_EXPR pass (perform const folding).
Optimizing module order_book_side.

2.44.14.16. Finished fast OPT passes. (There is nothing left to do.)

2.44.15. Executing AIGMAP pass (map logic to AIG).
Module order_book_side: replaced 5 cells with 35 new cells, skipped 9 cells.
  replaced 2 cell types:
       2 $_MUX_
       3 $_XOR_
  not replaced 2 cell types:
       1 $_NOT_
       8 $specify2

2.44.16. Executing AIGMAP pass (map logic to AIG).
Module order_book_side: replaced 1179 cells with 8066 new cells, skipped 2757 cells.
  replaced 4 cell types:
     973 $_MUX_
       1 $_ORNOT_
      61 $_OR_
     144 $_XOR_
  not replaced 10 cell types:
     206 $_AND_
     191 $_NOT_
       4 DFF
      84 IBUF
     519 DFFE
       5 DFFRE
     525 OBUF
     166 $paramod\ALU\ALU_MODE=s32'00000000000000000000000000000010
     528 $paramod$__ABC9_DELAY\DELAY=32'00000000000000000000001001000000
     529 $paramod$__ABC9_DELAY\DELAY=32'00000000000000000000000000111111

2.44.16.1. Executing ABC9_OPS pass (helper functions for ABC9).

2.44.16.2. Executing ABC9_OPS pass (helper functions for ABC9).

2.44.16.3. Executing XAIGER backend.
<suppressed ~539 debug messages>
Extracted 3619 AND gates and 11597 wires from module `order_book_side' to a netlist network with 1221 inputs and 2108 outputs.

2.44.16.4. Executing ABC9_EXE pass (technology mapping using ABC9).

2.44.16.5. Executing ABC9.
Running ABC command: "<yosys-exe-dir>/yosys-abc" -s -f <abc-temp-dir>/abc.script 2>&1
ABC: ======== ABC command line "source <abc-temp-dir>/abc.script"
ABC: + read_lut <abc-temp-dir>/input.lut 
ABC: + read_box <abc-temp-dir>/input.box 
ABC: + &read <abc-temp-dir>/input.xaig 
ABC: + &ps 
ABC: <abc-temp-dir>/input : i/o =   1221/   2108  and =    3565  lev =   39 (7.39)  mem = 0.14 MB  box = 1223  bb = 1057
ABC: + &scorr 
ABC: Warning: The network is combinational.
ABC: + &sweep 
ABC: + &dc2 
ABC: + &dch -f -r 
ABC: + &ps 
ABC: <abc-temp-dir>/input : i/o =   1221/   2108  and =    5176  lev =   18 (3.70)  mem = 0.16 MB  ch =  607  box = 1201  bb = 1057
ABC: cst =       0  cls =    598  lit =     607  unused =    6537  proof =     0
ABC: + &if -W 500 -v 
ABC: K = 8. Memory (bytes): Truth =    0. Cut =   80. Obj =  160. Set =  816. CutMin = no
ABC: Node =    5176.  Ch =   598.  Total mem =    1.93 MB. Peak cut mem =    0.04 MB.
ABC: P:  Del = 10310.00.  Ar =    2069.0.  Edge =     3302.  Cut =    43119.  T =     0.01 sec
ABC: P:  Del = 10310.00.  Ar =    2413.0.  Edge =     3417.  Cut =    46334.  T =     0.01 sec
ABC: P:  Del = 10310.00.  Ar =    2198.0.  Edge =     3509.  Cut =    90530.  T =     0.01 sec
ABC: F:  Del = 10310.00.  Ar =    1540.0.  Edge =     3116.  Cut =    64056.  T =     0.01 sec
ABC: A:  Del = 10288.00.  Ar =    1489.0.  Edge =     3065.  Cut =    56774.  T =     0.01 sec
ABC: A:  Del = 10288.00.  Ar =    1489.0.  Edge =     3064.  Cut =    56815.  T =     0.01 sec
ABC: Total time =     0.05 sec
ABC: + &write -n <abc-temp-dir>/output.aig 
ABC: + &mfs 
ABC: + &ps -l 
ABC: <abc-temp-dir>/input : i/o =   1221/   2108  and =    3636  lev =   18 (3.96)  mem = 0.14 MB  box = 1201  bb = 1057
ABC: Mapping (K=8)  :  lut =    643  edge =    2996  lev =    7 (1.65)  levB =   21  mem = 0.05 MB
ABC: LUT = 643 : 2=29 4.5 %  3=68 10.6 %  4=106 16.5 %  5=355 55.2 %  6=71 11.0 %  7=3 0.5 %  8=11 1.7 %  Ave = 4.66
ABC: + &write -n <abc-temp-dir>/output.aig 
ABC: + &verify 
ABC: Networks are equivalent.  Time =     0.07 sec
ABC: + time 
ABC: elapse: 0.58 seconds, total: 0.58 seconds

2.44.16.6. Executing AIGER frontend.
<suppressed ~6691 debug messages>
Removed 6336 unused cells and 13244 unused wires.

2.44.16.7. Executing ABC_OPS_REINTEGRATE pass (reintegrate ABC mapped design into module).
ABC RESULTS:              $lut cells:      643
ABC RESULTS:   $paramod\ALU\ALU_MODE=s32'00000000000000000000000000000010 cells:      144
ABC RESULTS:           input signals:       20
ABC RESULTS:          output signals:     1078
Removing temp directory.

2.44.17. Executing TECHMAP pass (map to technology primitives).

2.44.17.1. Executing Verilog-2005 frontend: /Users/paoloverwey/oss-cad-suite/libexec/../share/yosys/abc9_unmap.v
Parsing Verilog input from `/Users/paoloverwey/oss-cad-suite/libexec/../share/yosys/abc9_unmap.v' to AST representation.
Generating RTLIL representation for module `$__DFF_x__$abc9_flop'.
Generating RTLIL representation for module `$__ABC9_SCC_BREAKER'.
Successfully finished Verilog frontend.

2.44.17.2. Continuing TECHMAP pass.
Using template $paramod\ALU\ALU_MODE=s32'00000000000000000000000000000010 for cells of type $paramod\ALU\ALU_MODE=s32'00000000000000000000000000000010.
No more expansions possible.
<suppressed ~150 debug messages>
Removed 4 unused cells and 14671 unused wires.

2.45. Executing TECHMAP pass (map to technology primitives).

2.45.1. Executing Verilog-2005 frontend: /Users/paoloverwey/oss-cad-suite/libexec/../share/yosys/gowin/cells_map.v
Parsing Verilog input from `/Users/paoloverwey/oss-cad-suite/libexec/../share/yosys/gowin/cells_map.v' to AST representation.
Generating RTLIL representation for module `$_DFF_N_'.
Generating RTLIL representation for module `$_DFF_P_'.
Generating RTLIL representation for module `$_DFFE_PP_'.
Generating RTLIL representation for module `$_DFFE_NP_'.
Generating RTLIL representation for module `$_SDFF_PP0_'.
Generating RTLIL representation for module `$_SDFF_NP0_'.
Generating RTLIL representation for module `$_SDFFE_PP0P_'.
Generating RTLIL representation for module `$_SDFFE_NP0P_'.
Generating RTLIL representation for module `$_SDFF_PP1_'.
Generating RTLIL representation for module `$_SDFF_NP1_'.
Generating RTLIL representation for module `$_SDFFE_PP1P_'.
Generating RTLIL representation for module `$_SDFFE_NP1P_'.
Generating RTLIL representation for module `$_DFF_PP1_'.
Generating RTLIL representation for module `$_DFF_NP1_'.
Generating RTLIL representation for module `$_DFF_PP0_'.
Generating RTLIL representation for module `$_DFF_NP0_'.
Generating RTLIL representation for module `$_DFFE_PP1P_'.
Generating RTLIL representation for module `$_DFFE_NP1P_'.
Generating RTLIL representation for module `$_DFFE_PP0P_'.
Generating RTLIL representation for module `$_DFFE_NP0P_'.
Generating RTLIL representation for module `$lut'.
Successfully finished Verilog frontend.

2.45.2. Continuing TECHMAP pass.
Using template $paramod$lut\WIDTH=32'00000000000000000000000000000010\LUT=4'0100 for cells of type $lut.
Using template $paramod$8d7a8d6e3356de09670738ba85f2c6b874f6b06d$lut for cells of type $lut.
Using template $paramod$19e5b38cca183d8b6b3a15d20dc995c09cd71893$lut for cells of type $lut.
Using template $paramod$df196ed0a1da5c4a58c5e08a1dac304fd3fccaab$lut for cells of type $lut.
Using template $paramod$19451f719aa4a75f15cb977ed4212a1c1a1550e9$lut for cells of type $lut.
Using template $paramod$571404c0889eaf57f492cb5e37f8acb5df5852f9$lut for cells of type $lut.
Using template $paramod$5307f40f1b453046eb68ee1a10c3f82d605af6fc$lut for cells of type $lut.
Using template $paramod$lut\WIDTH=32'00000000000000000000000000000010\LUT=4'0010 for cells of type $lut.
Using template $paramod$lut\WIDTH=32'00000000000000000000000000000010\LUT=4'1110 for cells of type $lut.
Using template $paramod$1769b870d47911d7a8ec3b7224a7974dbc5fe069$lut for cells of type $lut.
Using template $paramod$3b99cc5838cca2d48a325293ea8b86b65ab41116$lut for cells of type $lut.
Using template $paramod$fca001e3e0b52158a872e76e56c01ec10dfbb1de$lut for cells of type $lut.
Using template $paramod$68df9e7356872aae1b716020387bd50e2881ea4a$lut for cells of type $lut.
Using template $paramod$41e696b4fa3a8552566f32d00a5d0915060c1a52$lut for cells of type $lut.
Using template $paramod$lut\WIDTH=32'00000000000000000000000000000011\LUT=8'10100010 for cells of type $lut.
Using template $paramod$658b9ed803f0d3d335616d3858b53e0a2522f1e8$lut for cells of type $lut.
Using template $paramod$eba7de026ff587370e320127e266317dae097a89$lut for cells of type $lut.
Using template $paramod$251994398653c4cf8de320f1e306e535d5d2d624$lut for cells of type $lut.
Using template $paramod$f9e6b8c8bbaa4b164a91075c553341d15958d0ba$lut for cells of type $lut.
Using template $paramod$lut\WIDTH=32'00000000000000000000000000000010\LUT=4'0001 for cells of type $lut.
Using template $paramod$179512a187da069f3b79ef6612a41e494e7d54b6$lut for cells of type $lut.
Using template $paramod$53e3462453d571d93686de391da8175710cf9197$lut for cells of type $lut.
Using template $paramod$lut\WIDTH=32'00000000000000000000000000000010\LUT=4'0110 for cells of type $lut.
Using template $paramod$5bbc8d49c3fc31cf6661312d1516e2aaafe308a4$lut for cells of type $lut.
Using template $paramod$8adf7fbd410d2cc654c288d5be5f7508ee8809b0$lut for cells of type $lut.
Using template $paramod$lut\WIDTH=32'00000000000000000000000000000011\LUT=8'10001100 for cells of type $lut.
Using template $paramod$17ba8e6313205d415307be8c2ed0e55938895aa4$lut for cells of type $lut.
Using template $paramod$792c98bca51494f3fb8b24b223b723cdaa97fc7a$lut for cells of type $lut.
Using template $paramod$732e1780b927811a5c042d297e1a8e86e2cb3916$lut for cells of type $lut.
Using template $paramod$lut\WIDTH=32'00000000000000000000000000000011\LUT=8'10000000 for cells of type $lut.
Using template $paramod$0f324e8df204683cfa313e19023e2c08712c8222$lut for cells of type $lut.
Using template $paramod$549a24c0b77071744eefd28bf11342e15d6bc181$lut for cells of type $lut.
Using template $paramod$a6597eda4608f36e684c1dd07ed552fcbec112b2$lut for cells of type $lut.
Using template $paramod$b26fbfdb68e98cf016d61a8611b449e9f4a30f3c$lut for cells of type $lut.
Using template $paramod$lut\WIDTH=32'00000000000000000000000000000011\LUT=8'00001101 for cells of type $lut.
Using template $paramod$0fcb06ed76df01e8d45bc2b9e6c8a9b43fa42cb4$lut for cells of type $lut.
Using template $paramod$c217e185eb8e6463ca272982ba8c5940fa90d81f$lut for cells of type $lut.
Using template $paramod$lut\WIDTH=32'00000000000000000000000000000011\LUT=8'11110100 for cells of type $lut.
Using template $paramod$b51761e3cef3f38d98623a6f1b17d8997da9b26f$lut for cells of type $lut.
Using template $paramod$6b0849254d6c87461fb93e37cc18f089f61eb912$lut for cells of type $lut.
Using template $paramod$e51a8a571bee774247b38f52d6e85fd62ae52cea$lut for cells of type $lut.
Using template $paramod$b25b5b0ed4320f584aed36079c7382faf9cae961$lut for cells of type $lut.
Using template $paramod$95206d87df993f27f91a01bca3a953e6b7df30d5$lut for cells of type $lut.
Using template $paramod$ba7c22fadfbf9ee7abcb895a21403114111dd201$lut for cells of type $lut.
Using template $paramod$977bf81c91b9e0cdfe901822d1642d278c1b0ecd$lut for cells of type $lut.
Using template $paramod$e7ee0af7050eb736c3d92de79aa7ae8b46c6fb49$lut for cells of type $lut.
Using template $paramod$a4333b20f6afda885238b8fc9adb4f03ec424aa0$lut for cells of type $lut.
Using template $paramod$9f0e06959ef33cc8cdbd6487df2917d5248e42e1$lut for cells of type $lut.
Using template $paramod$fccccf8bb2add7667329c686feec7546eb9a3ae3$lut for cells of type $lut.
Using template $paramod$849eede967b3c8935808391f1a9ce50503aa897a$lut for cells of type $lut.
Using template $paramod$266b5b17515ac732092eae629472f1bec3ad2487$lut for cells of type $lut.
Using template $paramod$45de07b799106f49b0291cf0a5eacfe4a97d956d$lut for cells of type $lut.
Using template $paramod$lut\WIDTH=32'00000000000000000000000000000011\LUT=8'11000100 for cells of type $lut.
Using template $paramod$lut\WIDTH=32'00000000000000000000000000000011\LUT=8'01001100 for cells of type $lut.
Using template $paramod$lut\WIDTH=32'00000000000000000000000000000011\LUT=8'11001010 for cells of type $lut.
Using template $paramod$lut\WIDTH=32'00000000000000000000000000000010\LUT=4'1000 for cells of type $lut.
Using template $paramod$7c7a71fa5837027b1cccb613fecd982e836a2a37$lut for cells of type $lut.
Using template $paramod$c60b68e27a888806e628736c83263460e905d09e$lut for cells of type $lut.
Using template $paramod$27416ffe2a452217fc5a02d5f3d82cf4d5afa9ff$lut for cells of type $lut.
Using template $paramod$lut\WIDTH=32'00000000000000000000000000000011\LUT=8'01000000 for cells of type $lut.
Using template $paramod$6d6beead1425af15cf78b27fd9b11b41b5d4bce8$lut for cells of type $lut.
Using template $paramod$lut\WIDTH=32'00000000000000000000000000000011\LUT=8'10101100 for cells of type $lut.
Using template $paramod$7e8d331d1e06632d29fbdf6c3afc2de1856d3c67$lut for cells of type $lut.
Using template $paramod$58be4e12578fd01a63b5512aa5e6a001c3ac42a2$lut for cells of type $lut.
Using template $paramod$lut\WIDTH=32'00000000000000000000000000000011\LUT=8'00100011 for cells of type $lut.
Using template $paramod$9f00ada3beef921d7cc403e4cdcc2195b948ee2d$lut for cells of type $lut.
Using template $paramod$88bbf73d3bae4dce6ae37a3f9903995c7026b6eb$lut for cells of type $lut.
Using template $paramod$40a9728e5e85b9f1f77caeb0fad2cabaa4d7f8b7$lut for cells of type $lut.
Using template $paramod$26606d0d37cbde802389b92940749246b6ac34ee$lut for cells of type $lut.
Using template $paramod$9c2d573ea20dcbe25ec06fd949fb0fd2ce0ec360$lut for cells of type $lut.
Using template $paramod$70a3ad6b4099ad5240edb8a67cf681e1e9f318ae$lut for cells of type $lut.
Using template $paramod$692927e279b3d5c42ee4aacb287247c0b34943ed$lut for cells of type $lut.
Using template $paramod$47d436fb24d86cb80621fabee753ba487bdda016$lut for cells of type $lut.
Using template $paramod$734cb5d7d83659ae4da13abb9e04fafa8dc19119$lut for cells of type $lut.
Using template $paramod$8e1c87d5070945b7e7c06ac326ebc41d24984bf3$lut for cells of type $lut.
Using template $paramod$f47510cdcb3898dcedc27d13dd655813250845a7$lut for cells of type $lut.
Using template $paramod$5b9463aaa093cdd3ba3410f47b0f068ad7c8fdef$lut for cells of type $lut.
Using template $paramod$3d663e8d7c61fb8d0d56635b72510bad37f52644$lut for cells of type $lut.
Using template $paramod$4e372a6769c7ebc008474f1cfaa315fd2d78b46f$lut for cells of type $lut.
Using template $paramod$06c2af201a8c5ce286d62798552264e3a1c41890$lut for cells of type $lut.
Using template $paramod$014cba910b0993b0fc897676d22f3c00cfc046fc$lut for cells of type $lut.
Using template $paramod$9664483609d9e726df9697364de1aad825ad3979$lut for cells of type $lut.
Using template $paramod$bf0d0292861bdee659ef5cbc5e58b330ac5871f9$lut for cells of type $lut.
Using template $paramod$4263554d6b26dc035810936a94f8f2d6e414aea3$lut for cells of type $lut.
Using template $paramod$26e407d18a165b8dceecf4c3ced4a08247fd040d$lut for cells of type $lut.
Using template $paramod$d808f8590f4eec171258913f8f626aedaf058ed2$lut for cells of type $lut.
Using template $paramod$552e3322e4b067f4d534291d7d7f0fa4db22b890$lut for cells of type $lut.
Using template $paramod$e35dee0c649fcc78dfb196d059b2e5d304084fae$lut for cells of type $lut.
Using template $paramod$449331e86a9bec24777c85c2bd7db060366f3821$lut for cells of type $lut.
Using template $paramod$a0cc8948118cd32e85266e4d5c5218f32bdde281$lut for cells of type $lut.
Using template $paramod$e9b4f410e094e3a41de9af3bb499f619f29a8138$lut for cells of type $lut.
Using template $paramod$93fad86b93630519b724b38379e05ca19e0bd207$lut for cells of type $lut.
Using template $paramod$6d21dd8b50d05c2d6bd4dc3b573e4251c51198a4$lut for cells of type $lut.
Using template $paramod$a2b4ddfa3906001b2ef9f2414d79c3048f2a3a6e$lut for cells of type $lut.
Using template $paramod$9ae0166ac94262e695abce742384790b6bf4efe8$lut for cells of type $lut.
Using template $paramod$ac5104b0f31e073ac445859404a5ecbcf6edcff5$lut for cells of type $lut.
Using template $paramod$d64a71791903437464a4044e1ee10ad57ab2ce5a$lut for cells of type $lut.
Using template $paramod$efa2e749415c52773f500499f200a70c60e4d6e9$lut for cells of type $lut.
Using template $paramod$8b42c3cfc59ed14a12e922f8e2a8ff911b1be8a0$lut for cells of type $lut.
Using template $paramod$195079014a44e37830f4034cab7369381ed794b4$lut for cells of type $lut.
Using template $paramod$17d996f5ecbed134a464134830b0adb6d0597ee5$lut for cells of type $lut.
Using template $paramod$de628dcfa59ddd8ec679d819924f70f3637e4b16$lut for cells of type $lut.
Using template $paramod$e16fa11a28a9bc8504053b028f2e7d7061e0d8fa$lut for cells of type $lut.
Using template $paramod$37591515a6b26596b8f79693031c4dfba5bd0bdb$lut for cells of type $lut.
Using template $paramod$8d1bc698c8905a964b2f4f9fae07304e310d58f5$lut for cells of type $lut.
Using template $paramod$b4b564c8e0d55f1a39a6f0984a7c1f4f51d81747$lut for cells of type $lut.
Using template $paramod$158cea312d1de871ffbc1a703751bf541f19e288$lut for cells of type $lut.
Using template $paramod$ede761341368efd53bcaebaec83bbf67ed9dec7f$lut for cells of type $lut.
Using template $paramod$61bc98ece8c76bffd4acdf40e5f231340cba90fc$lut for cells of type $lut.
Using template $paramod$48d158528d99d02a87f075a68b13266ed2d44e9c$lut for cells of type $lut.
Using template $paramod$1ee127778e9fd3c7fba309ba79fc7b2d455471cb$lut for cells of type $lut.
Using template $paramod$a204bb52fd1e647efacbaa37dd7827cb5463dde3$lut for cells of type $lut.
Using template $paramod$37f68fc4c666257f9d4e00ddb369968f66b955d8$lut for cells of type $lut.
Using template $paramod$b6bc63c12adc8c4c9beaa9c30875b4ba4b686fde$lut for cells of type $lut.
Using template $paramod$39d8e65049608874542dbb24a6ec146dd8f87959$lut for cells of type $lut.
Using template $paramod$7e888844c7a07aa4edb28897bcb1b37c18441e43$lut for cells of type $lut.
Using template $paramod$cfb1b2c5f97d72cd5bee17064109bd2352816797$lut for cells of type $lut.
Using template $paramod$faf80b8bde10fd70d160454b6bd41fa065770421$lut for cells of type $lut.
Using template $paramod$b48a6b6c58ba5e32d53be84ca16dd56ec71d0783$lut for cells of type $lut.
Using template $paramod$6df44e94ad48469d5c88d31feee6cde74d4f2fa1$lut for cells of type $lut.
Using template $paramod$9d7b7b647bdfb84c8d2e249b3daf583559e1695e$lut for cells of type $lut.
Using template $paramod$48ada7fc8fc6fd84716c215c60b3ed809152afc7$lut for cells of type $lut.
Using template $paramod$8f06d07a127ff875b1d9e8832a30e7d85de2e681$lut for cells of type $lut.
Using template $paramod$e88fd4964a1fec2c840276119a37af8117100980$lut for cells of type $lut.
Using template $paramod$0b72ed9354606aa696f8aeb31940da5721b1eab7$lut for cells of type $lut.
Using template $paramod$2a80b7bf1a0f3153f8d4e9fe04e27cb72b78055a$lut for cells of type $lut.
Using template $paramod$e03965de3d69365d4e22107e555a991111b50b57$lut for cells of type $lut.
Using template $paramod$e44b47941473f731c5b853bd1c29ab39039dd6a3$lut for cells of type $lut.
Using template $paramod$e764b86a795e4b2dc8a59f635db796fcd23949ac$lut for cells of type $lut.
Using template $paramod$55f7f08666253b6bdec6bf4d194618bf23eae7a1$lut for cells of type $lut.
Using template $paramod$6c666888e6ac0032cfbfbdcc85a75fcfd59f94c3$lut for cells of type $lut.
Using template $paramod$6b352a0fee2c8ab18c74dd6092532660a2a4b20b$lut for cells of type $lut.
Using template $paramod$864c330b4c92f6081476b010b42a0258293932fe$lut for cells of type $lut.
Using template $paramod$41a4eb68931615abf85d03c503f276a24853e8f6$lut for cells of type $lut.
Using template $paramod$746d926ad03d06c0af6a9f8e79d6b7f66fbb5c3a$lut for cells of type $lut.
Using template $paramod$df35b34bbfa64492dc564940b3d663d8fdcf54e3$lut for cells of type $lut.
Using template $paramod$f00f41bd2b4d669f1a7424354e43450c02e26af0$lut for cells of type $lut.
Using template $paramod$4d45f9bfe3ff98fa81fa30edecdee887387cddfa$lut for cells of type $lut.
Using template $paramod$37a355ca191a9f39df7aedf28b26b653dacf7c4a$lut for cells of type $lut.
Using template $paramod$58d806574f32fa08aa8bdb1774a536a883d3bd28$lut for cells of type $lut.
Using template $paramod$aad72af640fd3808b96db51bb8b23c293ec78e62$lut for cells of type $lut.
Using template $paramod$2bba1ee4cc55f3679db28d57243906cc1fe702e9$lut for cells of type $lut.
Using template $paramod$8a502c25d19c332f0051d0bcbf4247cc5866668b$lut for cells of type $lut.
Using template $paramod$243a3132cd148eeee35f61e8004d99fe09b69cca$lut for cells of type $lut.
Using template $paramod$26593507c6263c6b4e55b0a4a1c1787f15e2a014$lut for cells of type $lut.
Using template $paramod$f6689aeabaf7fceedf619900add880934f3bad6d$lut for cells of type $lut.
Using template $paramod$07c521fd5a4c29fb68d06e6af62915757f466c7f$lut for cells of type $lut.
Using template $paramod$08f39d3e30f5fabfb571cc33d76b757fb7e75b89$lut for cells of type $lut.
Using template $paramod$84ab56f4afb2ccb2fa99d6ee8f74b2ab7c2a8a78$lut for cells of type $lut.
Using template $paramod$2274a105a4a0f2ee10298ac11fa23fbea35642e1$lut for cells of type $lut.
Using template $paramod$c17f783b2672ece4ec8753c85600d76537d11ec4$lut for cells of type $lut.
Using template $paramod$db3cc515e6967efc802249619c7772e9ca1c5c71$lut for cells of type $lut.
Using template $paramod$a613b9fef3cc9774cac6b23709fb15a5abfb223a$lut for cells of type $lut.
Using template $paramod$eacec56d9f8a17dd8bd05ab410777702ff3be351$lut for cells of type $lut.
Using template $paramod$f12f5c320f33b032a5d8e9643b181e1c187aab62$lut for cells of type $lut.
Using template $paramod$41ad54b63163af18e7ffa46027eccc23b5642535$lut for cells of type $lut.
Using template $paramod$8e7f4d4ed756f4811a3508507d4f415d009fa256$lut for cells of type $lut.
Using template $paramod$b8e43e3f5a5b3a3d02880fc0e8ef6c7a00e7bca5$lut for cells of type $lut.
Using template $paramod$aff766d51bfd6300c845683283a4e6e3ffed8b12$lut for cells of type $lut.
Using template $paramod$85e330a28061e8997c60b9b2655c94f2cf045d92$lut for cells of type $lut.
Using template $paramod$446e3b423ede98085d7ecc98885ffc3fa1af6c48$lut for cells of type $lut.
Using template $paramod$a2338460ffee92511073d5e7a257ff7f07910861$lut for cells of type $lut.
Using template $paramod$a8bd02a7e5ce01918f902c876189fe753369e4f7$lut for cells of type $lut.
Using template $paramod$550e018cb755d79f7ac98aa2903b15129a907e37$lut for cells of type $lut.
Using template $paramod$4d1a00bf0dedcfcb4e11c82804e7c12721583e78$lut for cells of type $lut.
Using template $paramod$8b2122b6432b98b11bd6aa038af92699addad7f2$lut for cells of type $lut.
Using template $paramod$98de9ef08fc35f91c1446acf8ddeeebbb4fe99dd$lut for cells of type $lut.
Using template $paramod$5d3e61cdc956c1c36047b375e4ff343906c517f3$lut for cells of type $lut.
Using template $paramod$6431c688476747c9362502cacfebfbd13cbdb9aa$lut for cells of type $lut.
Using template $paramod$e4e96a5dece796d779288739da28d0f9a19e7c8a$lut for cells of type $lut.
Using template $paramod$ad4713b363bceddf24d3cbfecb8eff691677860d$lut for cells of type $lut.
No more expansions possible.
<suppressed ~4397 debug messages>

2.46. Executing OPT_LUT_INS pass (discard unused LUT inputs).
Optimizing LUTs in order_book_side.
  Optimizing lut $abc$24710$lut$aiger24709$3066.genblk1.genblk1.genblk1.genblk1.genblk1.genblk1.genblk1.genblk1.lut0.genblk1.genblk1.genblk1.genblk1.genblk1.genblk1.genblk1.lut1.genblk1.genblk1.genblk1.genblk1.genblk1.genblk1.lut0.genblk1.genblk1.genblk1.genblk1.genblk1.lut1 (4 -> 0)
  Optimizing lut $abc$24710$lut$aiger24709$2820.genblk1.genblk1.genblk1.genblk1.genblk1.genblk1.genblk1.genblk1.lut1.genblk1.genblk1.genblk1.genblk1.genblk1.genblk1.genblk1.lut0.genblk1.genblk1.genblk1.genblk1.genblk1.genblk1.lut1.genblk1.genblk1.genblk1.genblk1.genblk1.lut0 (4 -> 0)
  Optimizing lut $abc$24710$lut$aiger24709$2820.genblk1.genblk1.genblk1.genblk1.genblk1.genblk1.genblk1.genblk1.lut1.genblk1.genblk1.genblk1.genblk1.genblk1.genblk1.genblk1.lut0.genblk1.genblk1.genblk1.genblk1.genblk1.genblk1.lut0.genblk1.genblk1.genblk1.genblk1.genblk1.lut0 (4 -> 0)
  Optimizing lut $abc$24710$lut$aiger24709$2820.genblk1.genblk1.genblk1.genblk1.genblk1.genblk1.genblk1.genblk1.lut1.genblk1.genblk1.genblk1.genblk1.genblk1.genblk1.genblk1.lut1.genblk1.genblk1.genblk1.genblk1.genblk1.genblk1.lut1.genblk1.genblk1.genblk1.genblk1.genblk1.lut0 (4 -> 0)
  Optimizing lut $abc$24710$lut$aiger24709$2820.genblk1.genblk1.genblk1.genblk1.genblk1.genblk1.genblk1.genblk1.lut1.genblk1.genblk1.genblk1.genblk1.genblk1.genblk1.genblk1.lut1.genblk1.genblk1.genblk1.genblk1.genblk1.genblk1.lut0.genblk1.genblk1.genblk1.genblk1.genblk1.lut0 (4 -> 0)
  Optimizing lut $abc$24710$lut$aiger24709$2820.genblk1.genblk1.genblk1.genblk1.genblk1.genblk1.genblk1.genblk1.lut0.genblk1.genblk1.genblk1.genblk1.genblk1.genblk1.genblk1.lut0.genblk1.genblk1.genblk1.genblk1.genblk1.genblk1.lut1.genblk1.genblk1.genblk1.genblk1.genblk1.lut0 (4 -> 0)
  Optimizing lut $abc$24710$lut$aiger24709$2820.genblk1.genblk1.genblk1.genblk1.genblk1.genblk1.genblk1.genblk1.lut0.genblk1.genblk1.genblk1.genblk1.genblk1.genblk1.genblk1.lut0.genblk1.genblk1.genblk1.genblk1.genblk1.genblk1.lut0.genblk1.genblk1.genblk1.genblk1.genblk1.lut0 (4 -> 0)
  Optimizing lut $abc$24710$lut$aiger24709$2820.genblk1.genblk1.genblk1.genblk1.genblk1.genblk1.genblk1.genblk1.lut0.genblk1.genblk1.genblk1.genblk1.genblk1.genblk1.genblk1.lut1.genblk1.genblk1.genblk1.genblk1.genblk1.genblk1.lut1.genblk1.genblk1.genblk1.genblk1.genblk1.lut0 (4 -> 0)
  Optimizing lut $abc$24710$lut$aiger24709$2820.genblk1.genblk1.genblk1.genblk1.genblk1.genblk1.genblk1.genblk1.lut0.genblk1.genblk1.genblk1.genblk1.genblk1.genblk1.genblk1.lut1.genblk1.genblk1.genblk1.genblk1.genblk1.genblk1.lut0.genblk1.genblk1.genblk1.genblk1.genblk1.lut0 (4 -> 0)
  Optimizing lut $abc$24710$lut$aiger24709$2772.genblk1.genblk1.genblk1.genblk1.genblk1.genblk1.genblk1.genblk1.lut1.genblk1.genblk1.genblk1.genblk1.genblk1.genblk1.genblk1.lut0.genblk1.genblk1.genblk1.genblk1.genblk1.genblk1.lut1.genblk1.genblk1.genblk1.genblk1.genblk1.lut0 (4 -> 3)
  Optimizing lut $abc$24710$lut$aiger24709$2772.genblk1.genblk1.genblk1.genblk1.genblk1.genblk1.genblk1.genblk1.lut1.genblk1.genblk1.genblk1.genblk1.genblk1.genblk1.genblk1.lut0.genblk1.genblk1.genblk1.genblk1.genblk1.genblk1.lut0.genblk1.genblk1.genblk1.genblk1.genblk1.lut0 (4 -> 3)
  Optimizing lut $abc$24710$lut$aiger24709$2772.genblk1.genblk1.genblk1.genblk1.genblk1.genblk1.genblk1.genblk1.lut1.genblk1.genblk1.genblk1.genblk1.genblk1.genblk1.genblk1.lut1.genblk1.genblk1.genblk1.genblk1.genblk1.genblk1.lut1.genblk1.genblk1.genblk1.genblk1.genblk1.lut0 (4 -> 0)
  Optimizing lut $abc$24710$lut$aiger24709$2772.genblk1.genblk1.genblk1.genblk1.genblk1.genblk1.genblk1.genblk1.lut1.genblk1.genblk1.genblk1.genblk1.genblk1.genblk1.genblk1.lut1.genblk1.genblk1.genblk1.genblk1.genblk1.genblk1.lut0.genblk1.genblk1.genblk1.genblk1.genblk1.lut0 (4 -> 0)
  Optimizing lut $abc$24710$lut$aiger24709$2772.genblk1.genblk1.genblk1.genblk1.genblk1.genblk1.genblk1.genblk1.lut0.genblk1.genblk1.genblk1.genblk1.genblk1.genblk1.genblk1.lut0.genblk1.genblk1.genblk1.genblk1.genblk1.genblk1.lut1.genblk1.genblk1.genblk1.genblk1.genblk1.lut0 (4 -> 0)
  Optimizing lut $abc$24710$lut$aiger24709$2772.genblk1.genblk1.genblk1.genblk1.genblk1.genblk1.genblk1.genblk1.lut0.genblk1.genblk1.genblk1.genblk1.genblk1.genblk1.genblk1.lut0.genblk1.genblk1.genblk1.genblk1.genblk1.genblk1.lut0.genblk1.genblk1.genblk1.genblk1.genblk1.lut0 (4 -> 0)
  Optimizing lut $abc$24710$lut$aiger24709$2772.genblk1.genblk1.genblk1.genblk1.genblk1.genblk1.genblk1.genblk1.lut0.genblk1.genblk1.genblk1.genblk1.genblk1.genblk1.genblk1.lut1.genblk1.genblk1.genblk1.genblk1.genblk1.genblk1.lut1.genblk1.genblk1.genblk1.genblk1.genblk1.lut0 (4 -> 0)
  Optimizing lut $abc$24710$lut$aiger24709$2772.genblk1.genblk1.genblk1.genblk1.genblk1.genblk1.genblk1.genblk1.lut0.genblk1.genblk1.genblk1.genblk1.genblk1.genblk1.genblk1.lut1.genblk1.genblk1.genblk1.genblk1.genblk1.genblk1.lut0.genblk1.genblk1.genblk1.genblk1.genblk1.lut0 (4 -> 0)
  Optimizing lut $abc$24710$lut$aiger24709$3002.genblk1.genblk1.genblk1.genblk1.genblk1.genblk1.genblk1.lut1.genblk1.genblk1.genblk1.genblk1.genblk1.genblk1.lut0.genblk1.genblk1.genblk1.genblk1.genblk1.lut1 (4 -> 0)
  Optimizing lut $abc$24710$lut$aiger24709$3009.genblk1.genblk1.genblk1.genblk1.genblk1.genblk1.genblk1.genblk1.lut1.genblk1.genblk1.genblk1.genblk1.genblk1.genblk1.genblk1.lut0.genblk1.genblk1.genblk1.genblk1.genblk1.genblk1.lut0.genblk1.genblk1.genblk1.genblk1.genblk1.lut0 (4 -> 3)
  Optimizing lut $abc$24710$lut$aiger24709$3009.genblk1.genblk1.genblk1.genblk1.genblk1.genblk1.genblk1.genblk1.lut1.genblk1.genblk1.genblk1.genblk1.genblk1.genblk1.genblk1.lut1.genblk1.genblk1.genblk1.genblk1.genblk1.genblk1.lut0.genblk1.genblk1.genblk1.genblk1.genblk1.lut0 (4 -> 3)
  Optimizing lut $abc$24710$lut$aiger24709$3009.genblk1.genblk1.genblk1.genblk1.genblk1.genblk1.genblk1.genblk1.lut0.genblk1.genblk1.genblk1.genblk1.genblk1.genblk1.genblk1.lut0.genblk1.genblk1.genblk1.genblk1.genblk1.genblk1.lut1.genblk1.genblk1.genblk1.genblk1.genblk1.lut0 (4 -> 3)
  Optimizing lut $abc$24710$lut$aiger24709$3009.genblk1.genblk1.genblk1.genblk1.genblk1.genblk1.genblk1.genblk1.lut0.genblk1.genblk1.genblk1.genblk1.genblk1.genblk1.genblk1.lut0.genblk1.genblk1.genblk1.genblk1.genblk1.genblk1.lut0.genblk1.genblk1.genblk1.genblk1.genblk1.lut0 (4 -> 3)
  Optimizing lut $abc$24710$lut$aiger24709$3009.genblk1.genblk1.genblk1.genblk1.genblk1.genblk1.genblk1.genblk1.lut0.genblk1.genblk1.genblk1.genblk1.genblk1.genblk1.genblk1.lut1.genblk1.genblk1.genblk1.genblk1.genblk1.genblk1.lut0.genblk1.genblk1.genblk1.genblk1.genblk1.lut0 (4 -> 3)
  Optimizing lut $abc$24710$lut$aiger24709$3050.genblk1.genblk1.genblk1.genblk1.genblk1.genblk1.genblk1.genblk1.lut1.genblk1.genblk1.genblk1.genblk1.genblk1.genblk1.genblk1.lut0.genblk1.genblk1.genblk1.genblk1.genblk1.genblk1.lut1.genblk1.genblk1.genblk1.genblk1.genblk1.lut0 (4 -> 3)
  Optimizing lut $abc$24710$lut$aiger24709$3050.genblk1.genblk1.genblk1.genblk1.genblk1.genblk1.genblk1.genblk1.lut1.genblk1.genblk1.genblk1.genblk1.genblk1.genblk1.genblk1.lut0.genblk1.genblk1.genblk1.genblk1.genblk1.genblk1.lut0.genblk1.genblk1.genblk1.genblk1.genblk1.lut0 (4 -> 3)
  Optimizing lut $abc$24710$lut$aiger24709$3050.genblk1.genblk1.genblk1.genblk1.genblk1.genblk1.genblk1.genblk1.lut1.genblk1.genblk1.genblk1.genblk1.genblk1.genblk1.genblk1.lut1.genblk1.genblk1.genblk1.genblk1.genblk1.genblk1.lut1.genblk1.genblk1.genblk1.genblk1.genblk1.lut0 (4 -> 3)
  Optimizing lut $abc$24710$lut$aiger24709$3050.genblk1.genblk1.genblk1.genblk1.genblk1.genblk1.genblk1.genblk1.lut1.genblk1.genblk1.genblk1.genblk1.genblk1.genblk1.genblk1.lut1.genblk1.genblk1.genblk1.genblk1.genblk1.genblk1.lut0.genblk1.genblk1.genblk1.genblk1.genblk1.lut0 (4 -> 3)
  Optimizing lut $abc$24710$lut$aiger24709$3059.genblk1.genblk1.genblk1.genblk1.genblk1.genblk1.genblk1.genblk1.lut1.genblk1.genblk1.genblk1.genblk1.genblk1.genblk1.genblk1.lut0.genblk1.genblk1.genblk1.genblk1.genblk1.genblk1.lut1.genblk1.genblk1.genblk1.genblk1.genblk1.lut0 (4 -> 0)
  Optimizing lut $abc$24710$lut$aiger24709$3059.genblk1.genblk1.genblk1.genblk1.genblk1.genblk1.genblk1.genblk1.lut1.genblk1.genblk1.genblk1.genblk1.genblk1.genblk1.genblk1.lut0.genblk1.genblk1.genblk1.genblk1.genblk1.genblk1.lut0.genblk1.genblk1.genblk1.genblk1.genblk1.lut0 (4 -> 1)
  Optimizing lut $abc$24710$lut$aiger24709$3059.genblk1.genblk1.genblk1.genblk1.genblk1.genblk1.genblk1.genblk1.lut1.genblk1.genblk1.genblk1.genblk1.genblk1.genblk1.genblk1.lut1.genblk1.genblk1.genblk1.genblk1.genblk1.genblk1.lut1.genblk1.genblk1.genblk1.genblk1.genblk1.lut0 (4 -> 0)
  Optimizing lut $abc$24710$lut$aiger24709$3059.genblk1.genblk1.genblk1.genblk1.genblk1.genblk1.genblk1.genblk1.lut1.genblk1.genblk1.genblk1.genblk1.genblk1.genblk1.genblk1.lut1.genblk1.genblk1.genblk1.genblk1.genblk1.genblk1.lut0.genblk1.genblk1.genblk1.genblk1.genblk1.lut0 (4 -> 1)
  Optimizing lut $abc$24710$lut$aiger24709$3059.genblk1.genblk1.genblk1.genblk1.genblk1.genblk1.genblk1.genblk1.lut0.genblk1.genblk1.genblk1.genblk1.genblk1.genblk1.genblk1.lut0.genblk1.genblk1.genblk1.genblk1.genblk1.genblk1.lut1.genblk1.genblk1.genblk1.genblk1.genblk1.lut0 (4 -> 0)
  Optimizing lut $abc$24710$lut$aiger24709$3059.genblk1.genblk1.genblk1.genblk1.genblk1.genblk1.genblk1.genblk1.lut0.genblk1.genblk1.genblk1.genblk1.genblk1.genblk1.genblk1.lut0.genblk1.genblk1.genblk1.genblk1.genblk1.genblk1.lut0.genblk1.genblk1.genblk1.genblk1.genblk1.lut0 (4 -> 1)
  Optimizing lut $abc$24710$lut$aiger24709$3059.genblk1.genblk1.genblk1.genblk1.genblk1.genblk1.genblk1.genblk1.lut0.genblk1.genblk1.genblk1.genblk1.genblk1.genblk1.genblk1.lut1.genblk1.genblk1.genblk1.genblk1.genblk1.genblk1.lut1.genblk1.genblk1.genblk1.genblk1.genblk1.lut0 (4 -> 0)
  Optimizing lut $abc$24710$lut$aiger24709$3059.genblk1.genblk1.genblk1.genblk1.genblk1.genblk1.genblk1.genblk1.lut0.genblk1.genblk1.genblk1.genblk1.genblk1.genblk1.genblk1.lut1.genblk1.genblk1.genblk1.genblk1.genblk1.genblk1.lut0.genblk1.genblk1.genblk1.genblk1.genblk1.lut0 (4 -> 1)
  Optimizing lut $abc$24710$lut$aiger24709$3066.genblk1.genblk1.genblk1.genblk1.genblk1.genblk1.genblk1.genblk1.lut1.genblk1.genblk1.genblk1.genblk1.genblk1.genblk1.genblk1.lut0.genblk1.genblk1.genblk1.genblk1.genblk1.genblk1.lut0.genblk1.genblk1.genblk1.genblk1.genblk1.lut0 (4 -> 3)
  Optimizing lut $abc$24710$lut$aiger24709$3066.genblk1.genblk1.genblk1.genblk1.genblk1.genblk1.genblk1.genblk1.lut1.genblk1.genblk1.genblk1.genblk1.genblk1.genblk1.genblk1.lut1.genblk1.genblk1.genblk1.genblk1.genblk1.genblk1.lut1.genblk1.genblk1.genblk1.genblk1.genblk1.lut0 (4 -> 0)
  Optimizing lut $abc$24710$lut$aiger24709$3066.genblk1.genblk1.genblk1.genblk1.genblk1.genblk1.genblk1.genblk1.lut1.genblk1.genblk1.genblk1.genblk1.genblk1.genblk1.genblk1.lut1.genblk1.genblk1.genblk1.genblk1.genblk1.genblk1.lut0.genblk1.genblk1.genblk1.genblk1.genblk1.lut0 (4 -> 0)
  Optimizing lut $abc$24710$lut$aiger24709$3066.genblk1.genblk1.genblk1.genblk1.genblk1.genblk1.genblk1.genblk1.lut0.genblk1.genblk1.genblk1.genblk1.genblk1.genblk1.genblk1.lut0.genblk1.genblk1.genblk1.genblk1.genblk1.genblk1.lut1.genblk1.genblk1.genblk1.genblk1.genblk1.lut0 (4 -> 1)
  Optimizing lut $abc$24710$lut$aiger24709$3066.genblk1.genblk1.genblk1.genblk1.genblk1.genblk1.genblk1.genblk1.lut0.genblk1.genblk1.genblk1.genblk1.genblk1.genblk1.genblk1.lut0.genblk1.genblk1.genblk1.genblk1.genblk1.genblk1.lut0.genblk1.genblk1.genblk1.genblk1.genblk1.lut0 (4 -> 1)
  Optimizing lut $abc$24710$lut$aiger24709$3066.genblk1.genblk1.genblk1.genblk1.genblk1.genblk1.genblk1.genblk1.lut0.genblk1.genblk1.genblk1.genblk1.genblk1.genblk1.genblk1.lut1.genblk1.genblk1.genblk1.genblk1.genblk1.genblk1.lut1.genblk1.genblk1.genblk1.genblk1.genblk1.lut0 (4 -> 0)
  Optimizing lut $abc$24710$lut$aiger24709$3066.genblk1.genblk1.genblk1.genblk1.genblk1.genblk1.genblk1.genblk1.lut0.genblk1.genblk1.genblk1.genblk1.genblk1.genblk1.genblk1.lut1.genblk1.genblk1.genblk1.genblk1.genblk1.genblk1.lut0.genblk1.genblk1.genblk1.genblk1.genblk1.lut0 (4 -> 0)
  Optimizing lut $abc$24710$lut$aiger24709$3221.genblk1.genblk1.genblk1.genblk1.genblk1.genblk1.genblk1.lut1.genblk1.genblk1.genblk1.genblk1.genblk1.genblk1.lut0.genblk1.genblk1.genblk1.genblk1.genblk1.lut1 (4 -> 0)
  Optimizing lut $abc$24710$lut$aiger24709$3221.genblk1.genblk1.genblk1.genblk1.genblk1.genblk1.genblk1.lut0.genblk1.genblk1.genblk1.genblk1.genblk1.genblk1.lut0.genblk1.genblk1.genblk1.genblk1.genblk1.lut0 (4 -> 0)
  Optimizing lut $abc$24710$lut$aiger24709$3221.genblk1.genblk1.genblk1.genblk1.genblk1.genblk1.genblk1.lut1.genblk1.genblk1.genblk1.genblk1.genblk1.genblk1.lut0.genblk1.genblk1.genblk1.genblk1.genblk1.lut0 (4 -> 0)
  Optimizing lut $abc$24710$lut$aiger24709$3066.genblk1.genblk1.genblk1.genblk1.genblk1.genblk1.genblk1.genblk1.lut0.genblk1.genblk1.genblk1.genblk1.genblk1.genblk1.genblk1.lut0.genblk1.genblk1.genblk1.genblk1.genblk1.genblk1.lut0.genblk1.genblk1.genblk1.genblk1.genblk1.lut1 (4 -> 1)
  Optimizing lut $abc$24710$lut$aiger24709$3066.genblk1.genblk1.genblk1.genblk1.genblk1.genblk1.genblk1.genblk1.lut1.genblk1.genblk1.genblk1.genblk1.genblk1.genblk1.genblk1.lut1.genblk1.genblk1.genblk1.genblk1.genblk1.genblk1.lut0.genblk1.genblk1.genblk1.genblk1.genblk1.lut1 (4 -> 0)
  Optimizing lut $abc$24710$lut$aiger24709$3066.genblk1.genblk1.genblk1.genblk1.genblk1.genblk1.genblk1.genblk1.lut1.genblk1.genblk1.genblk1.genblk1.genblk1.genblk1.genblk1.lut0.genblk1.genblk1.genblk1.genblk1.genblk1.genblk1.lut0.genblk1.genblk1.genblk1.genblk1.genblk1.lut1 (4 -> 2)
  Optimizing lut $abc$24710$lut$aiger24709$3059.genblk1.genblk1.genblk1.genblk1.genblk1.genblk1.genblk1.genblk1.lut0.genblk1.genblk1.genblk1.genblk1.genblk1.genblk1.genblk1.lut1.genblk1.genblk1.genblk1.genblk1.genblk1.genblk1.lut0.genblk1.genblk1.genblk1.genblk1.genblk1.lut1 (4 -> 1)
  Optimizing lut $abc$24710$lut$aiger24709$3059.genblk1.genblk1.genblk1.genblk1.genblk1.genblk1.genblk1.genblk1.lut0.genblk1.genblk1.genblk1.genblk1.genblk1.genblk1.genblk1.lut0.genblk1.genblk1.genblk1.genblk1.genblk1.genblk1.lut0.genblk1.genblk1.genblk1.genblk1.genblk1.lut1 (4 -> 1)
  Optimizing lut $abc$24710$lut$aiger24709$3059.genblk1.genblk1.genblk1.genblk1.genblk1.genblk1.genblk1.genblk1.lut1.genblk1.genblk1.genblk1.genblk1.genblk1.genblk1.genblk1.lut1.genblk1.genblk1.genblk1.genblk1.genblk1.genblk1.lut0.genblk1.genblk1.genblk1.genblk1.genblk1.lut1 (4 -> 1)
  Optimizing lut $abc$24710$lut$aiger24709$3059.genblk1.genblk1.genblk1.genblk1.genblk1.genblk1.genblk1.genblk1.lut1.genblk1.genblk1.genblk1.genblk1.genblk1.genblk1.genblk1.lut0.genblk1.genblk1.genblk1.genblk1.genblk1.genblk1.lut0.genblk1.genblk1.genblk1.genblk1.genblk1.lut1 (4 -> 1)
  Optimizing lut $abc$24710$lut$aiger24709$3050.genblk1.genblk1.genblk1.genblk1.genblk1.genblk1.genblk1.genblk1.lut1.genblk1.genblk1.genblk1.genblk1.genblk1.genblk1.genblk1.lut1.genblk1.genblk1.genblk1.genblk1.genblk1.genblk1.lut0.genblk1.genblk1.genblk1.genblk1.genblk1.lut1 (4 -> 3)
  Optimizing lut $abc$24710$lut$aiger24709$3050.genblk1.genblk1.genblk1.genblk1.genblk1.genblk1.genblk1.genblk1.lut1.genblk1.genblk1.genblk1.genblk1.genblk1.genblk1.genblk1.lut0.genblk1.genblk1.genblk1.genblk1.genblk1.genblk1.lut0.genblk1.genblk1.genblk1.genblk1.genblk1.lut1 (4 -> 3)
  Optimizing lut $abc$24710$lut$aiger24709$3009.genblk1.genblk1.genblk1.genblk1.genblk1.genblk1.genblk1.genblk1.lut0.genblk1.genblk1.genblk1.genblk1.genblk1.genblk1.genblk1.lut1.genblk1.genblk1.genblk1.genblk1.genblk1.genblk1.lut0.genblk1.genblk1.genblk1.genblk1.genblk1.lut1 (4 -> 0)
  Optimizing lut $abc$24710$lut$aiger24709$3009.genblk1.genblk1.genblk1.genblk1.genblk1.genblk1.genblk1.genblk1.lut1.genblk1.genblk1.genblk1.genblk1.genblk1.genblk1.genblk1.lut1.genblk1.genblk1.genblk1.genblk1.genblk1.genblk1.lut0.genblk1.genblk1.genblk1.genblk1.genblk1.lut1 (4 -> 3)
  Optimizing lut $abc$24710$lut$aiger24709$3009.genblk1.genblk1.genblk1.genblk1.genblk1.genblk1.genblk1.genblk1.lut1.genblk1.genblk1.genblk1.genblk1.genblk1.genblk1.genblk1.lut0.genblk1.genblk1.genblk1.genblk1.genblk1.genblk1.lut0.genblk1.genblk1.genblk1.genblk1.genblk1.lut1 (4 -> 3)
  Optimizing lut $abc$24710$lut$aiger24709$3002.genblk1.genblk1.genblk1.genblk1.genblk1.genblk1.genblk1.lut0.genblk1.genblk1.genblk1.genblk1.genblk1.genblk1.lut1.genblk1.genblk1.genblk1.genblk1.genblk1.lut0 (4 -> 0)
  Optimizing lut $abc$24710$lut$aiger24709$3002.genblk1.genblk1.genblk1.genblk1.genblk1.genblk1.genblk1.lut0.genblk1.genblk1.genblk1.genblk1.genblk1.genblk1.lut0.genblk1.genblk1.genblk1.genblk1.genblk1.lut0 (4 -> 0)
  Optimizing lut $abc$24710$lut$aiger24709$3002.genblk1.genblk1.genblk1.genblk1.genblk1.genblk1.genblk1.lut1.genblk1.genblk1.genblk1.genblk1.genblk1.genblk1.lut0.genblk1.genblk1.genblk1.genblk1.genblk1.lut0 (4 -> 0)
  Optimizing lut $abc$24710$lut$aiger24709$2772.genblk1.genblk1.genblk1.genblk1.genblk1.genblk1.genblk1.genblk1.lut0.genblk1.genblk1.genblk1.genblk1.genblk1.genblk1.genblk1.lut1.genblk1.genblk1.genblk1.genblk1.genblk1.genblk1.lut0.genblk1.genblk1.genblk1.genblk1.genblk1.lut1 (4 -> 0)
  Optimizing lut $abc$24710$lut$aiger24709$2772.genblk1.genblk1.genblk1.genblk1.genblk1.genblk1.genblk1.genblk1.lut0.genblk1.genblk1.genblk1.genblk1.genblk1.genblk1.genblk1.lut0.genblk1.genblk1.genblk1.genblk1.genblk1.genblk1.lut0.genblk1.genblk1.genblk1.genblk1.genblk1.lut1 (4 -> 0)
  Optimizing lut $abc$24710$lut$aiger24709$2772.genblk1.genblk1.genblk1.genblk1.genblk1.genblk1.genblk1.genblk1.lut1.genblk1.genblk1.genblk1.genblk1.genblk1.genblk1.genblk1.lut1.genblk1.genblk1.genblk1.genblk1.genblk1.genblk1.lut0.genblk1.genblk1.genblk1.genblk1.genblk1.lut1 (4 -> 0)
  Optimizing lut $abc$24710$lut$aiger24709$2772.genblk1.genblk1.genblk1.genblk1.genblk1.genblk1.genblk1.genblk1.lut1.genblk1.genblk1.genblk1.genblk1.genblk1.genblk1.genblk1.lut0.genblk1.genblk1.genblk1.genblk1.genblk1.genblk1.lut0.genblk1.genblk1.genblk1.genblk1.genblk1.lut1 (4 -> 3)
  Optimizing lut $abc$24710$lut$aiger24709$2722.genblk1.genblk1.genblk1.genblk1.genblk1.genblk1.lut0.genblk1.genblk1.genblk1.genblk1.genblk1.lut1 (4 -> 0)
  Optimizing lut $abc$24710$lut$aiger24709$2820.genblk1.genblk1.genblk1.genblk1.genblk1.genblk1.genblk1.genblk1.lut0.genblk1.genblk1.genblk1.genblk1.genblk1.genblk1.genblk1.lut1.genblk1.genblk1.genblk1.genblk1.genblk1.genblk1.lut0.genblk1.genblk1.genblk1.genblk1.genblk1.lut1 (4 -> 0)
  Optimizing lut $abc$24710$lut$aiger24709$2820.genblk1.genblk1.genblk1.genblk1.genblk1.genblk1.genblk1.genblk1.lut1.genblk1.genblk1.genblk1.genblk1.genblk1.genblk1.genblk1.lut1.genblk1.genblk1.genblk1.genblk1.genblk1.genblk1.lut0.genblk1.genblk1.genblk1.genblk1.genblk1.lut1 (4 -> 0)
  Optimizing lut $abc$24710$lut$aiger24709$2820.genblk1.genblk1.genblk1.genblk1.genblk1.genblk1.genblk1.genblk1.lut1.genblk1.genblk1.genblk1.genblk1.genblk1.genblk1.genblk1.lut0.genblk1.genblk1.genblk1.genblk1.genblk1.genblk1.lut0.genblk1.genblk1.genblk1.genblk1.genblk1.lut1 (4 -> 0)
  Optimizing lut $abc$24710$lut$aiger24709$2791.genblk1.genblk1.genblk1.genblk1.genblk1.genblk1.genblk1.lut1.genblk1.genblk1.genblk1.genblk1.genblk1.genblk1.lut0.genblk1.genblk1.genblk1.genblk1.genblk1.lut1 (4 -> 0)
  Optimizing lut $abc$24710$lut$aiger24709$2791.genblk1.genblk1.genblk1.genblk1.genblk1.genblk1.genblk1.lut1.genblk1.genblk1.genblk1.genblk1.genblk1.genblk1.lut1.genblk1.genblk1.genblk1.genblk1.genblk1.lut0 (4 -> 0)
  Optimizing lut $abc$24710$lut$aiger24709$2791.genblk1.genblk1.genblk1.genblk1.genblk1.genblk1.genblk1.lut1.genblk1.genblk1.genblk1.genblk1.genblk1.genblk1.lut0.genblk1.genblk1.genblk1.genblk1.genblk1.lut0 (4 -> 0)
  Optimizing lut $abc$24710$lut$aiger24709$2779.genblk1.genblk1.genblk1.genblk1.genblk1.lut1 (4 -> 0)
  Optimizing lut $abc$24710$lut$aiger24709$2820.genblk1.genblk1.genblk1.genblk1.genblk1.genblk1.genblk1.genblk1.lut0.genblk1.genblk1.genblk1.genblk1.genblk1.genblk1.genblk1.lut1.genblk1.genblk1.genblk1.genblk1.genblk1.genblk1.lut1.genblk1.genblk1.genblk1.genblk1.genblk1.lut1 (4 -> 0)
  Optimizing lut $abc$24710$lut$aiger24709$2711.genblk1.genblk1.genblk1.genblk1.genblk1.genblk1.lut1.genblk1.genblk1.genblk1.genblk1.genblk1.lut0 (4 -> 0)
  Optimizing lut $abc$24710$lut$aiger24709$2711.genblk1.genblk1.genblk1.genblk1.genblk1.genblk1.lut0.genblk1.genblk1.genblk1.genblk1.genblk1.lut0 (4 -> 0)
  Optimizing lut $abc$24710$lut$aiger24709$2722.genblk1.genblk1.genblk1.genblk1.genblk1.genblk1.lut1.genblk1.genblk1.genblk1.genblk1.genblk1.lut0 (4 -> 0)
  Optimizing lut $abc$24710$lut$aiger24709$2772.genblk1.genblk1.genblk1.genblk1.genblk1.genblk1.genblk1.genblk1.lut0.genblk1.genblk1.genblk1.genblk1.genblk1.genblk1.genblk1.lut1.genblk1.genblk1.genblk1.genblk1.genblk1.genblk1.lut1.genblk1.genblk1.genblk1.genblk1.genblk1.lut1 (4 -> 0)
  Optimizing lut $abc$24710$lut$aiger24709$2828.genblk1.genblk1.genblk1.genblk1.genblk1.lut1 (4 -> 0)
  Optimizing lut $abc$24710$lut$aiger24709$3009.genblk1.genblk1.genblk1.genblk1.genblk1.genblk1.genblk1.genblk1.lut1.genblk1.genblk1.genblk1.genblk1.genblk1.genblk1.genblk1.lut0.genblk1.genblk1.genblk1.genblk1.genblk1.genblk1.lut1.genblk1.genblk1.genblk1.genblk1.genblk1.lut0 (4 -> 3)
  Optimizing lut $abc$24710$lut$aiger24709$3009.genblk1.genblk1.genblk1.genblk1.genblk1.genblk1.genblk1.genblk1.lut0.genblk1.genblk1.genblk1.genblk1.genblk1.genblk1.genblk1.lut1.genblk1.genblk1.genblk1.genblk1.genblk1.genblk1.lut1.genblk1.genblk1.genblk1.genblk1.genblk1.lut1 (4 -> 0)
  Optimizing lut $abc$24710$lut$aiger24709$3031.genblk1.genblk1.genblk1.genblk1.genblk1.genblk1.lut1.genblk1.genblk1.genblk1.genblk1.genblk1.lut0 (4 -> 0)
  Optimizing lut $abc$24710$lut$aiger24709$3031.genblk1.genblk1.genblk1.genblk1.genblk1.genblk1.lut0.genblk1.genblk1.genblk1.genblk1.genblk1.lut0 (4 -> 0)
  Optimizing lut $abc$24710$lut$aiger24709$3037.genblk1.genblk1.genblk1.genblk1.genblk1.lut1 (4 -> 0)
  Optimizing lut $abc$24710$lut$aiger24709$3059.genblk1.genblk1.genblk1.genblk1.genblk1.genblk1.genblk1.genblk1.lut0.genblk1.genblk1.genblk1.genblk1.genblk1.genblk1.genblk1.lut1.genblk1.genblk1.genblk1.genblk1.genblk1.genblk1.lut1.genblk1.genblk1.genblk1.genblk1.genblk1.lut1 (4 -> 0)
  Optimizing lut $abc$24710$lut$aiger24709$3066.genblk1.genblk1.genblk1.genblk1.genblk1.genblk1.genblk1.genblk1.lut1.genblk1.genblk1.genblk1.genblk1.genblk1.genblk1.genblk1.lut1.genblk1.genblk1.genblk1.genblk1.genblk1.genblk1.lut1.genblk1.genblk1.genblk1.genblk1.genblk1.lut1 (4 -> 0)
  Optimizing lut $abc$24710$lut$aiger24709$3066.genblk1.genblk1.genblk1.genblk1.genblk1.genblk1.genblk1.genblk1.lut0.genblk1.genblk1.genblk1.genblk1.genblk1.genblk1.genblk1.lut1.genblk1.genblk1.genblk1.genblk1.genblk1.genblk1.lut1.genblk1.genblk1.genblk1.genblk1.genblk1.lut1 (4 -> 0)
  Optimizing lut $abc$24710$lut$aiger24709$3094.genblk1.genblk1.genblk1.genblk1.genblk1.lut1 (4 -> 3)
  Optimizing lut $abc$24710$lut$aiger24709$5946.genblk1.genblk1.genblk1.genblk1.genblk1.genblk1.lut0.genblk1.genblk1.genblk1.genblk1.genblk1.lut1 (4 -> 3)
  Optimizing lut $abc$24710$lut$aiger24709$3227.genblk1.genblk1.genblk1.genblk1.genblk1.lut1 (4 -> 3)
  Optimizing lut $abc$24710$lut$aiger24709$3562.genblk1.genblk1.genblk1.genblk1.genblk1.genblk1.lut0.genblk1.genblk1.genblk1.genblk1.genblk1.lut0 (4 -> 3)
  Optimizing lut $abc$24710$lut$aiger24709$3781.genblk1.genblk1.genblk1.genblk1.genblk1.lut1 (4 -> 3)
  Optimizing lut $abc$24710$lut$aiger24709$4315.genblk1.genblk1.genblk1.genblk1.genblk1.genblk1.lut0.genblk1.genblk1.genblk1.genblk1.genblk1.lut0 (4 -> 3)
  Optimizing lut $abc$24710$lut$aiger24709$3787.genblk1.genblk1.genblk1.genblk1.genblk1.lut1 (4 -> 3)
  Optimizing lut $abc$24710$lut$aiger24709$5938.genblk1.genblk1.genblk1.genblk1.genblk1.genblk1.lut0.genblk1.genblk1.genblk1.genblk1.genblk1.lut0 (4 -> 3)
  Optimizing lut $abc$24710$lut$aiger24709$4476.genblk1.genblk1.genblk1.genblk1.genblk1.lut1 (4 -> 3)
  Optimizing lut $abc$24710$lut$aiger24709$4403.genblk1.genblk1.genblk1.genblk1.genblk1.genblk1.lut0.genblk1.genblk1.genblk1.genblk1.genblk1.lut0 (4 -> 3)
  Optimizing lut $abc$24710$lut$aiger24709$5742.genblk1.genblk1.genblk1.genblk1.genblk1.lut1 (4 -> 3)
  Optimizing lut $abc$24710$lut$aiger24709$5122.genblk1.genblk1.genblk1.genblk1.genblk1.genblk1.lut0.genblk1.genblk1.genblk1.genblk1.genblk1.lut0 (4 -> 3)
  Optimizing lut $abc$24710$lut$aiger24709$5362.genblk1.genblk1.genblk1.genblk1.genblk1.lut1 (4 -> 3)
  Optimizing lut $abc$24710$lut$aiger24709$5930.genblk1.genblk1.genblk1.genblk1.genblk1.genblk1.lut0.genblk1.genblk1.genblk1.genblk1.genblk1.lut0 (4 -> 3)
  Optimizing lut $abc$24710$lut$aiger24709$4838.genblk1.genblk1.genblk1.genblk1.genblk1.lut1 (4 -> 3)
  Optimizing lut $abc$24710$lut$aiger24709$5186.genblk1.genblk1.genblk1.genblk1.genblk1.genblk1.lut0.genblk1.genblk1.genblk1.genblk1.genblk1.lut0 (4 -> 3)
  Optimizing lut $abc$24710$lut$aiger24709$5586.genblk1.genblk1.genblk1.genblk1.genblk1.lut1 (4 -> 3)
  Optimizing lut $abc$24710$lut$aiger24709$5922.genblk1.genblk1.genblk1.genblk1.genblk1.genblk1.lut0.genblk1.genblk1.genblk1.genblk1.genblk1.lut0 (4 -> 3)
  Optimizing lut $abc$24710$lut$aiger24709$4323.genblk1.genblk1.genblk1.genblk1.genblk1.genblk1.lut1.genblk1.genblk1.genblk1.genblk1.genblk1.lut0 (4 -> 3)
  Optimizing lut $abc$24710$lut$aiger24709$4323.genblk1.genblk1.genblk1.genblk1.genblk1.genblk1.lut0.genblk1.genblk1.genblk1.genblk1.genblk1.lut0 (4 -> 3)
  Optimizing lut $abc$24710$lut$aiger24709$4928.genblk1.genblk1.genblk1.genblk1.genblk1.lut1 (4 -> 3)
  Optimizing lut $abc$24710$lut$aiger24709$5914.genblk1.genblk1.genblk1.genblk1.genblk1.genblk1.lut0.genblk1.genblk1.genblk1.genblk1.genblk1.lut0 (4 -> 3)
  Optimizing lut $abc$24710$lut$aiger24709$3811.genblk1.genblk1.genblk1.genblk1.genblk1.lut1 (4 -> 3)
  Optimizing lut $abc$24710$lut$aiger24709$4411.genblk1.genblk1.genblk1.genblk1.genblk1.genblk1.lut0.genblk1.genblk1.genblk1.genblk1.genblk1.lut0 (4 -> 3)
  Optimizing lut $abc$24710$lut$aiger24709$5724.genblk1.genblk1.genblk1.genblk1.genblk1.lut1 (4 -> 3)
  Optimizing lut $abc$24710$lut$aiger24709$5114.genblk1.genblk1.genblk1.genblk1.genblk1.genblk1.lut0.genblk1.genblk1.genblk1.genblk1.genblk1.lut0 (4 -> 3)
  Optimizing lut $abc$24710$lut$aiger24709$3332.genblk1.genblk1.genblk1.genblk1.genblk1.lut1 (4 -> 3)
  Optimizing lut $abc$24710$lut$aiger24709$5906.genblk1.genblk1.genblk1.genblk1.genblk1.genblk1.lut0.genblk1.genblk1.genblk1.genblk1.genblk1.lut0 (4 -> 3)
  Optimizing lut $abc$24710$lut$aiger24709$4331.genblk1.genblk1.genblk1.genblk1.genblk1.genblk1.lut0.genblk1.genblk1.genblk1.genblk1.genblk1.lut0 (4 -> 3)
  Optimizing lut $abc$24710$lut$aiger24709$5574.genblk1.genblk1.genblk1.genblk1.genblk1.lut1 (4 -> 3)
  Optimizing lut $abc$24710$lut$aiger24709$5178.genblk1.genblk1.genblk1.genblk1.genblk1.genblk1.lut0.genblk1.genblk1.genblk1.genblk1.genblk1.lut0 (4 -> 3)
  Optimizing lut $abc$24710$lut$aiger24709$3344.genblk1.genblk1.genblk1.genblk1.genblk1.lut1 (4 -> 3)
  Optimizing lut $abc$24710$lut$aiger24709$5898.genblk1.genblk1.genblk1.genblk1.genblk1.genblk1.lut0.genblk1.genblk1.genblk1.genblk1.genblk1.lut0 (4 -> 3)
  Optimizing lut $abc$24710$lut$aiger24709$5712.genblk1.genblk1.genblk1.genblk1.genblk1.lut1 (4 -> 3)
  Optimizing lut $abc$24710$lut$aiger24709$4419.genblk1.genblk1.genblk1.genblk1.genblk1.genblk1.lut0.genblk1.genblk1.genblk1.genblk1.genblk1.lut0 (4 -> 3)
  Optimizing lut $abc$24710$lut$aiger24709$3350.genblk1.genblk1.genblk1.genblk1.genblk1.lut1 (4 -> 3)
  Optimizing lut $abc$24710$lut$aiger24709$5890.genblk1.genblk1.genblk1.genblk1.genblk1.genblk1.lut0.genblk1.genblk1.genblk1.genblk1.genblk1.lut0 (4 -> 3)
  Optimizing lut $abc$24710$lut$aiger24709$4607.genblk1.genblk1.genblk1.genblk1.genblk1.lut1 (4 -> 3)
  Optimizing lut $abc$24710$lut$aiger24709$4339.genblk1.genblk1.genblk1.genblk1.genblk1.genblk1.lut0.genblk1.genblk1.genblk1.genblk1.genblk1.lut0 (4 -> 3)
  Optimizing lut $abc$24710$lut$aiger24709$4856.genblk1.genblk1.genblk1.genblk1.genblk1.lut1 (4 -> 3)
  Optimizing lut $abc$24710$lut$aiger24709$5106.genblk1.genblk1.genblk1.genblk1.genblk1.genblk1.lut0.genblk1.genblk1.genblk1.genblk1.genblk1.lut0 (4 -> 3)
  Optimizing lut $abc$24710$lut$aiger24709$5700.genblk1.genblk1.genblk1.genblk1.genblk1.lut1 (4 -> 3)
  Optimizing lut $abc$24710$lut$aiger24709$5882.genblk1.genblk1.genblk1.genblk1.genblk1.genblk1.lut0.genblk1.genblk1.genblk1.genblk1.genblk1.lut0 (4 -> 3)
  Optimizing lut $abc$24710$lut$aiger24709$4254.genblk1.genblk1.genblk1.genblk1.genblk1.lut1 (4 -> 3)
  Optimizing lut $abc$24710$lut$aiger24709$5170.genblk1.genblk1.genblk1.genblk1.genblk1.genblk1.lut0.genblk1.genblk1.genblk1.genblk1.genblk1.lut0 (4 -> 3)
  Optimizing lut $abc$24710$lut$aiger24709$5338.genblk1.genblk1.genblk1.genblk1.genblk1.lut1 (4 -> 3)
  Optimizing lut $abc$24710$lut$aiger24709$5874.genblk1.genblk1.genblk1.genblk1.genblk1.genblk1.lut0.genblk1.genblk1.genblk1.genblk1.genblk1.lut0 (4 -> 3)
  Optimizing lut $abc$24710$lut$aiger24709$4427.genblk1.genblk1.genblk1.genblk1.genblk1.genblk1.lut1.genblk1.genblk1.genblk1.genblk1.genblk1.lut0 (4 -> 3)
  Optimizing lut $abc$24710$lut$aiger24709$4427.genblk1.genblk1.genblk1.genblk1.genblk1.genblk1.lut0.genblk1.genblk1.genblk1.genblk1.genblk1.lut0 (4 -> 3)
  Optimizing lut $abc$24710$lut$aiger24709$3380.genblk1.genblk1.genblk1.genblk1.genblk1.lut1 (4 -> 3)
  Optimizing lut $abc$24710$lut$aiger24709$4347.genblk1.genblk1.genblk1.genblk1.genblk1.genblk1.lut0.genblk1.genblk1.genblk1.genblk1.genblk1.lut0 (4 -> 3)
  Optimizing lut $abc$24710$lut$aiger24709$4158.genblk1.genblk1.genblk1.genblk1.genblk1.lut1 (4 -> 3)
  Optimizing lut $abc$24710$lut$aiger24709$5866.genblk1.genblk1.genblk1.genblk1.genblk1.genblk1.lut0.genblk1.genblk1.genblk1.genblk1.genblk1.lut0 (4 -> 3)
  Optimizing lut $abc$24710$lut$aiger24709$5550.genblk1.genblk1.genblk1.genblk1.genblk1.lut1 (4 -> 3)
  Optimizing lut $abc$24710$lut$aiger24709$5162.genblk1.genblk1.genblk1.genblk1.genblk1.genblk1.lut0.genblk1.genblk1.genblk1.genblk1.genblk1.lut0 (4 -> 3)
  Optimizing lut $abc$24710$lut$aiger24709$3653.genblk1.genblk1.genblk1.genblk1.genblk1.lut1 (4 -> 3)
  Optimizing lut $abc$24710$lut$aiger24709$4435.genblk1.genblk1.genblk1.genblk1.genblk1.genblk1.lut0.genblk1.genblk1.genblk1.genblk1.genblk1.lut0 (4 -> 3)
  Optimizing lut $abc$24710$lut$aiger24709$3659.genblk1.genblk1.genblk1.genblk1.genblk1.lut1 (4 -> 3)
  Optimizing lut $abc$24710$lut$aiger24709$5858.genblk1.genblk1.genblk1.genblk1.genblk1.genblk1.lut0.genblk1.genblk1.genblk1.genblk1.genblk1.lut0 (4 -> 3)
  Optimizing lut $abc$24710$lut$aiger24709$4044.genblk1.genblk1.genblk1.genblk1.genblk1.lut1 (4 -> 3)
  Optimizing lut $abc$24710$lut$aiger24709$5098.genblk1.genblk1.genblk1.genblk1.genblk1.genblk1.lut0.genblk1.genblk1.genblk1.genblk1.genblk1.lut0 (4 -> 3)
  Optimizing lut $abc$24710$lut$aiger24709$6080.genblk1.genblk1.genblk1.genblk1.genblk1.lut1 (4 -> 3)
  Optimizing lut $abc$24710$lut$aiger24709$4355.genblk1.genblk1.genblk1.genblk1.genblk1.genblk1.lut0.genblk1.genblk1.genblk1.genblk1.genblk1.lut0 (4 -> 3)
  Optimizing lut $abc$24710$lut$aiger24709$5676.genblk1.genblk1.genblk1.genblk1.genblk1.lut1 (4 -> 3)
  Optimizing lut $abc$24710$lut$aiger24709$5850.genblk1.genblk1.genblk1.genblk1.genblk1.genblk1.lut0.genblk1.genblk1.genblk1.genblk1.genblk1.lut0 (4 -> 3)
  Optimizing lut $abc$24710$lut$aiger24709$3410.genblk1.genblk1.genblk1.genblk1.genblk1.lut1 (4 -> 3)
  Optimizing lut $abc$24710$lut$aiger24709$5842.genblk1.genblk1.genblk1.genblk1.genblk1.genblk1.lut0.genblk1.genblk1.genblk1.genblk1.genblk1.lut0 (4 -> 3)
  Optimizing lut $abc$24710$lut$aiger24709$4271.genblk1.genblk1.genblk1.genblk1.genblk1.lut1 (4 -> 3)
  Optimizing lut $abc$24710$lut$aiger24709$5834.genblk1.genblk1.genblk1.genblk1.genblk1.genblk1.lut0.genblk1.genblk1.genblk1.genblk1.genblk1.lut0 (4 -> 3)
  Optimizing lut $abc$24710$lut$aiger24709$5664.genblk1.genblk1.genblk1.genblk1.genblk1.lut1 (4 -> 3)
  Optimizing lut $abc$24710$lut$aiger24709$4363.genblk1.genblk1.genblk1.genblk1.genblk1.genblk1.lut0.genblk1.genblk1.genblk1.genblk1.genblk1.lut0 (4 -> 3)
  Optimizing lut $abc$24710$lut$aiger24709$5154.genblk1.genblk1.genblk1.genblk1.genblk1.genblk1.lut1.genblk1.genblk1.genblk1.genblk1.genblk1.lut0 (4 -> 3)
  Optimizing lut $abc$24710$lut$aiger24709$5154.genblk1.genblk1.genblk1.genblk1.genblk1.genblk1.lut0.genblk1.genblk1.genblk1.genblk1.genblk1.lut0 (4 -> 3)
  Optimizing lut $abc$24710$lut$aiger24709$3685.genblk1.genblk1.genblk1.genblk1.genblk1.lut1 (4 -> 3)
  Optimizing lut $abc$24710$lut$aiger24709$3436.genblk1.genblk1.genblk1.genblk1.genblk1.genblk1.lut0.genblk1.genblk1.genblk1.genblk1.genblk1.lut0 (4 -> 3)
  Optimizing lut $abc$24710$lut$aiger24709$3444.genblk1.genblk1.genblk1.genblk1.genblk1.genblk1.lut0.genblk1.genblk1.genblk1.genblk1.genblk1.lut0 (4 -> 3)
  Optimizing lut $abc$24710$lut$aiger24709$5090.genblk1.genblk1.genblk1.genblk1.genblk1.lut1 (4 -> 3)
  Optimizing lut $abc$24710$lut$aiger24709$3452.genblk1.genblk1.genblk1.genblk1.genblk1.genblk1.lut0.genblk1.genblk1.genblk1.genblk1.genblk1.lut0 (4 -> 3)
  Optimizing lut $abc$24710$lut$aiger24709$5224.genblk1.genblk1.genblk1.genblk1.genblk1.lut1 (4 -> 3)
  Optimizing lut $abc$24710$lut$aiger24709$4371.genblk1.genblk1.genblk1.genblk1.genblk1.genblk1.lut0.genblk1.genblk1.genblk1.genblk1.genblk1.lut0 (4 -> 3)
  Optimizing lut $abc$24710$lut$aiger24709$6032.genblk1.genblk1.genblk1.genblk1.genblk1.lut1 (4 -> 3)
  Optimizing lut $abc$24710$lut$aiger24709$3460.genblk1.genblk1.genblk1.genblk1.genblk1.genblk1.lut0.genblk1.genblk1.genblk1.genblk1.genblk1.lut0 (4 -> 3)
  Optimizing lut $abc$24710$lut$aiger24709$5814.genblk1.genblk1.genblk1.genblk1.genblk1.lut1 (4 -> 3)
  Optimizing lut $abc$24710$lut$aiger24709$3468.genblk1.genblk1.genblk1.genblk1.genblk1.genblk1.lut0.genblk1.genblk1.genblk1.genblk1.genblk1.lut0 (4 -> 3)
  Optimizing lut $abc$24710$lut$aiger24709$5808.genblk1.genblk1.genblk1.genblk1.genblk1.lut1 (4 -> 3)
  Optimizing lut $abc$24710$lut$aiger24709$5146.genblk1.genblk1.genblk1.genblk1.genblk1.genblk1.lut0.genblk1.genblk1.genblk1.genblk1.genblk1.lut0 (4 -> 3)
  Optimizing lut $abc$24710$lut$aiger24709$4916.genblk1.genblk1.genblk1.genblk1.genblk1.lut1 (4 -> 3)
  Optimizing lut $abc$24710$lut$aiger24709$5218.genblk1.genblk1.genblk1.genblk1.genblk1.genblk1.lut0.genblk1.genblk1.genblk1.genblk1.genblk1.lut0 (4 -> 3)
  Optimizing lut $abc$24710$lut$aiger24709$5640.genblk1.genblk1.genblk1.genblk1.genblk1.lut1 (4 -> 3)
  Optimizing lut $abc$24710$lut$aiger24709$3476.genblk1.genblk1.genblk1.genblk1.genblk1.genblk1.lut0.genblk1.genblk1.genblk1.genblk1.genblk1.lut0 (4 -> 3)
  Optimizing lut $abc$24710$lut$aiger24709$4289.genblk1.genblk1.genblk1.genblk1.genblk1.lut1 (4 -> 3)
  Optimizing lut $abc$24710$lut$aiger24709$3484.genblk1.genblk1.genblk1.genblk1.genblk1.genblk1.lut0.genblk1.genblk1.genblk1.genblk1.genblk1.lut0 (4 -> 3)
  Optimizing lut $abc$24710$lut$aiger24709$4523.genblk1.genblk1.genblk1.genblk1.genblk1.lut1 (4 -> 3)
  Optimizing lut $abc$24710$lut$aiger24709$4379.genblk1.genblk1.genblk1.genblk1.genblk1.genblk1.lut0.genblk1.genblk1.genblk1.genblk1.genblk1.lut0 (4 -> 3)
  Optimizing lut $abc$24710$lut$aiger24709$5036.genblk1.genblk1.genblk1.genblk1.genblk1.lut1 (4 -> 3)
  Optimizing lut $abc$24710$lut$aiger24709$3492.genblk1.genblk1.genblk1.genblk1.genblk1.genblk1.lut0.genblk1.genblk1.genblk1.genblk1.genblk1.lut0 (4 -> 3)
  Optimizing lut $abc$24710$lut$aiger24709$4458.genblk1.genblk1.genblk1.genblk1.genblk1.lut1 (4 -> 3)
  Optimizing lut $abc$24710$lut$aiger24709$5210.genblk1.genblk1.genblk1.genblk1.genblk1.genblk1.lut0.genblk1.genblk1.genblk1.genblk1.genblk1.lut0 (4 -> 3)
  Optimizing lut $abc$24710$lut$aiger24709$4295.genblk1.genblk1.genblk1.genblk1.genblk1.lut1 (4 -> 3)
  Optimizing lut $abc$24710$lut$aiger24709$3500.genblk1.genblk1.genblk1.genblk1.genblk1.genblk1.lut0.genblk1.genblk1.genblk1.genblk1.genblk1.lut0 (4 -> 3)
  Optimizing lut $abc$24710$lut$aiger24709$5996.genblk1.genblk1.genblk1.genblk1.genblk1.lut1 (4 -> 3)
  Optimizing lut $abc$24710$lut$aiger24709$5138.genblk1.genblk1.genblk1.genblk1.genblk1.genblk1.lut0.genblk1.genblk1.genblk1.genblk1.genblk1.lut0 (4 -> 3)
  Optimizing lut $abc$24710$lut$aiger24709$4631.genblk1.genblk1.genblk1.genblk1.genblk1.lut1 (4 -> 3)
  Optimizing lut $abc$24710$lut$aiger24709$3508.genblk1.genblk1.genblk1.genblk1.genblk1.genblk1.lut0.genblk1.genblk1.genblk1.genblk1.genblk1.lut0 (4 -> 3)
  Optimizing lut $abc$24710$lut$aiger24709$4994.genblk1.genblk1.genblk1.genblk1.genblk1.lut1 (4 -> 3)
  Optimizing lut $abc$24710$lut$aiger24709$4387.genblk1.genblk1.genblk1.genblk1.genblk1.genblk1.lut0.genblk1.genblk1.genblk1.genblk1.genblk1.lut0 (4 -> 3)
  Optimizing lut $abc$24710$lut$aiger24709$3516.genblk1.genblk1.genblk1.genblk1.genblk1.genblk1.lut1.genblk1.genblk1.genblk1.genblk1.genblk1.lut0 (4 -> 3)
  Optimizing lut $abc$24710$lut$aiger24709$3516.genblk1.genblk1.genblk1.genblk1.genblk1.genblk1.lut0.genblk1.genblk1.genblk1.genblk1.genblk1.lut0 (4 -> 3)
  Optimizing lut $abc$24710$lut$aiger24709$3751.genblk1.genblk1.genblk1.genblk1.genblk1.lut1 (4 -> 3)
  Optimizing lut $abc$24710$lut$aiger24709$3524.genblk1.genblk1.genblk1.genblk1.genblk1.genblk1.lut0.genblk1.genblk1.genblk1.genblk1.genblk1.lut0 (4 -> 3)
  Optimizing lut $abc$24710$lut$aiger24709$5380.genblk1.genblk1.genblk1.genblk1.genblk1.lut1 (4 -> 3)
  Optimizing lut $abc$24710$lut$aiger24709$5202.genblk1.genblk1.genblk1.genblk1.genblk1.genblk1.lut0.genblk1.genblk1.genblk1.genblk1.genblk1.lut0 (4 -> 3)
  Optimizing lut $abc$24710$lut$aiger24709$5972.genblk1.genblk1.genblk1.genblk1.genblk1.lut1 (4 -> 3)
  Optimizing lut $abc$24710$lut$aiger24709$3532.genblk1.genblk1.genblk1.genblk1.genblk1.genblk1.lut0.genblk1.genblk1.genblk1.genblk1.genblk1.lut0 (4 -> 3)
  Optimizing lut $abc$24710$lut$aiger24709$4589.genblk1.genblk1.genblk1.genblk1.genblk1.lut1 (4 -> 3)
  Optimizing lut $abc$24710$lut$aiger24709$5130.genblk1.genblk1.genblk1.genblk1.genblk1.genblk1.lut0.genblk1.genblk1.genblk1.genblk1.genblk1.lut0 (4 -> 3)
  Optimizing lut $abc$24710$lut$aiger24709$4535.genblk1.genblk1.genblk1.genblk1.genblk1.lut1 (4 -> 3)
  Optimizing lut $abc$24710$lut$aiger24709$3540.genblk1.genblk1.genblk1.genblk1.genblk1.genblk1.lut0.genblk1.genblk1.genblk1.genblk1.genblk1.lut0 (4 -> 3)
  Optimizing lut $abc$24710$lut$aiger24709$5760.genblk1.genblk1.genblk1.genblk1.genblk1.lut1 (4 -> 3)
  Optimizing lut $abc$24710$lut$aiger24709$4395.genblk1.genblk1.genblk1.genblk1.genblk1.genblk1.lut0.genblk1.genblk1.genblk1.genblk1.genblk1.lut0 (4 -> 3)
  Optimizing lut $abc$24710$lut$aiger24709$4110.genblk1.genblk1.genblk1.genblk1.genblk1.lut1 (4 -> 3)
  Optimizing lut $abc$24710$lut$aiger24709$3548.genblk1.genblk1.genblk1.genblk1.genblk1.genblk1.lut0.genblk1.genblk1.genblk1.genblk1.genblk1.lut0 (4 -> 3)
  Optimizing lut $abc$24710$lut$aiger24709$5954.genblk1.genblk1.genblk1.genblk1.genblk1.genblk1.lut1.genblk1.genblk1.genblk1.genblk1.genblk1.lut0 (4 -> 3)
  Optimizing lut $abc$24710$lut$aiger24709$5954.genblk1.genblk1.genblk1.genblk1.genblk1.genblk1.lut0.genblk1.genblk1.genblk1.genblk1.genblk1.lut0 (4 -> 3)
  Optimizing lut $abc$24710$lut$aiger24709$4880.genblk1.genblk1.genblk1.genblk1.genblk1.lut1 (4 -> 3)
  Optimizing lut $abc$24710$lut$aiger24709$5194.genblk1.genblk1.genblk1.genblk1.genblk1.genblk1.lut0.genblk1.genblk1.genblk1.genblk1.genblk1.lut0 (4 -> 3)
  Optimizing lut $abc$24710$lut$aiger24709$5946.genblk1.genblk1.genblk1.genblk1.genblk1.genblk1.lut1.genblk1.genblk1.genblk1.genblk1.genblk1.lut0 (4 -> 3)
  Optimizing lut $abc$24710$lut$aiger24709$5946.genblk1.genblk1.genblk1.genblk1.genblk1.genblk1.lut0.genblk1.genblk1.genblk1.genblk1.genblk1.lut0 (4 -> 3)
  Optimizing lut $abc$24710$lut$aiger24709$3554.genblk1.genblk1.genblk1.genblk1.genblk1.lut1 (4 -> 3)
  Optimizing lut $abc$24710$lut$aiger24709$3554.genblk1.genblk1.genblk1.genblk1.genblk1.lut0 (4 -> 3)
  Optimizing lut $abc$24710$lut$aiger24709$5194.genblk1.genblk1.genblk1.genblk1.genblk1.genblk1.lut0.genblk1.genblk1.genblk1.genblk1.genblk1.lut1 (4 -> 3)
  Optimizing lut $abc$24710$lut$aiger24709$4988.genblk1.genblk1.genblk1.genblk1.genblk1.lut0 (4 -> 3)
  Optimizing lut $abc$24710$lut$aiger24709$5072.genblk1.genblk1.genblk1.genblk1.genblk1.lut0 (4 -> 3)
  Optimizing lut $abc$24710$lut$aiger24709$4910.genblk1.genblk1.genblk1.genblk1.genblk1.lut0 (4 -> 3)
  Optimizing lut $abc$24710$lut$aiger24709$5754.genblk1.genblk1.genblk1.genblk1.genblk1.lut0 (4 -> 3)
  Optimizing lut $abc$24710$lut$aiger24709$4637.genblk1.genblk1.genblk1.genblk1.genblk1.lut0 (4 -> 3)
  Optimizing lut $abc$24710$lut$aiger24709$4880.genblk1.genblk1.genblk1.genblk1.genblk1.lut0 (4 -> 3)
  Optimizing lut $abc$24710$lut$aiger24709$3548.genblk1.genblk1.genblk1.genblk1.genblk1.genblk1.lut0.genblk1.genblk1.genblk1.genblk1.genblk1.lut1 (4 -> 3)
  Optimizing lut $abc$24710$lut$aiger24709$3775.genblk1.genblk1.genblk1.genblk1.genblk1.lut0 (4 -> 3)
  Optimizing lut $abc$24710$lut$aiger24709$5604.genblk1.genblk1.genblk1.genblk1.genblk1.lut0 (4 -> 3)
  Optimizing lut $abc$24710$lut$aiger24709$4470.genblk1.genblk1.genblk1.genblk1.genblk1.lut0 (4 -> 3)
  Optimizing lut $abc$24710$lut$aiger24709$4110.genblk1.genblk1.genblk1.genblk1.genblk1.lut0 (4 -> 3)
  Optimizing lut $abc$24710$lut$aiger24709$3540.genblk1.genblk1.genblk1.genblk1.genblk1.genblk1.lut0.genblk1.genblk1.genblk1.genblk1.genblk1.lut1 (4 -> 3)
  Optimizing lut $abc$24710$lut$aiger24709$4958.genblk1.genblk1.genblk1.genblk1.genblk1.lut0 (4 -> 3)
  Optimizing lut $abc$24710$lut$aiger24709$5374.genblk1.genblk1.genblk1.genblk1.genblk1.lut0 (4 -> 3)
  Optimizing lut $abc$24710$lut$aiger24709$5960.genblk1.genblk1.genblk1.genblk1.genblk1.lut0 (4 -> 3)
  Optimizing lut $abc$24710$lut$aiger24709$5760.genblk1.genblk1.genblk1.genblk1.genblk1.lut0 (4 -> 3)
  Optimizing lut $abc$24710$lut$aiger24709$5130.genblk1.genblk1.genblk1.genblk1.genblk1.genblk1.lut0.genblk1.genblk1.genblk1.genblk1.genblk1.lut1 (4 -> 3)
  Optimizing lut $abc$24710$lut$aiger24709$4307.genblk1.genblk1.genblk1.genblk1.genblk1.lut0 (4 -> 3)
  Optimizing lut $abc$24710$lut$aiger24709$4535.genblk1.genblk1.genblk1.genblk1.genblk1.lut0 (4 -> 3)
  Optimizing lut $abc$24710$lut$aiger24709$3532.genblk1.genblk1.genblk1.genblk1.genblk1.genblk1.lut0.genblk1.genblk1.genblk1.genblk1.genblk1.lut1 (4 -> 3)
  Optimizing lut $abc$24710$lut$aiger24709$5284.genblk1.genblk1.genblk1.genblk1.genblk1.lut0 (4 -> 3)
  Optimizing lut $abc$24710$lut$aiger24709$4589.genblk1.genblk1.genblk1.genblk1.genblk1.lut0 (4 -> 3)
  Optimizing lut $abc$24710$lut$aiger24709$5202.genblk1.genblk1.genblk1.genblk1.genblk1.genblk1.lut0.genblk1.genblk1.genblk1.genblk1.genblk1.lut1 (4 -> 3)
  Optimizing lut $abc$24710$lut$aiger24709$3763.genblk1.genblk1.genblk1.genblk1.genblk1.lut0 (4 -> 3)
  Optimizing lut $abc$24710$lut$aiger24709$5766.genblk1.genblk1.genblk1.genblk1.genblk1.lut0 (4 -> 3)
  Optimizing lut $abc$24710$lut$aiger24709$4212.genblk1.genblk1.genblk1.genblk1.genblk1.lut0 (4 -> 3)
  Optimizing lut $abc$24710$lut$aiger24709$5972.genblk1.genblk1.genblk1.genblk1.genblk1.lut0 (4 -> 3)
  Optimizing lut $abc$24710$lut$aiger24709$3757.genblk1.genblk1.genblk1.genblk1.genblk1.lut0 (4 -> 3)
  Optimizing lut $abc$24710$lut$aiger24709$5078.genblk1.genblk1.genblk1.genblk1.genblk1.lut0 (4 -> 3)
  Optimizing lut $abc$24710$lut$aiger24709$5616.genblk1.genblk1.genblk1.genblk1.genblk1.lut0 (4 -> 3)
  Optimizing lut $abc$24710$lut$aiger24709$5978.genblk1.genblk1.genblk1.genblk1.genblk1.lut0 (4 -> 3)
  Optimizing lut $abc$24710$lut$aiger24709$5290.genblk1.genblk1.genblk1.genblk1.genblk1.lut0 (4 -> 3)
  Optimizing lut $abc$24710$lut$aiger24709$4301.genblk1.genblk1.genblk1.genblk1.genblk1.lut0 (4 -> 3)
  Optimizing lut $abc$24710$lut$aiger24709$4934.genblk1.genblk1.genblk1.genblk1.genblk1.lut0 (4 -> 3)
  Optimizing lut $abc$24710$lut$aiger24709$3751.genblk1.genblk1.genblk1.genblk1.genblk1.lut0 (4 -> 3)
  Optimizing lut $abc$24710$lut$aiger24709$4387.genblk1.genblk1.genblk1.genblk1.genblk1.genblk1.lut0.genblk1.genblk1.genblk1.genblk1.genblk1.lut1 (4 -> 3)
  Optimizing lut $abc$24710$lut$aiger24709$5778.genblk1.genblk1.genblk1.genblk1.genblk1.lut0 (4 -> 3)
  Optimizing lut $abc$24710$lut$aiger24709$4529.genblk1.genblk1.genblk1.genblk1.genblk1.lut0 (4 -> 3)
  Optimizing lut $abc$24710$lut$aiger24709$4826.genblk1.genblk1.genblk1.genblk1.genblk1.lut0 (4 -> 3)
  Optimizing lut $abc$24710$lut$aiger24709$3745.genblk1.genblk1.genblk1.genblk1.genblk1.lut0 (4 -> 3)
  Optimizing lut $abc$24710$lut$aiger24709$4994.genblk1.genblk1.genblk1.genblk1.genblk1.lut0 (4 -> 3)
  Optimizing lut $abc$24710$lut$aiger24709$5138.genblk1.genblk1.genblk1.genblk1.genblk1.genblk1.lut0.genblk1.genblk1.genblk1.genblk1.genblk1.lut1 (4 -> 3)
  Optimizing lut $abc$24710$lut$aiger24709$5386.genblk1.genblk1.genblk1.genblk1.genblk1.lut0 (4 -> 3)
  Optimizing lut $abc$24710$lut$aiger24709$4631.genblk1.genblk1.genblk1.genblk1.genblk1.lut0 (4 -> 3)
  Optimizing lut $abc$24710$lut$aiger24709$3500.genblk1.genblk1.genblk1.genblk1.genblk1.genblk1.lut0.genblk1.genblk1.genblk1.genblk1.genblk1.lut1 (4 -> 3)
  Optimizing lut $abc$24710$lut$aiger24709$5784.genblk1.genblk1.genblk1.genblk1.genblk1.lut0 (4 -> 3)
  Optimizing lut $abc$24710$lut$aiger24709$4808.genblk1.genblk1.genblk1.genblk1.genblk1.lut0 (4 -> 3)
  Optimizing lut $abc$24710$lut$aiger24709$3739.genblk1.genblk1.genblk1.genblk1.genblk1.lut0 (4 -> 3)
  Optimizing lut $abc$24710$lut$aiger24709$5210.genblk1.genblk1.genblk1.genblk1.genblk1.genblk1.lut0.genblk1.genblk1.genblk1.genblk1.genblk1.lut1 (4 -> 3)
  Optimizing lut $abc$24710$lut$aiger24709$5296.genblk1.genblk1.genblk1.genblk1.genblk1.lut0 (4 -> 3)
  Optimizing lut $abc$24710$lut$aiger24709$3492.genblk1.genblk1.genblk1.genblk1.genblk1.genblk1.lut0.genblk1.genblk1.genblk1.genblk1.genblk1.lut1 (4 -> 3)
  Optimizing lut $abc$24710$lut$aiger24709$5628.genblk1.genblk1.genblk1.genblk1.genblk1.lut0 (4 -> 3)
  Optimizing lut $abc$24710$lut$aiger24709$4200.genblk1.genblk1.genblk1.genblk1.genblk1.lut0 (4 -> 3)
  Optimizing lut $abc$24710$lut$aiger24709$6002.genblk1.genblk1.genblk1.genblk1.genblk1.lut0 (4 -> 3)
  Optimizing lut $abc$24710$lut$aiger24709$4379.genblk1.genblk1.genblk1.genblk1.genblk1.genblk1.lut0.genblk1.genblk1.genblk1.genblk1.genblk1.lut1 (4 -> 3)
  Optimizing lut $abc$24710$lut$aiger24709$5392.genblk1.genblk1.genblk1.genblk1.genblk1.lut0 (4 -> 3)
  Optimizing lut $abc$24710$lut$aiger24709$5796.genblk1.genblk1.genblk1.genblk1.genblk1.lut0 (4 -> 3)
  Optimizing lut $abc$24710$lut$aiger24709$6008.genblk1.genblk1.genblk1.genblk1.genblk1.lut0 (4 -> 3)
  Optimizing lut $abc$24710$lut$aiger24709$3727.genblk1.genblk1.genblk1.genblk1.genblk1.lut0 (4 -> 3)
  Optimizing lut $abc$24710$lut$aiger24709$5084.genblk1.genblk1.genblk1.genblk1.genblk1.lut0 (4 -> 3)
  Optimizing lut $abc$24710$lut$aiger24709$5634.genblk1.genblk1.genblk1.genblk1.genblk1.lut0 (4 -> 3)
  Optimizing lut $abc$24710$lut$aiger24709$4523.genblk1.genblk1.genblk1.genblk1.genblk1.lut0 (4 -> 3)
  Optimizing lut $abc$24710$lut$aiger24709$3476.genblk1.genblk1.genblk1.genblk1.genblk1.genblk1.lut0.genblk1.genblk1.genblk1.genblk1.genblk1.lut1 (4 -> 3)
  Optimizing lut $abc$24710$lut$aiger24709$4194.genblk1.genblk1.genblk1.genblk1.genblk1.lut0 (4 -> 3)
  Optimizing lut $abc$24710$lut$aiger24709$3721.genblk1.genblk1.genblk1.genblk1.genblk1.lut0 (4 -> 3)
  Optimizing lut $abc$24710$lut$aiger24709$5802.genblk1.genblk1.genblk1.genblk1.genblk1.lut0 (4 -> 3)
  Optimizing lut $abc$24710$lut$aiger24709$4289.genblk1.genblk1.genblk1.genblk1.genblk1.lut0 (4 -> 3)
  Optimizing lut $abc$24710$lut$aiger24709$4850.genblk1.genblk1.genblk1.genblk1.genblk1.lut0 (4 -> 3)
  Optimizing lut $abc$24710$lut$aiger24709$5146.genblk1.genblk1.genblk1.genblk1.genblk1.genblk1.lut0.genblk1.genblk1.genblk1.genblk1.genblk1.lut1 (4 -> 3)
  Optimizing lut $abc$24710$lut$aiger24709$6020.genblk1.genblk1.genblk1.genblk1.genblk1.lut0 (4 -> 3)
  Optimizing lut $abc$24710$lut$aiger24709$5398.genblk1.genblk1.genblk1.genblk1.genblk1.lut0 (4 -> 3)
  Optimizing lut $abc$24710$lut$aiger24709$4916.genblk1.genblk1.genblk1.genblk1.genblk1.lut0 (4 -> 3)
  Optimizing lut $abc$24710$lut$aiger24709$5808.genblk1.genblk1.genblk1.genblk1.genblk1.lut0 (4 -> 3)
  Optimizing lut $abc$24710$lut$aiger24709$6026.genblk1.genblk1.genblk1.genblk1.genblk1.lut0 (4 -> 3)
  Optimizing lut $abc$24710$lut$aiger24709$4625.genblk1.genblk1.genblk1.genblk1.genblk1.lut0 (4 -> 3)
  Optimizing lut $abc$24710$lut$aiger24709$5308.genblk1.genblk1.genblk1.genblk1.genblk1.lut0 (4 -> 3)
  Optimizing lut $abc$24710$lut$aiger24709$5646.genblk1.genblk1.genblk1.genblk1.genblk1.lut0 (4 -> 3)
  Optimizing lut $abc$24710$lut$aiger24709$3709.genblk1.genblk1.genblk1.genblk1.genblk1.lut0 (4 -> 3)
  Optimizing lut $abc$24710$lut$aiger24709$5814.genblk1.genblk1.genblk1.genblk1.genblk1.lut0 (4 -> 3)
  Optimizing lut $abc$24710$lut$aiger24709$4371.genblk1.genblk1.genblk1.genblk1.genblk1.genblk1.lut0.genblk1.genblk1.genblk1.genblk1.genblk1.lut1 (4 -> 3)
  Optimizing lut $abc$24710$lut$aiger24709$6032.genblk1.genblk1.genblk1.genblk1.genblk1.lut0 (4 -> 3)
  Optimizing lut $abc$24710$lut$aiger24709$3452.genblk1.genblk1.genblk1.genblk1.genblk1.genblk1.lut0.genblk1.genblk1.genblk1.genblk1.genblk1.lut1 (4 -> 3)
  Optimizing lut $abc$24710$lut$aiger24709$5000.genblk1.genblk1.genblk1.genblk1.genblk1.lut0 (4 -> 3)
  Optimizing lut $abc$24710$lut$aiger24709$5404.genblk1.genblk1.genblk1.genblk1.genblk1.lut0 (4 -> 3)
  Optimizing lut $abc$24710$lut$aiger24709$6038.genblk1.genblk1.genblk1.genblk1.genblk1.lut0 (4 -> 3)
  Optimizing lut $abc$24710$lut$aiger24709$5224.genblk1.genblk1.genblk1.genblk1.genblk1.lut0 (4 -> 3)
  Optimizing lut $abc$24710$lut$aiger24709$3444.genblk1.genblk1.genblk1.genblk1.genblk1.genblk1.lut0.genblk1.genblk1.genblk1.genblk1.genblk1.lut1 (4 -> 3)
  Optimizing lut $abc$24710$lut$aiger24709$5652.genblk1.genblk1.genblk1.genblk1.genblk1.lut0 (4 -> 3)
  Optimizing lut $abc$24710$lut$aiger24709$5820.genblk1.genblk1.genblk1.genblk1.genblk1.lut0 (4 -> 3)
  Optimizing lut $abc$24710$lut$aiger24709$3697.genblk1.genblk1.genblk1.genblk1.genblk1.lut0 (4 -> 3)
  Optimizing lut $abc$24710$lut$aiger24709$3904.genblk1.genblk1.genblk1.genblk1.genblk1.lut0 (4 -> 3)
  Optimizing lut $abc$24710$lut$aiger24709$5090.genblk1.genblk1.genblk1.genblk1.genblk1.lut0 (4 -> 3)
  Optimizing lut $abc$24710$lut$aiger24709$4182.genblk1.genblk1.genblk1.genblk1.genblk1.lut0 (4 -> 3)
  Optimizing lut $abc$24710$lut$aiger24709$3691.genblk1.genblk1.genblk1.genblk1.genblk1.lut0 (4 -> 3)
  Optimizing lut $abc$24710$lut$aiger24709$5410.genblk1.genblk1.genblk1.genblk1.genblk1.lut0 (4 -> 3)
  Optimizing lut $abc$24710$lut$aiger24709$5826.genblk1.genblk1.genblk1.genblk1.genblk1.lut0 (4 -> 3)
  Optimizing lut $abc$24710$lut$aiger24709$5658.genblk1.genblk1.genblk1.genblk1.genblk1.lut0 (4 -> 3)
  Optimizing lut $abc$24710$lut$aiger24709$6050.genblk1.genblk1.genblk1.genblk1.genblk1.lut0 (4 -> 3)
  Optimizing lut $abc$24710$lut$aiger24709$4447.genblk1.genblk1.genblk1.genblk1.genblk1.lut0 (4 -> 3)
  Optimizing lut $abc$24710$lut$aiger24709$4874.genblk1.genblk1.genblk1.genblk1.genblk1.lut0 (4 -> 3)
  Optimizing lut $abc$24710$lut$aiger24709$4571.genblk1.genblk1.genblk1.genblk1.genblk1.lut0 (4 -> 3)
  Optimizing lut $abc$24710$lut$aiger24709$3685.genblk1.genblk1.genblk1.genblk1.genblk1.lut0 (4 -> 3)
  Optimizing lut $abc$24710$lut$aiger24709$4363.genblk1.genblk1.genblk1.genblk1.genblk1.genblk1.lut0.genblk1.genblk1.genblk1.genblk1.genblk1.lut1 (4 -> 3)
  Optimizing lut $abc$24710$lut$aiger24709$5834.genblk1.genblk1.genblk1.genblk1.genblk1.genblk1.lut0.genblk1.genblk1.genblk1.genblk1.genblk1.lut1 (4 -> 3)
  Optimizing lut $abc$24710$lut$aiger24709$5230.genblk1.genblk1.genblk1.genblk1.genblk1.lut0 (4 -> 3)
  Optimizing lut $abc$24710$lut$aiger24709$5842.genblk1.genblk1.genblk1.genblk1.genblk1.genblk1.lut0.genblk1.genblk1.genblk1.genblk1.genblk1.lut1 (4 -> 3)
  Optimizing lut $abc$24710$lut$aiger24709$4176.genblk1.genblk1.genblk1.genblk1.genblk1.lut0 (4 -> 3)
  Optimizing lut $abc$24710$lut$aiger24709$4512.genblk1.genblk1.genblk1.genblk1.genblk1.lut0 (4 -> 3)
  Optimizing lut $abc$24710$lut$aiger24709$6062.genblk1.genblk1.genblk1.genblk1.genblk1.lut0 (4 -> 3)
  Optimizing lut $abc$24710$lut$aiger24709$4441.genblk1.genblk1.genblk1.genblk1.genblk1.lut0 (4 -> 3)
  Optimizing lut $abc$24710$lut$aiger24709$5320.genblk1.genblk1.genblk1.genblk1.genblk1.lut0 (4 -> 3)
  Optimizing lut $abc$24710$lut$aiger24709$4619.genblk1.genblk1.genblk1.genblk1.genblk1.lut0 (4 -> 3)
  Optimizing lut $abc$24710$lut$aiger24709$3422.genblk1.genblk1.genblk1.genblk1.genblk1.lut0 (4 -> 3)
  Optimizing lut $abc$24710$lut$aiger24709$3673.genblk1.genblk1.genblk1.genblk1.genblk1.lut0 (4 -> 3)
  Optimizing lut $abc$24710$lut$aiger24709$4271.genblk1.genblk1.genblk1.genblk1.genblk1.lut0 (4 -> 3)
  Optimizing lut $abc$24710$lut$aiger24709$5850.genblk1.genblk1.genblk1.genblk1.genblk1.genblk1.lut0.genblk1.genblk1.genblk1.genblk1.genblk1.lut1 (4 -> 3)
  Optimizing lut $abc$24710$lut$aiger24709$5670.genblk1.genblk1.genblk1.genblk1.genblk1.lut0 (4 -> 3)
  Optimizing lut $abc$24710$lut$aiger24709$6068.genblk1.genblk1.genblk1.genblk1.genblk1.lut0 (4 -> 3)
  Optimizing lut $abc$24710$lut$aiger24709$4719.genblk1.genblk1.genblk1.genblk1.genblk1.lut0 (4 -> 3)
  Optimizing lut $abc$24710$lut$aiger24709$5006.genblk1.genblk1.genblk1.genblk1.genblk1.lut0 (4 -> 3)
  Optimizing lut $abc$24710$lut$aiger24709$5048.genblk1.genblk1.genblk1.genblk1.genblk1.lut0 (4 -> 3)
  Optimizing lut $abc$24710$lut$aiger24709$4170.genblk1.genblk1.genblk1.genblk1.genblk1.lut0 (4 -> 3)
  Optimizing lut $abc$24710$lut$aiger24709$6074.genblk1.genblk1.genblk1.genblk1.genblk1.lut0 (4 -> 3)
  Optimizing lut $abc$24710$lut$aiger24709$5236.genblk1.genblk1.genblk1.genblk1.genblk1.lut0 (4 -> 3)
  Optimizing lut $abc$24710$lut$aiger24709$3410.genblk1.genblk1.genblk1.genblk1.genblk1.lut0 (4 -> 3)
  Optimizing lut $abc$24710$lut$aiger24709$4355.genblk1.genblk1.genblk1.genblk1.genblk1.genblk1.lut0.genblk1.genblk1.genblk1.genblk1.genblk1.lut1 (4 -> 3)
  Optimizing lut $abc$24710$lut$aiger24709$4832.genblk1.genblk1.genblk1.genblk1.genblk1.lut0 (4 -> 3)
  Optimizing lut $abc$24710$lut$aiger24709$5676.genblk1.genblk1.genblk1.genblk1.genblk1.lut0 (4 -> 3)
  Optimizing lut $abc$24710$lut$aiger24709$5098.genblk1.genblk1.genblk1.genblk1.genblk1.genblk1.lut0.genblk1.genblk1.genblk1.genblk1.genblk1.lut1 (4 -> 3)
  Optimizing lut $abc$24710$lut$aiger24709$6080.genblk1.genblk1.genblk1.genblk1.genblk1.lut0 (4 -> 3)
  Optimizing lut $abc$24710$lut$aiger24709$5858.genblk1.genblk1.genblk1.genblk1.genblk1.genblk1.lut0.genblk1.genblk1.genblk1.genblk1.genblk1.lut1 (4 -> 3)
  Optimizing lut $abc$24710$lut$aiger24709$3404.genblk1.genblk1.genblk1.genblk1.genblk1.lut0 (4 -> 3)
  Optimizing lut $abc$24710$lut$aiger24709$4265.genblk1.genblk1.genblk1.genblk1.genblk1.lut0 (4 -> 3)
  Optimizing lut $abc$24710$lut$aiger24709$4565.genblk1.genblk1.genblk1.genblk1.genblk1.lut0 (4 -> 3)
  Optimizing lut $abc$24710$lut$aiger24709$4044.genblk1.genblk1.genblk1.genblk1.genblk1.lut0 (4 -> 3)
  Optimizing lut $abc$24710$lut$aiger24709$3659.genblk1.genblk1.genblk1.genblk1.genblk1.lut0 (4 -> 3)
  Optimizing lut $abc$24710$lut$aiger24709$5162.genblk1.genblk1.genblk1.genblk1.genblk1.genblk1.lut0.genblk1.genblk1.genblk1.genblk1.genblk1.lut1 (4 -> 3)
  Optimizing lut $abc$24710$lut$aiger24709$3398.genblk1.genblk1.genblk1.genblk1.genblk1.lut0 (4 -> 3)
  Optimizing lut $abc$24710$lut$aiger24709$6086.genblk1.genblk1.genblk1.genblk1.genblk1.lut0 (4 -> 3)
  Optimizing lut $abc$24710$lut$aiger24709$3653.genblk1.genblk1.genblk1.genblk1.genblk1.lut0 (4 -> 3)
  Optimizing lut $abc$24710$lut$aiger24709$5866.genblk1.genblk1.genblk1.genblk1.genblk1.genblk1.lut0.genblk1.genblk1.genblk1.genblk1.genblk1.lut1 (4 -> 3)
  Optimizing lut $abc$24710$lut$aiger24709$5682.genblk1.genblk1.genblk1.genblk1.genblk1.lut0 (4 -> 3)
  Optimizing lut $abc$24710$lut$aiger24709$4164.genblk1.genblk1.genblk1.genblk1.genblk1.lut0 (4 -> 3)
  Optimizing lut $abc$24710$lut$aiger24709$3865.genblk1.genblk1.genblk1.genblk1.genblk1.lut0 (4 -> 3)
  Optimizing lut $abc$24710$lut$aiger24709$4886.genblk1.genblk1.genblk1.genblk1.genblk1.lut0 (4 -> 3)
  Optimizing lut $abc$24710$lut$aiger24709$4844.genblk1.genblk1.genblk1.genblk1.genblk1.lut0 (4 -> 3)
  Optimizing lut $abc$24710$lut$aiger24709$4655.genblk1.genblk1.genblk1.genblk1.genblk1.lut0 (4 -> 3)
  Optimizing lut $abc$24710$lut$aiger24709$5242.genblk1.genblk1.genblk1.genblk1.genblk1.lut0 (4 -> 3)
  Optimizing lut $abc$24710$lut$aiger24709$3392.genblk1.genblk1.genblk1.genblk1.genblk1.lut0 (4 -> 3)
  Optimizing lut $abc$24710$lut$aiger24709$3859.genblk1.genblk1.genblk1.genblk1.genblk1.lut0 (4 -> 3)
  Optimizing lut $abc$24710$lut$aiger24709$3647.genblk1.genblk1.genblk1.genblk1.genblk1.lut0 (4 -> 3)
  Optimizing lut $abc$24710$lut$aiger24709$5550.genblk1.genblk1.genblk1.genblk1.genblk1.lut0 (4 -> 3)
  Optimizing lut $abc$24710$lut$aiger24709$4347.genblk1.genblk1.genblk1.genblk1.genblk1.genblk1.lut0.genblk1.genblk1.genblk1.genblk1.genblk1.lut1 (4 -> 3)
  Optimizing lut $abc$24710$lut$aiger24709$4922.genblk1.genblk1.genblk1.genblk1.genblk1.lut0 (4 -> 3)
  Optimizing lut $abc$24710$lut$aiger24709$3386.genblk1.genblk1.genblk1.genblk1.genblk1.lut0 (4 -> 3)
  Optimizing lut $abc$24710$lut$aiger24709$5688.genblk1.genblk1.genblk1.genblk1.genblk1.lut0 (4 -> 3)
  Optimizing lut $abc$24710$lut$aiger24709$5332.genblk1.genblk1.genblk1.genblk1.genblk1.lut0 (4 -> 3)
  Optimizing lut $abc$24710$lut$aiger24709$4500.genblk1.genblk1.genblk1.genblk1.genblk1.lut0 (4 -> 3)
  Optimizing lut $abc$24710$lut$aiger24709$3641.genblk1.genblk1.genblk1.genblk1.genblk1.lut0 (4 -> 3)
  Optimizing lut $abc$24710$lut$aiger24709$3853.genblk1.genblk1.genblk1.genblk1.genblk1.lut0 (4 -> 3)
  Optimizing lut $abc$24710$lut$aiger24709$4946.genblk1.genblk1.genblk1.genblk1.genblk1.lut0 (4 -> 3)
  Optimizing lut $abc$24710$lut$aiger24709$4158.genblk1.genblk1.genblk1.genblk1.genblk1.lut0 (4 -> 3)
  Optimizing lut $abc$24710$lut$aiger24709$4427.genblk1.genblk1.genblk1.genblk1.genblk1.genblk1.lut0.genblk1.genblk1.genblk1.genblk1.genblk1.lut1 (4 -> 3)
  Optimizing lut $abc$24710$lut$aiger24709$3380.genblk1.genblk1.genblk1.genblk1.genblk1.lut0 (4 -> 3)
  Optimizing lut $abc$24710$lut$aiger24709$5170.genblk1.genblk1.genblk1.genblk1.genblk1.genblk1.lut0.genblk1.genblk1.genblk1.genblk1.genblk1.lut1 (4 -> 3)
  Optimizing lut $abc$24710$lut$aiger24709$5054.genblk1.genblk1.genblk1.genblk1.genblk1.lut0 (4 -> 3)
  Optimizing lut $abc$24710$lut$aiger24709$6104.genblk1.genblk1.genblk1.genblk1.genblk1.lut0 (4 -> 3)
  Optimizing lut $abc$24710$lut$aiger24709$3635.genblk1.genblk1.genblk1.genblk1.genblk1.lut0 (4 -> 3)
  Optimizing lut $abc$24710$lut$aiger24709$5694.genblk1.genblk1.genblk1.genblk1.genblk1.lut0 (4 -> 3)
  Optimizing lut $abc$24710$lut$aiger24709$5556.genblk1.genblk1.genblk1.genblk1.genblk1.lut0 (4 -> 3)
  Optimizing lut $abc$24710$lut$aiger24709$3374.genblk1.genblk1.genblk1.genblk1.genblk1.lut0 (4 -> 3)
  Optimizing lut $abc$24710$lut$aiger24709$3847.genblk1.genblk1.genblk1.genblk1.genblk1.lut0 (4 -> 3)
  Optimizing lut $abc$24710$lut$aiger24709$4559.genblk1.genblk1.genblk1.genblk1.genblk1.lut0 (4 -> 3)
  Optimizing lut $abc$24710$lut$aiger24709$5248.genblk1.genblk1.genblk1.genblk1.genblk1.lut0 (4 -> 3)
  Optimizing lut $abc$24710$lut$aiger24709$4976.genblk1.genblk1.genblk1.genblk1.genblk1.lut0 (4 -> 3)
  Optimizing lut $abc$24710$lut$aiger24709$5012.genblk1.genblk1.genblk1.genblk1.genblk1.lut0 (4 -> 3)
  Optimizing lut $abc$24710$lut$aiger24709$5338.genblk1.genblk1.genblk1.genblk1.genblk1.lut0 (4 -> 3)
  Optimizing lut $abc$24710$lut$aiger24709$5882.genblk1.genblk1.genblk1.genblk1.genblk1.genblk1.lut0.genblk1.genblk1.genblk1.genblk1.genblk1.lut1 (4 -> 3)
  Optimizing lut $abc$24710$lut$aiger24709$6110.genblk1.genblk1.genblk1.genblk1.genblk1.lut0 (4 -> 3)
  Optimizing lut $abc$24710$lut$aiger24709$3629.genblk1.genblk1.genblk1.genblk1.genblk1.lut0 (4 -> 3)
  Optimizing lut $abc$24710$lut$aiger24709$3368.genblk1.genblk1.genblk1.genblk1.genblk1.lut0 (4 -> 3)
  Optimizing lut $abc$24710$lut$aiger24709$4152.genblk1.genblk1.genblk1.genblk1.genblk1.lut0 (4 -> 3)
  Optimizing lut $abc$24710$lut$aiger24709$4254.genblk1.genblk1.genblk1.genblk1.genblk1.lut0 (4 -> 3)
  Optimizing lut $abc$24710$lut$aiger24709$3841.genblk1.genblk1.genblk1.genblk1.genblk1.lut0 (4 -> 3)
  Optimizing lut $abc$24710$lut$aiger24709$5700.genblk1.genblk1.genblk1.genblk1.genblk1.lut0 (4 -> 3)
  Optimizing lut $abc$24710$lut$aiger24709$4339.genblk1.genblk1.genblk1.genblk1.genblk1.genblk1.lut0.genblk1.genblk1.genblk1.genblk1.genblk1.lut1 (4 -> 3)
  Optimizing lut $abc$24710$lut$aiger24709$4820.genblk1.genblk1.genblk1.genblk1.genblk1.lut0 (4 -> 3)
  Optimizing lut $abc$24710$lut$aiger24709$6116.genblk1.genblk1.genblk1.genblk1.genblk1.lut0 (4 -> 3)
  Optimizing lut $abc$24710$lut$aiger24709$3623.genblk1.genblk1.genblk1.genblk1.genblk1.lut0 (4 -> 3)
  Optimizing lut $abc$24710$lut$aiger24709$3362.genblk1.genblk1.genblk1.genblk1.genblk1.lut0 (4 -> 3)
  Optimizing lut $abc$24710$lut$aiger24709$4494.genblk1.genblk1.genblk1.genblk1.genblk1.lut0 (4 -> 3)
  Optimizing lut $abc$24710$lut$aiger24709$4856.genblk1.genblk1.genblk1.genblk1.genblk1.lut0 (4 -> 3)
  Optimizing lut $abc$24710$lut$aiger24709$5890.genblk1.genblk1.genblk1.genblk1.genblk1.genblk1.lut0.genblk1.genblk1.genblk1.genblk1.genblk1.lut1 (4 -> 3)
  Optimizing lut $abc$24710$lut$aiger24709$4904.genblk1.genblk1.genblk1.genblk1.genblk1.lut0 (4 -> 3)
  Optimizing lut $abc$24710$lut$aiger24709$3835.genblk1.genblk1.genblk1.genblk1.genblk1.lut0 (4 -> 3)
  Optimizing lut $abc$24710$lut$aiger24709$4248.genblk1.genblk1.genblk1.genblk1.genblk1.lut0 (4 -> 3)
  Optimizing lut $abc$24710$lut$aiger24709$4607.genblk1.genblk1.genblk1.genblk1.genblk1.lut0 (4 -> 3)
  Optimizing lut $abc$24710$lut$aiger24709$4419.genblk1.genblk1.genblk1.genblk1.genblk1.genblk1.lut0.genblk1.genblk1.genblk1.genblk1.genblk1.lut1 (4 -> 3)
  Optimizing lut $abc$24710$lut$aiger24709$5706.genblk1.genblk1.genblk1.genblk1.genblk1.lut0 (4 -> 3)
  Optimizing lut $abc$24710$lut$aiger24709$3356.genblk1.genblk1.genblk1.genblk1.genblk1.lut0 (4 -> 3)
  Optimizing lut $abc$24710$lut$aiger24709$6122.genblk1.genblk1.genblk1.genblk1.genblk1.lut0 (4 -> 3)
  Optimizing lut $abc$24710$lut$aiger24709$3617.genblk1.genblk1.genblk1.genblk1.genblk1.lut0 (4 -> 3)
  Optimizing lut $abc$24710$lut$aiger24709$5254.genblk1.genblk1.genblk1.genblk1.genblk1.lut0 (4 -> 3)
  Optimizing lut $abc$24710$lut$aiger24709$4868.genblk1.genblk1.genblk1.genblk1.genblk1.lut0 (4 -> 3)
  Optimizing lut $abc$24710$lut$aiger24709$5344.genblk1.genblk1.genblk1.genblk1.genblk1.lut0 (4 -> 3)
  Optimizing lut $abc$24710$lut$aiger24709$4649.genblk1.genblk1.genblk1.genblk1.genblk1.lut0 (4 -> 3)
  Optimizing lut $abc$24710$lut$aiger24709$5568.genblk1.genblk1.genblk1.genblk1.genblk1.lut0 (4 -> 3)
  Optimizing lut $abc$24710$lut$aiger24709$3829.genblk1.genblk1.genblk1.genblk1.genblk1.lut0 (4 -> 3)
  Optimizing lut $abc$24710$lut$aiger24709$3350.genblk1.genblk1.genblk1.genblk1.genblk1.lut0 (4 -> 3)
  Optimizing lut $abc$24710$lut$aiger24709$5898.genblk1.genblk1.genblk1.genblk1.genblk1.genblk1.lut0.genblk1.genblk1.genblk1.genblk1.genblk1.lut1 (4 -> 3)
  Optimizing lut $abc$24710$lut$aiger24709$6128.genblk1.genblk1.genblk1.genblk1.genblk1.lut0 (4 -> 3)
  Optimizing lut $abc$24710$lut$aiger24709$3611.genblk1.genblk1.genblk1.genblk1.genblk1.lut0 (4 -> 3)
  Optimizing lut $abc$24710$lut$aiger24709$5712.genblk1.genblk1.genblk1.genblk1.genblk1.lut0 (4 -> 3)
  Optimizing lut $abc$24710$lut$aiger24709$5178.genblk1.genblk1.genblk1.genblk1.genblk1.genblk1.lut0.genblk1.genblk1.genblk1.genblk1.genblk1.lut1 (4 -> 3)
  Optimizing lut $abc$24710$lut$aiger24709$3344.genblk1.genblk1.genblk1.genblk1.genblk1.lut0 (4 -> 3)
  Optimizing lut $abc$24710$lut$aiger24709$3823.genblk1.genblk1.genblk1.genblk1.genblk1.lut0 (4 -> 3)
  Optimizing lut $abc$24710$lut$aiger24709$6134.genblk1.genblk1.genblk1.genblk1.genblk1.lut0 (4 -> 3)
  Optimizing lut $abc$24710$lut$aiger24709$3605.genblk1.genblk1.genblk1.genblk1.genblk1.lut0 (4 -> 3)
  Optimizing lut $abc$24710$lut$aiger24709$4140.genblk1.genblk1.genblk1.genblk1.genblk1.lut0 (4 -> 3)
  Optimizing lut $abc$24710$lut$aiger24709$4242.genblk1.genblk1.genblk1.genblk1.genblk1.lut0 (4 -> 3)
  Optimizing lut $abc$24710$lut$aiger24709$4488.genblk1.genblk1.genblk1.genblk1.genblk1.lut0 (4 -> 3)
  Optimizing lut $abc$24710$lut$aiger24709$5260.genblk1.genblk1.genblk1.genblk1.genblk1.lut0 (4 -> 3)
  Optimizing lut $abc$24710$lut$aiger24709$3338.genblk1.genblk1.genblk1.genblk1.genblk1.lut0 (4 -> 3)
  Optimizing lut $abc$24710$lut$aiger24709$5574.genblk1.genblk1.genblk1.genblk1.genblk1.lut0 (4 -> 3)
  Optimizing lut $abc$24710$lut$aiger24709$5906.genblk1.genblk1.genblk1.genblk1.genblk1.genblk1.lut0.genblk1.genblk1.genblk1.genblk1.genblk1.lut1 (4 -> 3)
  Optimizing lut $abc$24710$lut$aiger24709$5718.genblk1.genblk1.genblk1.genblk1.genblk1.lut0 (4 -> 3)
  Optimizing lut $abc$24710$lut$aiger24709$5114.genblk1.genblk1.genblk1.genblk1.genblk1.genblk1.lut0.genblk1.genblk1.genblk1.genblk1.genblk1.lut1 (4 -> 3)
  Optimizing lut $abc$24710$lut$aiger24709$5350.genblk1.genblk1.genblk1.genblk1.genblk1.lut0 (4 -> 3)
  Optimizing lut $abc$24710$lut$aiger24709$6140.genblk1.genblk1.genblk1.genblk1.genblk1.lut0 (4 -> 3)
  Optimizing lut $abc$24710$lut$aiger24709$3599.genblk1.genblk1.genblk1.genblk1.genblk1.lut0 (4 -> 3)
  Optimizing lut $abc$24710$lut$aiger24709$3332.genblk1.genblk1.genblk1.genblk1.genblk1.lut0 (4 -> 3)
  Optimizing lut $abc$24710$lut$aiger24709$5018.genblk1.genblk1.genblk1.genblk1.genblk1.lut0 (4 -> 3)
  Optimizing lut $abc$24710$lut$aiger24709$6146.genblk1.genblk1.genblk1.genblk1.genblk1.lut0 (4 -> 3)
  Optimizing lut $abc$24710$lut$aiger24709$4134.genblk1.genblk1.genblk1.genblk1.genblk1.lut0 (4 -> 3)
  Optimizing lut $abc$24710$lut$aiger24709$4601.genblk1.genblk1.genblk1.genblk1.genblk1.lut0 (4 -> 3)
  Optimizing lut $abc$24710$lut$aiger24709$3593.genblk1.genblk1.genblk1.genblk1.genblk1.lut0 (4 -> 3)
  Optimizing lut $abc$24710$lut$aiger24709$5724.genblk1.genblk1.genblk1.genblk1.genblk1.lut0 (4 -> 3)
  Optimizing lut $abc$24710$lut$aiger24709$5914.genblk1.genblk1.genblk1.genblk1.genblk1.genblk1.lut0.genblk1.genblk1.genblk1.genblk1.genblk1.lut1 (4 -> 3)
  Optimizing lut $abc$24710$lut$aiger24709$4323.genblk1.genblk1.genblk1.genblk1.genblk1.genblk1.lut0.genblk1.genblk1.genblk1.genblk1.genblk1.lut1 (4 -> 3)
  Optimizing lut $abc$24710$lut$aiger24709$5580.genblk1.genblk1.genblk1.genblk1.genblk1.lut0 (4 -> 3)
  Optimizing lut $abc$24710$lut$aiger24709$4236.genblk1.genblk1.genblk1.genblk1.genblk1.lut0 (4 -> 3)
  Optimizing lut $abc$24710$lut$aiger24709$4952.genblk1.genblk1.genblk1.genblk1.genblk1.lut0 (4 -> 3)
  Optimizing lut $abc$24710$lut$aiger24709$4547.genblk1.genblk1.genblk1.genblk1.genblk1.lut0 (4 -> 3)
  Optimizing lut $abc$24710$lut$aiger24709$3323.genblk1.genblk1.genblk1.genblk1.genblk1.lut0 (4 -> 3)
  Optimizing lut $abc$24710$lut$aiger24709$4814.genblk1.genblk1.genblk1.genblk1.genblk1.lut0 (4 -> 3)
  Optimizing lut $abc$24710$lut$aiger24709$5356.genblk1.genblk1.genblk1.genblk1.genblk1.lut0 (4 -> 3)
  Optimizing lut $abc$24710$lut$aiger24709$3317.genblk1.genblk1.genblk1.genblk1.genblk1.lut0 (4 -> 3)
  Optimizing lut $abc$24710$lut$aiger24709$5266.genblk1.genblk1.genblk1.genblk1.genblk1.lut0 (4 -> 3)
  Optimizing lut $abc$24710$lut$aiger24709$4482.genblk1.genblk1.genblk1.genblk1.genblk1.lut0 (4 -> 3)
  Optimizing lut $abc$24710$lut$aiger24709$3805.genblk1.genblk1.genblk1.genblk1.genblk1.lut0 (4 -> 3)
  Optimizing lut $abc$24710$lut$aiger24709$4928.genblk1.genblk1.genblk1.genblk1.genblk1.lut0 (4 -> 3)
  Optimizing lut $abc$24710$lut$aiger24709$5922.genblk1.genblk1.genblk1.genblk1.genblk1.genblk1.lut0.genblk1.genblk1.genblk1.genblk1.genblk1.lut1 (4 -> 3)
  Optimizing lut $abc$24710$lut$aiger24709$5186.genblk1.genblk1.genblk1.genblk1.genblk1.genblk1.lut0.genblk1.genblk1.genblk1.genblk1.genblk1.lut1 (4 -> 3)
  Optimizing lut $abc$24710$lut$aiger24709$4128.genblk1.genblk1.genblk1.genblk1.genblk1.lut0 (4 -> 3)
  Optimizing lut $abc$24710$lut$aiger24709$3581.genblk1.genblk1.genblk1.genblk1.genblk1.lut0 (4 -> 3)
  Optimizing lut $abc$24710$lut$aiger24709$3311.genblk1.genblk1.genblk1.genblk1.genblk1.lut0 (4 -> 3)
  Optimizing lut $abc$24710$lut$aiger24709$4643.genblk1.genblk1.genblk1.genblk1.genblk1.lut0 (4 -> 3)
  Optimizing lut $abc$24710$lut$aiger24709$5586.genblk1.genblk1.genblk1.genblk1.genblk1.lut0 (4 -> 3)
  Optimizing lut $abc$24710$lut$aiger24709$5930.genblk1.genblk1.genblk1.genblk1.genblk1.genblk1.lut0.genblk1.genblk1.genblk1.genblk1.genblk1.lut1 (4 -> 3)
  Optimizing lut $abc$24710$lut$aiger24709$3305.genblk1.genblk1.genblk1.genblk1.genblk1.lut0 (4 -> 3)
  Optimizing lut $abc$24710$lut$aiger24709$5736.genblk1.genblk1.genblk1.genblk1.genblk1.lut0 (4 -> 3)
  Optimizing lut $abc$24710$lut$aiger24709$3575.genblk1.genblk1.genblk1.genblk1.genblk1.lut0 (4 -> 3)
  Optimizing lut $abc$24710$lut$aiger24709$6172.genblk1.genblk1.genblk1.genblk1.genblk1.lut0 (4 -> 3)
  Optimizing lut $abc$24710$lut$aiger24709$4862.genblk1.genblk1.genblk1.genblk1.genblk1.lut0 (4 -> 3)
  Optimizing lut $abc$24710$lut$aiger24709$5122.genblk1.genblk1.genblk1.genblk1.genblk1.genblk1.lut0.genblk1.genblk1.genblk1.genblk1.genblk1.lut1 (4 -> 3)
  Optimizing lut $abc$24710$lut$aiger24709$5362.genblk1.genblk1.genblk1.genblk1.genblk1.lut0 (4 -> 3)
  Optimizing lut $abc$24710$lut$aiger24709$4403.genblk1.genblk1.genblk1.genblk1.genblk1.genblk1.lut0.genblk1.genblk1.genblk1.genblk1.genblk1.lut1 (4 -> 3)
  Optimizing lut $abc$24710$lut$aiger24709$5272.genblk1.genblk1.genblk1.genblk1.genblk1.lut0 (4 -> 3)
  Optimizing lut $abc$24710$lut$aiger24709$3299.genblk1.genblk1.genblk1.genblk1.genblk1.lut0 (4 -> 3)
  Optimizing lut $abc$24710$lut$aiger24709$3793.genblk1.genblk1.genblk1.genblk1.genblk1.lut0 (4 -> 3)
  Optimizing lut $abc$24710$lut$aiger24709$5592.genblk1.genblk1.genblk1.genblk1.genblk1.lut0 (4 -> 3)
  Optimizing lut $abc$24710$lut$aiger24709$3569.genblk1.genblk1.genblk1.genblk1.genblk1.lut0 (4 -> 3)
  Optimizing lut $abc$24710$lut$aiger24709$5938.genblk1.genblk1.genblk1.genblk1.genblk1.genblk1.lut0.genblk1.genblk1.genblk1.genblk1.genblk1.lut1 (4 -> 3)
  Optimizing lut $abc$24710$lut$aiger24709$5024.genblk1.genblk1.genblk1.genblk1.genblk1.lut0 (4 -> 3)
  Optimizing lut $abc$24710$lut$aiger24709$4476.genblk1.genblk1.genblk1.genblk1.genblk1.lut0 (4 -> 3)
  Optimizing lut $abc$24710$lut$aiger24709$4315.genblk1.genblk1.genblk1.genblk1.genblk1.genblk1.lut0.genblk1.genblk1.genblk1.genblk1.genblk1.lut1 (4 -> 3)
  Optimizing lut $abc$24710$lut$aiger24709$4541.genblk1.genblk1.genblk1.genblk1.genblk1.lut0 (4 -> 3)
  Optimizing lut $abc$24710$lut$aiger24709$3562.genblk1.genblk1.genblk1.genblk1.genblk1.genblk1.lut0.genblk1.genblk1.genblk1.genblk1.genblk1.lut1 (4 -> 3)
  Optimizing lut $abc$24710$lut$aiger24709$4224.genblk1.genblk1.genblk1.genblk1.genblk1.lut0 (4 -> 3)
  Optimizing lut $abc$24710$lut$aiger24709$5748.genblk1.genblk1.genblk1.genblk1.genblk1.lut0 (4 -> 3)
  Optimizing lut $abc$24710$lut$aiger24709$4116.genblk1.genblk1.genblk1.genblk1.genblk1.lut0 (4 -> 3)
  Optimizing lut $abc$24710$lut$aiger24709$3781.genblk1.genblk1.genblk1.genblk1.genblk1.lut0 (4 -> 3)
  Optimizing lut $abc$24710$lut$aiger24709$3221.genblk1.genblk1.genblk1.genblk1.genblk1.genblk1.genblk1.lut0.genblk1.genblk1.genblk1.genblk1.genblk1.genblk1.lut1.genblk1.genblk1.genblk1.genblk1.genblk1.lut0 (4 -> 0)
  Optimizing lut $abc$24710$lut$aiger24709$3281.genblk1.genblk1.genblk1.genblk1.genblk1.lut0 (4 -> 3)
  Optimizing lut $abc$24710$lut$aiger24709$3269.genblk1.genblk1.genblk1.genblk1.genblk1.lut0 (4 -> 3)
  Optimizing lut $abc$24710$lut$aiger24709$3263.genblk1.genblk1.genblk1.genblk1.genblk1.lut0 (4 -> 3)
  Optimizing lut $abc$24710$lut$aiger24709$3257.genblk1.genblk1.genblk1.genblk1.genblk1.lut0 (4 -> 3)
  Optimizing lut $abc$24710$lut$aiger24709$3251.genblk1.genblk1.genblk1.genblk1.genblk1.lut0 (4 -> 3)
  Optimizing lut $abc$24710$lut$aiger24709$3245.genblk1.genblk1.genblk1.genblk1.genblk1.lut0 (4 -> 3)
  Optimizing lut $abc$24710$lut$aiger24709$3239.genblk1.genblk1.genblk1.genblk1.genblk1.lut0 (4 -> 3)
  Optimizing lut $abc$24710$lut$aiger24709$3233.genblk1.genblk1.genblk1.genblk1.genblk1.lut0 (4 -> 3)
  Optimizing lut $abc$24710$lut$aiger24709$3227.genblk1.genblk1.genblk1.genblk1.genblk1.lut0 (4 -> 3)
  Optimizing lut $abc$24710$lut$aiger24709$3221.genblk1.genblk1.genblk1.genblk1.genblk1.genblk1.genblk1.lut1.genblk1.genblk1.genblk1.genblk1.genblk1.genblk1.lut1.genblk1.genblk1.genblk1.genblk1.genblk1.lut1 (4 -> 3)
  Optimizing lut $abc$24710$lut$aiger24709$3094.genblk1.genblk1.genblk1.genblk1.genblk1.lut0 (4 -> 3)
  Optimizing lut $abc$24710$lut$aiger24709$3059.genblk1.genblk1.genblk1.genblk1.genblk1.genblk1.genblk1.genblk1.lut1.genblk1.genblk1.genblk1.genblk1.genblk1.genblk1.genblk1.lut0.genblk1.genblk1.genblk1.genblk1.genblk1.genblk1.lut1.genblk1.genblk1.genblk1.genblk1.genblk1.lut1 (4 -> 0)
  Optimizing lut $abc$24710$lut$aiger24709$3050.genblk1.genblk1.genblk1.genblk1.genblk1.genblk1.genblk1.genblk1.lut1.genblk1.genblk1.genblk1.genblk1.genblk1.genblk1.genblk1.lut0.genblk1.genblk1.genblk1.genblk1.genblk1.genblk1.lut1.genblk1.genblk1.genblk1.genblk1.genblk1.lut1 (4 -> 3)
  Optimizing lut $abc$24710$lut$aiger24709$3009.genblk1.genblk1.genblk1.genblk1.genblk1.genblk1.genblk1.genblk1.lut0.genblk1.genblk1.genblk1.genblk1.genblk1.genblk1.genblk1.lut0.genblk1.genblk1.genblk1.genblk1.genblk1.genblk1.lut0.genblk1.genblk1.genblk1.genblk1.genblk1.lut1 (4 -> 0)
  Optimizing lut $abc$24710$lut$aiger24709$3002.genblk1.genblk1.genblk1.genblk1.genblk1.genblk1.genblk1.lut1.genblk1.genblk1.genblk1.genblk1.genblk1.genblk1.lut1.genblk1.genblk1.genblk1.genblk1.genblk1.lut1 (4 -> 3)
  Optimizing lut $abc$24710$lut$aiger24709$2996.genblk1.genblk1.genblk1.genblk1.genblk1.lut0 (4 -> 2)
  Optimizing lut $abc$24710$lut$aiger24709$2992.genblk1.genblk1.genblk1.genblk1.genblk1.lut0 (4 -> 0)
  Optimizing lut $abc$24710$lut$aiger24709$2934.genblk1.genblk1.genblk1.genblk1.genblk1.lut0 (4 -> 2)
  Optimizing lut $abc$24710$lut$aiger24709$2930.genblk1.genblk1.genblk1.genblk1.genblk1.lut0 (4 -> 0)
  Optimizing lut $abc$24710$lut$aiger24709$2677.genblk1.genblk1.genblk1.genblk1.genblk1.lut0 (4 -> 0)
  Optimizing lut $abc$24710$lut$aiger24709$2615.genblk1.genblk1.genblk1.genblk1.genblk1.lut0 (4 -> 0)
  Optimizing lut $abc$24710$lut$aiger24709$3562.genblk1.genblk1.genblk1.genblk1.genblk1.genblk1.lut1.genblk1.genblk1.genblk1.genblk1.genblk1.lut0 (4 -> 3)
  Optimizing lut $abc$24710$lut$aiger24709$3562.genblk1.genblk1.genblk1.genblk1.genblk1.genblk1.lut1.genblk1.genblk1.genblk1.genblk1.genblk1.lut1 (4 -> 3)
  Optimizing lut $abc$24710$lut$aiger24709$4116.genblk1.genblk1.genblk1.genblk1.genblk1.lut1 (4 -> 3)
  Optimizing lut $abc$24710$lut$aiger24709$5598.genblk1.genblk1.genblk1.genblk1.genblk1.lut1 (4 -> 3)
  Optimizing lut $abc$24710$lut$aiger24709$5748.genblk1.genblk1.genblk1.genblk1.genblk1.lut1 (4 -> 3)
  Optimizing lut $abc$24710$lut$aiger24709$5598.genblk1.genblk1.genblk1.genblk1.genblk1.lut0 (4 -> 3)
  Optimizing lut $abc$24710$lut$aiger24709$4892.genblk1.genblk1.genblk1.genblk1.genblk1.lut1 (4 -> 3)
  Optimizing lut $abc$24710$lut$aiger24709$3287.genblk1.genblk1.genblk1.genblk1.genblk1.lut1 (4 -> 3)
  Optimizing lut $abc$24710$lut$aiger24709$4892.genblk1.genblk1.genblk1.genblk1.genblk1.lut0 (4 -> 3)
  Optimizing lut $abc$24710$lut$aiger24709$4595.genblk1.genblk1.genblk1.genblk1.genblk1.lut1 (4 -> 3)
  Optimizing lut $abc$24710$lut$aiger24709$4224.genblk1.genblk1.genblk1.genblk1.genblk1.lut1 (4 -> 3)
  Optimizing lut $abc$24710$lut$aiger24709$4315.genblk1.genblk1.genblk1.genblk1.genblk1.genblk1.lut1.genblk1.genblk1.genblk1.genblk1.genblk1.lut0 (4 -> 3)
  Optimizing lut $abc$24710$lut$aiger24709$4315.genblk1.genblk1.genblk1.genblk1.genblk1.genblk1.lut1.genblk1.genblk1.genblk1.genblk1.genblk1.lut1 (4 -> 3)
  Optimizing lut $abc$24710$lut$aiger24709$4541.genblk1.genblk1.genblk1.genblk1.genblk1.lut1 (4 -> 3)
  Optimizing lut $abc$24710$lut$aiger24709$3787.genblk1.genblk1.genblk1.genblk1.genblk1.lut0 (4 -> 3)
  Optimizing lut $abc$24710$lut$aiger24709$5938.genblk1.genblk1.genblk1.genblk1.genblk1.genblk1.lut1.genblk1.genblk1.genblk1.genblk1.genblk1.lut0 (4 -> 3)
  Optimizing lut $abc$24710$lut$aiger24709$5938.genblk1.genblk1.genblk1.genblk1.genblk1.genblk1.lut1.genblk1.genblk1.genblk1.genblk1.genblk1.lut1 (4 -> 3)
  Optimizing lut $abc$24710$lut$aiger24709$5024.genblk1.genblk1.genblk1.genblk1.genblk1.lut1 (4 -> 3)
  Optimizing lut $abc$24710$lut$aiger24709$3293.genblk1.genblk1.genblk1.genblk1.genblk1.lut1 (4 -> 3)
  Optimizing lut $abc$24710$lut$aiger24709$4403.genblk1.genblk1.genblk1.genblk1.genblk1.genblk1.lut1.genblk1.genblk1.genblk1.genblk1.genblk1.lut0 (4 -> 3)
  Optimizing lut $abc$24710$lut$aiger24709$3293.genblk1.genblk1.genblk1.genblk1.genblk1.lut0 (4 -> 3)
  Optimizing lut $abc$24710$lut$aiger24709$4403.genblk1.genblk1.genblk1.genblk1.genblk1.genblk1.lut1.genblk1.genblk1.genblk1.genblk1.genblk1.lut1 (4 -> 3)
  Optimizing lut $abc$24710$lut$aiger24709$3569.genblk1.genblk1.genblk1.genblk1.genblk1.lut1 (4 -> 3)
  Optimizing lut $abc$24710$lut$aiger24709$5742.genblk1.genblk1.genblk1.genblk1.genblk1.lut0 (4 -> 3)
  Optimizing lut $abc$24710$lut$aiger24709$5592.genblk1.genblk1.genblk1.genblk1.genblk1.lut1 (4 -> 3)
  Optimizing lut $abc$24710$lut$aiger24709$3793.genblk1.genblk1.genblk1.genblk1.genblk1.lut1 (4 -> 3)
  Optimizing lut $abc$24710$lut$aiger24709$4122.genblk1.genblk1.genblk1.genblk1.genblk1.lut1 (4 -> 3)
  Optimizing lut $abc$24710$lut$aiger24709$3299.genblk1.genblk1.genblk1.genblk1.genblk1.lut1 (4 -> 3)
  Optimizing lut $abc$24710$lut$aiger24709$4122.genblk1.genblk1.genblk1.genblk1.genblk1.lut0 (4 -> 3)
  Optimizing lut $abc$24710$lut$aiger24709$5272.genblk1.genblk1.genblk1.genblk1.genblk1.lut1 (4 -> 3)
  Optimizing lut $abc$24710$lut$aiger24709$5122.genblk1.genblk1.genblk1.genblk1.genblk1.genblk1.lut1.genblk1.genblk1.genblk1.genblk1.genblk1.lut0 (4 -> 3)
  Optimizing lut $abc$24710$lut$aiger24709$5122.genblk1.genblk1.genblk1.genblk1.genblk1.genblk1.lut1.genblk1.genblk1.genblk1.genblk1.genblk1.lut1 (4 -> 3)
  Optimizing lut $abc$24710$lut$aiger24709$5930.genblk1.genblk1.genblk1.genblk1.genblk1.genblk1.lut1.genblk1.genblk1.genblk1.genblk1.genblk1.lut0 (4 -> 3)
  Optimizing lut $abc$24710$lut$aiger24709$5930.genblk1.genblk1.genblk1.genblk1.genblk1.genblk1.lut1.genblk1.genblk1.genblk1.genblk1.genblk1.lut1 (4 -> 3)
  Optimizing lut $abc$24710$lut$aiger24709$4862.genblk1.genblk1.genblk1.genblk1.genblk1.lut1 (4 -> 3)
  Optimizing lut $abc$24710$lut$aiger24709$4838.genblk1.genblk1.genblk1.genblk1.genblk1.lut0 (4 -> 3)
  Optimizing lut $abc$24710$lut$aiger24709$6172.genblk1.genblk1.genblk1.genblk1.genblk1.lut1 (4 -> 3)
  Optimizing lut $abc$24710$lut$aiger24709$3575.genblk1.genblk1.genblk1.genblk1.genblk1.lut1 (4 -> 3)
  Optimizing lut $abc$24710$lut$aiger24709$5736.genblk1.genblk1.genblk1.genblk1.genblk1.lut1 (4 -> 3)
  Optimizing lut $abc$24710$lut$aiger24709$3305.genblk1.genblk1.genblk1.genblk1.genblk1.lut1 (4 -> 3)
  Optimizing lut $abc$24710$lut$aiger24709$4230.genblk1.genblk1.genblk1.genblk1.genblk1.lut1 (4 -> 3)
  Optimizing lut $abc$24710$lut$aiger24709$3799.genblk1.genblk1.genblk1.genblk1.genblk1.lut1 (4 -> 3)
  Optimizing lut $abc$24710$lut$aiger24709$4230.genblk1.genblk1.genblk1.genblk1.genblk1.lut0 (4 -> 3)
  Optimizing lut $abc$24710$lut$aiger24709$5066.genblk1.genblk1.genblk1.genblk1.genblk1.lut1 (4 -> 3)
  Optimizing lut $abc$24710$lut$aiger24709$3799.genblk1.genblk1.genblk1.genblk1.genblk1.lut0 (4 -> 3)
  Optimizing lut $abc$24710$lut$aiger24709$5186.genblk1.genblk1.genblk1.genblk1.genblk1.genblk1.lut1.genblk1.genblk1.genblk1.genblk1.genblk1.lut0 (4 -> 3)
  Optimizing lut $abc$24710$lut$aiger24709$5066.genblk1.genblk1.genblk1.genblk1.genblk1.lut0 (4 -> 3)
  Optimizing lut $abc$24710$lut$aiger24709$5186.genblk1.genblk1.genblk1.genblk1.genblk1.genblk1.lut1.genblk1.genblk1.genblk1.genblk1.genblk1.lut1 (4 -> 3)
  Optimizing lut $abc$24710$lut$aiger24709$4643.genblk1.genblk1.genblk1.genblk1.genblk1.lut1 (4 -> 3)
  Optimizing lut $abc$24710$lut$aiger24709$3311.genblk1.genblk1.genblk1.genblk1.genblk1.lut1 (4 -> 3)
  Optimizing lut $abc$24710$lut$aiger24709$3581.genblk1.genblk1.genblk1.genblk1.genblk1.lut1 (4 -> 3)
  Optimizing lut $abc$24710$lut$aiger24709$4128.genblk1.genblk1.genblk1.genblk1.genblk1.lut1 (4 -> 3)
  Optimizing lut $abc$24710$lut$aiger24709$5922.genblk1.genblk1.genblk1.genblk1.genblk1.genblk1.lut1.genblk1.genblk1.genblk1.genblk1.genblk1.lut0 (4 -> 3)
  Optimizing lut $abc$24710$lut$aiger24709$5922.genblk1.genblk1.genblk1.genblk1.genblk1.genblk1.lut1.genblk1.genblk1.genblk1.genblk1.genblk1.lut1 (4 -> 3)
  Optimizing lut $abc$24710$lut$aiger24709$4323.genblk1.genblk1.genblk1.genblk1.genblk1.genblk1.lut1.genblk1.genblk1.genblk1.genblk1.genblk1.lut1 (4 -> 3)
  Optimizing lut $abc$24710$lut$aiger24709$5730.genblk1.genblk1.genblk1.genblk1.genblk1.lut1 (4 -> 3)
  Optimizing lut $abc$24710$lut$aiger24709$3805.genblk1.genblk1.genblk1.genblk1.genblk1.lut1 (4 -> 3)
  Optimizing lut $abc$24710$lut$aiger24709$5730.genblk1.genblk1.genblk1.genblk1.genblk1.lut0 (4 -> 3)
  Optimizing lut $abc$24710$lut$aiger24709$4482.genblk1.genblk1.genblk1.genblk1.genblk1.lut1 (4 -> 3)
  Optimizing lut $abc$24710$lut$aiger24709$5266.genblk1.genblk1.genblk1.genblk1.genblk1.lut1 (4 -> 3)
  Optimizing lut $abc$24710$lut$aiger24709$3317.genblk1.genblk1.genblk1.genblk1.genblk1.lut1 (4 -> 3)
  Optimizing lut $abc$24710$lut$aiger24709$5356.genblk1.genblk1.genblk1.genblk1.genblk1.lut1 (4 -> 3)
  Optimizing lut $abc$24710$lut$aiger24709$4814.genblk1.genblk1.genblk1.genblk1.genblk1.lut1 (4 -> 3)
  Optimizing lut $abc$24710$lut$aiger24709$3323.genblk1.genblk1.genblk1.genblk1.genblk1.lut1 (4 -> 3)
  Optimizing lut $abc$24710$lut$aiger24709$3587.genblk1.genblk1.genblk1.genblk1.genblk1.lut1 (4 -> 3)
  Optimizing lut $abc$24710$lut$aiger24709$4547.genblk1.genblk1.genblk1.genblk1.genblk1.lut1 (4 -> 3)
  Optimizing lut $abc$24710$lut$aiger24709$3587.genblk1.genblk1.genblk1.genblk1.genblk1.lut0 (4 -> 3)
  Optimizing lut $abc$24710$lut$aiger24709$4952.genblk1.genblk1.genblk1.genblk1.genblk1.lut1 (4 -> 3)
  Optimizing lut $abc$24710$lut$aiger24709$4236.genblk1.genblk1.genblk1.genblk1.genblk1.lut1 (4 -> 3)
  Optimizing lut $abc$24710$lut$aiger24709$5580.genblk1.genblk1.genblk1.genblk1.genblk1.lut1 (4 -> 3)
  Optimizing lut $abc$24710$lut$aiger24709$5914.genblk1.genblk1.genblk1.genblk1.genblk1.genblk1.lut1.genblk1.genblk1.genblk1.genblk1.genblk1.lut0 (4 -> 3)
  Optimizing lut $abc$24710$lut$aiger24709$5914.genblk1.genblk1.genblk1.genblk1.genblk1.genblk1.lut1.genblk1.genblk1.genblk1.genblk1.genblk1.lut1 (4 -> 3)
  Optimizing lut $abc$24710$lut$aiger24709$4411.genblk1.genblk1.genblk1.genblk1.genblk1.genblk1.lut1.genblk1.genblk1.genblk1.genblk1.genblk1.lut0 (4 -> 3)
  Optimizing lut $abc$24710$lut$aiger24709$3811.genblk1.genblk1.genblk1.genblk1.genblk1.lut0 (4 -> 3)
  Optimizing lut $abc$24710$lut$aiger24709$4411.genblk1.genblk1.genblk1.genblk1.genblk1.genblk1.lut1.genblk1.genblk1.genblk1.genblk1.genblk1.lut1 (4 -> 3)
  Optimizing lut $abc$24710$lut$aiger24709$3593.genblk1.genblk1.genblk1.genblk1.genblk1.lut1 (4 -> 3)
  Optimizing lut $abc$24710$lut$aiger24709$4595.genblk1.genblk1.genblk1.genblk1.genblk1.lut0 (4 -> 3)
  Optimizing lut $abc$24710$lut$aiger24709$4601.genblk1.genblk1.genblk1.genblk1.genblk1.lut1 (4 -> 3)
  Optimizing lut $abc$24710$lut$aiger24709$4134.genblk1.genblk1.genblk1.genblk1.genblk1.lut1 (4 -> 3)
  Optimizing lut $abc$24710$lut$aiger24709$4982.genblk1.genblk1.genblk1.genblk1.genblk1.lut1 (4 -> 3)
  Optimizing lut $abc$24710$lut$aiger24709$6146.genblk1.genblk1.genblk1.genblk1.genblk1.lut1 (4 -> 3)
  Optimizing lut $abc$24710$lut$aiger24709$4982.genblk1.genblk1.genblk1.genblk1.genblk1.lut0 (4 -> 3)
  Optimizing lut $abc$24710$lut$aiger24709$5018.genblk1.genblk1.genblk1.genblk1.genblk1.lut1 (4 -> 3)
  Optimizing lut $abc$24710$lut$aiger24709$5114.genblk1.genblk1.genblk1.genblk1.genblk1.genblk1.lut1.genblk1.genblk1.genblk1.genblk1.genblk1.lut0 (4 -> 3)
  Optimizing lut $abc$24710$lut$aiger24709$5114.genblk1.genblk1.genblk1.genblk1.genblk1.genblk1.lut1.genblk1.genblk1.genblk1.genblk1.genblk1.lut1 (4 -> 3)
  Optimizing lut $abc$24710$lut$aiger24709$4411.genblk1.genblk1.genblk1.genblk1.genblk1.genblk1.lut0.genblk1.genblk1.genblk1.genblk1.genblk1.lut1 (4 -> 3)
  Optimizing lut $abc$24710$lut$aiger24709$3817.genblk1.genblk1.genblk1.genblk1.genblk1.lut1 (4 -> 3)
  Optimizing lut $abc$24710$lut$aiger24709$3599.genblk1.genblk1.genblk1.genblk1.genblk1.lut1 (4 -> 3)
  Optimizing lut $abc$24710$lut$aiger24709$3817.genblk1.genblk1.genblk1.genblk1.genblk1.lut0 (4 -> 3)
  Optimizing lut $abc$24710$lut$aiger24709$6140.genblk1.genblk1.genblk1.genblk1.genblk1.lut1 (4 -> 3)
  Optimizing lut $abc$24710$lut$aiger24709$5350.genblk1.genblk1.genblk1.genblk1.genblk1.lut1 (4 -> 3)
  Optimizing lut $abc$24710$lut$aiger24709$5906.genblk1.genblk1.genblk1.genblk1.genblk1.genblk1.lut1.genblk1.genblk1.genblk1.genblk1.genblk1.lut0 (4 -> 3)
  Optimizing lut $abc$24710$lut$aiger24709$5906.genblk1.genblk1.genblk1.genblk1.genblk1.genblk1.lut1.genblk1.genblk1.genblk1.genblk1.genblk1.lut1 (4 -> 3)
  Optimizing lut $abc$24710$lut$aiger24709$5718.genblk1.genblk1.genblk1.genblk1.genblk1.lut1 (4 -> 3)
  Optimizing lut $abc$24710$lut$aiger24709$4331.genblk1.genblk1.genblk1.genblk1.genblk1.genblk1.lut1.genblk1.genblk1.genblk1.genblk1.genblk1.lut0 (4 -> 3)
  Optimizing lut $abc$24710$lut$aiger24709$4331.genblk1.genblk1.genblk1.genblk1.genblk1.genblk1.lut1.genblk1.genblk1.genblk1.genblk1.genblk1.lut1 (4 -> 3)
  Optimizing lut $abc$24710$lut$aiger24709$3338.genblk1.genblk1.genblk1.genblk1.genblk1.lut1 (4 -> 3)
  Optimizing lut $abc$24710$lut$aiger24709$5260.genblk1.genblk1.genblk1.genblk1.genblk1.lut1 (4 -> 3)
  Optimizing lut $abc$24710$lut$aiger24709$4488.genblk1.genblk1.genblk1.genblk1.genblk1.lut1 (4 -> 3)
  Optimizing lut $abc$24710$lut$aiger24709$4242.genblk1.genblk1.genblk1.genblk1.genblk1.lut1 (4 -> 3)
  Optimizing lut $abc$24710$lut$aiger24709$4140.genblk1.genblk1.genblk1.genblk1.genblk1.lut1 (4 -> 3)
  Optimizing lut $abc$24710$lut$aiger24709$3605.genblk1.genblk1.genblk1.genblk1.genblk1.lut1 (4 -> 3)
  Optimizing lut $abc$24710$lut$aiger24709$6134.genblk1.genblk1.genblk1.genblk1.genblk1.lut1 (4 -> 3)
  Optimizing lut $abc$24710$lut$aiger24709$3823.genblk1.genblk1.genblk1.genblk1.genblk1.lut1 (4 -> 3)
  Optimizing lut $abc$24710$lut$aiger24709$5178.genblk1.genblk1.genblk1.genblk1.genblk1.genblk1.lut1.genblk1.genblk1.genblk1.genblk1.genblk1.lut0 (4 -> 3)
  Optimizing lut $abc$24710$lut$aiger24709$5178.genblk1.genblk1.genblk1.genblk1.genblk1.genblk1.lut1.genblk1.genblk1.genblk1.genblk1.genblk1.lut1 (4 -> 3)
  Optimizing lut $abc$24710$lut$aiger24709$4331.genblk1.genblk1.genblk1.genblk1.genblk1.genblk1.lut0.genblk1.genblk1.genblk1.genblk1.genblk1.lut1 (4 -> 3)
  Optimizing lut $abc$24710$lut$aiger24709$5060.genblk1.genblk1.genblk1.genblk1.genblk1.lut1 (4 -> 3)
  Optimizing lut $abc$24710$lut$aiger24709$5898.genblk1.genblk1.genblk1.genblk1.genblk1.genblk1.lut1.genblk1.genblk1.genblk1.genblk1.genblk1.lut0 (4 -> 3)
  Optimizing lut $abc$24710$lut$aiger24709$5060.genblk1.genblk1.genblk1.genblk1.genblk1.lut0 (4 -> 3)
  Optimizing lut $abc$24710$lut$aiger24709$5898.genblk1.genblk1.genblk1.genblk1.genblk1.genblk1.lut1.genblk1.genblk1.genblk1.genblk1.genblk1.lut1 (4 -> 3)
  Optimizing lut $abc$24710$lut$aiger24709$4553.genblk1.genblk1.genblk1.genblk1.genblk1.lut1 (4 -> 3)
  Optimizing lut $abc$24710$lut$aiger24709$3611.genblk1.genblk1.genblk1.genblk1.genblk1.lut1 (4 -> 3)
  Optimizing lut $abc$24710$lut$aiger24709$4553.genblk1.genblk1.genblk1.genblk1.genblk1.lut0 (4 -> 3)
  Optimizing lut $abc$24710$lut$aiger24709$6128.genblk1.genblk1.genblk1.genblk1.genblk1.lut1 (4 -> 3)
  Optimizing lut $abc$24710$lut$aiger24709$4419.genblk1.genblk1.genblk1.genblk1.genblk1.genblk1.lut1.genblk1.genblk1.genblk1.genblk1.genblk1.lut0 (4 -> 3)
  Optimizing lut $abc$24710$lut$aiger24709$4419.genblk1.genblk1.genblk1.genblk1.genblk1.genblk1.lut1.genblk1.genblk1.genblk1.genblk1.genblk1.lut1 (4 -> 3)
  Optimizing lut $abc$24710$lut$aiger24709$3829.genblk1.genblk1.genblk1.genblk1.genblk1.lut1 (4 -> 3)
  Optimizing lut $abc$24710$lut$aiger24709$5568.genblk1.genblk1.genblk1.genblk1.genblk1.lut1 (4 -> 3)
  Optimizing lut $abc$24710$lut$aiger24709$4649.genblk1.genblk1.genblk1.genblk1.genblk1.lut1 (4 -> 3)
  Optimizing lut $abc$24710$lut$aiger24709$5344.genblk1.genblk1.genblk1.genblk1.genblk1.lut1 (4 -> 3)
  Optimizing lut $abc$24710$lut$aiger24709$4868.genblk1.genblk1.genblk1.genblk1.genblk1.lut1 (4 -> 3)
  Optimizing lut $abc$24710$lut$aiger24709$5254.genblk1.genblk1.genblk1.genblk1.genblk1.lut1 (4 -> 3)
  Optimizing lut $abc$24710$lut$aiger24709$4146.genblk1.genblk1.genblk1.genblk1.genblk1.lut1 (4 -> 3)
  Optimizing lut $abc$24710$lut$aiger24709$3617.genblk1.genblk1.genblk1.genblk1.genblk1.lut1 (4 -> 3)
  Optimizing lut $abc$24710$lut$aiger24709$4146.genblk1.genblk1.genblk1.genblk1.genblk1.lut0 (4 -> 3)
  Optimizing lut $abc$24710$lut$aiger24709$6122.genblk1.genblk1.genblk1.genblk1.genblk1.lut1 (4 -> 3)
  Optimizing lut $abc$24710$lut$aiger24709$3356.genblk1.genblk1.genblk1.genblk1.genblk1.lut1 (4 -> 3)
  Optimizing lut $abc$24710$lut$aiger24709$5706.genblk1.genblk1.genblk1.genblk1.genblk1.lut1 (4 -> 3)
  Optimizing lut $abc$24710$lut$aiger24709$5890.genblk1.genblk1.genblk1.genblk1.genblk1.genblk1.lut1.genblk1.genblk1.genblk1.genblk1.genblk1.lut0 (4 -> 3)
  Optimizing lut $abc$24710$lut$aiger24709$5890.genblk1.genblk1.genblk1.genblk1.genblk1.genblk1.lut1.genblk1.genblk1.genblk1.genblk1.genblk1.lut1 (4 -> 3)
  Optimizing lut $abc$24710$lut$aiger24709$4248.genblk1.genblk1.genblk1.genblk1.genblk1.lut1 (4 -> 3)
  Optimizing lut $abc$24710$lut$aiger24709$3835.genblk1.genblk1.genblk1.genblk1.genblk1.lut1 (4 -> 3)
  Optimizing lut $abc$24710$lut$aiger24709$4904.genblk1.genblk1.genblk1.genblk1.genblk1.lut1 (4 -> 3)
  Optimizing lut $abc$24710$lut$aiger24709$4339.genblk1.genblk1.genblk1.genblk1.genblk1.genblk1.lut1.genblk1.genblk1.genblk1.genblk1.genblk1.lut0 (4 -> 3)
  Optimizing lut $abc$24710$lut$aiger24709$4339.genblk1.genblk1.genblk1.genblk1.genblk1.genblk1.lut1.genblk1.genblk1.genblk1.genblk1.genblk1.lut1 (4 -> 3)
  Optimizing lut $abc$24710$lut$aiger24709$4494.genblk1.genblk1.genblk1.genblk1.genblk1.lut1 (4 -> 3)
  Optimizing lut $abc$24710$lut$aiger24709$3362.genblk1.genblk1.genblk1.genblk1.genblk1.lut1 (4 -> 3)
  Optimizing lut $abc$24710$lut$aiger24709$3623.genblk1.genblk1.genblk1.genblk1.genblk1.lut1 (4 -> 3)
  Optimizing lut $abc$24710$lut$aiger24709$6116.genblk1.genblk1.genblk1.genblk1.genblk1.lut1 (4 -> 3)
  Optimizing lut $abc$24710$lut$aiger24709$5562.genblk1.genblk1.genblk1.genblk1.genblk1.lut1 (4 -> 3)
  Optimizing lut $abc$24710$lut$aiger24709$4820.genblk1.genblk1.genblk1.genblk1.genblk1.lut1 (4 -> 3)
  Optimizing lut $abc$24710$lut$aiger24709$5562.genblk1.genblk1.genblk1.genblk1.genblk1.lut0 (4 -> 3)
  Optimizing lut $abc$24710$lut$aiger24709$5106.genblk1.genblk1.genblk1.genblk1.genblk1.genblk1.lut1.genblk1.genblk1.genblk1.genblk1.genblk1.lut0 (4 -> 3)
  Optimizing lut $abc$24710$lut$aiger24709$5106.genblk1.genblk1.genblk1.genblk1.genblk1.genblk1.lut1.genblk1.genblk1.genblk1.genblk1.genblk1.lut1 (4 -> 3)
  Optimizing lut $abc$24710$lut$aiger24709$3841.genblk1.genblk1.genblk1.genblk1.genblk1.lut1 (4 -> 3)
  Optimizing lut $abc$24710$lut$aiger24709$5882.genblk1.genblk1.genblk1.genblk1.genblk1.genblk1.lut1.genblk1.genblk1.genblk1.genblk1.genblk1.lut0 (4 -> 3)
  Optimizing lut $abc$24710$lut$aiger24709$5882.genblk1.genblk1.genblk1.genblk1.genblk1.genblk1.lut1.genblk1.genblk1.genblk1.genblk1.genblk1.lut1 (4 -> 3)
  Optimizing lut $abc$24710$lut$aiger24709$5106.genblk1.genblk1.genblk1.genblk1.genblk1.genblk1.lut0.genblk1.genblk1.genblk1.genblk1.genblk1.lut1 (4 -> 3)
  Optimizing lut $abc$24710$lut$aiger24709$4152.genblk1.genblk1.genblk1.genblk1.genblk1.lut1 (4 -> 3)
  Optimizing lut $abc$24710$lut$aiger24709$3368.genblk1.genblk1.genblk1.genblk1.genblk1.lut1 (4 -> 3)
  Optimizing lut $abc$24710$lut$aiger24709$3629.genblk1.genblk1.genblk1.genblk1.genblk1.lut1 (4 -> 3)
  Optimizing lut $abc$24710$lut$aiger24709$6110.genblk1.genblk1.genblk1.genblk1.genblk1.lut1 (4 -> 3)
  Optimizing lut $abc$24710$lut$aiger24709$5170.genblk1.genblk1.genblk1.genblk1.genblk1.genblk1.lut1.genblk1.genblk1.genblk1.genblk1.genblk1.lut0 (4 -> 3)
  Optimizing lut $abc$24710$lut$aiger24709$5170.genblk1.genblk1.genblk1.genblk1.genblk1.genblk1.lut1.genblk1.genblk1.genblk1.genblk1.genblk1.lut1 (4 -> 3)
  Optimizing lut $abc$24710$lut$aiger24709$5012.genblk1.genblk1.genblk1.genblk1.genblk1.lut1 (4 -> 3)
  Optimizing lut $abc$24710$lut$aiger24709$4976.genblk1.genblk1.genblk1.genblk1.genblk1.lut1 (4 -> 3)
  Optimizing lut $abc$24710$lut$aiger24709$5248.genblk1.genblk1.genblk1.genblk1.genblk1.lut1 (4 -> 3)
  Optimizing lut $abc$24710$lut$aiger24709$4559.genblk1.genblk1.genblk1.genblk1.genblk1.lut1 (4 -> 3)
  Optimizing lut $abc$24710$lut$aiger24709$3847.genblk1.genblk1.genblk1.genblk1.genblk1.lut1 (4 -> 3)
  Optimizing lut $abc$24710$lut$aiger24709$3374.genblk1.genblk1.genblk1.genblk1.genblk1.lut1 (4 -> 3)
  Optimizing lut $abc$24710$lut$aiger24709$5556.genblk1.genblk1.genblk1.genblk1.genblk1.lut1 (4 -> 3)
  Optimizing lut $abc$24710$lut$aiger24709$5694.genblk1.genblk1.genblk1.genblk1.genblk1.lut1 (4 -> 3)
  Optimizing lut $abc$24710$lut$aiger24709$3635.genblk1.genblk1.genblk1.genblk1.genblk1.lut1 (4 -> 3)
  Optimizing lut $abc$24710$lut$aiger24709$6104.genblk1.genblk1.genblk1.genblk1.genblk1.lut1 (4 -> 3)
  Optimizing lut $abc$24710$lut$aiger24709$5054.genblk1.genblk1.genblk1.genblk1.genblk1.lut1 (4 -> 3)
  Optimizing lut $abc$24710$lut$aiger24709$5874.genblk1.genblk1.genblk1.genblk1.genblk1.genblk1.lut1.genblk1.genblk1.genblk1.genblk1.genblk1.lut0 (4 -> 3)
  Optimizing lut $abc$24710$lut$aiger24709$5874.genblk1.genblk1.genblk1.genblk1.genblk1.genblk1.lut1.genblk1.genblk1.genblk1.genblk1.genblk1.lut1 (4 -> 3)
  Optimizing lut $abc$24710$lut$aiger24709$4427.genblk1.genblk1.genblk1.genblk1.genblk1.genblk1.lut1.genblk1.genblk1.genblk1.genblk1.genblk1.lut1 (4 -> 3)
  Optimizing lut $abc$24710$lut$aiger24709$5874.genblk1.genblk1.genblk1.genblk1.genblk1.genblk1.lut0.genblk1.genblk1.genblk1.genblk1.genblk1.lut1 (4 -> 3)
  Optimizing lut $abc$24710$lut$aiger24709$4347.genblk1.genblk1.genblk1.genblk1.genblk1.genblk1.lut1.genblk1.genblk1.genblk1.genblk1.genblk1.lut0 (4 -> 3)
  Optimizing lut $abc$24710$lut$aiger24709$4347.genblk1.genblk1.genblk1.genblk1.genblk1.genblk1.lut1.genblk1.genblk1.genblk1.genblk1.genblk1.lut1 (4 -> 3)
  Optimizing lut $abc$24710$lut$aiger24709$4946.genblk1.genblk1.genblk1.genblk1.genblk1.lut1 (4 -> 3)
  Optimizing lut $abc$24710$lut$aiger24709$3853.genblk1.genblk1.genblk1.genblk1.genblk1.lut1 (4 -> 3)
  Optimizing lut $abc$24710$lut$aiger24709$3641.genblk1.genblk1.genblk1.genblk1.genblk1.lut1 (4 -> 3)
  Optimizing lut $abc$24710$lut$aiger24709$6098.genblk1.genblk1.genblk1.genblk1.genblk1.lut1 (4 -> 3)
  Optimizing lut $abc$24710$lut$aiger24709$4500.genblk1.genblk1.genblk1.genblk1.genblk1.lut1 (4 -> 3)
  Optimizing lut $abc$24710$lut$aiger24709$6098.genblk1.genblk1.genblk1.genblk1.genblk1.lut0 (4 -> 3)
  Optimizing lut $abc$24710$lut$aiger24709$5332.genblk1.genblk1.genblk1.genblk1.genblk1.lut1 (4 -> 3)
  Optimizing lut $abc$24710$lut$aiger24709$5688.genblk1.genblk1.genblk1.genblk1.genblk1.lut1 (4 -> 3)
  Optimizing lut $abc$24710$lut$aiger24709$3386.genblk1.genblk1.genblk1.genblk1.genblk1.lut1 (4 -> 3)
  Optimizing lut $abc$24710$lut$aiger24709$4922.genblk1.genblk1.genblk1.genblk1.genblk1.lut1 (4 -> 3)
  Optimizing lut $abc$24710$lut$aiger24709$5866.genblk1.genblk1.genblk1.genblk1.genblk1.genblk1.lut1.genblk1.genblk1.genblk1.genblk1.genblk1.lut0 (4 -> 3)
  Optimizing lut $abc$24710$lut$aiger24709$5866.genblk1.genblk1.genblk1.genblk1.genblk1.genblk1.lut1.genblk1.genblk1.genblk1.genblk1.genblk1.lut1 (4 -> 3)
  Optimizing lut $abc$24710$lut$aiger24709$4613.genblk1.genblk1.genblk1.genblk1.genblk1.lut1 (4 -> 3)
  Optimizing lut $abc$24710$lut$aiger24709$3647.genblk1.genblk1.genblk1.genblk1.genblk1.lut1 (4 -> 3)
  Optimizing lut $abc$24710$lut$aiger24709$4613.genblk1.genblk1.genblk1.genblk1.genblk1.lut0 (4 -> 3)
  Optimizing lut $abc$24710$lut$aiger24709$6092.genblk1.genblk1.genblk1.genblk1.genblk1.lut1 (4 -> 3)
  Optimizing lut $abc$24710$lut$aiger24709$3859.genblk1.genblk1.genblk1.genblk1.genblk1.lut1 (4 -> 3)
  Optimizing lut $abc$24710$lut$aiger24709$6092.genblk1.genblk1.genblk1.genblk1.genblk1.lut0 (4 -> 3)
  Optimizing lut $abc$24710$lut$aiger24709$3392.genblk1.genblk1.genblk1.genblk1.genblk1.lut1 (4 -> 3)
  Optimizing lut $abc$24710$lut$aiger24709$5242.genblk1.genblk1.genblk1.genblk1.genblk1.lut1 (4 -> 3)
  Optimizing lut $abc$24710$lut$aiger24709$4655.genblk1.genblk1.genblk1.genblk1.genblk1.lut1 (4 -> 3)
  Optimizing lut $abc$24710$lut$aiger24709$4844.genblk1.genblk1.genblk1.genblk1.genblk1.lut1 (4 -> 3)
  Optimizing lut $abc$24710$lut$aiger24709$4886.genblk1.genblk1.genblk1.genblk1.genblk1.lut1 (4 -> 3)
  Optimizing lut $abc$24710$lut$aiger24709$3865.genblk1.genblk1.genblk1.genblk1.genblk1.lut1 (4 -> 3)
  Optimizing lut $abc$24710$lut$aiger24709$4164.genblk1.genblk1.genblk1.genblk1.genblk1.lut1 (4 -> 3)
  Optimizing lut $abc$24710$lut$aiger24709$5682.genblk1.genblk1.genblk1.genblk1.genblk1.lut1 (4 -> 3)
  Optimizing lut $abc$24710$lut$aiger24709$5162.genblk1.genblk1.genblk1.genblk1.genblk1.genblk1.lut1.genblk1.genblk1.genblk1.genblk1.genblk1.lut0 (4 -> 3)
  Optimizing lut $abc$24710$lut$aiger24709$5162.genblk1.genblk1.genblk1.genblk1.genblk1.genblk1.lut1.genblk1.genblk1.genblk1.genblk1.genblk1.lut1 (4 -> 3)
  Optimizing lut $abc$24710$lut$aiger24709$6086.genblk1.genblk1.genblk1.genblk1.genblk1.lut1 (4 -> 3)
  Optimizing lut $abc$24710$lut$aiger24709$3398.genblk1.genblk1.genblk1.genblk1.genblk1.lut1 (4 -> 3)
  Optimizing lut $abc$24710$lut$aiger24709$4435.genblk1.genblk1.genblk1.genblk1.genblk1.genblk1.lut1.genblk1.genblk1.genblk1.genblk1.genblk1.lut0 (4 -> 3)
  Optimizing lut $abc$24710$lut$aiger24709$4435.genblk1.genblk1.genblk1.genblk1.genblk1.genblk1.lut1.genblk1.genblk1.genblk1.genblk1.genblk1.lut1 (4 -> 3)
  Optimizing lut $abc$24710$lut$aiger24709$5858.genblk1.genblk1.genblk1.genblk1.genblk1.genblk1.lut1.genblk1.genblk1.genblk1.genblk1.genblk1.lut0 (4 -> 3)
  Optimizing lut $abc$24710$lut$aiger24709$5858.genblk1.genblk1.genblk1.genblk1.genblk1.genblk1.lut1.genblk1.genblk1.genblk1.genblk1.genblk1.lut1 (4 -> 3)
  Optimizing lut $abc$24710$lut$aiger24709$4435.genblk1.genblk1.genblk1.genblk1.genblk1.genblk1.lut0.genblk1.genblk1.genblk1.genblk1.genblk1.lut1 (4 -> 3)
  Optimizing lut $abc$24710$lut$aiger24709$4565.genblk1.genblk1.genblk1.genblk1.genblk1.lut1 (4 -> 3)
  Optimizing lut $abc$24710$lut$aiger24709$4265.genblk1.genblk1.genblk1.genblk1.genblk1.lut1 (4 -> 3)
  Optimizing lut $abc$24710$lut$aiger24709$5544.genblk1.genblk1.genblk1.genblk1.genblk1.lut1 (4 -> 3)
  Optimizing lut $abc$24710$lut$aiger24709$3404.genblk1.genblk1.genblk1.genblk1.genblk1.lut1 (4 -> 3)
  Optimizing lut $abc$24710$lut$aiger24709$5544.genblk1.genblk1.genblk1.genblk1.genblk1.lut0 (4 -> 3)
  Optimizing lut $abc$24710$lut$aiger24709$5098.genblk1.genblk1.genblk1.genblk1.genblk1.genblk1.lut1.genblk1.genblk1.genblk1.genblk1.genblk1.lut0 (4 -> 3)
  Optimizing lut $abc$24710$lut$aiger24709$5098.genblk1.genblk1.genblk1.genblk1.genblk1.genblk1.lut1.genblk1.genblk1.genblk1.genblk1.genblk1.lut1 (4 -> 3)
  Optimizing lut $abc$24710$lut$aiger24709$5326.genblk1.genblk1.genblk1.genblk1.genblk1.lut1 (4 -> 3)
  Optimizing lut $abc$24710$lut$aiger24709$4355.genblk1.genblk1.genblk1.genblk1.genblk1.genblk1.lut1.genblk1.genblk1.genblk1.genblk1.genblk1.lut0 (4 -> 3)
  Optimizing lut $abc$24710$lut$aiger24709$5326.genblk1.genblk1.genblk1.genblk1.genblk1.lut0 (4 -> 3)
  Optimizing lut $abc$24710$lut$aiger24709$3287.genblk1.genblk1.genblk1.genblk1.genblk1.lut0 (4 -> 3)
  Optimizing lut $abc$24710$lut$aiger24709$4355.genblk1.genblk1.genblk1.genblk1.genblk1.genblk1.lut1.genblk1.genblk1.genblk1.genblk1.genblk1.lut1 (4 -> 3)
  Optimizing lut $abc$24710$lut$aiger24709$4832.genblk1.genblk1.genblk1.genblk1.genblk1.lut1 (4 -> 3)
  Optimizing lut $abc$24710$lut$aiger24709$5850.genblk1.genblk1.genblk1.genblk1.genblk1.genblk1.lut1.genblk1.genblk1.genblk1.genblk1.genblk1.lut0 (4 -> 3)
  Optimizing lut $abc$24710$lut$aiger24709$5850.genblk1.genblk1.genblk1.genblk1.genblk1.genblk1.lut1.genblk1.genblk1.genblk1.genblk1.genblk1.lut1 (4 -> 3)
  Optimizing lut $abc$24710$lut$aiger24709$4506.genblk1.genblk1.genblk1.genblk1.genblk1.lut1 (4 -> 3)
  Optimizing lut $abc$24710$lut$aiger24709$5236.genblk1.genblk1.genblk1.genblk1.genblk1.lut1 (4 -> 3)
  Optimizing lut $abc$24710$lut$aiger24709$4506.genblk1.genblk1.genblk1.genblk1.genblk1.lut0 (4 -> 3)
  Optimizing lut $abc$24710$lut$aiger24709$6074.genblk1.genblk1.genblk1.genblk1.genblk1.lut1 (4 -> 3)
  Optimizing lut $abc$24710$lut$aiger24709$4170.genblk1.genblk1.genblk1.genblk1.genblk1.lut1 (4 -> 3)
  Optimizing lut $abc$24710$lut$aiger24709$5048.genblk1.genblk1.genblk1.genblk1.genblk1.lut1 (4 -> 3)
  Optimizing lut $abc$24710$lut$aiger24709$3667.genblk1.genblk1.genblk1.genblk1.genblk1.lut1 (4 -> 3)
  Optimizing lut $abc$24710$lut$aiger24709$5006.genblk1.genblk1.genblk1.genblk1.genblk1.lut1 (4 -> 3)
  Optimizing lut $abc$24710$lut$aiger24709$3667.genblk1.genblk1.genblk1.genblk1.genblk1.lut0 (4 -> 3)
  Optimizing lut $abc$24710$lut$aiger24709$3416.genblk1.genblk1.genblk1.genblk1.genblk1.lut1 (4 -> 3)
  Optimizing lut $abc$24710$lut$aiger24709$4719.genblk1.genblk1.genblk1.genblk1.genblk1.lut1 (4 -> 3)
  Optimizing lut $abc$24710$lut$aiger24709$3416.genblk1.genblk1.genblk1.genblk1.genblk1.lut0 (4 -> 3)
  Optimizing lut $abc$24710$lut$aiger24709$6068.genblk1.genblk1.genblk1.genblk1.genblk1.lut1 (4 -> 3)
  Optimizing lut $abc$24710$lut$aiger24709$5670.genblk1.genblk1.genblk1.genblk1.genblk1.lut1 (4 -> 3)
  Optimizing lut $abc$24710$lut$aiger24709$5842.genblk1.genblk1.genblk1.genblk1.genblk1.genblk1.lut1.genblk1.genblk1.genblk1.genblk1.genblk1.lut0 (4 -> 3)
  Optimizing lut $abc$24710$lut$aiger24709$5842.genblk1.genblk1.genblk1.genblk1.genblk1.genblk1.lut1.genblk1.genblk1.genblk1.genblk1.genblk1.lut1 (4 -> 3)
  Optimizing lut $abc$24710$lut$aiger24709$3673.genblk1.genblk1.genblk1.genblk1.genblk1.lut1 (4 -> 3)
  Optimizing lut $abc$24710$lut$aiger24709$3422.genblk1.genblk1.genblk1.genblk1.genblk1.lut1 (4 -> 3)
  Optimizing lut $abc$24710$lut$aiger24709$4970.genblk1.genblk1.genblk1.genblk1.genblk1.lut1 (4 -> 3)
  Optimizing lut $abc$24710$lut$aiger24709$4619.genblk1.genblk1.genblk1.genblk1.genblk1.lut1 (4 -> 3)
  Optimizing lut $abc$24710$lut$aiger24709$4970.genblk1.genblk1.genblk1.genblk1.genblk1.lut0 (4 -> 3)
  Optimizing lut $abc$24710$lut$aiger24709$5320.genblk1.genblk1.genblk1.genblk1.genblk1.lut1 (4 -> 3)
  Optimizing lut $abc$24710$lut$aiger24709$4441.genblk1.genblk1.genblk1.genblk1.genblk1.lut1 (4 -> 3)
  Optimizing lut $abc$24710$lut$aiger24709$4661.genblk1.genblk1.genblk1.genblk1.genblk1.lut1 (4 -> 3)
  Optimizing lut $abc$24710$lut$aiger24709$6062.genblk1.genblk1.genblk1.genblk1.genblk1.lut1 (4 -> 3)
  Optimizing lut $abc$24710$lut$aiger24709$4661.genblk1.genblk1.genblk1.genblk1.genblk1.lut0 (4 -> 3)
  Optimizing lut $abc$24710$lut$aiger24709$4512.genblk1.genblk1.genblk1.genblk1.genblk1.lut1 (4 -> 3)
  Optimizing lut $abc$24710$lut$aiger24709$4176.genblk1.genblk1.genblk1.genblk1.genblk1.lut1 (4 -> 3)
  Optimizing lut $abc$24710$lut$aiger24709$3679.genblk1.genblk1.genblk1.genblk1.genblk1.lut1 (4 -> 3)
  Optimizing lut $abc$24710$lut$aiger24709$3428.genblk1.genblk1.genblk1.genblk1.genblk1.lut1 (4 -> 3)
  Optimizing lut $abc$24710$lut$aiger24709$3679.genblk1.genblk1.genblk1.genblk1.genblk1.lut0 (4 -> 3)
  Optimizing lut $abc$24710$lut$aiger24709$5834.genblk1.genblk1.genblk1.genblk1.genblk1.genblk1.lut1.genblk1.genblk1.genblk1.genblk1.genblk1.lut0 (4 -> 3)
  Optimizing lut $abc$24710$lut$aiger24709$3428.genblk1.genblk1.genblk1.genblk1.genblk1.lut0 (4 -> 3)
  Optimizing lut $abc$24710$lut$aiger24709$5834.genblk1.genblk1.genblk1.genblk1.genblk1.genblk1.lut1.genblk1.genblk1.genblk1.genblk1.genblk1.lut1 (4 -> 3)
  Optimizing lut $abc$24710$lut$aiger24709$5230.genblk1.genblk1.genblk1.genblk1.genblk1.lut1 (4 -> 3)
  Optimizing lut $abc$24710$lut$aiger24709$5664.genblk1.genblk1.genblk1.genblk1.genblk1.lut0 (4 -> 3)
  Optimizing lut $abc$24710$lut$aiger24709$6056.genblk1.genblk1.genblk1.genblk1.genblk1.lut1 (4 -> 3)
  Optimizing lut $abc$24710$lut$aiger24709$4363.genblk1.genblk1.genblk1.genblk1.genblk1.genblk1.lut1.genblk1.genblk1.genblk1.genblk1.genblk1.lut0 (4 -> 3)
  Optimizing lut $abc$24710$lut$aiger24709$6056.genblk1.genblk1.genblk1.genblk1.genblk1.lut0 (4 -> 3)
  Optimizing lut $abc$24710$lut$aiger24709$4363.genblk1.genblk1.genblk1.genblk1.genblk1.genblk1.lut1.genblk1.genblk1.genblk1.genblk1.genblk1.lut1 (4 -> 3)
  Optimizing lut $abc$24710$lut$aiger24709$5154.genblk1.genblk1.genblk1.genblk1.genblk1.genblk1.lut1.genblk1.genblk1.genblk1.genblk1.genblk1.lut1 (4 -> 3)
  Optimizing lut $abc$24710$lut$aiger24709$4571.genblk1.genblk1.genblk1.genblk1.genblk1.lut1 (4 -> 3)
  Optimizing lut $abc$24710$lut$aiger24709$4277.genblk1.genblk1.genblk1.genblk1.genblk1.lut1 (4 -> 3)
  Optimizing lut $abc$24710$lut$aiger24709$3436.genblk1.genblk1.genblk1.genblk1.genblk1.genblk1.lut1.genblk1.genblk1.genblk1.genblk1.genblk1.lut0 (4 -> 3)
  Optimizing lut $abc$24710$lut$aiger24709$4277.genblk1.genblk1.genblk1.genblk1.genblk1.lut0 (4 -> 3)
  Optimizing lut $abc$24710$lut$aiger24709$3436.genblk1.genblk1.genblk1.genblk1.genblk1.genblk1.lut1.genblk1.genblk1.genblk1.genblk1.genblk1.lut1 (4 -> 3)
  Optimizing lut $abc$24710$lut$aiger24709$5154.genblk1.genblk1.genblk1.genblk1.genblk1.genblk1.lut0.genblk1.genblk1.genblk1.genblk1.genblk1.lut1 (4 -> 3)
  Optimizing lut $abc$24710$lut$aiger24709$4874.genblk1.genblk1.genblk1.genblk1.genblk1.lut1 (4 -> 3)
  Optimizing lut $abc$24710$lut$aiger24709$4447.genblk1.genblk1.genblk1.genblk1.genblk1.lut1 (4 -> 3)
  Optimizing lut $abc$24710$lut$aiger24709$6050.genblk1.genblk1.genblk1.genblk1.genblk1.lut1 (4 -> 3)
  Optimizing lut $abc$24710$lut$aiger24709$5658.genblk1.genblk1.genblk1.genblk1.genblk1.lut1 (4 -> 3)
  Optimizing lut $abc$24710$lut$aiger24709$5826.genblk1.genblk1.genblk1.genblk1.genblk1.lut1 (4 -> 3)
  Optimizing lut $abc$24710$lut$aiger24709$5410.genblk1.genblk1.genblk1.genblk1.genblk1.lut1 (4 -> 3)
  Optimizing lut $abc$24710$lut$aiger24709$3691.genblk1.genblk1.genblk1.genblk1.genblk1.lut1 (4 -> 3)
  Optimizing lut $abc$24710$lut$aiger24709$5314.genblk1.genblk1.genblk1.genblk1.genblk1.lut1 (4 -> 3)
  Optimizing lut $abc$24710$lut$aiger24709$4182.genblk1.genblk1.genblk1.genblk1.genblk1.lut1 (4 -> 3)
  Optimizing lut $abc$24710$lut$aiger24709$5314.genblk1.genblk1.genblk1.genblk1.genblk1.lut0 (4 -> 3)
  Optimizing lut $abc$24710$lut$aiger24709$3444.genblk1.genblk1.genblk1.genblk1.genblk1.genblk1.lut1.genblk1.genblk1.genblk1.genblk1.genblk1.lut0 (4 -> 3)
  Optimizing lut $abc$24710$lut$aiger24709$3444.genblk1.genblk1.genblk1.genblk1.genblk1.genblk1.lut1.genblk1.genblk1.genblk1.genblk1.genblk1.lut1 (4 -> 3)
  Optimizing lut $abc$24710$lut$aiger24709$3436.genblk1.genblk1.genblk1.genblk1.genblk1.genblk1.lut0.genblk1.genblk1.genblk1.genblk1.genblk1.lut1 (4 -> 3)
  Optimizing lut $abc$24710$lut$aiger24709$3904.genblk1.genblk1.genblk1.genblk1.genblk1.lut1 (4 -> 3)
  Optimizing lut $abc$24710$lut$aiger24709$6044.genblk1.genblk1.genblk1.genblk1.genblk1.lut1 (4 -> 3)
  Optimizing lut $abc$24710$lut$aiger24709$5042.genblk1.genblk1.genblk1.genblk1.genblk1.lut1 (4 -> 3)
  Optimizing lut $abc$24710$lut$aiger24709$6044.genblk1.genblk1.genblk1.genblk1.genblk1.lut0 (4 -> 3)
  Optimizing lut $abc$24710$lut$aiger24709$3697.genblk1.genblk1.genblk1.genblk1.genblk1.lut1 (4 -> 3)
  Optimizing lut $abc$24710$lut$aiger24709$5042.genblk1.genblk1.genblk1.genblk1.genblk1.lut0 (4 -> 3)
  Optimizing lut $abc$24710$lut$aiger24709$4940.genblk1.genblk1.genblk1.genblk1.genblk1.lut1 (4 -> 3)
  Optimizing lut $abc$24710$lut$aiger24709$4940.genblk1.genblk1.genblk1.genblk1.genblk1.lut0 (4 -> 3)
  Optimizing lut $abc$24710$lut$aiger24709$5820.genblk1.genblk1.genblk1.genblk1.genblk1.lut1 (4 -> 3)
  Optimizing lut $abc$24710$lut$aiger24709$5652.genblk1.genblk1.genblk1.genblk1.genblk1.lut1 (4 -> 3)
  Optimizing lut $abc$24710$lut$aiger24709$3452.genblk1.genblk1.genblk1.genblk1.genblk1.genblk1.lut1.genblk1.genblk1.genblk1.genblk1.genblk1.lut0 (4 -> 3)
  Optimizing lut $abc$24710$lut$aiger24709$3452.genblk1.genblk1.genblk1.genblk1.genblk1.genblk1.lut1.genblk1.genblk1.genblk1.genblk1.genblk1.lut1 (4 -> 3)
  Optimizing lut $abc$24710$lut$aiger24709$6038.genblk1.genblk1.genblk1.genblk1.genblk1.lut1 (4 -> 3)
  Optimizing lut $abc$24710$lut$aiger24709$4898.genblk1.genblk1.genblk1.genblk1.genblk1.lut1 (4 -> 3)
  Optimizing lut $abc$24710$lut$aiger24709$5404.genblk1.genblk1.genblk1.genblk1.genblk1.lut1 (4 -> 3)
  Optimizing lut $abc$24710$lut$aiger24709$4898.genblk1.genblk1.genblk1.genblk1.genblk1.lut0 (4 -> 3)
  Optimizing lut $abc$24710$lut$aiger24709$3703.genblk1.genblk1.genblk1.genblk1.genblk1.lut1 (4 -> 3)
  Optimizing lut $abc$24710$lut$aiger24709$4283.genblk1.genblk1.genblk1.genblk1.genblk1.lut1 (4 -> 3)
  Optimizing lut $abc$24710$lut$aiger24709$3703.genblk1.genblk1.genblk1.genblk1.genblk1.lut0 (4 -> 3)
  Optimizing lut $abc$24710$lut$aiger24709$5000.genblk1.genblk1.genblk1.genblk1.genblk1.lut1 (4 -> 3)
  Optimizing lut $abc$24710$lut$aiger24709$4283.genblk1.genblk1.genblk1.genblk1.genblk1.lut0 (4 -> 3)
  Optimizing lut $abc$24710$lut$aiger24709$4371.genblk1.genblk1.genblk1.genblk1.genblk1.genblk1.lut1.genblk1.genblk1.genblk1.genblk1.genblk1.lut0 (4 -> 3)
  Optimizing lut $abc$24710$lut$aiger24709$4371.genblk1.genblk1.genblk1.genblk1.genblk1.genblk1.lut1.genblk1.genblk1.genblk1.genblk1.genblk1.lut1 (4 -> 3)
  Optimizing lut $abc$24710$lut$aiger24709$3460.genblk1.genblk1.genblk1.genblk1.genblk1.genblk1.lut1.genblk1.genblk1.genblk1.genblk1.genblk1.lut0 (4 -> 3)
  Optimizing lut $abc$24710$lut$aiger24709$3460.genblk1.genblk1.genblk1.genblk1.genblk1.genblk1.lut1.genblk1.genblk1.genblk1.genblk1.genblk1.lut1 (4 -> 3)
  Optimizing lut $abc$24710$lut$aiger24709$4188.genblk1.genblk1.genblk1.genblk1.genblk1.lut1 (4 -> 3)
  Optimizing lut $abc$24710$lut$aiger24709$3709.genblk1.genblk1.genblk1.genblk1.genblk1.lut1 (4 -> 3)
  Optimizing lut $abc$24710$lut$aiger24709$4188.genblk1.genblk1.genblk1.genblk1.genblk1.lut0 (4 -> 3)
  Optimizing lut $abc$24710$lut$aiger24709$5646.genblk1.genblk1.genblk1.genblk1.genblk1.lut1 (4 -> 3)
  Optimizing lut $abc$24710$lut$aiger24709$5308.genblk1.genblk1.genblk1.genblk1.genblk1.lut1 (4 -> 3)
  Optimizing lut $abc$24710$lut$aiger24709$4625.genblk1.genblk1.genblk1.genblk1.genblk1.lut1 (4 -> 3)
  Optimizing lut $abc$24710$lut$aiger24709$6026.genblk1.genblk1.genblk1.genblk1.genblk1.lut1 (4 -> 3)
  Optimizing lut $abc$24710$lut$aiger24709$4577.genblk1.genblk1.genblk1.genblk1.genblk1.lut1 (4 -> 3)
  Optimizing lut $abc$24710$lut$aiger24709$3468.genblk1.genblk1.genblk1.genblk1.genblk1.genblk1.lut1.genblk1.genblk1.genblk1.genblk1.genblk1.lut0 (4 -> 3)
  Optimizing lut $abc$24710$lut$aiger24709$4577.genblk1.genblk1.genblk1.genblk1.genblk1.lut0 (4 -> 3)
  Optimizing lut $abc$24710$lut$aiger24709$3468.genblk1.genblk1.genblk1.genblk1.genblk1.genblk1.lut1.genblk1.genblk1.genblk1.genblk1.genblk1.lut1 (4 -> 3)
  Optimizing lut $abc$24710$lut$aiger24709$3460.genblk1.genblk1.genblk1.genblk1.genblk1.genblk1.lut0.genblk1.genblk1.genblk1.genblk1.genblk1.lut1 (4 -> 3)
  Optimizing lut $abc$24710$lut$aiger24709$5146.genblk1.genblk1.genblk1.genblk1.genblk1.genblk1.lut1.genblk1.genblk1.genblk1.genblk1.genblk1.lut0 (4 -> 3)
  Optimizing lut $abc$24710$lut$aiger24709$5146.genblk1.genblk1.genblk1.genblk1.genblk1.genblk1.lut1.genblk1.genblk1.genblk1.genblk1.genblk1.lut1 (4 -> 3)
  Optimizing lut $abc$24710$lut$aiger24709$3468.genblk1.genblk1.genblk1.genblk1.genblk1.genblk1.lut0.genblk1.genblk1.genblk1.genblk1.genblk1.lut1 (4 -> 3)
  Optimizing lut $abc$24710$lut$aiger24709$3715.genblk1.genblk1.genblk1.genblk1.genblk1.lut1 (4 -> 3)
  Optimizing lut $abc$24710$lut$aiger24709$5398.genblk1.genblk1.genblk1.genblk1.genblk1.lut1 (4 -> 3)
  Optimizing lut $abc$24710$lut$aiger24709$3715.genblk1.genblk1.genblk1.genblk1.genblk1.lut0 (4 -> 3)
  Optimizing lut $abc$24710$lut$aiger24709$6020.genblk1.genblk1.genblk1.genblk1.genblk1.lut1 (4 -> 3)
  Optimizing lut $abc$24710$lut$aiger24709$5218.genblk1.genblk1.genblk1.genblk1.genblk1.genblk1.lut1.genblk1.genblk1.genblk1.genblk1.genblk1.lut0 (4 -> 3)
  Optimizing lut $abc$24710$lut$aiger24709$5218.genblk1.genblk1.genblk1.genblk1.genblk1.genblk1.lut1.genblk1.genblk1.genblk1.genblk1.genblk1.lut1 (4 -> 3)
  Optimizing lut $abc$24710$lut$aiger24709$4850.genblk1.genblk1.genblk1.genblk1.genblk1.lut1 (4 -> 3)
  Optimizing lut $abc$24710$lut$aiger24709$5640.genblk1.genblk1.genblk1.genblk1.genblk1.lut0 (4 -> 3)
  Optimizing lut $abc$24710$lut$aiger24709$3476.genblk1.genblk1.genblk1.genblk1.genblk1.genblk1.lut1.genblk1.genblk1.genblk1.genblk1.genblk1.lut0 (4 -> 3)
  Optimizing lut $abc$24710$lut$aiger24709$3476.genblk1.genblk1.genblk1.genblk1.genblk1.genblk1.lut1.genblk1.genblk1.genblk1.genblk1.genblk1.lut1 (4 -> 3)
  Optimizing lut $abc$24710$lut$aiger24709$5218.genblk1.genblk1.genblk1.genblk1.genblk1.genblk1.lut0.genblk1.genblk1.genblk1.genblk1.genblk1.lut1 (4 -> 3)
  Optimizing lut $abc$24710$lut$aiger24709$5802.genblk1.genblk1.genblk1.genblk1.genblk1.lut1 (4 -> 3)
  Optimizing lut $abc$24710$lut$aiger24709$3721.genblk1.genblk1.genblk1.genblk1.genblk1.lut1 (4 -> 3)
  Optimizing lut $abc$24710$lut$aiger24709$4194.genblk1.genblk1.genblk1.genblk1.genblk1.lut1 (4 -> 3)
  Optimizing lut $abc$24710$lut$aiger24709$6014.genblk1.genblk1.genblk1.genblk1.genblk1.lut1 (4 -> 3)
  Optimizing lut $abc$24710$lut$aiger24709$4964.genblk1.genblk1.genblk1.genblk1.genblk1.lut1 (4 -> 3)
  Optimizing lut $abc$24710$lut$aiger24709$6014.genblk1.genblk1.genblk1.genblk1.genblk1.lut0 (4 -> 3)
  Optimizing lut $abc$24710$lut$aiger24709$5302.genblk1.genblk1.genblk1.genblk1.genblk1.lut1 (4 -> 3)
  Optimizing lut $abc$24710$lut$aiger24709$4964.genblk1.genblk1.genblk1.genblk1.genblk1.lut0 (4 -> 3)
  Optimizing lut $abc$24710$lut$aiger24709$3484.genblk1.genblk1.genblk1.genblk1.genblk1.genblk1.lut1.genblk1.genblk1.genblk1.genblk1.genblk1.lut0 (4 -> 3)
  Optimizing lut $abc$24710$lut$aiger24709$5302.genblk1.genblk1.genblk1.genblk1.genblk1.lut0 (4 -> 3)
  Optimizing lut $abc$24710$lut$aiger24709$3484.genblk1.genblk1.genblk1.genblk1.genblk1.genblk1.lut1.genblk1.genblk1.genblk1.genblk1.genblk1.lut1 (4 -> 3)
  Optimizing lut $abc$24710$lut$aiger24709$5634.genblk1.genblk1.genblk1.genblk1.genblk1.lut1 (4 -> 3)
  Optimizing lut $abc$24710$lut$aiger24709$5084.genblk1.genblk1.genblk1.genblk1.genblk1.lut1 (4 -> 3)
  Optimizing lut $abc$24710$lut$aiger24709$3727.genblk1.genblk1.genblk1.genblk1.genblk1.lut1 (4 -> 3)
  Optimizing lut $abc$24710$lut$aiger24709$6008.genblk1.genblk1.genblk1.genblk1.genblk1.lut1 (4 -> 3)
  Optimizing lut $abc$24710$lut$aiger24709$5796.genblk1.genblk1.genblk1.genblk1.genblk1.lut1 (4 -> 3)
  Optimizing lut $abc$24710$lut$aiger24709$4379.genblk1.genblk1.genblk1.genblk1.genblk1.genblk1.lut1.genblk1.genblk1.genblk1.genblk1.genblk1.lut0 (4 -> 3)
  Optimizing lut $abc$24710$lut$aiger24709$4379.genblk1.genblk1.genblk1.genblk1.genblk1.genblk1.lut1.genblk1.genblk1.genblk1.genblk1.genblk1.lut1 (4 -> 3)
  Optimizing lut $abc$24710$lut$aiger24709$3484.genblk1.genblk1.genblk1.genblk1.genblk1.genblk1.lut0.genblk1.genblk1.genblk1.genblk1.genblk1.lut1 (4 -> 3)
  Optimizing lut $abc$24710$lut$aiger24709$5392.genblk1.genblk1.genblk1.genblk1.genblk1.lut1 (4 -> 3)
  Optimizing lut $abc$24710$lut$aiger24709$5036.genblk1.genblk1.genblk1.genblk1.genblk1.lut0 (4 -> 3)
  Optimizing lut $abc$24710$lut$aiger24709$3492.genblk1.genblk1.genblk1.genblk1.genblk1.genblk1.lut1.genblk1.genblk1.genblk1.genblk1.genblk1.lut0 (4 -> 3)
  Optimizing lut $abc$24710$lut$aiger24709$3492.genblk1.genblk1.genblk1.genblk1.genblk1.genblk1.lut1.genblk1.genblk1.genblk1.genblk1.genblk1.lut1 (4 -> 3)
  Optimizing lut $abc$24710$lut$aiger24709$6002.genblk1.genblk1.genblk1.genblk1.genblk1.lut1 (4 -> 3)
  Optimizing lut $abc$24710$lut$aiger24709$4458.genblk1.genblk1.genblk1.genblk1.genblk1.lut0 (4 -> 3)
  Optimizing lut $abc$24710$lut$aiger24709$3733.genblk1.genblk1.genblk1.genblk1.genblk1.lut1 (4 -> 3)
  Optimizing lut $abc$24710$lut$aiger24709$4200.genblk1.genblk1.genblk1.genblk1.genblk1.lut1 (4 -> 3)
  Optimizing lut $abc$24710$lut$aiger24709$3733.genblk1.genblk1.genblk1.genblk1.genblk1.lut0 (4 -> 3)
  Optimizing lut $abc$24710$lut$aiger24709$5790.genblk1.genblk1.genblk1.genblk1.genblk1.lut1 (4 -> 3)
  Optimizing lut $abc$24710$lut$aiger24709$5628.genblk1.genblk1.genblk1.genblk1.genblk1.lut1 (4 -> 3)
  Optimizing lut $abc$24710$lut$aiger24709$5790.genblk1.genblk1.genblk1.genblk1.genblk1.lut0 (4 -> 3)
  Optimizing lut $abc$24710$lut$aiger24709$5210.genblk1.genblk1.genblk1.genblk1.genblk1.genblk1.lut1.genblk1.genblk1.genblk1.genblk1.genblk1.lut0 (4 -> 3)
  Optimizing lut $abc$24710$lut$aiger24709$5210.genblk1.genblk1.genblk1.genblk1.genblk1.genblk1.lut1.genblk1.genblk1.genblk1.genblk1.genblk1.lut1 (4 -> 3)
  Optimizing lut $abc$24710$lut$aiger24709$5296.genblk1.genblk1.genblk1.genblk1.genblk1.lut1 (4 -> 3)
  Optimizing lut $abc$24710$lut$aiger24709$4295.genblk1.genblk1.genblk1.genblk1.genblk1.lut0 (4 -> 3)
  Optimizing lut $abc$24710$lut$aiger24709$3500.genblk1.genblk1.genblk1.genblk1.genblk1.genblk1.lut1.genblk1.genblk1.genblk1.genblk1.genblk1.lut0 (4 -> 3)
  Optimizing lut $abc$24710$lut$aiger24709$3500.genblk1.genblk1.genblk1.genblk1.genblk1.genblk1.lut1.genblk1.genblk1.genblk1.genblk1.genblk1.lut1 (4 -> 3)
  Optimizing lut $abc$24710$lut$aiger24709$3739.genblk1.genblk1.genblk1.genblk1.genblk1.lut1 (4 -> 3)
  Optimizing lut $abc$24710$lut$aiger24709$5996.genblk1.genblk1.genblk1.genblk1.genblk1.lut0 (4 -> 3)
  Optimizing lut $abc$24710$lut$aiger24709$4583.genblk1.genblk1.genblk1.genblk1.genblk1.lut1 (4 -> 3)
  Optimizing lut $abc$24710$lut$aiger24709$4808.genblk1.genblk1.genblk1.genblk1.genblk1.lut1 (4 -> 3)
  Optimizing lut $abc$24710$lut$aiger24709$4583.genblk1.genblk1.genblk1.genblk1.genblk1.lut0 (4 -> 3)
  Optimizing lut $abc$24710$lut$aiger24709$5784.genblk1.genblk1.genblk1.genblk1.genblk1.lut1 (4 -> 3)
  Optimizing lut $abc$24710$lut$aiger24709$5138.genblk1.genblk1.genblk1.genblk1.genblk1.genblk1.lut1.genblk1.genblk1.genblk1.genblk1.genblk1.lut0 (4 -> 3)
  Optimizing lut $abc$24710$lut$aiger24709$5138.genblk1.genblk1.genblk1.genblk1.genblk1.genblk1.lut1.genblk1.genblk1.genblk1.genblk1.genblk1.lut1 (4 -> 3)
  Optimizing lut $abc$24710$lut$aiger24709$5386.genblk1.genblk1.genblk1.genblk1.genblk1.lut1 (4 -> 3)
  Optimizing lut $abc$24710$lut$aiger24709$5990.genblk1.genblk1.genblk1.genblk1.genblk1.lut1 (4 -> 3)
  Optimizing lut $abc$24710$lut$aiger24709$3508.genblk1.genblk1.genblk1.genblk1.genblk1.genblk1.lut1.genblk1.genblk1.genblk1.genblk1.genblk1.lut0 (4 -> 3)
  Optimizing lut $abc$24710$lut$aiger24709$5990.genblk1.genblk1.genblk1.genblk1.genblk1.lut0 (4 -> 3)
  Optimizing lut $abc$24710$lut$aiger24709$3508.genblk1.genblk1.genblk1.genblk1.genblk1.genblk1.lut1.genblk1.genblk1.genblk1.genblk1.genblk1.lut1 (4 -> 3)
  Optimizing lut $abc$24710$lut$aiger24709$3745.genblk1.genblk1.genblk1.genblk1.genblk1.lut1 (4 -> 3)
  Optimizing lut $abc$24710$lut$aiger24709$5622.genblk1.genblk1.genblk1.genblk1.genblk1.lut1 (4 -> 3)
  Optimizing lut $abc$24710$lut$aiger24709$4826.genblk1.genblk1.genblk1.genblk1.genblk1.lut1 (4 -> 3)
  Optimizing lut $abc$24710$lut$aiger24709$5622.genblk1.genblk1.genblk1.genblk1.genblk1.lut0 (4 -> 3)
  Optimizing lut $abc$24710$lut$aiger24709$4529.genblk1.genblk1.genblk1.genblk1.genblk1.lut1 (4 -> 3)
  Optimizing lut $abc$24710$lut$aiger24709$4206.genblk1.genblk1.genblk1.genblk1.genblk1.lut1 (4 -> 3)
  Optimizing lut $abc$24710$lut$aiger24709$5778.genblk1.genblk1.genblk1.genblk1.genblk1.lut1 (4 -> 3)
  Optimizing lut $abc$24710$lut$aiger24709$4206.genblk1.genblk1.genblk1.genblk1.genblk1.lut0 (4 -> 3)
  Optimizing lut $abc$24710$lut$aiger24709$5984.genblk1.genblk1.genblk1.genblk1.genblk1.lut1 (4 -> 3)
  Optimizing lut $abc$24710$lut$aiger24709$4387.genblk1.genblk1.genblk1.genblk1.genblk1.genblk1.lut1.genblk1.genblk1.genblk1.genblk1.genblk1.lut0 (4 -> 3)
  Optimizing lut $abc$24710$lut$aiger24709$5984.genblk1.genblk1.genblk1.genblk1.genblk1.lut0 (4 -> 3)
  Optimizing lut $abc$24710$lut$aiger24709$4387.genblk1.genblk1.genblk1.genblk1.genblk1.genblk1.lut1.genblk1.genblk1.genblk1.genblk1.genblk1.lut1 (4 -> 3)
  Optimizing lut $abc$24710$lut$aiger24709$3508.genblk1.genblk1.genblk1.genblk1.genblk1.genblk1.lut0.genblk1.genblk1.genblk1.genblk1.genblk1.lut1 (4 -> 3)
  Optimizing lut $abc$24710$lut$aiger24709$3516.genblk1.genblk1.genblk1.genblk1.genblk1.genblk1.lut1.genblk1.genblk1.genblk1.genblk1.genblk1.lut1 (4 -> 3)
  Optimizing lut $abc$24710$lut$aiger24709$4934.genblk1.genblk1.genblk1.genblk1.genblk1.lut1 (4 -> 3)
  Optimizing lut $abc$24710$lut$aiger24709$4301.genblk1.genblk1.genblk1.genblk1.genblk1.lut1 (4 -> 3)
  Optimizing lut $abc$24710$lut$aiger24709$5290.genblk1.genblk1.genblk1.genblk1.genblk1.lut1 (4 -> 3)
  Optimizing lut $abc$24710$lut$aiger24709$4464.genblk1.genblk1.genblk1.genblk1.genblk1.lut1 (4 -> 3)
  Optimizing lut $abc$24710$lut$aiger24709$5978.genblk1.genblk1.genblk1.genblk1.genblk1.lut1 (4 -> 3)
  Optimizing lut $abc$24710$lut$aiger24709$4464.genblk1.genblk1.genblk1.genblk1.genblk1.lut0 (4 -> 3)
  Optimizing lut $abc$24710$lut$aiger24709$5616.genblk1.genblk1.genblk1.genblk1.genblk1.lut1 (4 -> 3)
  Optimizing lut $abc$24710$lut$aiger24709$5078.genblk1.genblk1.genblk1.genblk1.genblk1.lut1 (4 -> 3)
  Optimizing lut $abc$24710$lut$aiger24709$5772.genblk1.genblk1.genblk1.genblk1.genblk1.lut1 (4 -> 3)
  Optimizing lut $abc$24710$lut$aiger24709$3757.genblk1.genblk1.genblk1.genblk1.genblk1.lut1 (4 -> 3)
  Optimizing lut $abc$24710$lut$aiger24709$5772.genblk1.genblk1.genblk1.genblk1.genblk1.lut0 (4 -> 3)
  Optimizing lut $abc$24710$lut$aiger24709$3524.genblk1.genblk1.genblk1.genblk1.genblk1.genblk1.lut1.genblk1.genblk1.genblk1.genblk1.genblk1.lut0 (4 -> 3)
  Optimizing lut $abc$24710$lut$aiger24709$3524.genblk1.genblk1.genblk1.genblk1.genblk1.genblk1.lut1.genblk1.genblk1.genblk1.genblk1.genblk1.lut1 (4 -> 3)
  Optimizing lut $abc$24710$lut$aiger24709$3516.genblk1.genblk1.genblk1.genblk1.genblk1.genblk1.lut0.genblk1.genblk1.genblk1.genblk1.genblk1.lut1 (4 -> 3)
  Optimizing lut $abc$24710$lut$aiger24709$5202.genblk1.genblk1.genblk1.genblk1.genblk1.genblk1.lut1.genblk1.genblk1.genblk1.genblk1.genblk1.lut0 (4 -> 3)
  Optimizing lut $abc$24710$lut$aiger24709$5380.genblk1.genblk1.genblk1.genblk1.genblk1.lut0 (4 -> 3)
  Optimizing lut $abc$24710$lut$aiger24709$5202.genblk1.genblk1.genblk1.genblk1.genblk1.genblk1.lut1.genblk1.genblk1.genblk1.genblk1.genblk1.lut1 (4 -> 3)
  Optimizing lut $abc$24710$lut$aiger24709$3524.genblk1.genblk1.genblk1.genblk1.genblk1.genblk1.lut0.genblk1.genblk1.genblk1.genblk1.genblk1.lut1 (4 -> 3)
  Optimizing lut $abc$24710$lut$aiger24709$5030.genblk1.genblk1.genblk1.genblk1.genblk1.lut1 (4 -> 3)
  Optimizing lut $abc$24710$lut$aiger24709$4212.genblk1.genblk1.genblk1.genblk1.genblk1.lut1 (4 -> 3)
  Optimizing lut $abc$24710$lut$aiger24709$5030.genblk1.genblk1.genblk1.genblk1.genblk1.lut0 (4 -> 3)
  Optimizing lut $abc$24710$lut$aiger24709$5766.genblk1.genblk1.genblk1.genblk1.genblk1.lut1 (4 -> 3)
  Optimizing lut $abc$24710$lut$aiger24709$3763.genblk1.genblk1.genblk1.genblk1.genblk1.lut1 (4 -> 3)
  Optimizing lut $abc$24710$lut$aiger24709$3532.genblk1.genblk1.genblk1.genblk1.genblk1.genblk1.lut1.genblk1.genblk1.genblk1.genblk1.genblk1.lut0 (4 -> 3)
  Optimizing lut $abc$24710$lut$aiger24709$3532.genblk1.genblk1.genblk1.genblk1.genblk1.genblk1.lut1.genblk1.genblk1.genblk1.genblk1.genblk1.lut1 (4 -> 3)
  Optimizing lut $abc$24710$lut$aiger24709$5610.genblk1.genblk1.genblk1.genblk1.genblk1.lut1 (4 -> 3)
  Optimizing lut $abc$24710$lut$aiger24709$5966.genblk1.genblk1.genblk1.genblk1.genblk1.lut1 (4 -> 3)
  Optimizing lut $abc$24710$lut$aiger24709$5610.genblk1.genblk1.genblk1.genblk1.genblk1.lut0 (4 -> 3)
  Optimizing lut $abc$24710$lut$aiger24709$5284.genblk1.genblk1.genblk1.genblk1.genblk1.lut1 (4 -> 3)
  Optimizing lut $abc$24710$lut$aiger24709$5966.genblk1.genblk1.genblk1.genblk1.genblk1.lut0 (4 -> 3)
  Optimizing lut $abc$24710$lut$aiger24709$5130.genblk1.genblk1.genblk1.genblk1.genblk1.genblk1.lut1.genblk1.genblk1.genblk1.genblk1.genblk1.lut0 (4 -> 3)
  Optimizing lut $abc$24710$lut$aiger24709$5130.genblk1.genblk1.genblk1.genblk1.genblk1.genblk1.lut1.genblk1.genblk1.genblk1.genblk1.genblk1.lut1 (4 -> 3)
  Optimizing lut $abc$24710$lut$aiger24709$4307.genblk1.genblk1.genblk1.genblk1.genblk1.lut1 (4 -> 3)
  Optimizing lut $abc$24710$lut$aiger24709$3769.genblk1.genblk1.genblk1.genblk1.genblk1.lut1 (4 -> 3)
  Optimizing lut $abc$24710$lut$aiger24709$3540.genblk1.genblk1.genblk1.genblk1.genblk1.genblk1.lut1.genblk1.genblk1.genblk1.genblk1.genblk1.lut0 (4 -> 3)
  Optimizing lut $abc$24710$lut$aiger24709$3769.genblk1.genblk1.genblk1.genblk1.genblk1.lut0 (4 -> 3)
  Optimizing lut $abc$24710$lut$aiger24709$3540.genblk1.genblk1.genblk1.genblk1.genblk1.genblk1.lut1.genblk1.genblk1.genblk1.genblk1.genblk1.lut1 (4 -> 3)
  Optimizing lut $abc$24710$lut$aiger24709$5960.genblk1.genblk1.genblk1.genblk1.genblk1.lut1 (4 -> 3)
  Optimizing lut $abc$24710$lut$aiger24709$5374.genblk1.genblk1.genblk1.genblk1.genblk1.lut1 (4 -> 3)
  Optimizing lut $abc$24710$lut$aiger24709$4958.genblk1.genblk1.genblk1.genblk1.genblk1.lut1 (4 -> 3)
  Optimizing lut $abc$24710$lut$aiger24709$4395.genblk1.genblk1.genblk1.genblk1.genblk1.genblk1.lut1.genblk1.genblk1.genblk1.genblk1.genblk1.lut0 (4 -> 3)
  Optimizing lut $abc$24710$lut$aiger24709$4395.genblk1.genblk1.genblk1.genblk1.genblk1.genblk1.lut1.genblk1.genblk1.genblk1.genblk1.genblk1.lut1 (4 -> 3)
  Optimizing lut $abc$24710$lut$aiger24709$4470.genblk1.genblk1.genblk1.genblk1.genblk1.lut1 (4 -> 3)
  Optimizing lut $abc$24710$lut$aiger24709$5604.genblk1.genblk1.genblk1.genblk1.genblk1.lut1 (4 -> 3)
  Optimizing lut $abc$24710$lut$aiger24709$4218.genblk1.genblk1.genblk1.genblk1.genblk1.lut1 (4 -> 3)
  Optimizing lut $abc$24710$lut$aiger24709$3775.genblk1.genblk1.genblk1.genblk1.genblk1.lut1 (4 -> 3)
  Optimizing lut $abc$24710$lut$aiger24709$4218.genblk1.genblk1.genblk1.genblk1.genblk1.lut0 (4 -> 3)
  Optimizing lut $abc$24710$lut$aiger24709$3548.genblk1.genblk1.genblk1.genblk1.genblk1.genblk1.lut1.genblk1.genblk1.genblk1.genblk1.genblk1.lut0 (4 -> 3)
  Optimizing lut $abc$24710$lut$aiger24709$3548.genblk1.genblk1.genblk1.genblk1.genblk1.genblk1.lut1.genblk1.genblk1.genblk1.genblk1.genblk1.lut1 (4 -> 3)
  Optimizing lut $abc$24710$lut$aiger24709$4395.genblk1.genblk1.genblk1.genblk1.genblk1.genblk1.lut0.genblk1.genblk1.genblk1.genblk1.genblk1.lut1 (4 -> 3)
  Optimizing lut $abc$24710$lut$aiger24709$5954.genblk1.genblk1.genblk1.genblk1.genblk1.genblk1.lut1.genblk1.genblk1.genblk1.genblk1.genblk1.lut1 (4 -> 3)
  Optimizing lut $abc$24710$lut$aiger24709$4637.genblk1.genblk1.genblk1.genblk1.genblk1.lut1 (4 -> 3)
  Optimizing lut $abc$24710$lut$aiger24709$5754.genblk1.genblk1.genblk1.genblk1.genblk1.lut1 (4 -> 3)
  Optimizing lut $abc$24710$lut$aiger24709$4910.genblk1.genblk1.genblk1.genblk1.genblk1.lut1 (4 -> 3)
  Optimizing lut $abc$24710$lut$aiger24709$5072.genblk1.genblk1.genblk1.genblk1.genblk1.lut1 (4 -> 3)
  Optimizing lut $abc$24710$lut$aiger24709$4988.genblk1.genblk1.genblk1.genblk1.genblk1.lut1 (4 -> 3)
  Optimizing lut $abc$24710$lut$aiger24709$5278.genblk1.genblk1.genblk1.genblk1.genblk1.lut1 (4 -> 3)
  Optimizing lut $abc$24710$lut$aiger24709$5194.genblk1.genblk1.genblk1.genblk1.genblk1.genblk1.lut1.genblk1.genblk1.genblk1.genblk1.genblk1.lut0 (4 -> 3)
  Optimizing lut $abc$24710$lut$aiger24709$5278.genblk1.genblk1.genblk1.genblk1.genblk1.lut0 (4 -> 3)
  Optimizing lut $abc$24710$lut$aiger24709$5194.genblk1.genblk1.genblk1.genblk1.genblk1.genblk1.lut1.genblk1.genblk1.genblk1.genblk1.genblk1.lut1 (4 -> 3)
  Optimizing lut $abc$24710$lut$aiger24709$5954.genblk1.genblk1.genblk1.genblk1.genblk1.genblk1.lut0.genblk1.genblk1.genblk1.genblk1.genblk1.lut1 (4 -> 3)
  Optimizing lut $abc$24710$lut$aiger24709$5946.genblk1.genblk1.genblk1.genblk1.genblk1.genblk1.lut1.genblk1.genblk1.genblk1.genblk1.genblk1.lut1 (4 -> 3)
  Optimizing lut $abc$24710$lut$aiger24709$5368.genblk1.genblk1.genblk1.genblk1.genblk1.lut1 (4 -> 3)
  Optimizing lut $abc$24710$lut$aiger24709$5368.genblk1.genblk1.genblk1.genblk1.genblk1.lut0 (4 -> 3)
  Optimizing lut $abc$24710$lut$aiger24709$2573.genblk1.genblk1.genblk1.genblk1.genblk1.lut0 (4 -> 0)
  Optimizing lut $abc$24710$lut$aiger24709$2580.genblk1.genblk1.genblk1.genblk1.genblk1.lut0 (4 -> 0)
  Optimizing lut $abc$24710$lut$aiger24709$2820.genblk1.genblk1.genblk1.genblk1.genblk1.genblk1.genblk1.genblk1.lut0.genblk1.genblk1.genblk1.genblk1.genblk1.genblk1.genblk1.lut0.genblk1.genblk1.genblk1.genblk1.genblk1.genblk1.lut0.genblk1.genblk1.genblk1.genblk1.genblk1.lut1 (4 -> 0)
  Optimizing lut $abc$24710$lut$aiger24709$2648.genblk1.genblk1.genblk1.genblk1.genblk1.lut0 (4 -> 0)
  Optimizing lut $abc$24710$lut$aiger24709$2722.genblk1.genblk1.genblk1.genblk1.genblk1.genblk1.lut1.genblk1.genblk1.genblk1.genblk1.genblk1.lut1 (4 -> 0)
  Optimizing lut $abc$24710$lut$aiger24709$2711.genblk1.genblk1.genblk1.genblk1.genblk1.genblk1.lut0.genblk1.genblk1.genblk1.genblk1.genblk1.lut1 (4 -> 0)
  Optimizing lut $abc$24710$lut$aiger24709$2749.genblk1.genblk1.genblk1.genblk1.genblk1.lut1 (4 -> 0)
  Optimizing lut $abc$24710$lut$aiger24709$2738.genblk1.genblk1.genblk1.genblk1.genblk1.lut0 (4 -> 0)
  Optimizing lut $abc$24710$lut$aiger24709$2772.genblk1.genblk1.genblk1.genblk1.genblk1.genblk1.genblk1.genblk1.lut1.genblk1.genblk1.genblk1.genblk1.genblk1.genblk1.genblk1.lut1.genblk1.genblk1.genblk1.genblk1.genblk1.genblk1.lut1.genblk1.genblk1.genblk1.genblk1.genblk1.lut1 (4 -> 0)
  Optimizing lut $abc$24710$lut$aiger24709$2772.genblk1.genblk1.genblk1.genblk1.genblk1.genblk1.genblk1.genblk1.lut0.genblk1.genblk1.genblk1.genblk1.genblk1.genblk1.genblk1.lut0.genblk1.genblk1.genblk1.genblk1.genblk1.genblk1.lut1.genblk1.genblk1.genblk1.genblk1.genblk1.lut1 (4 -> 0)
  Optimizing lut $abc$24710$lut$aiger24709$2791.genblk1.genblk1.genblk1.genblk1.genblk1.genblk1.genblk1.lut1.genblk1.genblk1.genblk1.genblk1.genblk1.genblk1.lut1.genblk1.genblk1.genblk1.genblk1.genblk1.lut1 (4 -> 0)
  Optimizing lut $abc$24710$lut$aiger24709$2820.genblk1.genblk1.genblk1.genblk1.genblk1.genblk1.genblk1.genblk1.lut0.genblk1.genblk1.genblk1.genblk1.genblk1.genblk1.genblk1.lut0.genblk1.genblk1.genblk1.genblk1.genblk1.genblk1.lut1.genblk1.genblk1.genblk1.genblk1.genblk1.lut1 (4 -> 0)
  Optimizing lut $abc$24710$lut$aiger24709$2820.genblk1.genblk1.genblk1.genblk1.genblk1.genblk1.genblk1.genblk1.lut1.genblk1.genblk1.genblk1.genblk1.genblk1.genblk1.genblk1.lut0.genblk1.genblk1.genblk1.genblk1.genblk1.genblk1.lut1.genblk1.genblk1.genblk1.genblk1.genblk1.lut1 (4 -> 0)
  Optimizing lut $abc$24710$lut$aiger24709$2836.genblk1.genblk1.genblk1.genblk1.genblk1.lut0 (4 -> 0)
  Optimizing lut $abc$24710$lut$aiger24709$2865.genblk1.genblk1.genblk1.genblk1.genblk1.lut0 (4 -> 0)
  Optimizing lut $abc$24710$lut$aiger24709$3002.genblk1.genblk1.genblk1.genblk1.genblk1.genblk1.genblk1.lut0.genblk1.genblk1.genblk1.genblk1.genblk1.genblk1.lut0.genblk1.genblk1.genblk1.genblk1.genblk1.lut1 (4 -> 0)
  Optimizing lut $abc$24710$lut$aiger24709$3002.genblk1.genblk1.genblk1.genblk1.genblk1.genblk1.genblk1.lut0.genblk1.genblk1.genblk1.genblk1.genblk1.genblk1.lut1.genblk1.genblk1.genblk1.genblk1.genblk1.lut1 (4 -> 0)
  Optimizing lut $abc$24710$lut$aiger24709$3009.genblk1.genblk1.genblk1.genblk1.genblk1.genblk1.genblk1.genblk1.lut0.genblk1.genblk1.genblk1.genblk1.genblk1.genblk1.genblk1.lut0.genblk1.genblk1.genblk1.genblk1.genblk1.genblk1.lut1.genblk1.genblk1.genblk1.genblk1.genblk1.lut1 (4 -> 0)
  Optimizing lut $abc$24710$lut$aiger24709$3009.genblk1.genblk1.genblk1.genblk1.genblk1.genblk1.genblk1.genblk1.lut1.genblk1.genblk1.genblk1.genblk1.genblk1.genblk1.genblk1.lut0.genblk1.genblk1.genblk1.genblk1.genblk1.genblk1.lut1.genblk1.genblk1.genblk1.genblk1.genblk1.lut1 (4 -> 3)
  Optimizing lut $abc$24710$lut$aiger24709$3031.genblk1.genblk1.genblk1.genblk1.genblk1.genblk1.lut1.genblk1.genblk1.genblk1.genblk1.genblk1.lut1 (4 -> 0)
  Optimizing lut $abc$24710$lut$aiger24709$3050.genblk1.genblk1.genblk1.genblk1.genblk1.genblk1.genblk1.genblk1.lut1.genblk1.genblk1.genblk1.genblk1.genblk1.genblk1.genblk1.lut1.genblk1.genblk1.genblk1.genblk1.genblk1.genblk1.lut1.genblk1.genblk1.genblk1.genblk1.genblk1.lut1 (4 -> 3)
  Optimizing lut $abc$24710$lut$aiger24709$3059.genblk1.genblk1.genblk1.genblk1.genblk1.genblk1.genblk1.genblk1.lut0.genblk1.genblk1.genblk1.genblk1.genblk1.genblk1.genblk1.lut0.genblk1.genblk1.genblk1.genblk1.genblk1.genblk1.lut1.genblk1.genblk1.genblk1.genblk1.genblk1.lut1 (4 -> 0)
  Optimizing lut $abc$24710$lut$aiger24709$3066.genblk1.genblk1.genblk1.genblk1.genblk1.genblk1.genblk1.genblk1.lut0.genblk1.genblk1.genblk1.genblk1.genblk1.genblk1.genblk1.lut0.genblk1.genblk1.genblk1.genblk1.genblk1.genblk1.lut1.genblk1.genblk1.genblk1.genblk1.genblk1.lut1 (4 -> 1)
  Optimizing lut $abc$24710$lut$aiger24709$3066.genblk1.genblk1.genblk1.genblk1.genblk1.genblk1.genblk1.genblk1.lut1.genblk1.genblk1.genblk1.genblk1.genblk1.genblk1.genblk1.lut0.genblk1.genblk1.genblk1.genblk1.genblk1.genblk1.lut1.genblk1.genblk1.genblk1.genblk1.genblk1.lut1 (4 -> 3)
  Optimizing lut $abc$24710$lut$aiger24709$3085.genblk1.genblk1.genblk1.genblk1.genblk1.lut0 (4 -> 2)
  Optimizing lut $abc$24710$lut$aiger24709$3100.genblk1.genblk1.genblk1.genblk1.genblk1.lut1 (4 -> 3)
  Optimizing lut $abc$24710$lut$aiger24709$3281.genblk1.genblk1.genblk1.genblk1.genblk1.lut1 (4 -> 3)
  Optimizing lut $abc$24710$lut$aiger24709$3100.genblk1.genblk1.genblk1.genblk1.genblk1.lut0 (4 -> 3)
  Optimizing lut $abc$24710$lut$aiger24709$3275.genblk1.genblk1.genblk1.genblk1.genblk1.lut1 (4 -> 3)
  Optimizing lut $abc$24710$lut$aiger24709$3263.genblk1.genblk1.genblk1.genblk1.genblk1.lut1 (4 -> 3)
  Optimizing lut $abc$24710$lut$aiger24709$2872.genblk1.genblk1.genblk1.genblk1.genblk1.lut0 (4 -> 0)
  Optimizing lut $abc$24710$lut$aiger24709$3221.genblk1.genblk1.genblk1.genblk1.genblk1.genblk1.genblk1.lut0.genblk1.genblk1.genblk1.genblk1.genblk1.genblk1.lut0.genblk1.genblk1.genblk1.genblk1.genblk1.lut1 (4 -> 0)
  Optimizing lut $abc$24710$lut$aiger24709$3269.genblk1.genblk1.genblk1.genblk1.genblk1.lut1 (4 -> 3)
  Optimizing lut $abc$24710$lut$aiger24709$3257.genblk1.genblk1.genblk1.genblk1.genblk1.lut1 (4 -> 3)
  Optimizing lut $abc$24710$lut$aiger24709$3245.genblk1.genblk1.genblk1.genblk1.genblk1.lut1 (4 -> 3)
  Optimizing lut $abc$24710$lut$aiger24709$3251.genblk1.genblk1.genblk1.genblk1.genblk1.lut1 (4 -> 3)
  Optimizing lut $abc$24710$lut$aiger24709$3233.genblk1.genblk1.genblk1.genblk1.genblk1.lut1 (4 -> 3)
  Optimizing lut $abc$24710$lut$aiger24709$3239.genblk1.genblk1.genblk1.genblk1.genblk1.lut1 (4 -> 3)
  Optimizing lut $abc$24710$lut$aiger24709$3221.genblk1.genblk1.genblk1.genblk1.genblk1.genblk1.genblk1.lut0.genblk1.genblk1.genblk1.genblk1.genblk1.genblk1.lut1.genblk1.genblk1.genblk1.genblk1.genblk1.lut1 (4 -> 0)
  Optimizing lut $abc$24710$lut$aiger24709$3192.genblk1.genblk1.genblk1.genblk1.genblk1.lut0 (4 -> 1)
  Optimizing lut $abc$24710$lut$aiger24709$3275.genblk1.genblk1.genblk1.genblk1.genblk1.lut0 (4 -> 3)

2.47. Executing HILOMAP pass (mapping to constant drivers).
Removed 0 unused cells and 4054 unused wires.

2.48. Executing AUTONAME pass.
Renamed 6143 objects in module order_book_side (460 iterations).
<suppressed ~6143 debug messages>

2.49. Executing HIERARCHY pass (managing design hierarchy).
Attribute `top' found on module `order_book_side'. Setting top module to order_book_side.

2.49.1. Analyzing design hierarchy..
Top module:  \order_book_side

2.49.2. Analyzing design hierarchy..
Top module:  \order_book_side
Removed 0 unused modules.

2.50. Printing statistics.

=== order_book_side ===

        +----------Local Count, excluding submodules.
        | 
     2732 wires
     5047 wire bits
     2732 public wires
     5047 public wire bits
       19 ports
      609 port bits
     2762 cells
        1   GND
       84   IBUF
       99   LUT1
       33   LUT2
      988   LUT3
      277   LUT4
      597   MUX2_LUT5
      121   MUX2_LUT6
       25   MUX2_LUT7
       11   MUX2_LUT8
      525   OBUF
        1   VCC
      672 submodules
      144   ALU
        4   DFF
      519   DFFE
        5   DFFRE

=== design hierarchy ===

        +----------Count including submodules.
        | 
     2762 order_book_side

        +----------Count including submodules.
        | 
     2732 wires
     5047 wire bits
     2732 public wires
     5047 public wire bits
       19 ports
      609 port bits
        - memories
        - memory bits
        - processes
     2762 cells
        1   GND
       84   IBUF
       99   LUT1
       33   LUT2
      988   LUT3
      277   LUT4
      597   MUX2_LUT5
      121   MUX2_LUT6
       25   MUX2_LUT7
       11   MUX2_LUT8
      525   OBUF
        1   VCC
      672 submodules
      144   ALU
        4   DFF
      519   DFFE
        5   DFFRE

2.51. Executing CHECK pass (checking for obvious problems).
Checking module order_book_side...
Found and reported 0 problems.

3. Printing statistics.

=== order_book_side ===

        +----------Local Count, excluding submodules.
        | 
     2732 wires
     5047 wire bits
     2732 public wires
     5047 public wire bits
       19 ports
      609 port bits
     3434 cells
      144   ALU
        4   DFF
      519   DFFE
        5   DFFRE
        1   GND
       84   IBUF
       99   LUT1
       33   LUT2
      988   LUT3
      277   LUT4
      597   MUX2_LUT5
      121   MUX2_LUT6
       25   MUX2_LUT7
       11   MUX2_LUT8
      525   OBUF
        1   VCC

End of script. Logfile hash: 710d012a0c, time: 1.51s, user: 0.80s, system: 0.06s, MEM: 82.61 MB peak
Yosys 0.66+91 (git sha1 8869ce61d, Release, Clang /usr/local/osxcross/target/bin/aarch64-apple-darwin23.5-clang++ 18.1.8)
Time spent: 41% 1x abc9_exe (0 sec), 13% 1x autoname (0 sec), ...
