
 /----------------------------------------------------------------------------\
 |  yosys -- Yosys Open SYnthesis Suite                                       |
 |  Copyright (C) 2012 - 2026  Claire Xenia Wolf <claire@yosyshq.com>         |
 |  Distributed under an ISC-like license, type "license" to see terms        |
 \----------------------------------------------------------------------------/
 Yosys 0.66+91 (git sha1 8869ce61d, Release, Clang /usr/local/osxcross/target/bin/aarch64-apple-darwin23.5-clang++ 18.1.8)

-- Running command `read_verilog rtl/uart_rx.v rtl/uart_tx.v rtl/message_rx.v rtl/message_tx.v rtl/report_fifo.v rtl/order_book_side.v rtl/matching_engine.v; synth_gowin -top matching_engine; stat' --

1. Executing Verilog-2005 frontend: rtl/uart_rx.v
Parsing Verilog input from `rtl/uart_rx.v' to AST representation.
Generating RTLIL representation for module `\uart_rx'.
Successfully finished Verilog frontend.

2. Executing Verilog-2005 frontend: rtl/uart_tx.v
Parsing Verilog input from `rtl/uart_tx.v' to AST representation.
Generating RTLIL representation for module `\uart_tx'.
Successfully finished Verilog frontend.

3. Executing Verilog-2005 frontend: rtl/message_rx.v
Parsing Verilog input from `rtl/message_rx.v' to AST representation.
Generating RTLIL representation for module `\message_rx'.
Successfully finished Verilog frontend.

4. Executing Verilog-2005 frontend: rtl/message_tx.v
Parsing Verilog input from `rtl/message_tx.v' to AST representation.
Generating RTLIL representation for module `\message_tx'.
Successfully finished Verilog frontend.

5. Executing Verilog-2005 frontend: rtl/report_fifo.v
Parsing Verilog input from `rtl/report_fifo.v' to AST representation.
Generating RTLIL representation for module `\report_fifo'.
Successfully finished Verilog frontend.

6. Executing Verilog-2005 frontend: rtl/order_book_side.v
Parsing Verilog input from `rtl/order_book_side.v' to AST representation.
Generating RTLIL representation for module `\order_book_side'.
Successfully finished Verilog frontend.

7. Executing Verilog-2005 frontend: rtl/matching_engine.v
Parsing Verilog input from `rtl/matching_engine.v' to AST representation.
Generating RTLIL representation for module `\matching_engine'.
Successfully finished Verilog frontend.

8. Executing SYNTH_GOWIN pass.

8.1. Executing Verilog-2005 frontend: /Users/paoloverwey/oss-cad-suite/libexec/../share/yosys/gowin/cells_sim.v
Parsing Verilog input from `/Users/paoloverwey/oss-cad-suite/libexec/../share/yosys/gowin/cells_sim.v' to AST representation.
Generating RTLIL representation for module `\LUT1'.
Generating RTLIL representation for module `\LUT2'.
Generating RTLIL representation for module `\LUT3'.
Generating RTLIL representation for module `\LUT4'.
Generating RTLIL representation for module `\__APICULA_LUT5'.
Generating RTLIL representation for module `\__APICULA_LUT6'.
Generating RTLIL representation for module `\__APICULA_LUT7'.
Generating RTLIL representation for module `\__APICULA_LUT8'.
Generating RTLIL representation for module `\MUX2'.
Generating RTLIL representation for module `\MUX2_LUT5'.
Generating RTLIL representation for module `\MUX2_LUT6'.
Generating RTLIL representation for module `\MUX2_LUT7'.
Generating RTLIL representation for module `\MUX2_LUT8'.
Generating RTLIL representation for module `\DFF'.
Generating RTLIL representation for module `\DFFE'.
Generating RTLIL representation for module `\DFFS'.
Generating RTLIL representation for module `\DFFSE'.
Generating RTLIL representation for module `\DFFR'.
Generating RTLIL representation for module `\DFFRE'.
Generating RTLIL representation for module `\DFFP'.
Generating RTLIL representation for module `\DFFPE'.
Generating RTLIL representation for module `\DFFC'.
Generating RTLIL representation for module `\DFFCE'.
Generating RTLIL representation for module `\DFFN'.
Generating RTLIL representation for module `\DFFNE'.
Generating RTLIL representation for module `\DFFNS'.
Generating RTLIL representation for module `\DFFNSE'.
Generating RTLIL representation for module `\DFFNR'.
Generating RTLIL representation for module `\DFFNRE'.
Generating RTLIL representation for module `\DFFNP'.
Generating RTLIL representation for module `\DFFNPE'.
Generating RTLIL representation for module `\DFFNC'.
Generating RTLIL representation for module `\DFFNCE'.
Generating RTLIL representation for module `\DL'.
Generating RTLIL representation for module `\DLN'.
Generating RTLIL representation for module `\DLE'.
Generating RTLIL representation for module `\DLNE'.
Generating RTLIL representation for module `\DLC'.
Generating RTLIL representation for module `\DLCE'.
Generating RTLIL representation for module `\DLNC'.
Generating RTLIL representation for module `\DLNCE'.
Generating RTLIL representation for module `\DLP'.
Generating RTLIL representation for module `\DLPE'.
Generating RTLIL representation for module `\DLNP'.
Generating RTLIL representation for module `\DLNPE'.
Generating RTLIL representation for module `\VCC'.
Generating RTLIL representation for module `\GND'.
Generating RTLIL representation for module `\IBUF'.
Generating RTLIL representation for module `\OBUF'.
Generating RTLIL representation for module `\TBUF'.
Generating RTLIL representation for module `\IOBUF'.
Generating RTLIL representation for module `\ELVDS_OBUF'.
Generating RTLIL representation for module `\TLVDS_OBUF'.
Generating RTLIL representation for module `\OSER4'.
Generating RTLIL representation for module `\OSER4_MEM'.
Generating RTLIL representation for module `\OSER8'.
Generating RTLIL representation for module `\OSER10'.
Generating RTLIL representation for module `\OVIDEO'.
Generating RTLIL representation for module `\OSER16'.
Generating RTLIL representation for module `\IDES4'.
Generating RTLIL representation for module `\IDES4_MEM'.
Generating RTLIL representation for module `\IDES8'.
Generating RTLIL representation for module `\IDES10'.
Generating RTLIL representation for module `\IVIDEO'.
Generating RTLIL representation for module `\IDES16'.
Generating RTLIL representation for module `\IDDR'.
Generating RTLIL representation for module `\IDDRC'.
Generating RTLIL representation for module `\DQS'.
Generating RTLIL representation for module `\ODDR'.
Generating RTLIL representation for module `\ODDRC'.
Generating RTLIL representation for module `\GSR'.
Generating RTLIL representation for module `\BANDGAP'.
Generating RTLIL representation for module `\ALU'.
Generating RTLIL representation for module `\RAM16S1'.
Generating RTLIL representation for module `\RAM16S2'.
Generating RTLIL representation for module `\RAM16S4'.
Generating RTLIL representation for module `\RAM16SDP1'.
Generating RTLIL representation for module `\RAM16SDP2'.
Generating RTLIL representation for module `\RAM16SDP4'.
Generating RTLIL representation for module `\SP'.
Generating RTLIL representation for module `\SPX9'.
Generating RTLIL representation for module `\SDP'.
Generating RTLIL representation for module `\SDPX9'.
Generating RTLIL representation for module `\DP'.
Generating RTLIL representation for module `\DPX9'.
Generating RTLIL representation for module `\rPLL'.
Generating RTLIL representation for module `\PLLVR'.
Generating RTLIL representation for module `\OSC'.
Generating RTLIL representation for module `\OSCZ'.
Generating RTLIL representation for module `\OSCF'.
Generating RTLIL representation for module `\OSCH'.
Generating RTLIL representation for module `\OSCW'.
Generating RTLIL representation for module `\OSCO'.
Generating RTLIL representation for module `\EMCU'.
Successfully finished Verilog frontend.

8.2. Executing Verilog-2005 frontend: /Users/paoloverwey/oss-cad-suite/libexec/../share/yosys/gowin/cells_xtra_gw1n.v
Parsing Verilog input from `/Users/paoloverwey/oss-cad-suite/libexec/../share/yosys/gowin/cells_xtra_gw1n.v' to AST representation.
Generating RTLIL representation for module `\LUT5'.
Generating RTLIL representation for module `\LUT6'.
Generating RTLIL representation for module `\LUT7'.
Generating RTLIL representation for module `\LUT8'.
Generating RTLIL representation for module `\INV'.
Generating RTLIL representation for module `\IODELAY'.
Generating RTLIL representation for module `\IEM'.
Generating RTLIL representation for module `\ROM16'.
Generating RTLIL representation for module `\ROM'.
Generating RTLIL representation for module `\ROMX9'.
Generating RTLIL representation for module `\pROM'.
Generating RTLIL representation for module `\pROMX9'.
Generating RTLIL representation for module `\SDPB'.
Generating RTLIL representation for module `\SDPX9B'.
Generating RTLIL representation for module `\DPB'.
Generating RTLIL representation for module `\DPX9B'.
Generating RTLIL representation for module `\PADD18'.
Generating RTLIL representation for module `\PADD9'.
Generating RTLIL representation for module `\MULT9X9'.
Generating RTLIL representation for module `\MULT18X18'.
Generating RTLIL representation for module `\MULT36X36'.
Generating RTLIL representation for module `\MULTALU36X18'.
Generating RTLIL representation for module `\MULTADDALU18X18'.
Generating RTLIL representation for module `\MULTALU18X18'.
Generating RTLIL representation for module `\ALU54D'.
Generating RTLIL representation for module `\BUFG'.
Generating RTLIL representation for module `\BUFS'.
Generating RTLIL representation for module `\PLL'.
Generating RTLIL representation for module `\TLVDS_IBUF'.
Generating RTLIL representation for module `\TLVDS_TBUF'.
Generating RTLIL representation for module `\TLVDS_IOBUF'.
Generating RTLIL representation for module `\ELVDS_IBUF'.
Generating RTLIL representation for module `\ELVDS_TBUF'.
Generating RTLIL representation for module `\ELVDS_IOBUF'.
Generating RTLIL representation for module `\MIPI_IBUF'.
Generating RTLIL representation for module `\MIPI_IBUF_HS'.
Generating RTLIL representation for module `\MIPI_IBUF_LP'.
Generating RTLIL representation for module `\MIPI_OBUF'.
Generating RTLIL representation for module `\MIPI_OBUF_A'.
Generating RTLIL representation for module `\ELVDS_IBUF_MIPI'.
Generating RTLIL representation for module `\I3C_IOBUF'.
Generating RTLIL representation for module `\CLKDIV'.
Generating RTLIL representation for module `\DHCEN'.
Generating RTLIL representation for module `\DLLDLY'.
Generating RTLIL representation for module `\FLASH96K'.
Generating RTLIL representation for module `\FLASH256K'.
Generating RTLIL representation for module `\FLASH608K'.
Generating RTLIL representation for module `\DCS'.
Generating RTLIL representation for module `\DQCE'.
Generating RTLIL representation for module `\CLKDIV2'.
Generating RTLIL representation for module `\DHCENC'.
Generating RTLIL representation for module `\FLASH64K'.
Generating RTLIL representation for module `\FLASH64KZ'.
Successfully finished Verilog frontend.

8.3. Executing HIERARCHY pass (managing design hierarchy).

8.3.1. Analyzing design hierarchy..
Top module:  \matching_engine
Used module:     \report_fifo
Used module:     \order_book_side
Used module:     \message_tx
Used module:         \uart_tx
Used module:     \message_rx
Used module:         \uart_rx
Parameter \ACC_INCREMENT = 3
Parameter \ACC_MODULUS = 8
Parameter \BAUD_DIVISOR = 234

8.3.2. Executing AST frontend in derive mode using pre-parsed AST for module `\uart_rx'.
Parameter \ACC_INCREMENT = 3
Parameter \ACC_MODULUS = 8
Parameter \BAUD_DIVISOR = 234
Generating RTLIL representation for module `$paramod$a7c3c30138af1325a60904ccdffc2805a4e27d04\uart_rx'.
Parameter \ACC_INCREMENT = 3
Parameter \ACC_MODULUS = 8
Parameter \BAUD_DIVISOR = 234

8.3.3. Executing AST frontend in derive mode using pre-parsed AST for module `\uart_tx'.
Parameter \ACC_INCREMENT = 3
Parameter \ACC_MODULUS = 8
Parameter \BAUD_DIVISOR = 234
Generating RTLIL representation for module `$paramod$a7c3c30138af1325a60904ccdffc2805a4e27d04\uart_tx'.
Parameter \DATA_WIDTH = 64

8.3.4. Executing AST frontend in derive mode using pre-parsed AST for module `\report_fifo'.
Parameter \DATA_WIDTH = 64
Generating RTLIL representation for module `$paramod\report_fifo\DATA_WIDTH=s32'00000000000000000000000001000000'.
Parameter \N = 8
Parameter \DESCENDING = 0

8.3.5. Executing AST frontend in derive mode using pre-parsed AST for module `\order_book_side'.
Parameter \N = 8
Parameter \DESCENDING = 0
Generating RTLIL representation for module `$paramod$a3aa78ed85d09664340a4408971ee05153696140\order_book_side'.
Parameter \N = 8
Parameter \DESCENDING = 1

8.3.6. Executing AST frontend in derive mode using pre-parsed AST for module `\order_book_side'.
Parameter \N = 8
Parameter \DESCENDING = 1
Generating RTLIL representation for module `$paramod$1f27663a425bf4ff6b1e7da55be7e5eff5f5cdf5\order_book_side'.
Parameter \SENTINEL = 8'10101010
Parameter \BAUD_DIVISOR = 234
Parameter \ACC_INCREMENT = 3
Parameter \ACC_MODULUS = 8

8.3.7. Executing AST frontend in derive mode using pre-parsed AST for module `\message_tx'.
Parameter \SENTINEL = 8'10101010
Parameter \BAUD_DIVISOR = 234
Parameter \ACC_INCREMENT = 3
Parameter \ACC_MODULUS = 8
Generating RTLIL representation for module `$paramod$4b94c7d0562a85dcb91aad001c598912e2f3fd02\message_tx'.
Parameter \SENTINEL = 8'10101010
Parameter \BAUD_DIVISOR = 234
Parameter \ACC_INCREMENT = 3
Parameter \ACC_MODULUS = 8

8.3.8. Executing AST frontend in derive mode using pre-parsed AST for module `\message_rx'.
Parameter \SENTINEL = 8'10101010
Parameter \BAUD_DIVISOR = 234
Parameter \ACC_INCREMENT = 3
Parameter \ACC_MODULUS = 8
Generating RTLIL representation for module `$paramod$4b94c7d0562a85dcb91aad001c598912e2f3fd02\message_rx'.

8.3.9. Analyzing design hierarchy..
Top module:  \matching_engine
Used module:     $paramod\report_fifo\DATA_WIDTH=s32'00000000000000000000000001000000
Used module:     $paramod$a3aa78ed85d09664340a4408971ee05153696140\order_book_side
Used module:     $paramod$1f27663a425bf4ff6b1e7da55be7e5eff5f5cdf5\order_book_side
Used module:     $paramod$4b94c7d0562a85dcb91aad001c598912e2f3fd02\message_tx
Used module:         \uart_tx
Used module:     $paramod$4b94c7d0562a85dcb91aad001c598912e2f3fd02\message_rx
Used module:         \uart_rx
Parameter \ACC_INCREMENT = 3
Parameter \ACC_MODULUS = 8
Parameter \BAUD_DIVISOR = 234
Found cached RTLIL representation for module `$paramod$a7c3c30138af1325a60904ccdffc2805a4e27d04\uart_tx'.
Parameter \ACC_INCREMENT = 3
Parameter \ACC_MODULUS = 8
Parameter \BAUD_DIVISOR = 234
Found cached RTLIL representation for module `$paramod$a7c3c30138af1325a60904ccdffc2805a4e27d04\uart_rx'.

8.3.10. Analyzing design hierarchy..
Top module:  \matching_engine
Used module:     $paramod\report_fifo\DATA_WIDTH=s32'00000000000000000000000001000000
Used module:     $paramod$a3aa78ed85d09664340a4408971ee05153696140\order_book_side
Used module:     $paramod$1f27663a425bf4ff6b1e7da55be7e5eff5f5cdf5\order_book_side
Used module:     $paramod$4b94c7d0562a85dcb91aad001c598912e2f3fd02\message_tx
Used module:         $paramod$a7c3c30138af1325a60904ccdffc2805a4e27d04\uart_tx
Used module:     $paramod$4b94c7d0562a85dcb91aad001c598912e2f3fd02\message_rx
Used module:         $paramod$a7c3c30138af1325a60904ccdffc2805a4e27d04\uart_rx

8.3.11. Analyzing design hierarchy..
Top module:  \matching_engine
Used module:     $paramod\report_fifo\DATA_WIDTH=s32'00000000000000000000000001000000
Used module:     $paramod$a3aa78ed85d09664340a4408971ee05153696140\order_book_side
Used module:     $paramod$1f27663a425bf4ff6b1e7da55be7e5eff5f5cdf5\order_book_side
Used module:     $paramod$4b94c7d0562a85dcb91aad001c598912e2f3fd02\message_tx
Used module:         $paramod$a7c3c30138af1325a60904ccdffc2805a4e27d04\uart_tx
Used module:     $paramod$4b94c7d0562a85dcb91aad001c598912e2f3fd02\message_rx
Used module:         $paramod$a7c3c30138af1325a60904ccdffc2805a4e27d04\uart_rx
Removing unused module `\order_book_side'.
Removing unused module `\report_fifo'.
Removing unused module `\message_tx'.
Removing unused module `\message_rx'.
Removing unused module `\uart_tx'.
Removing unused module `\uart_rx'.
Removed 6 unused modules.

8.4. Executing PROC pass (convert processes to netlists).

8.4.1. Executing PROC_CLEAN pass (remove empty switches from decision trees).
Found and cleaned up 8 empty switches in `$paramod$1f27663a425bf4ff6b1e7da55be7e5eff5f5cdf5\order_book_side.$proc$rtl/order_book_side.v:90$859'.
Found and cleaned up 8 empty switches in `$paramod$a3aa78ed85d09664340a4408971ee05153696140\order_book_side.$proc$rtl/order_book_side.v:90$792'.
Cleaned up 16 empty switches.

8.4.2. Executing PROC_RMDEAD pass (remove dead branches from decision trees).
Marked 5 switch rules as full_case in process $proc$rtl/uart_rx.v:48$632 in module $paramod$a7c3c30138af1325a60904ccdffc2805a4e27d04\uart_rx.
Marked 12 switch rules as full_case in process $proc$rtl/matching_engine.v:287$265 in module matching_engine.
Marked 17 switch rules as full_case in process $proc$rtl/message_rx.v:87$916 in module $paramod$4b94c7d0562a85dcb91aad001c598912e2f3fd02\message_rx.
Marked 3 switch rules as full_case in process $proc$rtl/message_tx.v:106$897 in module $paramod$4b94c7d0562a85dcb91aad001c598912e2f3fd02\message_tx.
Marked 23 switch rules as full_case in process $proc$rtl/order_book_side.v:90$859 in module $paramod$1f27663a425bf4ff6b1e7da55be7e5eff5f5cdf5\order_book_side.
Marked 16 switch rules as full_case in process $proc$rtl/order_book_side.v:55$825 in module $paramod$1f27663a425bf4ff6b1e7da55be7e5eff5f5cdf5\order_book_side.
Marked 23 switch rules as full_case in process $proc$rtl/order_book_side.v:90$792 in module $paramod$a3aa78ed85d09664340a4408971ee05153696140\order_book_side.
Marked 16 switch rules as full_case in process $proc$rtl/order_book_side.v:55$758 in module $paramod$a3aa78ed85d09664340a4408971ee05153696140\order_book_side.
Marked 2 switch rules as full_case in process $proc$rtl/report_fifo.v:90$747 in module $paramod\report_fifo\DATA_WIDTH=s32'00000000000000000000000001000000.
Marked 2 switch rules as full_case in process $proc$rtl/report_fifo.v:76$743 in module $paramod\report_fifo\DATA_WIDTH=s32'00000000000000000000000001000000.
Marked 1 switch rules as full_case in process $proc$rtl/report_fifo.v:63$737 in module $paramod\report_fifo\DATA_WIDTH=s32'00000000000000000000000001000000.
Marked 2 switch rules as full_case in process $proc$rtl/report_fifo.v:52$719 in module $paramod\report_fifo\DATA_WIDTH=s32'00000000000000000000000001000000.
Marked 10 switch rules as full_case in process $proc$rtl/uart_tx.v:56$672 in module $paramod$a7c3c30138af1325a60904ccdffc2805a4e27d04\uart_tx.
Removed a total of 0 dead cases.

8.4.3. Executing PROC_PRUNE pass (remove redundant assignments in processes).
Removed 1 redundant assignment.
Promoted 130 assignments to connections.

8.4.4. Executing PROC_INIT pass (extract init attributes).
Found init rule in `$paramod$a7c3c30138af1325a60904ccdffc2805a4e27d04\uart_rx.$proc$rtl/uart_rx.v:36$668'.
  Set init value: \byteReady = 1'0
  Set init value: \uartFrameError = 1'0
  Set init value: \parityError = 1'0
  Set init value: \dataIn = 8'00000000
  Set init value: \rxState = 4'0000
  Set init value: \rxCounter = 13'0000000000000
  Set init value: \rxBitNumber = 3'000
  Set init value: \rxAccumulator = 4'0000
  Set init value: \rxDelayFrames = 13'0000011101010
Found init rule in `\matching_engine.$proc$rtl/matching_engine.v:227$293'.
  Set init value: \sendMessageValid = 1'0
  Set init value: \wr_en = 1'0
  Set init value: \wr_data = 64'0000000000000000000000000000000000000000000000000000000000000000
  Set init value: \rd_en = 1'0
  Set init value: \orderFilled = 1'0
  Set init value: \orderResting = 1'0
  Set init value: \orderRejected = 1'0
  Set init value: \wrongMsgType = 1'0
  Set init value: \wrongMsgSide = 1'0
  Set init value: \matchLoopOverrunError = 1'0
  Set init value: \sentinelErrorLatched = 1'0
  Set init value: \timeOutErrorLatched = 1'0
  Set init value: \checksumErrorLatched = 1'0
  Set init value: \msgTypeOut = 8'00000000
  Set init value: \outcomeOut = 8'00000000
  Set init value: \orderIDOut = 16'0000000000000000
  Set init value: \priceOut = 16'0000000000000000
  Set init value: \quantityOut = 16'0000000000000000
  Set init value: \insertValidBid = 1'0
  Set init value: \removeValidBid = 1'0
  Set init value: \insertValidAsk = 1'0
  Set init value: \removeValidAsk = 1'0
  Set init value: \reduceValidBid = 1'0
  Set init value: \reduceValidAsk = 1'0
  Set init value: \reduceAmountBid = 16'0000000000000000
  Set init value: \reduceAmountAsk = 16'0000000000000000
  Set init value: \globalSeqNum = 16'0000000000000000
  Set init value: \remainingQuantity = 16'0000000000000000
  Set init value: \matchLoopCount = 4'0000
  Set init value: \messageReadyPrev = 1'0
  Set init value: \meState = 4'0000
  Set init value: \drainState = 2'00
Found init rule in `$paramod$4b94c7d0562a85dcb91aad001c598912e2f3fd02\message_rx.$proc$rtl/message_rx.v:66$943'.
  Set init value: \messageReady = 1'0
  Set init value: \sentinelError = 1'0
  Set init value: \timeOutError = 1'0
  Set init value: \checksumError = 1'0
  Set init value: \msgType = 8'00000000
  Set init value: \orderID = 16'0000000000000000
  Set init value: \side = 8'00000000
  Set init value: \price = 16'0000000000000000
  Set init value: \quantity = 16'0000000000000000
  Set init value: \msgState = 4'0000
  Set init value: \checksumAcc = 8'00000000
  Set init value: \byteCounter = 1'0
  Set init value: \byteWaitCounter = 20'00000000000000000000
  Set init value: \byteReadyPrev = 1'0
Found init rule in `$paramod$4b94c7d0562a85dcb91aad001c598912e2f3fd02\message_tx.$proc$rtl/message_tx.v:80$912'.
  Set init value: \txByteValid = 1'0
  Set init value: \txByteData = 8'00000000
  Set init value: \msgType = 8'00000000
  Set init value: \orderID = 16'0000000000000000
  Set init value: \price = 16'0000000000000000
  Set init value: \quantity = 16'0000000000000000
  Set init value: \byteCounter = 1'0
  Set init value: \messageSent = 1'0
  Set init value: \txBusy = 1'0
  Set init value: \sendWhileBusyError = 1'0
  Set init value: \outcome = 8'00000000
  Set init value: \mtxState = 4'0000
  Set init value: \sendMessageValidPrev = 1'0
  Set init value: \txByteConsumedPrev = 1'0
Found init rule in `$paramod$1f27663a425bf4ff6b1e7da55be7e5eff5f5cdf5\order_book_side.$proc$rtl/order_book_side.v:69$883'.
  Set init value: \orderID = 128'00000000000000000000000000000000000000000000000000000000000000000000000000000000000000000000000000000000000000000000000000000000
  Set init value: \price = 128'00000000000000000000000000000000000000000000000000000000000000000000000000000000000000000000000000000000000000000000000000000000
  Set init value: \quantity = 128'00000000000000000000000000000000000000000000000000000000000000000000000000000000000000000000000000000000000000000000000000000000
  Set init value: \valid = 8'00000000
  Set init value: \seqNum = 128'00000000000000000000000000000000000000000000000000000000000000000000000000000000000000000000000000000000000000000000000000000000
  Set init value: \simultaneousOpError = 1'0
  Set init value: \insertFullError = 1'0
  Set init value: \removeEmptyError = 1'0
  Set init value: \reduceEmptyError = 1'0
  Set init value: \overReduceError = 1'0
  Set init value: \insertValidPrev = 1'0
  Set init value: \removeValidPrev = 1'0
Found init rule in `$paramod$a3aa78ed85d09664340a4408971ee05153696140\order_book_side.$proc$rtl/order_book_side.v:69$816'.
  Set init value: \orderID = 128'00000000000000000000000000000000000000000000000000000000000000000000000000000000000000000000000000000000000000000000000000000000
  Set init value: \price = 128'00000000000000000000000000000000000000000000000000000000000000000000000000000000000000000000000000000000000000000000000000000000
  Set init value: \quantity = 128'00000000000000000000000000000000000000000000000000000000000000000000000000000000000000000000000000000000000000000000000000000000
  Set init value: \valid = 8'00000000
  Set init value: \seqNum = 128'00000000000000000000000000000000000000000000000000000000000000000000000000000000000000000000000000000000000000000000000000000000
  Set init value: \simultaneousOpError = 1'0
  Set init value: \insertFullError = 1'0
  Set init value: \removeEmptyError = 1'0
  Set init value: \reduceEmptyError = 1'0
  Set init value: \overReduceError = 1'0
  Set init value: \insertValidPrev = 1'0
  Set init value: \removeValidPrev = 1'0
Found init rule in `$paramod\report_fifo\DATA_WIDTH=s32'00000000000000000000000001000000.$proc$rtl/report_fifo.v:36$749'.
  Set init value: \rd_data = 64'0000000000000000000000000000000000000000000000000000000000000000
  Set init value: \full_latched = 1'0
  Set init value: \mem_flat = 512'00000000000000000000000000000000000000000000000000000000000000000000000000000000000000000000000000000000000000000000000000000000000000000000000000000000000000000000000000000000000000000000000000000000000000000000000000000000000000000000000000000000000000000000000000000000000000000000000000000000000000000000000000000000000000000000000000000000000000000000000000000000000000000000000000000000000000000000000000000000000000000000000000000000000000000000000000000000000000000000000000000000000000000000000000000000
  Set init value: \wr_ptr = 3'000
  Set init value: \rd_ptr = 3'000
  Set init value: \count = 4'0000
Found init rule in `$paramod$a7c3c30138af1325a60904ccdffc2805a4e27d04\uart_tx.$proc$rtl/uart_tx.v:40$710'.
  Set init value: \txByteConsumed = 1'0
  Set init value: \txState = 4'0000
  Set init value: \txCounter = 13'0000000000000
  Set init value: \dataOut = 8'00000000
  Set init value: \txPinRegister = 1'1
  Set init value: \txBitNumber = 3'000
  Set init value: \txAccumulator = 4'0000
  Set init value: \txDelayFrames = 13'0000011101010
  Set init value: \txByteValidPrev = 1'0

8.4.5. Executing PROC_ARST pass (detect async resets in processes).
Found async reset \rst_n in `$paramod\report_fifo\DATA_WIDTH=s32'00000000000000000000000001000000.$proc$rtl/report_fifo.v:90$747'.
Found async reset \rst_n in `$paramod\report_fifo\DATA_WIDTH=s32'00000000000000000000000001000000.$proc$rtl/report_fifo.v:76$743'.
Found async reset \rst_n in `$paramod\report_fifo\DATA_WIDTH=s32'00000000000000000000000001000000.$proc$rtl/report_fifo.v:63$737'.
Found async reset \rst_n in `$paramod\report_fifo\DATA_WIDTH=s32'00000000000000000000000001000000.$proc$rtl/report_fifo.v:52$719'.

8.4.6. Executing PROC_ROM pass (convert switches to ROMs).
Converted 0 switches.
<suppressed ~159 debug messages>

8.4.7. Executing PROC_MUX pass (convert decision trees to multiplexers).
Creating decoders for process `$paramod$a7c3c30138af1325a60904ccdffc2805a4e27d04\uart_rx.$proc$rtl/uart_rx.v:36$668'.
Creating decoders for process `$paramod$a7c3c30138af1325a60904ccdffc2805a4e27d04\uart_rx.$proc$rtl/uart_rx.v:48$632'.
     1/9: $0\rxDelayFrames[12:0]
     2/9: $0\rxAccumulator[3:0]
     3/9: $0\rxBitNumber[2:0]
     4/9: $0\rxCounter[12:0]
     5/9: $0\rxState[3:0]
     6/9: $0\dataIn[7:0]
     7/9: $0\parityError[0:0]
     8/9: $0\uartFrameError[0:0]
     9/9: $0\byteReady[0:0]
Creating decoders for process `\matching_engine.$proc$rtl/matching_engine.v:227$293'.
Creating decoders for process `\matching_engine.$proc$rtl/matching_engine.v:420$289'.
     1/8: $0\rd_en[0:0]
     2/8: $0\sendMessageValid[0:0]
     3/8: $0\drainState[1:0]
     4/8: $0\quantityOut[15:0]
     5/8: $0\priceOut[15:0]
     6/8: $0\orderIDOut[15:0]
     7/8: $0\outcomeOut[7:0]
     8/8: $0\msgTypeOut[7:0]
Creating decoders for process `\matching_engine.$proc$rtl/matching_engine.v:287$265'.
     1/20: $0\wr_en[0:0]
     2/20: $0\reduceValidAsk[0:0]
     3/20: $0\reduceValidBid[0:0]
     4/20: $0\removeValidAsk[0:0]
     5/20: $0\insertValidAsk[0:0]
     6/20: $0\removeValidBid[0:0]
     7/20: $0\insertValidBid[0:0]
     8/20: $0\meState[3:0]
     9/20: $0\matchLoopCount[3:0]
    10/20: $0\remainingQuantity[15:0]
    11/20: $0\globalSeqNum[15:0]
    12/20: $0\reduceAmountAsk[15:0]
    13/20: $0\reduceAmountBid[15:0]
    14/20: $0\matchLoopOverrunError[0:0]
    15/20: $0\wrongMsgSide[0:0]
    16/20: $0\wrongMsgType[0:0]
    17/20: $0\orderRejected[0:0]
    18/20: $0\orderResting[0:0]
    19/20: $0\orderFilled[0:0]
    20/20: $0\wr_data[63:0]
Creating decoders for process `\matching_engine.$proc$rtl/matching_engine.v:283$264'.
     1/1: $0\checksumErrorLatched[0:0]
Creating decoders for process `\matching_engine.$proc$rtl/matching_engine.v:279$263'.
     1/1: $0\timeOutErrorLatched[0:0]
Creating decoders for process `\matching_engine.$proc$rtl/matching_engine.v:275$262'.
     1/1: $0\sentinelErrorLatched[0:0]
Creating decoders for process `\matching_engine.$proc$rtl/matching_engine.v:271$261'.
Creating decoders for process `$paramod$4b94c7d0562a85dcb91aad001c598912e2f3fd02\message_rx.$proc$rtl/message_rx.v:66$943'.
Creating decoders for process `$paramod$4b94c7d0562a85dcb91aad001c598912e2f3fd02\message_rx.$proc$rtl/message_rx.v:87$916'.
     1/13: $0\byteWaitCounter[19:0]
     2/13: $0\byteCounter[0:0]
     3/13: $0\checksumAcc[7:0]
     4/13: $0\msgState[3:0]
     5/13: $0\quantity[15:0]
     6/13: $0\price[15:0]
     7/13: $0\side[7:0]
     8/13: $0\orderID[15:0]
     9/13: $0\msgType[7:0]
    10/13: $0\checksumError[0:0]
    11/13: $0\timeOutError[0:0]
    12/13: $0\sentinelError[0:0]
    13/13: $0\messageReady[0:0]
Creating decoders for process `$paramod$4b94c7d0562a85dcb91aad001c598912e2f3fd02\message_rx.$proc$rtl/message_rx.v:83$915'.
Creating decoders for process `$paramod$4b94c7d0562a85dcb91aad001c598912e2f3fd02\message_tx.$proc$rtl/message_tx.v:80$912'.
Creating decoders for process `$paramod$4b94c7d0562a85dcb91aad001c598912e2f3fd02\message_tx.$proc$rtl/message_tx.v:106$897'.
     1/12: $0\mtxState[3:0]
     2/12: $0\outcome[7:0]
     3/12: $0\sendWhileBusyError[0:0]
     4/12: $0\txBusy[0:0]
     5/12: $0\messageSent[0:0]
     6/12: $0\byteCounter[0:0]
     7/12: $0\quantity[15:0]
     8/12: $0\price[15:0]
     9/12: $0\orderID[15:0]
    10/12: $0\msgType[7:0]
    11/12: $0\txByteData[7:0]
    12/12: $0\txByteValid[0:0]
Creating decoders for process `$paramod$4b94c7d0562a85dcb91aad001c598912e2f3fd02\message_tx.$proc$rtl/message_tx.v:101$896'.
Creating decoders for process `$paramod$1f27663a425bf4ff6b1e7da55be7e5eff5f5cdf5\order_book_side.$proc$rtl/order_book_side.v:69$883'.
Creating decoders for process `$paramod$1f27663a425bf4ff6b1e7da55be7e5eff5f5cdf5\order_book_side.$proc$rtl/order_book_side.v:90$859'.
     1/51: $6\i[31:0]
     2/51: $5\i[31:0]
     3/51: $0\seqNum[127:0] [127:112]
     4/51: $0\seqNum[127:0] [111:96]
     5/51: $0\orderID[127:0] [111:96]
     6/51: $0\quantity[127:0] [111:96]
     7/51: $0\price[127:0] [111:96]
     8/51: $0\valid[7:0] [6]
     9/51: $0\seqNum[127:0] [95:80]
    10/51: $0\orderID[127:0] [95:80]
    11/51: $0\quantity[127:0] [95:80]
    12/51: $0\price[127:0] [95:80]
    13/51: $0\valid[7:0] [5]
    14/51: $0\seqNum[127:0] [79:64]
    15/51: $0\orderID[127:0] [79:64]
    16/51: $0\quantity[127:0] [79:64]
    17/51: $0\price[127:0] [79:64]
    18/51: $0\valid[7:0] [4]
    19/51: $0\seqNum[127:0] [63:48]
    20/51: $0\orderID[127:0] [63:48]
    21/51: $0\quantity[127:0] [63:48]
    22/51: $0\price[127:0] [63:48]
    23/51: $0\valid[7:0] [3]
    24/51: $0\seqNum[127:0] [47:32]
    25/51: $0\orderID[127:0] [47:32]
    26/51: $0\quantity[127:0] [47:32]
    27/51: $0\price[127:0] [47:32]
    28/51: $0\valid[7:0] [2]
    29/51: $0\seqNum[127:0] [31:16]
    30/51: $0\orderID[127:0] [31:16]
    31/51: $0\quantity[127:0] [31:16]
    32/51: $0\price[127:0] [31:16]
    33/51: $0\valid[7:0] [1]
    34/51: $0\quantity[127:0] [127:112]
    35/51: $0\seqNum[127:0] [15:0]
    36/51: $0\orderID[127:0] [15:0]
    37/51: $0\quantity[127:0] [15:0]
    38/51: $0\price[127:0] [15:0]
    39/51: $0\valid[7:0] [0]
    40/51: $2\i[31:0]
    41/51: $1\i[31:0]
    42/51: $0\overReduceError[0:0]
    43/51: $0\reduceEmptyError[0:0]
    44/51: $0\removeEmptyError[0:0]
    45/51: $0\insertFullError[0:0]
    46/51: $0\simultaneousOpError[0:0]
    47/51: $0\price[127:0] [127:112]
    48/51: $3\i[31:0]
    49/51: $0\orderID[127:0] [127:112]
    50/51: $4\i[31:0]
    51/51: $0\valid[7:0] [7]
Creating decoders for process `$paramod$1f27663a425bf4ff6b1e7da55be7e5eff5f5cdf5\order_book_side.$proc$rtl/order_book_side.v:84$858'.
Creating decoders for process `$paramod$1f27663a425bf4ff6b1e7da55be7e5eff5f5cdf5\order_book_side.$proc$rtl/order_book_side.v:55$825'.
     1/16: $16\insertIndex[3:0]
     2/16: $15\insertIndex[3:0]
     3/16: $14\insertIndex[3:0]
     4/16: $13\insertIndex[3:0]
     5/16: $12\insertIndex[3:0]
     6/16: $11\insertIndex[3:0]
     7/16: $10\insertIndex[3:0]
     8/16: $9\insertIndex[3:0]
     9/16: $8\insertIndex[3:0]
    10/16: $7\insertIndex[3:0]
    11/16: $6\insertIndex[3:0]
    12/16: $5\insertIndex[3:0]
    13/16: $4\insertIndex[3:0]
    14/16: $3\insertIndex[3:0]
    15/16: $2\insertIndex[3:0]
    16/16: $1\insertIndex[3:0]
Creating decoders for process `$paramod$a3aa78ed85d09664340a4408971ee05153696140\order_book_side.$proc$rtl/order_book_side.v:69$816'.
Creating decoders for process `$paramod$a3aa78ed85d09664340a4408971ee05153696140\order_book_side.$proc$rtl/order_book_side.v:90$792'.
     1/51: $6\i[31:0]
     2/51: $5\i[31:0]
     3/51: $0\seqNum[127:0] [127:112]
     4/51: $0\seqNum[127:0] [111:96]
     5/51: $0\orderID[127:0] [111:96]
     6/51: $0\quantity[127:0] [111:96]
     7/51: $0\price[127:0] [111:96]
     8/51: $0\valid[7:0] [6]
     9/51: $0\seqNum[127:0] [95:80]
    10/51: $0\orderID[127:0] [95:80]
    11/51: $0\quantity[127:0] [95:80]
    12/51: $0\price[127:0] [95:80]
    13/51: $0\valid[7:0] [5]
    14/51: $0\seqNum[127:0] [79:64]
    15/51: $0\orderID[127:0] [79:64]
    16/51: $0\quantity[127:0] [79:64]
    17/51: $0\price[127:0] [79:64]
    18/51: $0\valid[7:0] [4]
    19/51: $0\seqNum[127:0] [63:48]
    20/51: $0\orderID[127:0] [63:48]
    21/51: $0\quantity[127:0] [63:48]
    22/51: $0\price[127:0] [63:48]
    23/51: $0\valid[7:0] [3]
    24/51: $0\seqNum[127:0] [47:32]
    25/51: $0\orderID[127:0] [47:32]
    26/51: $0\quantity[127:0] [47:32]
    27/51: $0\price[127:0] [47:32]
    28/51: $0\valid[7:0] [2]
    29/51: $0\seqNum[127:0] [31:16]
    30/51: $0\orderID[127:0] [31:16]
    31/51: $0\quantity[127:0] [31:16]
    32/51: $0\price[127:0] [31:16]
    33/51: $0\valid[7:0] [1]
    34/51: $0\quantity[127:0] [127:112]
    35/51: $0\seqNum[127:0] [15:0]
    36/51: $0\orderID[127:0] [15:0]
    37/51: $0\quantity[127:0] [15:0]
    38/51: $0\price[127:0] [15:0]
    39/51: $0\valid[7:0] [0]
    40/51: $2\i[31:0]
    41/51: $1\i[31:0]
    42/51: $0\overReduceError[0:0]
    43/51: $0\reduceEmptyError[0:0]
    44/51: $0\removeEmptyError[0:0]
    45/51: $0\insertFullError[0:0]
    46/51: $0\simultaneousOpError[0:0]
    47/51: $0\price[127:0] [127:112]
    48/51: $3\i[31:0]
    49/51: $0\orderID[127:0] [127:112]
    50/51: $4\i[31:0]
    51/51: $0\valid[7:0] [7]
Creating decoders for process `$paramod$a3aa78ed85d09664340a4408971ee05153696140\order_book_side.$proc$rtl/order_book_side.v:84$791'.
Creating decoders for process `$paramod$a3aa78ed85d09664340a4408971ee05153696140\order_book_side.$proc$rtl/order_book_side.v:55$758'.
     1/16: $16\insertIndex[3:0]
     2/16: $15\insertIndex[3:0]
     3/16: $14\insertIndex[3:0]
     4/16: $13\insertIndex[3:0]
     5/16: $12\insertIndex[3:0]
     6/16: $11\insertIndex[3:0]
     7/16: $10\insertIndex[3:0]
     8/16: $9\insertIndex[3:0]
     9/16: $8\insertIndex[3:0]
    10/16: $7\insertIndex[3:0]
    11/16: $6\insertIndex[3:0]
    12/16: $5\insertIndex[3:0]
    13/16: $4\insertIndex[3:0]
    14/16: $3\insertIndex[3:0]
    15/16: $2\insertIndex[3:0]
    16/16: $1\insertIndex[3:0]
Creating decoders for process `$paramod\report_fifo\DATA_WIDTH=s32'00000000000000000000000001000000.$proc$rtl/report_fifo.v:36$749'.
Creating decoders for process `$paramod\report_fifo\DATA_WIDTH=s32'00000000000000000000000001000000.$proc$rtl/report_fifo.v:90$747'.
     1/1: $0\full_latched[0:0]
Creating decoders for process `$paramod\report_fifo\DATA_WIDTH=s32'00000000000000000000000001000000.$proc$rtl/report_fifo.v:76$743'.
     1/1: $0\count[3:0]
Creating decoders for process `$paramod\report_fifo\DATA_WIDTH=s32'00000000000000000000000001000000.$proc$rtl/report_fifo.v:63$737'.
     1/2: $0\rd_ptr[2:0]
     2/2: $0\rd_data[63:0]
Creating decoders for process `$paramod\report_fifo\DATA_WIDTH=s32'00000000000000000000000001000000.$proc$rtl/report_fifo.v:52$719'.
     1/5: $2$lookahead\mem_flat$718[511:0]$726
     2/5: $2$bitselwrite$pos$rtl/report_fifo.v:56$711[31:0]$725
     3/5: $1$lookahead\mem_flat$718[511:0]$724
     4/5: $1$bitselwrite$pos$rtl/report_fifo.v:56$711[31:0]$723
     5/5: $0\wr_ptr[2:0]
Creating decoders for process `$paramod$a7c3c30138af1325a60904ccdffc2805a4e27d04\uart_tx.$proc$rtl/uart_tx.v:40$710'.
Creating decoders for process `$paramod$a7c3c30138af1325a60904ccdffc2805a4e27d04\uart_tx.$proc$rtl/uart_tx.v:56$672'.
     1/8: $0\txDelayFrames[12:0]
     2/8: $0\txAccumulator[3:0]
     3/8: $0\txBitNumber[2:0]
     4/8: $0\txPinRegister[0:0]
     5/8: $0\dataOut[7:0]
     6/8: $0\txCounter[12:0]
     7/8: $0\txState[3:0]
     8/8: $0\txByteConsumed[0:0]
Creating decoders for process `$paramod$a7c3c30138af1325a60904ccdffc2805a4e27d04\uart_tx.$proc$rtl/uart_tx.v:52$671'.

8.4.8. Executing PROC_DLATCH pass (convert process syncs to latches).
No latch inferred for signal `\matching_engine.\rst_n' from process `\matching_engine.$proc$rtl/matching_engine.v:227$293'.
No latch inferred for signal `\matching_engine.\clear_full' from process `\matching_engine.$proc$rtl/matching_engine.v:227$293'.
No latch inferred for signal `$paramod$1f27663a425bf4ff6b1e7da55be7e5eff5f5cdf5\order_book_side.\insertIndex' from process `$paramod$1f27663a425bf4ff6b1e7da55be7e5eff5f5cdf5\order_book_side.$proc$rtl/order_book_side.v:55$825'.
No latch inferred for signal `$paramod$1f27663a425bf4ff6b1e7da55be7e5eff5f5cdf5\order_book_side.\j' from process `$paramod$1f27663a425bf4ff6b1e7da55be7e5eff5f5cdf5\order_book_side.$proc$rtl/order_book_side.v:55$825'.
No latch inferred for signal `$paramod$a3aa78ed85d09664340a4408971ee05153696140\order_book_side.\insertIndex' from process `$paramod$a3aa78ed85d09664340a4408971ee05153696140\order_book_side.$proc$rtl/order_book_side.v:55$758'.
No latch inferred for signal `$paramod$a3aa78ed85d09664340a4408971ee05153696140\order_book_side.\j' from process `$paramod$a3aa78ed85d09664340a4408971ee05153696140\order_book_side.$proc$rtl/order_book_side.v:55$758'.

8.4.9. Executing PROC_DFF pass (convert process syncs to FFs).
Creating register for signal `$paramod$a7c3c30138af1325a60904ccdffc2805a4e27d04\uart_rx.\byteReady' using process `$paramod$a7c3c30138af1325a60904ccdffc2805a4e27d04\uart_rx.$proc$rtl/uart_rx.v:48$632'.
  created $dff cell `$procdff$4310' with positive edge clock.
Creating register for signal `$paramod$a7c3c30138af1325a60904ccdffc2805a4e27d04\uart_rx.\uartFrameError' using process `$paramod$a7c3c30138af1325a60904ccdffc2805a4e27d04\uart_rx.$proc$rtl/uart_rx.v:48$632'.
  created $dff cell `$procdff$4311' with positive edge clock.
Creating register for signal `$paramod$a7c3c30138af1325a60904ccdffc2805a4e27d04\uart_rx.\parityError' using process `$paramod$a7c3c30138af1325a60904ccdffc2805a4e27d04\uart_rx.$proc$rtl/uart_rx.v:48$632'.
  created $dff cell `$procdff$4312' with positive edge clock.
Creating register for signal `$paramod$a7c3c30138af1325a60904ccdffc2805a4e27d04\uart_rx.\dataIn' using process `$paramod$a7c3c30138af1325a60904ccdffc2805a4e27d04\uart_rx.$proc$rtl/uart_rx.v:48$632'.
  created $dff cell `$procdff$4313' with positive edge clock.
Creating register for signal `$paramod$a7c3c30138af1325a60904ccdffc2805a4e27d04\uart_rx.\rxState' using process `$paramod$a7c3c30138af1325a60904ccdffc2805a4e27d04\uart_rx.$proc$rtl/uart_rx.v:48$632'.
  created $dff cell `$procdff$4314' with positive edge clock.
Creating register for signal `$paramod$a7c3c30138af1325a60904ccdffc2805a4e27d04\uart_rx.\rxCounter' using process `$paramod$a7c3c30138af1325a60904ccdffc2805a4e27d04\uart_rx.$proc$rtl/uart_rx.v:48$632'.
  created $dff cell `$procdff$4315' with positive edge clock.
Creating register for signal `$paramod$a7c3c30138af1325a60904ccdffc2805a4e27d04\uart_rx.\rxBitNumber' using process `$paramod$a7c3c30138af1325a60904ccdffc2805a4e27d04\uart_rx.$proc$rtl/uart_rx.v:48$632'.
  created $dff cell `$procdff$4316' with positive edge clock.
Creating register for signal `$paramod$a7c3c30138af1325a60904ccdffc2805a4e27d04\uart_rx.\rxAccumulator' using process `$paramod$a7c3c30138af1325a60904ccdffc2805a4e27d04\uart_rx.$proc$rtl/uart_rx.v:48$632'.
  created $dff cell `$procdff$4317' with positive edge clock.
Creating register for signal `$paramod$a7c3c30138af1325a60904ccdffc2805a4e27d04\uart_rx.\rxDelayFrames' using process `$paramod$a7c3c30138af1325a60904ccdffc2805a4e27d04\uart_rx.$proc$rtl/uart_rx.v:48$632'.
  created $dff cell `$procdff$4318' with positive edge clock.
Creating register for signal `\matching_engine.\sendMessageValid' using process `\matching_engine.$proc$rtl/matching_engine.v:420$289'.
  created $dff cell `$procdff$4319' with positive edge clock.
Creating register for signal `\matching_engine.\rd_en' using process `\matching_engine.$proc$rtl/matching_engine.v:420$289'.
  created $dff cell `$procdff$4320' with positive edge clock.
Creating register for signal `\matching_engine.\msgTypeOut' using process `\matching_engine.$proc$rtl/matching_engine.v:420$289'.
  created $dff cell `$procdff$4321' with positive edge clock.
Creating register for signal `\matching_engine.\outcomeOut' using process `\matching_engine.$proc$rtl/matching_engine.v:420$289'.
  created $dff cell `$procdff$4322' with positive edge clock.
Creating register for signal `\matching_engine.\orderIDOut' using process `\matching_engine.$proc$rtl/matching_engine.v:420$289'.
  created $dff cell `$procdff$4323' with positive edge clock.
Creating register for signal `\matching_engine.\priceOut' using process `\matching_engine.$proc$rtl/matching_engine.v:420$289'.
  created $dff cell `$procdff$4324' with positive edge clock.
Creating register for signal `\matching_engine.\quantityOut' using process `\matching_engine.$proc$rtl/matching_engine.v:420$289'.
  created $dff cell `$procdff$4325' with positive edge clock.
Creating register for signal `\matching_engine.\drainState' using process `\matching_engine.$proc$rtl/matching_engine.v:420$289'.
  created $dff cell `$procdff$4326' with positive edge clock.
Creating register for signal `\matching_engine.\wr_en' using process `\matching_engine.$proc$rtl/matching_engine.v:287$265'.
  created $dff cell `$procdff$4327' with positive edge clock.
Creating register for signal `\matching_engine.\wr_data' using process `\matching_engine.$proc$rtl/matching_engine.v:287$265'.
  created $dff cell `$procdff$4328' with positive edge clock.
Creating register for signal `\matching_engine.\orderFilled' using process `\matching_engine.$proc$rtl/matching_engine.v:287$265'.
  created $dff cell `$procdff$4329' with positive edge clock.
Creating register for signal `\matching_engine.\orderResting' using process `\matching_engine.$proc$rtl/matching_engine.v:287$265'.
  created $dff cell `$procdff$4330' with positive edge clock.
Creating register for signal `\matching_engine.\orderRejected' using process `\matching_engine.$proc$rtl/matching_engine.v:287$265'.
  created $dff cell `$procdff$4331' with positive edge clock.
Creating register for signal `\matching_engine.\wrongMsgType' using process `\matching_engine.$proc$rtl/matching_engine.v:287$265'.
  created $dff cell `$procdff$4332' with positive edge clock.
Creating register for signal `\matching_engine.\wrongMsgSide' using process `\matching_engine.$proc$rtl/matching_engine.v:287$265'.
  created $dff cell `$procdff$4333' with positive edge clock.
Creating register for signal `\matching_engine.\matchLoopOverrunError' using process `\matching_engine.$proc$rtl/matching_engine.v:287$265'.
  created $dff cell `$procdff$4334' with positive edge clock.
Creating register for signal `\matching_engine.\insertValidBid' using process `\matching_engine.$proc$rtl/matching_engine.v:287$265'.
  created $dff cell `$procdff$4335' with positive edge clock.
Creating register for signal `\matching_engine.\removeValidBid' using process `\matching_engine.$proc$rtl/matching_engine.v:287$265'.
  created $dff cell `$procdff$4336' with positive edge clock.
Creating register for signal `\matching_engine.\insertValidAsk' using process `\matching_engine.$proc$rtl/matching_engine.v:287$265'.
  created $dff cell `$procdff$4337' with positive edge clock.
Creating register for signal `\matching_engine.\removeValidAsk' using process `\matching_engine.$proc$rtl/matching_engine.v:287$265'.
  created $dff cell `$procdff$4338' with positive edge clock.
Creating register for signal `\matching_engine.\reduceValidBid' using process `\matching_engine.$proc$rtl/matching_engine.v:287$265'.
  created $dff cell `$procdff$4339' with positive edge clock.
Creating register for signal `\matching_engine.\reduceValidAsk' using process `\matching_engine.$proc$rtl/matching_engine.v:287$265'.
  created $dff cell `$procdff$4340' with positive edge clock.
Creating register for signal `\matching_engine.\reduceAmountBid' using process `\matching_engine.$proc$rtl/matching_engine.v:287$265'.
  created $dff cell `$procdff$4341' with positive edge clock.
Creating register for signal `\matching_engine.\reduceAmountAsk' using process `\matching_engine.$proc$rtl/matching_engine.v:287$265'.
  created $dff cell `$procdff$4342' with positive edge clock.
Creating register for signal `\matching_engine.\globalSeqNum' using process `\matching_engine.$proc$rtl/matching_engine.v:287$265'.
  created $dff cell `$procdff$4343' with positive edge clock.
Creating register for signal `\matching_engine.\remainingQuantity' using process `\matching_engine.$proc$rtl/matching_engine.v:287$265'.
  created $dff cell `$procdff$4344' with positive edge clock.
Creating register for signal `\matching_engine.\matchLoopCount' using process `\matching_engine.$proc$rtl/matching_engine.v:287$265'.
  created $dff cell `$procdff$4345' with positive edge clock.
Creating register for signal `\matching_engine.\meState' using process `\matching_engine.$proc$rtl/matching_engine.v:287$265'.
  created $dff cell `$procdff$4346' with positive edge clock.
Creating register for signal `\matching_engine.\checksumErrorLatched' using process `\matching_engine.$proc$rtl/matching_engine.v:283$264'.
  created $dff cell `$procdff$4347' with positive edge clock.
Creating register for signal `\matching_engine.\timeOutErrorLatched' using process `\matching_engine.$proc$rtl/matching_engine.v:279$263'.
  created $dff cell `$procdff$4348' with positive edge clock.
Creating register for signal `\matching_engine.\sentinelErrorLatched' using process `\matching_engine.$proc$rtl/matching_engine.v:275$262'.
  created $dff cell `$procdff$4349' with positive edge clock.
Creating register for signal `\matching_engine.\messageReadyPrev' using process `\matching_engine.$proc$rtl/matching_engine.v:271$261'.
  created $dff cell `$procdff$4350' with positive edge clock.
Creating register for signal `$paramod$4b94c7d0562a85dcb91aad001c598912e2f3fd02\message_rx.\messageReady' using process `$paramod$4b94c7d0562a85dcb91aad001c598912e2f3fd02\message_rx.$proc$rtl/message_rx.v:87$916'.
  created $dff cell `$procdff$4351' with positive edge clock.
Creating register for signal `$paramod$4b94c7d0562a85dcb91aad001c598912e2f3fd02\message_rx.\sentinelError' using process `$paramod$4b94c7d0562a85dcb91aad001c598912e2f3fd02\message_rx.$proc$rtl/message_rx.v:87$916'.
  created $dff cell `$procdff$4352' with positive edge clock.
Creating register for signal `$paramod$4b94c7d0562a85dcb91aad001c598912e2f3fd02\message_rx.\timeOutError' using process `$paramod$4b94c7d0562a85dcb91aad001c598912e2f3fd02\message_rx.$proc$rtl/message_rx.v:87$916'.
  created $dff cell `$procdff$4353' with positive edge clock.
Creating register for signal `$paramod$4b94c7d0562a85dcb91aad001c598912e2f3fd02\message_rx.\checksumError' using process `$paramod$4b94c7d0562a85dcb91aad001c598912e2f3fd02\message_rx.$proc$rtl/message_rx.v:87$916'.
  created $dff cell `$procdff$4354' with positive edge clock.
Creating register for signal `$paramod$4b94c7d0562a85dcb91aad001c598912e2f3fd02\message_rx.\msgType' using process `$paramod$4b94c7d0562a85dcb91aad001c598912e2f3fd02\message_rx.$proc$rtl/message_rx.v:87$916'.
  created $dff cell `$procdff$4355' with positive edge clock.
Creating register for signal `$paramod$4b94c7d0562a85dcb91aad001c598912e2f3fd02\message_rx.\orderID' using process `$paramod$4b94c7d0562a85dcb91aad001c598912e2f3fd02\message_rx.$proc$rtl/message_rx.v:87$916'.
  created $dff cell `$procdff$4356' with positive edge clock.
Creating register for signal `$paramod$4b94c7d0562a85dcb91aad001c598912e2f3fd02\message_rx.\side' using process `$paramod$4b94c7d0562a85dcb91aad001c598912e2f3fd02\message_rx.$proc$rtl/message_rx.v:87$916'.
  created $dff cell `$procdff$4357' with positive edge clock.
Creating register for signal `$paramod$4b94c7d0562a85dcb91aad001c598912e2f3fd02\message_rx.\price' using process `$paramod$4b94c7d0562a85dcb91aad001c598912e2f3fd02\message_rx.$proc$rtl/message_rx.v:87$916'.
  created $dff cell `$procdff$4358' with positive edge clock.
Creating register for signal `$paramod$4b94c7d0562a85dcb91aad001c598912e2f3fd02\message_rx.\quantity' using process `$paramod$4b94c7d0562a85dcb91aad001c598912e2f3fd02\message_rx.$proc$rtl/message_rx.v:87$916'.
  created $dff cell `$procdff$4359' with positive edge clock.
Creating register for signal `$paramod$4b94c7d0562a85dcb91aad001c598912e2f3fd02\message_rx.\msgState' using process `$paramod$4b94c7d0562a85dcb91aad001c598912e2f3fd02\message_rx.$proc$rtl/message_rx.v:87$916'.
  created $dff cell `$procdff$4360' with positive edge clock.
Creating register for signal `$paramod$4b94c7d0562a85dcb91aad001c598912e2f3fd02\message_rx.\checksumAcc' using process `$paramod$4b94c7d0562a85dcb91aad001c598912e2f3fd02\message_rx.$proc$rtl/message_rx.v:87$916'.
  created $dff cell `$procdff$4361' with positive edge clock.
Creating register for signal `$paramod$4b94c7d0562a85dcb91aad001c598912e2f3fd02\message_rx.\byteCounter' using process `$paramod$4b94c7d0562a85dcb91aad001c598912e2f3fd02\message_rx.$proc$rtl/message_rx.v:87$916'.
  created $dff cell `$procdff$4362' with positive edge clock.
Creating register for signal `$paramod$4b94c7d0562a85dcb91aad001c598912e2f3fd02\message_rx.\byteWaitCounter' using process `$paramod$4b94c7d0562a85dcb91aad001c598912e2f3fd02\message_rx.$proc$rtl/message_rx.v:87$916'.
  created $dff cell `$procdff$4363' with positive edge clock.
Creating register for signal `$paramod$4b94c7d0562a85dcb91aad001c598912e2f3fd02\message_rx.\byteReadyPrev' using process `$paramod$4b94c7d0562a85dcb91aad001c598912e2f3fd02\message_rx.$proc$rtl/message_rx.v:83$915'.
  created $dff cell `$procdff$4364' with positive edge clock.
Creating register for signal `$paramod$4b94c7d0562a85dcb91aad001c598912e2f3fd02\message_tx.\txByteValid' using process `$paramod$4b94c7d0562a85dcb91aad001c598912e2f3fd02\message_tx.$proc$rtl/message_tx.v:106$897'.
  created $dff cell `$procdff$4365' with positive edge clock.
Creating register for signal `$paramod$4b94c7d0562a85dcb91aad001c598912e2f3fd02\message_tx.\txByteData' using process `$paramod$4b94c7d0562a85dcb91aad001c598912e2f3fd02\message_tx.$proc$rtl/message_tx.v:106$897'.
  created $dff cell `$procdff$4366' with positive edge clock.
Creating register for signal `$paramod$4b94c7d0562a85dcb91aad001c598912e2f3fd02\message_tx.\msgType' using process `$paramod$4b94c7d0562a85dcb91aad001c598912e2f3fd02\message_tx.$proc$rtl/message_tx.v:106$897'.
  created $dff cell `$procdff$4367' with positive edge clock.
Creating register for signal `$paramod$4b94c7d0562a85dcb91aad001c598912e2f3fd02\message_tx.\orderID' using process `$paramod$4b94c7d0562a85dcb91aad001c598912e2f3fd02\message_tx.$proc$rtl/message_tx.v:106$897'.
  created $dff cell `$procdff$4368' with positive edge clock.
Creating register for signal `$paramod$4b94c7d0562a85dcb91aad001c598912e2f3fd02\message_tx.\price' using process `$paramod$4b94c7d0562a85dcb91aad001c598912e2f3fd02\message_tx.$proc$rtl/message_tx.v:106$897'.
  created $dff cell `$procdff$4369' with positive edge clock.
Creating register for signal `$paramod$4b94c7d0562a85dcb91aad001c598912e2f3fd02\message_tx.\quantity' using process `$paramod$4b94c7d0562a85dcb91aad001c598912e2f3fd02\message_tx.$proc$rtl/message_tx.v:106$897'.
  created $dff cell `$procdff$4370' with positive edge clock.
Creating register for signal `$paramod$4b94c7d0562a85dcb91aad001c598912e2f3fd02\message_tx.\byteCounter' using process `$paramod$4b94c7d0562a85dcb91aad001c598912e2f3fd02\message_tx.$proc$rtl/message_tx.v:106$897'.
  created $dff cell `$procdff$4371' with positive edge clock.
Creating register for signal `$paramod$4b94c7d0562a85dcb91aad001c598912e2f3fd02\message_tx.\messageSent' using process `$paramod$4b94c7d0562a85dcb91aad001c598912e2f3fd02\message_tx.$proc$rtl/message_tx.v:106$897'.
  created $dff cell `$procdff$4372' with positive edge clock.
Creating register for signal `$paramod$4b94c7d0562a85dcb91aad001c598912e2f3fd02\message_tx.\txBusy' using process `$paramod$4b94c7d0562a85dcb91aad001c598912e2f3fd02\message_tx.$proc$rtl/message_tx.v:106$897'.
  created $dff cell `$procdff$4373' with positive edge clock.
Creating register for signal `$paramod$4b94c7d0562a85dcb91aad001c598912e2f3fd02\message_tx.\sendWhileBusyError' using process `$paramod$4b94c7d0562a85dcb91aad001c598912e2f3fd02\message_tx.$proc$rtl/message_tx.v:106$897'.
  created $dff cell `$procdff$4374' with positive edge clock.
Creating register for signal `$paramod$4b94c7d0562a85dcb91aad001c598912e2f3fd02\message_tx.\outcome' using process `$paramod$4b94c7d0562a85dcb91aad001c598912e2f3fd02\message_tx.$proc$rtl/message_tx.v:106$897'.
  created $dff cell `$procdff$4375' with positive edge clock.
Creating register for signal `$paramod$4b94c7d0562a85dcb91aad001c598912e2f3fd02\message_tx.\mtxState' using process `$paramod$4b94c7d0562a85dcb91aad001c598912e2f3fd02\message_tx.$proc$rtl/message_tx.v:106$897'.
  created $dff cell `$procdff$4376' with positive edge clock.
Creating register for signal `$paramod$4b94c7d0562a85dcb91aad001c598912e2f3fd02\message_tx.\sendMessageValidPrev' using process `$paramod$4b94c7d0562a85dcb91aad001c598912e2f3fd02\message_tx.$proc$rtl/message_tx.v:101$896'.
  created $dff cell `$procdff$4377' with positive edge clock.
Creating register for signal `$paramod$4b94c7d0562a85dcb91aad001c598912e2f3fd02\message_tx.\txByteConsumedPrev' using process `$paramod$4b94c7d0562a85dcb91aad001c598912e2f3fd02\message_tx.$proc$rtl/message_tx.v:101$896'.
  created $dff cell `$procdff$4378' with positive edge clock.
Creating register for signal `$paramod$1f27663a425bf4ff6b1e7da55be7e5eff5f5cdf5\order_book_side.\i' using process `$paramod$1f27663a425bf4ff6b1e7da55be7e5eff5f5cdf5\order_book_side.$proc$rtl/order_book_side.v:90$859'.
  created $dff cell `$procdff$4379' with positive edge clock.
Creating register for signal `$paramod$1f27663a425bf4ff6b1e7da55be7e5eff5f5cdf5\order_book_side.\orderID' using process `$paramod$1f27663a425bf4ff6b1e7da55be7e5eff5f5cdf5\order_book_side.$proc$rtl/order_book_side.v:90$859'.
  created $dff cell `$procdff$4380' with positive edge clock.
Creating register for signal `$paramod$1f27663a425bf4ff6b1e7da55be7e5eff5f5cdf5\order_book_side.\price' using process `$paramod$1f27663a425bf4ff6b1e7da55be7e5eff5f5cdf5\order_book_side.$proc$rtl/order_book_side.v:90$859'.
  created $dff cell `$procdff$4381' with positive edge clock.
Creating register for signal `$paramod$1f27663a425bf4ff6b1e7da55be7e5eff5f5cdf5\order_book_side.\quantity' using process `$paramod$1f27663a425bf4ff6b1e7da55be7e5eff5f5cdf5\order_book_side.$proc$rtl/order_book_side.v:90$859'.
  created $dff cell `$procdff$4382' with positive edge clock.
Creating register for signal `$paramod$1f27663a425bf4ff6b1e7da55be7e5eff5f5cdf5\order_book_side.\valid' using process `$paramod$1f27663a425bf4ff6b1e7da55be7e5eff5f5cdf5\order_book_side.$proc$rtl/order_book_side.v:90$859'.
  created $dff cell `$procdff$4383' with positive edge clock.
Creating register for signal `$paramod$1f27663a425bf4ff6b1e7da55be7e5eff5f5cdf5\order_book_side.\seqNum' using process `$paramod$1f27663a425bf4ff6b1e7da55be7e5eff5f5cdf5\order_book_side.$proc$rtl/order_book_side.v:90$859'.
  created $dff cell `$procdff$4384' with positive edge clock.
Creating register for signal `$paramod$1f27663a425bf4ff6b1e7da55be7e5eff5f5cdf5\order_book_side.\simultaneousOpError' using process `$paramod$1f27663a425bf4ff6b1e7da55be7e5eff5f5cdf5\order_book_side.$proc$rtl/order_book_side.v:90$859'.
  created $dff cell `$procdff$4385' with positive edge clock.
Creating register for signal `$paramod$1f27663a425bf4ff6b1e7da55be7e5eff5f5cdf5\order_book_side.\insertFullError' using process `$paramod$1f27663a425bf4ff6b1e7da55be7e5eff5f5cdf5\order_book_side.$proc$rtl/order_book_side.v:90$859'.
  created $dff cell `$procdff$4386' with positive edge clock.
Creating register for signal `$paramod$1f27663a425bf4ff6b1e7da55be7e5eff5f5cdf5\order_book_side.\removeEmptyError' using process `$paramod$1f27663a425bf4ff6b1e7da55be7e5eff5f5cdf5\order_book_side.$proc$rtl/order_book_side.v:90$859'.
  created $dff cell `$procdff$4387' with positive edge clock.
Creating register for signal `$paramod$1f27663a425bf4ff6b1e7da55be7e5eff5f5cdf5\order_book_side.\reduceEmptyError' using process `$paramod$1f27663a425bf4ff6b1e7da55be7e5eff5f5cdf5\order_book_side.$proc$rtl/order_book_side.v:90$859'.
  created $dff cell `$procdff$4388' with positive edge clock.
Creating register for signal `$paramod$1f27663a425bf4ff6b1e7da55be7e5eff5f5cdf5\order_book_side.\overReduceError' using process `$paramod$1f27663a425bf4ff6b1e7da55be7e5eff5f5cdf5\order_book_side.$proc$rtl/order_book_side.v:90$859'.
  created $dff cell `$procdff$4389' with positive edge clock.
Creating register for signal `$paramod$1f27663a425bf4ff6b1e7da55be7e5eff5f5cdf5\order_book_side.\insertValidPrev' using process `$paramod$1f27663a425bf4ff6b1e7da55be7e5eff5f5cdf5\order_book_side.$proc$rtl/order_book_side.v:84$858'.
  created $dff cell `$procdff$4390' with positive edge clock.
Creating register for signal `$paramod$1f27663a425bf4ff6b1e7da55be7e5eff5f5cdf5\order_book_side.\removeValidPrev' using process `$paramod$1f27663a425bf4ff6b1e7da55be7e5eff5f5cdf5\order_book_side.$proc$rtl/order_book_side.v:84$858'.
  created $dff cell `$procdff$4391' with positive edge clock.
Creating register for signal `$paramod$1f27663a425bf4ff6b1e7da55be7e5eff5f5cdf5\order_book_side.\reduceValidPrev' using process `$paramod$1f27663a425bf4ff6b1e7da55be7e5eff5f5cdf5\order_book_side.$proc$rtl/order_book_side.v:84$858'.
  created $dff cell `$procdff$4392' with positive edge clock.
Creating register for signal `$paramod$a3aa78ed85d09664340a4408971ee05153696140\order_book_side.\i' using process `$paramod$a3aa78ed85d09664340a4408971ee05153696140\order_book_side.$proc$rtl/order_book_side.v:90$792'.
  created $dff cell `$procdff$4393' with positive edge clock.
Creating register for signal `$paramod$a3aa78ed85d09664340a4408971ee05153696140\order_book_side.\orderID' using process `$paramod$a3aa78ed85d09664340a4408971ee05153696140\order_book_side.$proc$rtl/order_book_side.v:90$792'.
  created $dff cell `$procdff$4394' with positive edge clock.
Creating register for signal `$paramod$a3aa78ed85d09664340a4408971ee05153696140\order_book_side.\price' using process `$paramod$a3aa78ed85d09664340a4408971ee05153696140\order_book_side.$proc$rtl/order_book_side.v:90$792'.
  created $dff cell `$procdff$4395' with positive edge clock.
Creating register for signal `$paramod$a3aa78ed85d09664340a4408971ee05153696140\order_book_side.\quantity' using process `$paramod$a3aa78ed85d09664340a4408971ee05153696140\order_book_side.$proc$rtl/order_book_side.v:90$792'.
  created $dff cell `$procdff$4396' with positive edge clock.
Creating register for signal `$paramod$a3aa78ed85d09664340a4408971ee05153696140\order_book_side.\valid' using process `$paramod$a3aa78ed85d09664340a4408971ee05153696140\order_book_side.$proc$rtl/order_book_side.v:90$792'.
  created $dff cell `$procdff$4397' with positive edge clock.
Creating register for signal `$paramod$a3aa78ed85d09664340a4408971ee05153696140\order_book_side.\seqNum' using process `$paramod$a3aa78ed85d09664340a4408971ee05153696140\order_book_side.$proc$rtl/order_book_side.v:90$792'.
  created $dff cell `$procdff$4398' with positive edge clock.
Creating register for signal `$paramod$a3aa78ed85d09664340a4408971ee05153696140\order_book_side.\simultaneousOpError' using process `$paramod$a3aa78ed85d09664340a4408971ee05153696140\order_book_side.$proc$rtl/order_book_side.v:90$792'.
  created $dff cell `$procdff$4399' with positive edge clock.
Creating register for signal `$paramod$a3aa78ed85d09664340a4408971ee05153696140\order_book_side.\insertFullError' using process `$paramod$a3aa78ed85d09664340a4408971ee05153696140\order_book_side.$proc$rtl/order_book_side.v:90$792'.
  created $dff cell `$procdff$4400' with positive edge clock.
Creating register for signal `$paramod$a3aa78ed85d09664340a4408971ee05153696140\order_book_side.\removeEmptyError' using process `$paramod$a3aa78ed85d09664340a4408971ee05153696140\order_book_side.$proc$rtl/order_book_side.v:90$792'.
  created $dff cell `$procdff$4401' with positive edge clock.
Creating register for signal `$paramod$a3aa78ed85d09664340a4408971ee05153696140\order_book_side.\reduceEmptyError' using process `$paramod$a3aa78ed85d09664340a4408971ee05153696140\order_book_side.$proc$rtl/order_book_side.v:90$792'.
  created $dff cell `$procdff$4402' with positive edge clock.
Creating register for signal `$paramod$a3aa78ed85d09664340a4408971ee05153696140\order_book_side.\overReduceError' using process `$paramod$a3aa78ed85d09664340a4408971ee05153696140\order_book_side.$proc$rtl/order_book_side.v:90$792'.
  created $dff cell `$procdff$4403' with positive edge clock.
Creating register for signal `$paramod$a3aa78ed85d09664340a4408971ee05153696140\order_book_side.\insertValidPrev' using process `$paramod$a3aa78ed85d09664340a4408971ee05153696140\order_book_side.$proc$rtl/order_book_side.v:84$791'.
  created $dff cell `$procdff$4404' with positive edge clock.
Creating register for signal `$paramod$a3aa78ed85d09664340a4408971ee05153696140\order_book_side.\removeValidPrev' using process `$paramod$a3aa78ed85d09664340a4408971ee05153696140\order_book_side.$proc$rtl/order_book_side.v:84$791'.
  created $dff cell `$procdff$4405' with positive edge clock.
Creating register for signal `$paramod$a3aa78ed85d09664340a4408971ee05153696140\order_book_side.\reduceValidPrev' using process `$paramod$a3aa78ed85d09664340a4408971ee05153696140\order_book_side.$proc$rtl/order_book_side.v:84$791'.
  created $dff cell `$procdff$4406' with positive edge clock.
Creating register for signal `$paramod\report_fifo\DATA_WIDTH=s32'00000000000000000000000001000000.\full_latched' using process `$paramod\report_fifo\DATA_WIDTH=s32'00000000000000000000000001000000.$proc$rtl/report_fifo.v:90$747'.
  created $adff cell `$procdff$4411' with positive edge clock and positive level reset.
Creating register for signal `$paramod\report_fifo\DATA_WIDTH=s32'00000000000000000000000001000000.\count' using process `$paramod\report_fifo\DATA_WIDTH=s32'00000000000000000000000001000000.$proc$rtl/report_fifo.v:76$743'.
  created $adff cell `$procdff$4416' with positive edge clock and positive level reset.
Creating register for signal `$paramod\report_fifo\DATA_WIDTH=s32'00000000000000000000000001000000.\rd_data' using process `$paramod\report_fifo\DATA_WIDTH=s32'00000000000000000000000001000000.$proc$rtl/report_fifo.v:63$737'.
  created $adff cell `$procdff$4421' with positive edge clock and positive level reset.
Creating register for signal `$paramod\report_fifo\DATA_WIDTH=s32'00000000000000000000000001000000.\rd_ptr' using process `$paramod\report_fifo\DATA_WIDTH=s32'00000000000000000000000001000000.$proc$rtl/report_fifo.v:63$737'.
  created $adff cell `$procdff$4426' with positive edge clock and positive level reset.
Creating register for signal `$paramod\report_fifo\DATA_WIDTH=s32'00000000000000000000000001000000.\mem_flat' using process `$paramod\report_fifo\DATA_WIDTH=s32'00000000000000000000000001000000.$proc$rtl/report_fifo.v:52$719'.
  created $dff cell `$procdff$4433' with positive edge clock.
Creating register for signal `$paramod\report_fifo\DATA_WIDTH=s32'00000000000000000000000001000000.\wr_ptr' using process `$paramod\report_fifo\DATA_WIDTH=s32'00000000000000000000000001000000.$proc$rtl/report_fifo.v:52$719'.
  created $adff cell `$procdff$4438' with positive edge clock and positive level reset.
Creating register for signal `$paramod\report_fifo\DATA_WIDTH=s32'00000000000000000000000001000000.$bitselwrite$pos$rtl/report_fifo.v:56$711' using process `$paramod\report_fifo\DATA_WIDTH=s32'00000000000000000000000001000000.$proc$rtl/report_fifo.v:52$719'.
  created $adff cell `$procdff$4443' with positive edge clock and positive level reset.
Creating register for signal `$paramod\report_fifo\DATA_WIDTH=s32'00000000000000000000000001000000.$lookahead\mem_flat$718' using process `$paramod\report_fifo\DATA_WIDTH=s32'00000000000000000000000001000000.$proc$rtl/report_fifo.v:52$719'.
  created $adff cell `$procdff$4448' with positive edge clock and positive level reset.
Creating register for signal `$paramod$a7c3c30138af1325a60904ccdffc2805a4e27d04\uart_tx.\txByteConsumed' using process `$paramod$a7c3c30138af1325a60904ccdffc2805a4e27d04\uart_tx.$proc$rtl/uart_tx.v:56$672'.
  created $dff cell `$procdff$4449' with positive edge clock.
Creating register for signal `$paramod$a7c3c30138af1325a60904ccdffc2805a4e27d04\uart_tx.\txState' using process `$paramod$a7c3c30138af1325a60904ccdffc2805a4e27d04\uart_tx.$proc$rtl/uart_tx.v:56$672'.
  created $dff cell `$procdff$4450' with positive edge clock.
Creating register for signal `$paramod$a7c3c30138af1325a60904ccdffc2805a4e27d04\uart_tx.\txCounter' using process `$paramod$a7c3c30138af1325a60904ccdffc2805a4e27d04\uart_tx.$proc$rtl/uart_tx.v:56$672'.
  created $dff cell `$procdff$4451' with positive edge clock.
Creating register for signal `$paramod$a7c3c30138af1325a60904ccdffc2805a4e27d04\uart_tx.\dataOut' using process `$paramod$a7c3c30138af1325a60904ccdffc2805a4e27d04\uart_tx.$proc$rtl/uart_tx.v:56$672'.
  created $dff cell `$procdff$4452' with positive edge clock.
Creating register for signal `$paramod$a7c3c30138af1325a60904ccdffc2805a4e27d04\uart_tx.\txPinRegister' using process `$paramod$a7c3c30138af1325a60904ccdffc2805a4e27d04\uart_tx.$proc$rtl/uart_tx.v:56$672'.
  created $dff cell `$procdff$4453' with positive edge clock.
Creating register for signal `$paramod$a7c3c30138af1325a60904ccdffc2805a4e27d04\uart_tx.\txBitNumber' using process `$paramod$a7c3c30138af1325a60904ccdffc2805a4e27d04\uart_tx.$proc$rtl/uart_tx.v:56$672'.
  created $dff cell `$procdff$4454' with positive edge clock.
Creating register for signal `$paramod$a7c3c30138af1325a60904ccdffc2805a4e27d04\uart_tx.\txAccumulator' using process `$paramod$a7c3c30138af1325a60904ccdffc2805a4e27d04\uart_tx.$proc$rtl/uart_tx.v:56$672'.
  created $dff cell `$procdff$4455' with positive edge clock.
Creating register for signal `$paramod$a7c3c30138af1325a60904ccdffc2805a4e27d04\uart_tx.\txDelayFrames' using process `$paramod$a7c3c30138af1325a60904ccdffc2805a4e27d04\uart_tx.$proc$rtl/uart_tx.v:56$672'.
  created $dff cell `$procdff$4456' with positive edge clock.
Creating register for signal `$paramod$a7c3c30138af1325a60904ccdffc2805a4e27d04\uart_tx.\txByteValidPrev' using process `$paramod$a7c3c30138af1325a60904ccdffc2805a4e27d04\uart_tx.$proc$rtl/uart_tx.v:52$671'.
  created $dff cell `$procdff$4457' with positive edge clock.

8.4.10. Executing PROC_MEMWR pass (convert process memory writes to cells).

8.4.11. Executing PROC_CLEAN pass (remove empty switches from decision trees).
Removing empty process `$paramod$a7c3c30138af1325a60904ccdffc2805a4e27d04\uart_rx.$proc$rtl/uart_rx.v:36$668'.
Found and cleaned up 10 empty switches in `$paramod$a7c3c30138af1325a60904ccdffc2805a4e27d04\uart_rx.$proc$rtl/uart_rx.v:48$632'.
Removing empty process `$paramod$a7c3c30138af1325a60904ccdffc2805a4e27d04\uart_rx.$proc$rtl/uart_rx.v:48$632'.
Removing empty process `matching_engine.$proc$rtl/matching_engine.v:227$293'.
Found and cleaned up 2 empty switches in `\matching_engine.$proc$rtl/matching_engine.v:420$289'.
Removing empty process `matching_engine.$proc$rtl/matching_engine.v:420$289'.
Found and cleaned up 14 empty switches in `\matching_engine.$proc$rtl/matching_engine.v:287$265'.
Removing empty process `matching_engine.$proc$rtl/matching_engine.v:287$265'.
Found and cleaned up 1 empty switch in `\matching_engine.$proc$rtl/matching_engine.v:283$264'.
Removing empty process `matching_engine.$proc$rtl/matching_engine.v:283$264'.
Found and cleaned up 1 empty switch in `\matching_engine.$proc$rtl/matching_engine.v:279$263'.
Removing empty process `matching_engine.$proc$rtl/matching_engine.v:279$263'.
Found and cleaned up 1 empty switch in `\matching_engine.$proc$rtl/matching_engine.v:275$262'.
Removing empty process `matching_engine.$proc$rtl/matching_engine.v:275$262'.
Removing empty process `matching_engine.$proc$rtl/matching_engine.v:271$261'.
Removing empty process `$paramod$4b94c7d0562a85dcb91aad001c598912e2f3fd02\message_rx.$proc$rtl/message_rx.v:66$943'.
Found and cleaned up 19 empty switches in `$paramod$4b94c7d0562a85dcb91aad001c598912e2f3fd02\message_rx.$proc$rtl/message_rx.v:87$916'.
Removing empty process `$paramod$4b94c7d0562a85dcb91aad001c598912e2f3fd02\message_rx.$proc$rtl/message_rx.v:87$916'.
Removing empty process `$paramod$4b94c7d0562a85dcb91aad001c598912e2f3fd02\message_rx.$proc$rtl/message_rx.v:83$915'.
Removing empty process `$paramod$4b94c7d0562a85dcb91aad001c598912e2f3fd02\message_tx.$proc$rtl/message_tx.v:80$912'.
Found and cleaned up 13 empty switches in `$paramod$4b94c7d0562a85dcb91aad001c598912e2f3fd02\message_tx.$proc$rtl/message_tx.v:106$897'.
Removing empty process `$paramod$4b94c7d0562a85dcb91aad001c598912e2f3fd02\message_tx.$proc$rtl/message_tx.v:106$897'.
Removing empty process `$paramod$4b94c7d0562a85dcb91aad001c598912e2f3fd02\message_tx.$proc$rtl/message_tx.v:101$896'.
Removing empty process `$paramod$1f27663a425bf4ff6b1e7da55be7e5eff5f5cdf5\order_book_side.$proc$rtl/order_book_side.v:69$883'.
Found and cleaned up 25 empty switches in `$paramod$1f27663a425bf4ff6b1e7da55be7e5eff5f5cdf5\order_book_side.$proc$rtl/order_book_side.v:90$859'.
Removing empty process `$paramod$1f27663a425bf4ff6b1e7da55be7e5eff5f5cdf5\order_book_side.$proc$rtl/order_book_side.v:90$859'.
Removing empty process `$paramod$1f27663a425bf4ff6b1e7da55be7e5eff5f5cdf5\order_book_side.$proc$rtl/order_book_side.v:84$858'.
Found and cleaned up 16 empty switches in `$paramod$1f27663a425bf4ff6b1e7da55be7e5eff5f5cdf5\order_book_side.$proc$rtl/order_book_side.v:55$825'.
Removing empty process `$paramod$1f27663a425bf4ff6b1e7da55be7e5eff5f5cdf5\order_book_side.$proc$rtl/order_book_side.v:55$825'.
Removing empty process `$paramod$a3aa78ed85d09664340a4408971ee05153696140\order_book_side.$proc$rtl/order_book_side.v:69$816'.
Found and cleaned up 25 empty switches in `$paramod$a3aa78ed85d09664340a4408971ee05153696140\order_book_side.$proc$rtl/order_book_side.v:90$792'.
Removing empty process `$paramod$a3aa78ed85d09664340a4408971ee05153696140\order_book_side.$proc$rtl/order_book_side.v:90$792'.
Removing empty process `$paramod$a3aa78ed85d09664340a4408971ee05153696140\order_book_side.$proc$rtl/order_book_side.v:84$791'.
Found and cleaned up 16 empty switches in `$paramod$a3aa78ed85d09664340a4408971ee05153696140\order_book_side.$proc$rtl/order_book_side.v:55$758'.
Removing empty process `$paramod$a3aa78ed85d09664340a4408971ee05153696140\order_book_side.$proc$rtl/order_book_side.v:55$758'.
Removing empty process `$paramod\report_fifo\DATA_WIDTH=s32'00000000000000000000000001000000.$proc$rtl/report_fifo.v:36$749'.
Found and cleaned up 2 empty switches in `$paramod\report_fifo\DATA_WIDTH=s32'00000000000000000000000001000000.$proc$rtl/report_fifo.v:90$747'.
Removing empty process `$paramod\report_fifo\DATA_WIDTH=s32'00000000000000000000000001000000.$proc$rtl/report_fifo.v:90$747'.
Found and cleaned up 1 empty switch in `$paramod\report_fifo\DATA_WIDTH=s32'00000000000000000000000001000000.$proc$rtl/report_fifo.v:76$743'.
Removing empty process `$paramod\report_fifo\DATA_WIDTH=s32'00000000000000000000000001000000.$proc$rtl/report_fifo.v:76$743'.
Found and cleaned up 1 empty switch in `$paramod\report_fifo\DATA_WIDTH=s32'00000000000000000000000001000000.$proc$rtl/report_fifo.v:63$737'.
Removing empty process `$paramod\report_fifo\DATA_WIDTH=s32'00000000000000000000000001000000.$proc$rtl/report_fifo.v:63$737'.
Found and cleaned up 1 empty switch in `$paramod\report_fifo\DATA_WIDTH=s32'00000000000000000000000001000000.$proc$rtl/report_fifo.v:52$719'.
Removing empty process `$paramod\report_fifo\DATA_WIDTH=s32'00000000000000000000000001000000.$proc$rtl/report_fifo.v:52$719'.
Removing empty process `$paramod$a7c3c30138af1325a60904ccdffc2805a4e27d04\uart_tx.$proc$rtl/uart_tx.v:40$710'.
Found and cleaned up 11 empty switches in `$paramod$a7c3c30138af1325a60904ccdffc2805a4e27d04\uart_tx.$proc$rtl/uart_tx.v:56$672'.
Removing empty process `$paramod$a7c3c30138af1325a60904ccdffc2805a4e27d04\uart_tx.$proc$rtl/uart_tx.v:56$672'.
Removing empty process `$paramod$a7c3c30138af1325a60904ccdffc2805a4e27d04\uart_tx.$proc$rtl/uart_tx.v:52$671'.
Cleaned up 159 empty switches.

8.4.12. Executing OPT_EXPR pass (perform const folding).
Optimizing module $paramod$a7c3c30138af1325a60904ccdffc2805a4e27d04\uart_rx.
<suppressed ~16 debug messages>
Optimizing module matching_engine.
<suppressed ~19 debug messages>
Optimizing module $paramod$4b94c7d0562a85dcb91aad001c598912e2f3fd02\message_rx.
<suppressed ~9 debug messages>
Optimizing module $paramod$4b94c7d0562a85dcb91aad001c598912e2f3fd02\message_tx.
<suppressed ~20 debug messages>
Optimizing module $paramod$1f27663a425bf4ff6b1e7da55be7e5eff5f5cdf5\order_book_side.
<suppressed ~5 debug messages>
Optimizing module $paramod$a3aa78ed85d09664340a4408971ee05153696140\order_book_side.
<suppressed ~5 debug messages>
Optimizing module $paramod\report_fifo\DATA_WIDTH=s32'00000000000000000000000001000000.
<suppressed ~17 debug messages>
Optimizing module $paramod$a7c3c30138af1325a60904ccdffc2805a4e27d04\uart_tx.
<suppressed ~6 debug messages>

8.5. Executing CHECK pass (checking for obvious problems).
Checking module $paramod$a7c3c30138af1325a60904ccdffc2805a4e27d04\uart_rx...
Checking module matching_engine...
Checking module $paramod$4b94c7d0562a85dcb91aad001c598912e2f3fd02\message_rx...
Checking module $paramod$4b94c7d0562a85dcb91aad001c598912e2f3fd02\message_tx...
Checking module $paramod$1f27663a425bf4ff6b1e7da55be7e5eff5f5cdf5\order_book_side...
Checking module $paramod$a3aa78ed85d09664340a4408971ee05153696140\order_book_side...
Checking module $paramod\report_fifo\DATA_WIDTH=s32'00000000000000000000000001000000...
Checking module $paramod$a7c3c30138af1325a60904ccdffc2805a4e27d04\uart_tx...
Found and reported 0 problems.

8.6. Executing FLATTEN pass (flatten design).
Deleting now unused module $paramod$a7c3c30138af1325a60904ccdffc2805a4e27d04\uart_rx.
Deleting now unused module $paramod$4b94c7d0562a85dcb91aad001c598912e2f3fd02\message_rx.
Deleting now unused module $paramod$4b94c7d0562a85dcb91aad001c598912e2f3fd02\message_tx.
Deleting now unused module $paramod$1f27663a425bf4ff6b1e7da55be7e5eff5f5cdf5\order_book_side.
Deleting now unused module $paramod$a3aa78ed85d09664340a4408971ee05153696140\order_book_side.
Deleting now unused module $paramod\report_fifo\DATA_WIDTH=s32'00000000000000000000000001000000.
Deleting now unused module $paramod$a7c3c30138af1325a60904ccdffc2805a4e27d04\uart_tx.
<suppressed ~7 debug messages>

8.7. Executing TRIBUF pass.

8.8. Executing DEMINOUT pass (demote inout ports to input or output).

8.9. Executing OPT_EXPR pass (perform const folding).
Optimizing module matching_engine.
<suppressed ~20 debug messages>

8.10. Executing OPT_CLEAN pass (remove unused cells and wires).
Finding unused cells or wires in module \matching_engine..
Removed 375 unused cells and 1795 unused wires.
<suppressed ~415 debug messages>

8.11. Executing CHECK pass (checking for obvious problems).
Checking module matching_engine...
Found and reported 0 problems.

8.12. Executing OPT pass (performing simple optimizations).

8.12.1. Executing OPT_EXPR pass (perform const folding).
Optimizing module matching_engine.

8.12.2. Executing OPT_MERGE pass (detect identical cells).
Finding identical cells in module `\matching_engine'.
Computing hashes of 1314 cells of `\matching_engine'.
Finding duplicate cells in `\matching_engine'.
Computing hashes of 1110 cells of `\matching_engine'.
Finding duplicate cells in `\matching_engine'.
Computing hashes of 1095 cells of `\matching_engine'.
Finding duplicate cells in `\matching_engine'.
<suppressed ~657 debug messages>
Removed a total of 219 cells.

8.12.3. Executing OPT_MUXTREE pass (detect dead branches in mux trees).
Running muxtree optimizer on module \matching_engine..
  Creating internal representation of mux trees.
  Evaluating internal representation of mux trees.
  Analyzing evaluation results.
    dead port 2/2 on $mux $flatten\bid_book.$procmux$2944.
    dead port 2/2 on $mux $flatten\bid_book.$procmux$2953.
    dead port 2/2 on $mux $flatten\bid_book.$procmux$2962.
    dead port 2/2 on $mux $flatten\bid_book.$procmux$2971.
    dead port 2/2 on $mux $flatten\bid_book.$procmux$2980.
    dead port 2/2 on $mux $flatten\bid_book.$procmux$2989.
    dead port 2/2 on $mux $flatten\bid_book.$procmux$2998.
    dead port 2/2 on $mux $flatten\ask_book.$procmux$4079.
    dead port 2/2 on $mux $flatten\ask_book.$procmux$4088.
    dead port 2/2 on $mux $flatten\ask_book.$procmux$4097.
    dead port 2/2 on $mux $flatten\ask_book.$procmux$4106.
    dead port 2/2 on $mux $flatten\ask_book.$procmux$4115.
    dead port 2/2 on $mux $flatten\ask_book.$procmux$4124.
    dead port 2/2 on $mux $flatten\ask_book.$procmux$4133.
Removed 14 multiplexer ports.
<suppressed ~896 debug messages>

8.12.4. Executing OPT_REDUCE pass (consolidate $*mux and $reduce_* inputs).
  Optimizing cells in module \matching_engine.
    New ctrl vector for $pmux cell $procmux$1196: { $auto$opt_reduce.cc:135:opt_pmux$4468 $procmux$1198_CMP $procmux$1199_CMP $procmux$1201_CMP $procmux$1349_CMP $procmux$1420_CMP $procmux$1407_CMP }
    New ctrl vector for $pmux cell $procmux$1078: { $auto$opt_reduce.cc:135:opt_pmux$4470 $procmux$1420_CMP }
  Optimizing cells in module \matching_engine.
Performed a total of 2 changes.

8.12.5. Executing OPT_MERGE pass (detect identical cells).
Finding identical cells in module `\matching_engine'.
Computing hashes of 1083 cells of `\matching_engine'.
Finding duplicate cells in `\matching_engine'.
Computing hashes of 1032 cells of `\matching_engine'.
Finding duplicate cells in `\matching_engine'.
Computing hashes of 1008 cells of `\matching_engine'.
Finding duplicate cells in `\matching_engine'.
<suppressed ~225 debug messages>
Removed a total of 75 cells.

8.12.6. Executing OPT_DFF pass (perform DFF optimizations).
Removing never-active ARST on $flatten\report_queue.$procdff$4438 ($adff) from module matching_engine.
Removing never-active ARST on $flatten\report_queue.$procdff$4416 ($adff) from module matching_engine.
Removing never-active ARST on $flatten\report_queue.$procdff$4421 ($adff) from module matching_engine.
Removing never-active ARST on $flatten\report_queue.$procdff$4426 ($adff) from module matching_engine.

8.12.7. Executing OPT_CLEAN pass (remove unused cells and wires).
Finding unused cells or wires in module \matching_engine..
Removed 0 unused cells and 308 unused wires.
<suppressed ~1 debug messages>

8.12.8. Executing OPT_EXPR pass (perform const folding).
Optimizing module matching_engine.

8.12.9. Rerunning OPT passes. (Maybe there is more to do..)

8.12.10. Executing OPT_MUXTREE pass (detect dead branches in mux trees).
Running muxtree optimizer on module \matching_engine..
  Creating internal representation of mux trees.
  Evaluating internal representation of mux trees.
  Analyzing evaluation results.
Removed 0 multiplexer ports.
<suppressed ~888 debug messages>

8.12.11. Executing OPT_REDUCE pass (consolidate $*mux and $reduce_* inputs).
  Optimizing cells in module \matching_engine.
    New ctrl vector for $pmux cell $flatten\msg_tx_inst.$procmux$1789: $auto$opt_reduce.cc:135:opt_pmux$4472
    New ctrl vector for $pmux cell $flatten\msg_tx_inst.$procmux$1857: $auto$opt_reduce.cc:135:opt_pmux$4474
    New ctrl vector for $pmux cell $flatten\msg_tx_inst.\uart_tx_inst.$procmux$4262: { $auto$opt_reduce.cc:135:opt_pmux$4476 $flatten\msg_tx_inst.\uart_tx_inst.$procmux$4249_CMP }
    New ctrl vector for $pmux cell $flatten\msg_tx_inst.\uart_tx_inst.$procmux$4204: $auto$opt_reduce.cc:135:opt_pmux$4478
    New ctrl vector for $pmux cell $flatten\msg_tx_inst.\uart_tx_inst.$procmux$4175: $auto$opt_reduce.cc:135:opt_pmux$4480
    New ctrl vector for $pmux cell $flatten\msg_rx_inst.$procmux$1433: { $auto$opt_reduce.cc:135:opt_pmux$4482 $flatten\msg_rx_inst.$procmux$1473_CMP }
    New ctrl vector for $pmux cell $flatten\msg_rx_inst.$procmux$1481: { $auto$opt_reduce.cc:135:opt_pmux$4486 $auto$opt_reduce.cc:135:opt_pmux$4484 }
    New ctrl vector for $pmux cell $flatten\msg_rx_inst.$procmux$1509: { $auto$opt_reduce.cc:135:opt_pmux$4488 $flatten\msg_rx_inst.$procmux$1473_CMP $flatten\msg_rx_inst.$procmux$1533_CMP }
    New ctrl vector for $pmux cell $flatten\msg_rx_inst.$procmux$1650: { $auto$opt_reduce.cc:135:opt_pmux$4490 $flatten\msg_rx_inst.$procmux$1533_CMP }
    New ctrl vector for $pmux cell $flatten\msg_rx_inst.\uart.$procmux$991: { $auto$opt_reduce.cc:135:opt_pmux$4492 $flatten\msg_rx_inst.\uart.$procmux$1015_CMP $flatten\msg_rx_inst.\uart.$procmux$1018_CMP $flatten\msg_rx_inst.\uart.$procmux$1001_CMP $flatten\msg_rx_inst.\uart.$procmux$1004_CMP }
    New ctrl vector for $pmux cell $flatten\msg_rx_inst.\uart.$procmux$968: $auto$opt_reduce.cc:135:opt_pmux$4494
    New ctrl vector for $pmux cell $flatten\msg_rx_inst.\uart.$procmux$949: $auto$opt_reduce.cc:135:opt_pmux$4496
  Optimizing cells in module \matching_engine.
Performed a total of 12 changes.

8.12.12. Executing OPT_MERGE pass (detect identical cells).
Finding identical cells in module `\matching_engine'.
Computing hashes of 1021 cells of `\matching_engine'.
Finding duplicate cells in `\matching_engine'.
Computing hashes of 1017 cells of `\matching_engine'.
Finding duplicate cells in `\matching_engine'.
<suppressed ~12 debug messages>
Removed a total of 4 cells.

8.12.13. Executing OPT_DFF pass (perform DFF optimizations).

8.12.14. Executing OPT_CLEAN pass (remove unused cells and wires).
Finding unused cells or wires in module \matching_engine..
Removed 0 unused cells and 4 unused wires.
<suppressed ~1 debug messages>

8.12.15. Executing OPT_EXPR pass (perform const folding).
Optimizing module matching_engine.

8.12.16. Rerunning OPT passes. (Maybe there is more to do..)

8.12.17. Executing OPT_MUXTREE pass (detect dead branches in mux trees).
Running muxtree optimizer on module \matching_engine..
  Creating internal representation of mux trees.
  Evaluating internal representation of mux trees.
  Analyzing evaluation results.
Removed 0 multiplexer ports.
<suppressed ~825 debug messages>

8.12.18. Executing OPT_REDUCE pass (consolidate $*mux and $reduce_* inputs).
  Optimizing cells in module \matching_engine.
Performed a total of 0 changes.

8.12.19. Executing OPT_MERGE pass (detect identical cells).
Finding identical cells in module `\matching_engine'.
Computing hashes of 1017 cells of `\matching_engine'.
Finding duplicate cells in `\matching_engine'.
Removed a total of 0 cells.

8.12.20. Executing OPT_DFF pass (perform DFF optimizations).

8.12.21. Executing OPT_CLEAN pass (remove unused cells and wires).
Finding unused cells or wires in module \matching_engine..

8.12.22. Executing OPT_EXPR pass (perform const folding).
Optimizing module matching_engine.

8.12.23. Finished fast OPT passes. (There is nothing left to do.)

8.13. Executing FSM pass (extract and optimize FSM).

8.13.1. Executing FSM_DETECT pass (finding FSMs in design).
Not marking matching_engine.msg_tx_inst.uart_tx_inst.txDelayFrames as FSM state register:
    Users of register don't seem to benefit from recoding.
    Register has an initialization value.
Not marking matching_engine.msg_tx_inst.uart_tx_inst.txState as FSM state register:
    Register has an initialization value.
Not marking matching_engine.msg_rx_inst.msgState as FSM state register:
    Register has an initialization value.
Not marking matching_engine.msg_tx_inst.mtxState as FSM state register:
    Register has an initialization value.
Not marking matching_engine.msg_rx_inst.uart.rxDelayFrames as FSM state register:
    Users of register don't seem to benefit from recoding.
    Register has an initialization value.
Not marking matching_engine.msg_rx_inst.uart.rxState as FSM state register:
    Register has an initialization value.
Not marking matching_engine.drainState as FSM state register:
    Register has an initialization value.
Not marking matching_engine.meState as FSM state register:
    Register has an initialization value.

8.13.2. Executing FSM_EXTRACT pass (extracting FSM from design).

8.13.3. Executing FSM_OPT pass (simple optimizations of FSMs).

8.13.4. Executing OPT_CLEAN pass (remove unused cells and wires).
Finding unused cells or wires in module \matching_engine..

8.13.5. Executing FSM_OPT pass (simple optimizations of FSMs).

8.13.6. Executing FSM_RECODE pass (re-assigning FSM state encoding).

8.13.7. Executing FSM_INFO pass (dumping all available information on FSM cells).

8.13.8. Executing FSM_MAP pass (mapping FSMs to basic logic).

8.14. Executing OPT pass (performing simple optimizations).

8.14.1. Executing OPT_EXPR pass (perform const folding).
Optimizing module matching_engine.

8.14.2. Executing OPT_MERGE pass (detect identical cells).
Finding identical cells in module `\matching_engine'.
Computing hashes of 1017 cells of `\matching_engine'.
Finding duplicate cells in `\matching_engine'.
Removed a total of 0 cells.

8.14.3. Executing OPT_MUXTREE pass (detect dead branches in mux trees).
Running muxtree optimizer on module \matching_engine..
  Creating internal representation of mux trees.
  Evaluating internal representation of mux trees.
  Analyzing evaluation results.
Removed 0 multiplexer ports.
<suppressed ~825 debug messages>

8.14.4. Executing OPT_REDUCE pass (consolidate $*mux and $reduce_* inputs).
  Optimizing cells in module \matching_engine.
Performed a total of 0 changes.

8.14.5. Executing OPT_MERGE pass (detect identical cells).
Finding identical cells in module `\matching_engine'.
Computing hashes of 1017 cells of `\matching_engine'.
Finding duplicate cells in `\matching_engine'.
Removed a total of 0 cells.

8.14.6. Executing OPT_DFF pass (perform DFF optimizations).
Adding SRST signal on $procdff$4320 ($dff) from module matching_engine (D = $procmux$1054_Y, Q = \rd_en, rval = 1'0).
Adding EN signal on $procdff$4321 ($dff) from module matching_engine (D = \report_queue.rd_data [63:56], Q = \msgTypeOut).
Adding EN signal on $procdff$4322 ($dff) from module matching_engine (D = \report_queue.rd_data [39:32], Q = \outcomeOut).
Adding EN signal on $procdff$4323 ($dff) from module matching_engine (D = \report_queue.rd_data [55:40], Q = \orderIDOut).
Adding EN signal on $procdff$4324 ($dff) from module matching_engine (D = \report_queue.rd_data [31:16], Q = \priceOut).
Adding EN signal on $procdff$4325 ($dff) from module matching_engine (D = \report_queue.rd_data [15:0], Q = \quantityOut).
Adding EN signal on $procdff$4326 ($dff) from module matching_engine (D = $0\drainState[1:0], Q = \drainState).
Adding EN signal on $procdff$4328 ($dff) from module matching_engine (D = $0\wr_data[63:0], Q = \wr_data).
Adding EN signal on $procdff$4329 ($dff) from module matching_engine (D = $0\orderFilled[0:0], Q = \orderFilled).
Adding EN signal on $procdff$4330 ($dff) from module matching_engine (D = $0\orderResting[0:0], Q = \orderResting).
Adding EN signal on $procdff$4331 ($dff) from module matching_engine (D = $0\orderRejected[0:0], Q = \orderRejected).
Adding EN signal on $procdff$4332 ($dff) from module matching_engine (D = $0\wrongMsgType[0:0], Q = \wrongMsgType).
Adding EN signal on $procdff$4333 ($dff) from module matching_engine (D = $0\wrongMsgSide[0:0], Q = \wrongMsgSide).
Adding EN signal on $procdff$4334 ($dff) from module matching_engine (D = $0\matchLoopOverrunError[0:0], Q = \matchLoopOverrunError).
Adding SRST signal on $procdff$4335 ($dff) from module matching_engine (D = $procmux$1095_Y, Q = \insertValidBid, rval = 1'0).
Adding SRST signal on $procdff$4336 ($dff) from module matching_engine (D = $procmux$1180_Y, Q = \removeValidBid, rval = 1'0).
Adding SRST signal on $procdff$4337 ($dff) from module matching_engine (D = $procmux$1117_Y, Q = \insertValidAsk, rval = 1'0).
Adding SRST signal on $procdff$4338 ($dff) from module matching_engine (D = $procmux$1148_Y, Q = \removeValidAsk, rval = 1'0).
Adding SRST signal on $procdff$4339 ($dff) from module matching_engine (D = $procmux$1117_Y, Q = \reduceValidBid, rval = 1'0).
Adding SRST signal on $procdff$4340 ($dff) from module matching_engine (D = $procmux$1095_Y, Q = \reduceValidAsk, rval = 1'0).
Adding EN signal on $procdff$4341 ($dff) from module matching_engine (D = \remainingQuantity, Q = \reduceAmountBid).
Adding EN signal on $procdff$4342 ($dff) from module matching_engine (D = \remainingQuantity, Q = \reduceAmountAsk).
Adding EN signal on $procdff$4344 ($dff) from module matching_engine (D = $0\remainingQuantity[15:0], Q = \remainingQuantity).
Adding EN signal on $procdff$4345 ($dff) from module matching_engine (D = $0\matchLoopCount[3:0], Q = \matchLoopCount).
Adding EN signal on $procdff$4346 ($dff) from module matching_engine (D = $0\meState[3:0], Q = \meState).
Adding EN signal on $procdff$4347 ($dff) from module matching_engine (D = 1'1, Q = \checksumErrorLatched).
Adding EN signal on $procdff$4348 ($dff) from module matching_engine (D = 1'1, Q = \timeOutErrorLatched).
Adding EN signal on $procdff$4349 ($dff) from module matching_engine (D = 1'1, Q = \sentinelErrorLatched).
Adding EN signal on $flatten\msg_rx_inst.\uart.$procdff$4318 ($dff) from module matching_engine (D = $flatten\msg_rx_inst.\uart.$procmux$945_Y, Q = \msg_rx_inst.uart.rxDelayFrames).
Adding EN signal on $flatten\msg_rx_inst.\uart.$procdff$4317 ($dff) from module matching_engine (D = $flatten\msg_rx_inst.\uart.$procmux$964_Y, Q = \msg_rx_inst.uart.rxAccumulator).
Adding EN signal on $flatten\msg_rx_inst.\uart.$procdff$4310 ($dff) from module matching_engine (D = $flatten\msg_rx_inst.\uart.$0\byteReady[0:0], Q = \msg_rx_inst.uart.byteReady).
Adding EN signal on $flatten\msg_rx_inst.\uart.$procdff$4312 ($dff) from module matching_engine (D = $flatten\msg_rx_inst.\uart.$0\parityError[0:0], Q = \msg_rx_inst.uart.parityError).
Adding EN signal on $flatten\msg_rx_inst.\uart.$procdff$4313 ($dff) from module matching_engine (D = { \uart_rx_line \msg_rx_inst.uart.dataIn [7:1] }, Q = \msg_rx_inst.uart.dataIn).
Adding EN signal on $flatten\msg_rx_inst.\uart.$procdff$4314 ($dff) from module matching_engine (D = $flatten\msg_rx_inst.\uart.$0\rxState[3:0], Q = \msg_rx_inst.uart.rxState).
Adding EN signal on $flatten\msg_rx_inst.\uart.$procdff$4315 ($dff) from module matching_engine (D = $flatten\msg_rx_inst.\uart.$0\rxCounter[12:0], Q = \msg_rx_inst.uart.rxCounter).
Adding EN signal on $flatten\msg_rx_inst.\uart.$procdff$4316 ($dff) from module matching_engine (D = $flatten\msg_rx_inst.\uart.$0\rxBitNumber[2:0], Q = \msg_rx_inst.uart.rxBitNumber).
Adding EN signal on $flatten\msg_rx_inst.$procdff$4361 ($dff) from module matching_engine (D = $flatten\msg_rx_inst.$0\checksumAcc[7:0], Q = \msg_rx_inst.checksumAcc).
Adding EN signal on $flatten\msg_rx_inst.$procdff$4360 ($dff) from module matching_engine (D = $flatten\msg_rx_inst.$0\msgState[3:0], Q = \msg_rx_inst.msgState).
Adding EN signal on $flatten\msg_rx_inst.$procdff$4359 ($dff) from module matching_engine (D = { \msg_rx_inst.quantity [7:0] \msg_rx_inst.uart.dataIn }, Q = \msg_rx_inst.quantity).
Adding EN signal on $flatten\msg_rx_inst.$procdff$4358 ($dff) from module matching_engine (D = { \msg_rx_inst.price [7:0] \msg_rx_inst.uart.dataIn }, Q = \msg_rx_inst.price).
Adding EN signal on $flatten\msg_rx_inst.$procdff$4357 ($dff) from module matching_engine (D = \msg_rx_inst.uart.dataIn, Q = \msg_rx_inst.side).
Adding EN signal on $flatten\msg_rx_inst.$procdff$4356 ($dff) from module matching_engine (D = { \msg_rx_inst.orderID [7:0] \msg_rx_inst.uart.dataIn }, Q = \msg_rx_inst.orderID).
Adding EN signal on $flatten\msg_rx_inst.$procdff$4355 ($dff) from module matching_engine (D = \msg_rx_inst.uart.dataIn, Q = \msg_rx_inst.msgType).
Adding EN signal on $flatten\msg_rx_inst.$procdff$4354 ($dff) from module matching_engine (D = $flatten\msg_rx_inst.$0\checksumError[0:0], Q = \msg_rx_inst.checksumError).
Adding EN signal on $flatten\msg_rx_inst.$procdff$4353 ($dff) from module matching_engine (D = $flatten\msg_rx_inst.$0\timeOutError[0:0], Q = \msg_rx_inst.timeOutError).
Adding EN signal on $flatten\msg_rx_inst.$procdff$4352 ($dff) from module matching_engine (D = $flatten\msg_rx_inst.$0\sentinelError[0:0], Q = \msg_rx_inst.sentinelError).
Adding EN signal on $flatten\msg_rx_inst.$procdff$4351 ($dff) from module matching_engine (D = $flatten\msg_rx_inst.$0\messageReady[0:0], Q = \msg_rx_inst.messageReady).
Adding EN signal on $flatten\ask_book.$procdff$4400 ($dff) from module matching_engine (D = $flatten\ask_book.$procmux$3978_Y, Q = \ask_book.insertFullError).
Adding EN signal on $flatten\ask_book.$procdff$4397 ($dff) from module matching_engine (D = $flatten\ask_book.$procmux$4070_Y, Q = \ask_book.valid [7]).
Adding EN signal on $flatten\ask_book.$procdff$4397 ($dff) from module matching_engine (D = $flatten\ask_book.$procmux$3166_Y, Q = \ask_book.valid [6]).
Adding EN signal on $flatten\ask_book.$procdff$4397 ($dff) from module matching_engine (D = $flatten\ask_book.$procmux$3286_Y, Q = \ask_book.valid [5]).
Adding EN signal on $flatten\ask_book.$procdff$4397 ($dff) from module matching_engine (D = $flatten\ask_book.$procmux$3406_Y, Q = \ask_book.valid [4]).
Adding EN signal on $flatten\ask_book.$procdff$4397 ($dff) from module matching_engine (D = $flatten\ask_book.$procmux$3526_Y, Q = \ask_book.valid [3]).
Adding EN signal on $flatten\ask_book.$procdff$4397 ($dff) from module matching_engine (D = $flatten\ask_book.$procmux$3646_Y, Q = \ask_book.valid [2]).
Adding EN signal on $flatten\ask_book.$procdff$4397 ($dff) from module matching_engine (D = $flatten\ask_book.$procmux$3766_Y, Q = \ask_book.valid [1]).
Adding EN signal on $flatten\ask_book.$procdff$4397 ($dff) from module matching_engine (D = $flatten\ask_book.$procmux$3907_Y, Q = \ask_book.valid [0]).
Adding EN signal on $flatten\ask_book.$procdff$4396 ($dff) from module matching_engine (D = $flatten\ask_book.$procmux$3773_Y, Q = \ask_book.quantity [127:112]).
Adding EN signal on $flatten\ask_book.$procdff$4396 ($dff) from module matching_engine (D = $flatten\ask_book.$procmux$3861_Y, Q = \ask_book.quantity [15:0]).
Adding EN signal on $flatten\ask_book.$procdff$4396 ($dff) from module matching_engine (D = $flatten\ask_book.$procmux$3118_Y, Q = \ask_book.quantity [111:96]).
Adding EN signal on $flatten\ask_book.$procdff$4396 ($dff) from module matching_engine (D = $flatten\ask_book.$procmux$3238_Y, Q = \ask_book.quantity [95:80]).
Adding EN signal on $flatten\ask_book.$procdff$4396 ($dff) from module matching_engine (D = $flatten\ask_book.$procmux$3358_Y, Q = \ask_book.quantity [79:64]).
Adding EN signal on $flatten\ask_book.$procdff$4396 ($dff) from module matching_engine (D = $flatten\ask_book.$procmux$3478_Y, Q = \ask_book.quantity [63:48]).
Adding EN signal on $flatten\ask_book.$procdff$4396 ($dff) from module matching_engine (D = $flatten\ask_book.$procmux$3598_Y, Q = \ask_book.quantity [47:32]).
Adding EN signal on $flatten\ask_book.$procdff$4396 ($dff) from module matching_engine (D = $flatten\ask_book.$procmux$3718_Y, Q = \ask_book.quantity [31:16]).
Adding EN signal on $flatten\ask_book.$procdff$4395 ($dff) from module matching_engine (D = $flatten\ask_book.$procmux$3996_Y, Q = \ask_book.price [127:112]).
Adding EN signal on $flatten\ask_book.$procdff$4395 ($dff) from module matching_engine (D = $flatten\ask_book.$procmux$3142_Y, Q = \ask_book.price [111:96]).
Adding EN signal on $flatten\ask_book.$procdff$4395 ($dff) from module matching_engine (D = $flatten\ask_book.$procmux$3262_Y, Q = \ask_book.price [95:80]).
Adding EN signal on $flatten\ask_book.$procdff$4395 ($dff) from module matching_engine (D = $flatten\ask_book.$procmux$3382_Y, Q = \ask_book.price [79:64]).
Adding EN signal on $flatten\ask_book.$procdff$4395 ($dff) from module matching_engine (D = $flatten\ask_book.$procmux$3502_Y, Q = \ask_book.price [63:48]).
Adding EN signal on $flatten\ask_book.$procdff$4395 ($dff) from module matching_engine (D = $flatten\ask_book.$procmux$3622_Y, Q = \ask_book.price [47:32]).
Adding EN signal on $flatten\ask_book.$procdff$4395 ($dff) from module matching_engine (D = $flatten\ask_book.$procmux$3742_Y, Q = \ask_book.price [31:16]).
Adding EN signal on $flatten\ask_book.$procdff$4395 ($dff) from module matching_engine (D = $flatten\ask_book.$procmux$3884_Y, Q = \ask_book.price [15:0]).
Adding EN signal on $flatten\msg_rx_inst.$procdff$4362 ($dff) from module matching_engine (D = $flatten\msg_rx_inst.$0\byteCounter[0:0], Q = \msg_rx_inst.byteCounter).
Adding EN signal on $flatten\msg_rx_inst.$procdff$4363 ($dff) from module matching_engine (D = $flatten\msg_rx_inst.$0\byteWaitCounter[19:0], Q = \msg_rx_inst.byteWaitCounter).
Adding EN signal on $flatten\msg_tx_inst.\uart_tx_inst.$procdff$4449 ($dff) from module matching_engine (D = $flatten\msg_tx_inst.\uart_tx_inst.$0\txByteConsumed[0:0], Q = \msg_tx_inst.uart_tx_inst.txByteConsumed).
Adding EN signal on $flatten\msg_tx_inst.\uart_tx_inst.$procdff$4450 ($dff) from module matching_engine (D = $flatten\msg_tx_inst.\uart_tx_inst.$0\txState[3:0], Q = \msg_tx_inst.uart_tx_inst.txState).
Adding EN signal on $flatten\msg_tx_inst.\uart_tx_inst.$procdff$4451 ($dff) from module matching_engine (D = $flatten\msg_tx_inst.\uart_tx_inst.$0\txCounter[12:0], Q = \msg_tx_inst.uart_tx_inst.txCounter).
Adding EN signal on $flatten\msg_tx_inst.\uart_tx_inst.$procdff$4452 ($dff) from module matching_engine (D = \msg_tx_inst.txByteData, Q = \msg_tx_inst.uart_tx_inst.dataOut).
Adding EN signal on $flatten\msg_tx_inst.\uart_tx_inst.$procdff$4453 ($dff) from module matching_engine (D = $flatten\msg_tx_inst.\uart_tx_inst.$0\txPinRegister[0:0], Q = \msg_tx_inst.uart_tx_inst.txPinRegister).
Adding EN signal on $flatten\msg_tx_inst.\uart_tx_inst.$procdff$4454 ($dff) from module matching_engine (D = $flatten\msg_tx_inst.\uart_tx_inst.$0\txBitNumber[2:0], Q = \msg_tx_inst.uart_tx_inst.txBitNumber).
Adding EN signal on $flatten\msg_tx_inst.\uart_tx_inst.$procdff$4455 ($dff) from module matching_engine (D = $flatten\msg_tx_inst.\uart_tx_inst.$procmux$4200_Y, Q = \msg_tx_inst.uart_tx_inst.txAccumulator).
Adding EN signal on $flatten\msg_tx_inst.\uart_tx_inst.$procdff$4456 ($dff) from module matching_engine (D = $flatten\msg_tx_inst.\uart_tx_inst.$procmux$4171_Y, Q = \msg_tx_inst.uart_tx_inst.txDelayFrames).
Adding EN signal on $flatten\msg_tx_inst.$procdff$4375 ($dff) from module matching_engine (D = \outcomeOut, Q = \msg_tx_inst.outcome).
Adding EN signal on $flatten\msg_tx_inst.$procdff$4373 ($dff) from module matching_engine (D = $flatten\msg_tx_inst.$0\txBusy[0:0], Q = \msg_tx_inst.txBusy).
Adding EN signal on $flatten\msg_tx_inst.$procdff$4371 ($dff) from module matching_engine (D = $flatten\msg_tx_inst.$procmux$1785_Y, Q = \msg_tx_inst.byteCounter).
Adding SRST signal on $auto$ff.cc:337:slice$5247 ($dffe) from module matching_engine (D = $flatten\msg_tx_inst.$add$rtl/message_tx.v:153$903_Y [0], Q = \msg_tx_inst.byteCounter, rval = 1'0).
Adding EN signal on $flatten\msg_tx_inst.$procdff$4370 ($dff) from module matching_engine (D = \quantityOut, Q = \msg_tx_inst.quantity).
Adding EN signal on $flatten\msg_tx_inst.$procdff$4369 ($dff) from module matching_engine (D = \priceOut, Q = \msg_tx_inst.price).
Adding EN signal on $flatten\msg_tx_inst.$procdff$4368 ($dff) from module matching_engine (D = \orderIDOut, Q = \msg_tx_inst.orderID).
Adding EN signal on $flatten\msg_tx_inst.$procdff$4367 ($dff) from module matching_engine (D = \msgTypeOut, Q = \msg_tx_inst.msgType).
Adding EN signal on $flatten\msg_tx_inst.$procdff$4366 ($dff) from module matching_engine (D = $flatten\msg_tx_inst.$0\txByteData[7:0], Q = \msg_tx_inst.txByteData).
Adding EN signal on $flatten\msg_tx_inst.$procdff$4365 ($dff) from module matching_engine (D = $flatten\msg_tx_inst.$procmux$1855_Y, Q = \msg_tx_inst.txByteValid).
Adding EN signal on $flatten\report_queue.$procdff$4438 ($dff) from module matching_engine (D = $flatten\report_queue.$add$rtl/report_fifo.v:57$736_Y [2:0], Q = \report_queue.wr_ptr).
Adding EN signal on $flatten\report_queue.$procdff$4416 ($dff) from module matching_engine (D = $flatten\report_queue.$0\count[3:0], Q = \report_queue.count).
Adding EN signal on $flatten\msg_tx_inst.$procdff$4376 ($dff) from module matching_engine (D = $flatten\msg_tx_inst.$0\mtxState[3:0], Q = \msg_tx_inst.mtxState).
Adding EN signal on $flatten\report_queue.$procdff$4421 ($dff) from module matching_engine (D = $flatten\report_queue.$shiftx$rtl/report_fifo.v:68$741_Y, Q = \report_queue.rd_data).
Adding EN signal on $flatten\report_queue.$procdff$4433 ($dff) from module matching_engine (D = $flatten\report_queue.$or$rtl/report_fifo.v:56$735_Y, Q = \report_queue.mem_flat).
Adding EN signal on $flatten\bid_book.$procdff$4386 ($dff) from module matching_engine (D = $flatten\bid_book.$procmux$2843_Y, Q = \bid_book.insertFullError).
Adding EN signal on $flatten\bid_book.$procdff$4383 ($dff) from module matching_engine (D = $flatten\bid_book.$procmux$2935_Y, Q = \bid_book.valid [7]).
Adding EN signal on $flatten\bid_book.$procdff$4383 ($dff) from module matching_engine (D = $flatten\bid_book.$procmux$2031_Y, Q = \bid_book.valid [6]).
Adding EN signal on $flatten\bid_book.$procdff$4383 ($dff) from module matching_engine (D = $flatten\bid_book.$procmux$2151_Y, Q = \bid_book.valid [5]).
Adding EN signal on $flatten\bid_book.$procdff$4383 ($dff) from module matching_engine (D = $flatten\bid_book.$procmux$2271_Y, Q = \bid_book.valid [4]).
Adding EN signal on $flatten\bid_book.$procdff$4383 ($dff) from module matching_engine (D = $flatten\bid_book.$procmux$2391_Y, Q = \bid_book.valid [3]).
Adding EN signal on $flatten\bid_book.$procdff$4383 ($dff) from module matching_engine (D = $flatten\bid_book.$procmux$2511_Y, Q = \bid_book.valid [2]).
Adding EN signal on $flatten\bid_book.$procdff$4383 ($dff) from module matching_engine (D = $flatten\bid_book.$procmux$2631_Y, Q = \bid_book.valid [1]).
Adding EN signal on $flatten\bid_book.$procdff$4383 ($dff) from module matching_engine (D = $flatten\bid_book.$procmux$2772_Y, Q = \bid_book.valid [0]).
Adding EN signal on $flatten\bid_book.$procdff$4382 ($dff) from module matching_engine (D = $flatten\bid_book.$procmux$2638_Y, Q = \bid_book.quantity [127:112]).
Adding EN signal on $flatten\bid_book.$procdff$4382 ($dff) from module matching_engine (D = $flatten\bid_book.$procmux$2726_Y, Q = \bid_book.quantity [15:0]).
Adding EN signal on $flatten\bid_book.$procdff$4382 ($dff) from module matching_engine (D = $flatten\bid_book.$procmux$1983_Y, Q = \bid_book.quantity [111:96]).
Adding EN signal on $flatten\bid_book.$procdff$4382 ($dff) from module matching_engine (D = $flatten\bid_book.$procmux$2103_Y, Q = \bid_book.quantity [95:80]).
Adding EN signal on $flatten\bid_book.$procdff$4382 ($dff) from module matching_engine (D = $flatten\bid_book.$procmux$2223_Y, Q = \bid_book.quantity [79:64]).
Adding EN signal on $flatten\bid_book.$procdff$4382 ($dff) from module matching_engine (D = $flatten\bid_book.$procmux$2343_Y, Q = \bid_book.quantity [63:48]).
Adding EN signal on $flatten\bid_book.$procdff$4382 ($dff) from module matching_engine (D = $flatten\bid_book.$procmux$2463_Y, Q = \bid_book.quantity [47:32]).
Adding EN signal on $flatten\bid_book.$procdff$4382 ($dff) from module matching_engine (D = $flatten\bid_book.$procmux$2583_Y, Q = \bid_book.quantity [31:16]).
Adding EN signal on $flatten\bid_book.$procdff$4381 ($dff) from module matching_engine (D = $flatten\bid_book.$procmux$2861_Y, Q = \bid_book.price [127:112]).
Adding EN signal on $flatten\bid_book.$procdff$4381 ($dff) from module matching_engine (D = $flatten\bid_book.$procmux$2007_Y, Q = \bid_book.price [111:96]).
Adding EN signal on $flatten\bid_book.$procdff$4381 ($dff) from module matching_engine (D = $flatten\bid_book.$procmux$2127_Y, Q = \bid_book.price [95:80]).
Adding EN signal on $flatten\bid_book.$procdff$4381 ($dff) from module matching_engine (D = $flatten\bid_book.$procmux$2247_Y, Q = \bid_book.price [79:64]).
Adding EN signal on $flatten\bid_book.$procdff$4381 ($dff) from module matching_engine (D = $flatten\bid_book.$procmux$2367_Y, Q = \bid_book.price [63:48]).
Adding EN signal on $flatten\bid_book.$procdff$4381 ($dff) from module matching_engine (D = $flatten\bid_book.$procmux$2487_Y, Q = \bid_book.price [47:32]).
Adding EN signal on $flatten\bid_book.$procdff$4381 ($dff) from module matching_engine (D = $flatten\bid_book.$procmux$2607_Y, Q = \bid_book.price [31:16]).
Adding EN signal on $flatten\bid_book.$procdff$4381 ($dff) from module matching_engine (D = $flatten\bid_book.$procmux$2749_Y, Q = \bid_book.price [15:0]).
Adding EN signal on $flatten\report_queue.$procdff$4426 ($dff) from module matching_engine (D = $flatten\report_queue.$add$rtl/report_fifo.v:69$742_Y [2:0], Q = \report_queue.rd_ptr).

8.14.7. Executing OPT_CLEAN pass (remove unused cells and wires).
Finding unused cells or wires in module \matching_engine..
Removed 144 unused cells and 102 unused wires.
<suppressed ~145 debug messages>

8.14.8. Executing OPT_EXPR pass (perform const folding).
Optimizing module matching_engine.
<suppressed ~79 debug messages>

8.14.9. Rerunning OPT passes. (Maybe there is more to do..)

8.14.10. Executing OPT_MUXTREE pass (detect dead branches in mux trees).
Running muxtree optimizer on module \matching_engine..
  Creating internal representation of mux trees.
  Evaluating internal representation of mux trees.
  Analyzing evaluation results.
Removed 0 multiplexer ports.
<suppressed ~642 debug messages>

8.14.11. Executing OPT_REDUCE pass (consolidate $*mux and $reduce_* inputs).
  Optimizing cells in module \matching_engine.
Performed a total of 0 changes.

8.14.12. Executing OPT_MERGE pass (detect identical cells).
Finding identical cells in module `\matching_engine'.
Computing hashes of 1437 cells of `\matching_engine'.
Finding duplicate cells in `\matching_engine'.
Computing hashes of 1134 cells of `\matching_engine'.
Finding duplicate cells in `\matching_engine'.
Computing hashes of 1104 cells of `\matching_engine'.
Finding duplicate cells in `\matching_engine'.
<suppressed ~999 debug messages>
Removed a total of 333 cells.

8.14.13. Executing OPT_DFF pass (perform DFF optimizations).

8.14.14. Executing OPT_CLEAN pass (remove unused cells and wires).
Finding unused cells or wires in module \matching_engine..
Removed 0 unused cells and 333 unused wires.
<suppressed ~1 debug messages>

8.14.15. Executing OPT_EXPR pass (perform const folding).
Optimizing module matching_engine.

8.14.16. Rerunning OPT passes. (Maybe there is more to do..)

8.14.17. Executing OPT_MUXTREE pass (detect dead branches in mux trees).
Running muxtree optimizer on module \matching_engine..
  Creating internal representation of mux trees.
  Evaluating internal representation of mux trees.
  Analyzing evaluation results.
Removed 0 multiplexer ports.
<suppressed ~648 debug messages>

8.14.18. Executing OPT_REDUCE pass (consolidate $*mux and $reduce_* inputs).
  Optimizing cells in module \matching_engine.
Performed a total of 0 changes.

8.14.19. Executing OPT_MERGE pass (detect identical cells).
Finding identical cells in module `\matching_engine'.
Computing hashes of 1104 cells of `\matching_engine'.
Finding duplicate cells in `\matching_engine'.
Removed a total of 0 cells.

8.14.20. Executing OPT_DFF pass (perform DFF optimizations).

8.14.21. Executing OPT_CLEAN pass (remove unused cells and wires).
Finding unused cells or wires in module \matching_engine..

8.14.22. Executing OPT_EXPR pass (perform const folding).
Optimizing module matching_engine.

8.14.23. Finished fast OPT passes. (There is nothing left to do.)

8.15. Executing WREDUCE pass (reducing word size of cells).
Removed top 1 bits (of 3) from port B of cell matching_engine.$auto$opt_dff.cc:235:make_patterns_logic$5450 ($ne).
Removed top 1 bits (of 3) from port B of cell matching_engine.$auto$opt_dff.cc:235:make_patterns_logic$5448 ($ne).
Removed top 2 bits (of 3) from port B of cell matching_engine.$auto$opt_dff.cc:235:make_patterns_logic$5440 ($ne).
Removed top 1 bits (of 2) from port B of cell matching_engine.$auto$opt_dff.cc:235:make_patterns_logic$5420 ($ne).
Removed top 1 bits (of 2) from port B of cell matching_engine.$auto$opt_dff.cc:235:make_patterns_logic$5295 ($ne).
Removed top 1 bits (of 2) from port B of cell matching_engine.$auto$opt_dff.cc:235:make_patterns_logic$5293 ($ne).
Removed top 1 bits (of 2) from port B of cell matching_engine.$auto$opt_dff.cc:235:make_patterns_logic$5291 ($ne).
Removed top 1 bits (of 2) from port B of cell matching_engine.$auto$opt_dff.cc:235:make_patterns_logic$5289 ($ne).
Removed top 1 bits (of 2) from port B of cell matching_engine.$auto$opt_dff.cc:235:make_patterns_logic$5287 ($ne).
Removed top 1 bits (of 2) from port B of cell matching_engine.$auto$opt_dff.cc:235:make_patterns_logic$5285 ($ne).
Removed top 1 bits (of 2) from port B of cell matching_engine.$auto$opt_dff.cc:235:make_patterns_logic$5283 ($ne).
Removed top 1 bits (of 2) from port B of cell matching_engine.$auto$opt_dff.cc:235:make_patterns_logic$5281 ($ne).
Removed top 1 bits (of 2) from port B of cell matching_engine.$auto$opt_dff.cc:235:make_patterns_logic$5279 ($ne).
Removed top 1 bits (of 2) from port B of cell matching_engine.$auto$opt_dff.cc:235:make_patterns_logic$5277 ($ne).
Removed top 1 bits (of 2) from port B of cell matching_engine.$auto$opt_dff.cc:235:make_patterns_logic$5275 ($ne).
Removed top 1 bits (of 2) from port B of cell matching_engine.$auto$opt_dff.cc:235:make_patterns_logic$5174 ($ne).
Removed top 1 bits (of 3) from port B of cell matching_engine.$auto$opt_dff.cc:235:make_patterns_logic$5172 ($ne).
Removed top 1 bits (of 2) from port B of cell matching_engine.$auto$opt_dff.cc:235:make_patterns_logic$5165 ($ne).
Removed top 1 bits (of 2) from port B of cell matching_engine.$auto$opt_dff.cc:235:make_patterns_logic$5163 ($ne).
Removed top 1 bits (of 2) from port B of cell matching_engine.$auto$opt_dff.cc:235:make_patterns_logic$5152 ($ne).
Removed top 1 bits (of 3) from port B of cell matching_engine.$auto$opt_dff.cc:235:make_patterns_logic$4946 ($ne).
Removed top 1 bits (of 3) from port B of cell matching_engine.$auto$opt_dff.cc:235:make_patterns_logic$4944 ($ne).
Removed top 2 bits (of 3) from port B of cell matching_engine.$auto$opt_dff.cc:235:make_patterns_logic$4936 ($ne).
Removed top 1 bits (of 2) from port B of cell matching_engine.$auto$opt_dff.cc:235:make_patterns_logic$4793 ($ne).
Removed top 1 bits (of 2) from port B of cell matching_engine.$auto$opt_dff.cc:235:make_patterns_logic$4791 ($ne).
Removed top 1 bits (of 2) from port B of cell matching_engine.$auto$opt_dff.cc:235:make_patterns_logic$4789 ($ne).
Removed top 1 bits (of 2) from port B of cell matching_engine.$auto$opt_dff.cc:235:make_patterns_logic$4769 ($ne).
Removed top 1 bits (of 3) from port B of cell matching_engine.$auto$opt_dff.cc:235:make_patterns_logic$4736 ($ne).
Removed top 1 bits (of 3) from port B of cell matching_engine.$auto$opt_dff.cc:235:make_patterns_logic$4734 ($ne).
Removed top 1 bits (of 3) from port B of cell matching_engine.$auto$opt_dff.cc:235:make_patterns_logic$4732 ($ne).
Removed top 1 bits (of 2) from port B of cell matching_engine.$auto$opt_dff.cc:235:make_patterns_logic$4719 ($ne).
Removed top 7 bits (of 8) from port B of cell matching_engine.$ne$rtl/matching_engine.v:311$266 ($ne).
Removed top 31 bits (of 32) from port B of cell matching_engine.$add$rtl/matching_engine.v:345$276 ($add).
Removed top 28 bits (of 32) from port Y of cell matching_engine.$add$rtl/matching_engine.v:345$276 ($add).
Removed top 7 bits (of 8) from port B of cell matching_engine.$eq$rtl/matching_engine.v:403$285 ($eq).
Removed top 1 bits (of 2) from port B of cell matching_engine.$procmux$1062_CMP0 ($eq).
Removed top 1 bits (of 4) from port B of cell matching_engine.$procmux$1198_CMP0 ($eq).
Removed top 1 bits (of 4) from port B of cell matching_engine.$procmux$1199_CMP0 ($eq).
Removed top 2 bits (of 4) from port B of cell matching_engine.$procmux$1201_CMP0 ($eq).
Removed top 1 bits (of 4) from mux cell matching_engine.$procmux$1206 ($mux).
Removed top 1 bits (of 4) from mux cell matching_engine.$procmux$1209 ($mux).
Removed top 1 bits (of 4) from mux cell matching_engine.$procmux$1211 ($mux).
Removed top 1 bits (of 4) from mux cell matching_engine.$procmux$1216 ($mux).
Removed top 1 bits (of 4) from mux cell matching_engine.$procmux$1218 ($mux).
Removed top 1 bits (of 4) from mux cell matching_engine.$procmux$1221 ($mux).
Removed top 2 bits (of 4) from port B of cell matching_engine.$procmux$1349_CMP0 ($eq).
Removed top 31 bits (of 64) from mux cell matching_engine.$procmux$1409 ($mux).
Removed top 1 bits (of 4) from port B of cell matching_engine.$procmux$1412_CMP0 ($eq).
Removed top 1 bits (of 4) from port B of cell matching_engine.$procmux$1413_CMP0 ($eq).
Removed top 3 bits (of 4) from port B of cell matching_engine.$procmux$1420_CMP0 ($eq).
Removed top 6 bits (of 13) from port B of cell matching_engine.$flatten\msg_rx_inst.\uart.$eq$rtl/uart_rx.v:61$634 ($eq).
Removed top 31 bits (of 32) from port B of cell matching_engine.$flatten\msg_rx_inst.\uart.$add$rtl/uart_rx.v:85$644 ($add).
Removed top 29 bits (of 32) from port Y of cell matching_engine.$flatten\msg_rx_inst.\uart.$add$rtl/uart_rx.v:85$644 ($add).
Removed top 31 bits (of 32) from port B of cell matching_engine.$flatten\msg_rx_inst.\uart.$add$rtl/uart_rx.v:109$657 ($add).
Removed top 18 bits (of 32) from port Y of cell matching_engine.$flatten\msg_rx_inst.\uart.$add$rtl/uart_rx.v:109$657 ($add).
Removed top 18 bits (of 32) from port A of cell matching_engine.$flatten\msg_rx_inst.\uart.$eq$rtl/uart_rx.v:109$658 ($eq).
Removed top 28 bits (of 32) from port B of cell matching_engine.$flatten\msg_rx_inst.\uart.$ge$rtl/uart_rx.v:115$664 ($ge).
Removed top 28 bits (of 32) from port B of cell matching_engine.$flatten\msg_rx_inst.\uart.$sub$rtl/uart_rx.v:117$666 ($sub).
Removed top 28 bits (of 32) from port Y of cell matching_engine.$flatten\msg_rx_inst.\uart.$sub$rtl/uart_rx.v:117$666 ($sub).
Removed top 28 bits (of 32) from port A of cell matching_engine.$flatten\msg_rx_inst.\uart.$sub$rtl/uart_rx.v:117$666 ($sub).
Removed top 30 bits (of 32) from port B of cell matching_engine.$flatten\msg_rx_inst.\uart.$add$rtl/uart_rx.v:120$667 ($add).
Removed top 27 bits (of 32) from port Y of cell matching_engine.$flatten\msg_rx_inst.\uart.$add$rtl/uart_rx.v:120$667 ($add).
Removed top 12 bits (of 13) from mux cell matching_engine.$flatten\msg_rx_inst.\uart.$procmux$958 ($mux).
Removed top 1 bits (of 4) from mux cell matching_engine.$flatten\msg_rx_inst.\uart.$procmux$1013 ($mux).
Removed top 2 bits (of 4) from port B of cell matching_engine.$flatten\msg_rx_inst.\uart.$procmux$1018_CMP0 ($eq).
Removed top 3 bits (of 4) from port B of cell matching_engine.$flatten\msg_rx_inst.\uart.$procmux$1022_CMP0 ($eq).
Removed top 2 bits (of 4) from port B of cell matching_engine.$flatten\msg_rx_inst.\uart.$procmux$1029_CMP0 ($eq).
Removed top 1 bits (of 4) from port B of cell matching_engine.$flatten\msg_rx_inst.\uart.$procmux$1034_CMP0 ($eq).
Removed top 1 bits (of 4) from port B of cell matching_engine.$flatten\msg_rx_inst.\uart.$procmux$1048_CMP0 ($eq).
Removed top 2 bits (of 4) from mux cell matching_engine.$flatten\msg_rx_inst.$procmux$1587 ($mux).
Removed top 3 bits (of 4) from port B of cell matching_engine.$flatten\msg_rx_inst.$procmux$1473_CMP0 ($eq).
Removed top 2 bits (of 4) from port B of cell matching_engine.$flatten\msg_rx_inst.$procmux$1469_CMP0 ($eq).
Removed top 2 bits (of 4) from port B of cell matching_engine.$flatten\msg_rx_inst.$procmux$1462_CMP0 ($eq).
Removed top 1 bits (of 4) from port B of cell matching_engine.$flatten\msg_rx_inst.$procmux$1455_CMP0 ($eq).
Removed top 1 bits (of 4) from port B of cell matching_engine.$flatten\msg_rx_inst.$procmux$1448_CMP0 ($eq).
Removed top 1 bits (of 4) from port B of cell matching_engine.$flatten\msg_rx_inst.$procmux$1441_CMP0 ($eq).
Removed top 1 bits (of 4) from port B of cell matching_engine.$flatten\msg_rx_inst.$procmux$1434_CMP0 ($eq).
Removed top 31 bits (of 32) from port B of cell matching_engine.$flatten\msg_rx_inst.$add$rtl/message_rx.v:133$924 ($add).
Removed top 31 bits (of 32) from port Y of cell matching_engine.$flatten\msg_rx_inst.$add$rtl/message_rx.v:133$924 ($add).
Removed top 31 bits (of 32) from port B of cell matching_engine.$flatten\msg_rx_inst.$add$rtl/message_rx.v:120$921 ($add).
Removed top 12 bits (of 32) from port Y of cell matching_engine.$flatten\msg_rx_inst.$add$rtl/message_rx.v:120$921 ($add).
Removed top 1 bits (of 20) from port B of cell matching_engine.$flatten\msg_rx_inst.$eq$rtl/message_rx.v:116$920 ($eq).
Removed top 31 bits (of 32) from port B of cell matching_engine.$flatten\msg_tx_inst.\uart_tx_inst.$add$rtl/uart_tx.v:92$685 ($add).
Removed top 29 bits (of 32) from port Y of cell matching_engine.$flatten\msg_tx_inst.\uart_tx_inst.$add$rtl/uart_tx.v:92$685 ($add).
Removed top 28 bits (of 32) from port B of cell matching_engine.$flatten\msg_tx_inst.\uart_tx_inst.$ge$rtl/uart_tx.v:133$705 ($ge).
Removed top 28 bits (of 32) from port B of cell matching_engine.$flatten\msg_tx_inst.\uart_tx_inst.$sub$rtl/uart_tx.v:135$707 ($sub).
Removed top 28 bits (of 32) from port Y of cell matching_engine.$flatten\msg_tx_inst.\uart_tx_inst.$sub$rtl/uart_tx.v:135$707 ($sub).
Removed top 28 bits (of 32) from port A of cell matching_engine.$flatten\msg_tx_inst.\uart_tx_inst.$sub$rtl/uart_tx.v:135$707 ($sub).
Removed top 30 bits (of 32) from port B of cell matching_engine.$flatten\msg_tx_inst.\uart_tx_inst.$add$rtl/uart_tx.v:138$708 ($add).
Removed top 27 bits (of 32) from port Y of cell matching_engine.$flatten\msg_tx_inst.\uart_tx_inst.$add$rtl/uart_tx.v:138$708 ($add).
Removed top 31 bits (of 32) from port B of cell matching_engine.$flatten\msg_tx_inst.\uart_tx_inst.$add$rtl/uart_tx.v:141$709 ($add).
Removed top 18 bits (of 32) from port Y of cell matching_engine.$flatten\msg_tx_inst.\uart_tx_inst.$add$rtl/uart_tx.v:141$709 ($add).
Removed top 12 bits (of 13) from mux cell matching_engine.$flatten\msg_tx_inst.\uart_tx_inst.$procmux$4193 ($mux).
Removed top 2 bits (of 4) from port B of cell matching_engine.$flatten\msg_tx_inst.\uart_tx_inst.$procmux$4288_CMP0 ($eq).
Removed top 2 bits (of 4) from port B of cell matching_engine.$flatten\msg_tx_inst.\uart_tx_inst.$procmux$4295_CMP0 ($eq).
Removed top 3 bits (of 4) from port B of cell matching_engine.$flatten\msg_tx_inst.\uart_tx_inst.$procmux$4299_CMP0 ($eq).
Removed top 1 bits (of 4) from port B of cell matching_engine.$flatten\msg_tx_inst.\uart_tx_inst.$procmux$4308_CMP0 ($eq).
Removed top 3 bits (of 4) from port B of cell matching_engine.$flatten\msg_tx_inst.$procmux$1745_CMP0 ($eq).
Removed top 2 bits (of 4) from port B of cell matching_engine.$flatten\msg_tx_inst.$procmux$1742_CMP0 ($eq).
Removed top 2 bits (of 4) from port B of cell matching_engine.$flatten\msg_tx_inst.$procmux$1739_CMP0 ($eq).
Removed top 1 bits (of 4) from port B of cell matching_engine.$flatten\msg_tx_inst.$procmux$1733_CMP0 ($eq).
Removed top 1 bits (of 4) from port B of cell matching_engine.$flatten\msg_tx_inst.$procmux$1730_CMP0 ($eq).
Removed top 1 bits (of 4) from port B of cell matching_engine.$flatten\msg_tx_inst.$procmux$1724_CMP0 ($eq).
Removed top 1 bits (of 4) from port B of cell matching_engine.$flatten\msg_tx_inst.$procmux$1718_CMP0 ($eq).
Removed top 31 bits (of 32) from port B of cell matching_engine.$flatten\msg_tx_inst.$add$rtl/message_tx.v:153$903 ($add).
Removed top 31 bits (of 32) from port Y of cell matching_engine.$flatten\msg_tx_inst.$add$rtl/message_tx.v:153$903 ($add).
Removed top 1 bits (of 4) from port A of cell matching_engine.$flatten\bid_book.$eq$rtl/order_book_side.v:116$880 ($eq).
Removed top 29 bits (of 32) from port A of cell matching_engine.$flatten\bid_book.$lt$rtl/order_book_side.v:114$879 ($lt).
Removed top 1 bits (of 4) from port A of cell matching_engine.$flatten\bid_book.$eq$rtl/order_book_side.v:116$878 ($eq).
Removed top 29 bits (of 32) from port A of cell matching_engine.$flatten\bid_book.$lt$rtl/order_book_side.v:114$877 ($lt).
Removed top 1 bits (of 4) from port A of cell matching_engine.$flatten\bid_book.$eq$rtl/order_book_side.v:116$876 ($eq).
Removed top 29 bits (of 32) from port A of cell matching_engine.$flatten\bid_book.$lt$rtl/order_book_side.v:114$875 ($lt).
Removed top 1 bits (of 4) from port A of cell matching_engine.$flatten\bid_book.$eq$rtl/order_book_side.v:116$874 ($eq).
Removed top 29 bits (of 32) from port A of cell matching_engine.$flatten\bid_book.$lt$rtl/order_book_side.v:114$873 ($lt).
Removed top 2 bits (of 4) from port A of cell matching_engine.$flatten\bid_book.$eq$rtl/order_book_side.v:116$872 ($eq).
Removed top 30 bits (of 32) from port A of cell matching_engine.$flatten\bid_book.$lt$rtl/order_book_side.v:114$871 ($lt).
Removed top 2 bits (of 4) from port A of cell matching_engine.$flatten\bid_book.$eq$rtl/order_book_side.v:116$870 ($eq).
Removed top 30 bits (of 32) from port A of cell matching_engine.$flatten\bid_book.$lt$rtl/order_book_side.v:114$869 ($lt).
Removed top 3 bits (of 4) from port A of cell matching_engine.$flatten\bid_book.$eq$rtl/order_book_side.v:116$868 ($eq).
Removed top 31 bits (of 32) from port A of cell matching_engine.$flatten\bid_book.$lt$rtl/order_book_side.v:114$867 ($lt).
Removed top 31 bits (of 32) from port A of cell matching_engine.$flatten\bid_book.$lt$rtl/order_book_side.v:114$865 ($lt).
Removed top 1 bits (of 4) from port A of cell matching_engine.$flatten\ask_book.$eq$rtl/order_book_side.v:116$813 ($eq).
Removed top 29 bits (of 32) from port A of cell matching_engine.$flatten\ask_book.$lt$rtl/order_book_side.v:114$812 ($lt).
Removed top 1 bits (of 4) from port A of cell matching_engine.$flatten\ask_book.$eq$rtl/order_book_side.v:116$811 ($eq).
Removed top 29 bits (of 32) from port A of cell matching_engine.$flatten\ask_book.$lt$rtl/order_book_side.v:114$810 ($lt).
Removed top 1 bits (of 4) from port A of cell matching_engine.$flatten\ask_book.$eq$rtl/order_book_side.v:116$809 ($eq).
Removed top 29 bits (of 32) from port A of cell matching_engine.$flatten\ask_book.$lt$rtl/order_book_side.v:114$808 ($lt).
Removed top 1 bits (of 4) from port A of cell matching_engine.$flatten\ask_book.$eq$rtl/order_book_side.v:116$807 ($eq).
Removed top 29 bits (of 32) from port A of cell matching_engine.$flatten\ask_book.$lt$rtl/order_book_side.v:114$806 ($lt).
Removed top 2 bits (of 4) from port A of cell matching_engine.$flatten\ask_book.$eq$rtl/order_book_side.v:116$805 ($eq).
Removed top 30 bits (of 32) from port A of cell matching_engine.$flatten\ask_book.$lt$rtl/order_book_side.v:114$804 ($lt).
Removed top 2 bits (of 4) from port A of cell matching_engine.$flatten\ask_book.$eq$rtl/order_book_side.v:116$803 ($eq).
Removed top 30 bits (of 32) from port A of cell matching_engine.$flatten\ask_book.$lt$rtl/order_book_side.v:114$802 ($lt).
Removed top 3 bits (of 4) from port A of cell matching_engine.$flatten\ask_book.$eq$rtl/order_book_side.v:116$801 ($eq).
Removed top 31 bits (of 32) from port A of cell matching_engine.$flatten\ask_book.$lt$rtl/order_book_side.v:114$800 ($lt).
Removed top 31 bits (of 32) from port A of cell matching_engine.$flatten\ask_book.$lt$rtl/order_book_side.v:114$798 ($lt).
Removed top 1 bits (of 2) from port B of cell matching_engine.$flatten\report_queue.$procmux$4154_CMP0 ($eq).
Removed top 31 bits (of 32) from port B of cell matching_engine.$flatten\report_queue.$sub$rtl/report_fifo.v:82$746 ($sub).
Removed top 28 bits (of 32) from port Y of cell matching_engine.$flatten\report_queue.$sub$rtl/report_fifo.v:82$746 ($sub).
Removed top 31 bits (of 32) from port B of cell matching_engine.$flatten\report_queue.$add$rtl/report_fifo.v:81$745 ($add).
Removed top 28 bits (of 32) from port Y of cell matching_engine.$flatten\report_queue.$add$rtl/report_fifo.v:81$745 ($add).
Removed top 31 bits (of 32) from port B of cell matching_engine.$flatten\report_queue.$add$rtl/report_fifo.v:69$742 ($add).
Removed top 29 bits (of 32) from port Y of cell matching_engine.$flatten\report_queue.$add$rtl/report_fifo.v:69$742 ($add).
Removed top 22 bits (of 32) from port B of cell matching_engine.$flatten\report_queue.$shiftx$rtl/report_fifo.v:68$741 ($shiftx).
Removed top 31 bits (of 32) from port B of cell matching_engine.$flatten\report_queue.$add$rtl/report_fifo.v:57$736 ($add).
Removed top 29 bits (of 32) from port Y of cell matching_engine.$flatten\report_queue.$add$rtl/report_fifo.v:57$736 ($add).
Removed top 23 bits (of 33) from port A of cell matching_engine.$flatten\report_queue.$neg$rtl/report_fifo.v:56$733 ($neg).
Converting cell matching_engine.$flatten\report_queue.$neg$rtl/report_fifo.v:56$733 ($neg) from signed to unsigned.
Removed top 1 bits (of 10) from port A of cell matching_engine.$flatten\report_queue.$neg$rtl/report_fifo.v:56$733 ($neg).
Removed top 27 bits (of 32) from port A of cell matching_engine.$flatten\msg_rx_inst.\uart.$ge$rtl/uart_rx.v:115$664 ($ge).
Removed top 27 bits (of 32) from port A of cell matching_engine.$flatten\msg_tx_inst.\uart_tx_inst.$ge$rtl/uart_tx.v:133$705 ($ge).
Removed top 12 bits (of 13) from wire matching_engine.$flatten\msg_tx_inst.\uart_tx_inst.$procmux$4171_Y.
Removed top 28 bits (of 32) from wire matching_engine.$flatten\msg_tx_inst.\uart_tx_inst.$sub$rtl/uart_tx.v:116$699_Y.
Removed top 31 bits (of 32) from wire matching_engine.$flatten\msg_tx_inst.\uart_tx_inst.$reduce_xor$rtl/uart_tx.v:109$692_Y.
Removed top 18 bits (of 32) from wire matching_engine.$flatten\msg_tx_inst.\uart_tx_inst.$add$rtl/uart_tx.v:105$691_Y.
Removed top 27 bits (of 32) from wire matching_engine.$flatten\msg_tx_inst.\uart_tx_inst.$add$rtl/uart_tx.v:101$690_Y.
Removed top 29 bits (of 32) from wire matching_engine.$flatten\msg_tx_inst.\uart_tx_inst.$add$rtl/uart_tx.v:92$685_Y.
Removed top 12 bits (of 32) from wire matching_engine.$flatten\msg_rx_inst.$add$rtl/message_rx.v:120$921_Y.
Removed top 31 bits (of 32) from wire matching_engine.$flatten\msg_rx_inst.$add$rtl/message_rx.v:133$924_Y.
Removed top 31 bits (of 32) from wire matching_engine.$flatten\msg_tx_inst.$add$rtl/message_tx.v:153$903_Y.
Removed top 2 bits (of 4) from wire matching_engine.$flatten\msg_rx_inst.$procmux$1587_Y.
Removed top 1 bits (of 4) from wire matching_engine.$flatten\msg_rx_inst.\uart.$procmux$1013_Y.
Removed top 12 bits (of 13) from wire matching_engine.$flatten\msg_rx_inst.\uart.$procmux$945_Y.
Removed top 18 bits (of 32) from wire matching_engine.$flatten\msg_rx_inst.\uart.$add$rtl/uart_rx.v:108$656_Y.
Removed top 28 bits (of 32) from wire matching_engine.$flatten\msg_rx_inst.\uart.$sub$rtl/uart_rx.v:100$654_Y.
Removed top 27 bits (of 32) from wire matching_engine.$flatten\msg_rx_inst.\uart.$add$rtl/uart_rx.v:100$653_Y.
Removed top 31 bits (of 32) from wire matching_engine.$flatten\msg_rx_inst.\uart.$reduce_xor$rtl/uart_rx.v:94$649_Y.
Removed top 29 bits (of 32) from wire matching_engine.$flatten\msg_rx_inst.\uart.$add$rtl/uart_rx.v:85$644_Y.
Removed top 8 bits (of 64) from wire matching_engine.$procmux$1409_Y.
Removed top 1 bits (of 4) from wire matching_engine.$procmux$1221_Y.
Removed top 1 bits (of 4) from wire matching_engine.$procmux$1218_Y.
Removed top 1 bits (of 4) from wire matching_engine.$procmux$1216_Y.
Removed top 1 bits (of 4) from wire matching_engine.$procmux$1211_Y.
Removed top 1 bits (of 4) from wire matching_engine.$procmux$1209_Y.
Removed top 1 bits (of 4) from wire matching_engine.$procmux$1206_Y.
Removed top 28 bits (of 32) from wire matching_engine.$flatten\report_queue.$sub$rtl/report_fifo.v:82$746_Y.
Removed top 28 bits (of 32) from wire matching_engine.$flatten\report_queue.$add$rtl/report_fifo.v:81$745_Y.
Removed top 29 bits (of 32) from wire matching_engine.$flatten\report_queue.$add$rtl/report_fifo.v:69$742_Y.
Removed top 29 bits (of 32) from wire matching_engine.$flatten\report_queue.$add$rtl/report_fifo.v:57$736_Y.
Removed top 28 bits (of 32) from wire matching_engine.$add$rtl/matching_engine.v:345$276_Y.

8.16. Executing PEEPOPT pass (run peephole optimizers).
shiftpow2 pattern in matching_engine: shift=$flatten\report_queue.$shiftx$rtl/report_fifo.v:68$741, index=\report_queue.rd_ptr, stride=64, width=64, ways=8

8.17. Executing OPT_CLEAN pass (remove unused cells and wires).
Finding unused cells or wires in module \matching_engine..
Removed 0 unused cells and 29 unused wires.
<suppressed ~1 debug messages>

8.18. Executing SHARE pass (SAT-based resource sharing).

8.19. Executing TECHMAP pass (map to technology primitives).

8.19.1. Executing Verilog-2005 frontend: /Users/paoloverwey/oss-cad-suite/libexec/../share/yosys/mul2dsp.v
Parsing Verilog input from `/Users/paoloverwey/oss-cad-suite/libexec/../share/yosys/mul2dsp.v' to AST representation.
Generating RTLIL representation for module `\_80_mul'.
Generating RTLIL representation for module `\_90_soft_mul'.
Successfully finished Verilog frontend.

8.19.2. Continuing TECHMAP pass.
No more expansions possible.
<suppressed ~4 debug messages>

8.20. Executing TECHMAP pass (map to technology primitives).

8.20.1. Executing Verilog-2005 frontend: /Users/paoloverwey/oss-cad-suite/libexec/../share/yosys/mul2dsp.v
Parsing Verilog input from `/Users/paoloverwey/oss-cad-suite/libexec/../share/yosys/mul2dsp.v' to AST representation.
Generating RTLIL representation for module `\_80_mul'.
Generating RTLIL representation for module `\_90_soft_mul'.
Successfully finished Verilog frontend.

8.20.2. Continuing TECHMAP pass.
No more expansions possible.
<suppressed ~4 debug messages>

8.21. Executing TECHMAP pass (map to technology primitives).

8.21.1. Executing Verilog-2005 frontend: /Users/paoloverwey/oss-cad-suite/libexec/../share/yosys/mul2dsp.v
Parsing Verilog input from `/Users/paoloverwey/oss-cad-suite/libexec/../share/yosys/mul2dsp.v' to AST representation.
Generating RTLIL representation for module `\_80_mul'.
Generating RTLIL representation for module `\_90_soft_mul'.
Successfully finished Verilog frontend.

8.21.2. Continuing TECHMAP pass.
No more expansions possible.
<suppressed ~4 debug messages>

8.22. Executing TECHMAP pass (map to technology primitives).

8.22.1. Executing Verilog-2005 frontend: /Users/paoloverwey/oss-cad-suite/libexec/../share/yosys/mul2dsp.v
Parsing Verilog input from `/Users/paoloverwey/oss-cad-suite/libexec/../share/yosys/mul2dsp.v' to AST representation.
Generating RTLIL representation for module `\_80_mul'.
Generating RTLIL representation for module `\_90_soft_mul'.
Successfully finished Verilog frontend.

8.22.2. Continuing TECHMAP pass.
No more expansions possible.
<suppressed ~4 debug messages>

8.23. Executing TECHMAP pass (map to technology primitives).

8.23.1. Executing Verilog-2005 frontend: /Users/paoloverwey/oss-cad-suite/libexec/../share/yosys/gowin/dsp_map.v
Parsing Verilog input from `/Users/paoloverwey/oss-cad-suite/libexec/../share/yosys/gowin/dsp_map.v' to AST representation.
Generating RTLIL representation for module `$__MUL9X9'.
Generating RTLIL representation for module `$__MUL18X18'.
Generating RTLIL representation for module `$__MUL36X36'.
Successfully finished Verilog frontend.

8.23.2. Continuing TECHMAP pass.
No more expansions possible.
<suppressed ~5 debug messages>

8.24. Executing ALUMACC pass (create $alu and $macc cells).
Extracting $alu and $macc cells in module matching_engine:
  creating $macc model for $flatten\ask_book.$sub$rtl/order_book_side.v:165$815 ($sub).
  creating $macc model for $flatten\msg_tx_inst.$add$rtl/message_tx.v:153$903 ($add).
  creating $macc model for $flatten\report_queue.$neg$rtl/report_fifo.v:56$733 ($neg).
  creating $macc model for $flatten\msg_tx_inst.\uart_tx_inst.$add$rtl/uart_tx.v:141$709 ($add).
  creating $macc model for $flatten\msg_tx_inst.\uart_tx_inst.$add$rtl/uart_tx.v:138$708 ($add).
  creating $macc model for $flatten\msg_tx_inst.\uart_tx_inst.$sub$rtl/uart_tx.v:135$707 ($sub).
  creating $macc model for $flatten\msg_tx_inst.\uart_tx_inst.$add$rtl/uart_tx.v:92$685 ($add).
  creating $macc model for $flatten\msg_rx_inst.$add$rtl/message_rx.v:120$921 ($add).
  creating $macc model for $flatten\msg_rx_inst.$add$rtl/message_rx.v:133$924 ($add).
  creating $macc model for $flatten\msg_rx_inst.\uart.$add$rtl/uart_rx.v:120$667 ($add).
  creating $macc model for $flatten\msg_rx_inst.\uart.$sub$rtl/uart_rx.v:117$666 ($sub).
  creating $macc model for $flatten\msg_rx_inst.\uart.$add$rtl/uart_rx.v:109$657 ($add).
  creating $macc model for $flatten\msg_rx_inst.\uart.$add$rtl/uart_rx.v:85$644 ($add).
  creating $macc model for $flatten\report_queue.$sub$rtl/report_fifo.v:82$746 ($sub).
  creating $macc model for $flatten\report_queue.$add$rtl/report_fifo.v:81$745 ($add).
  creating $macc model for $flatten\report_queue.$add$rtl/report_fifo.v:69$742 ($add).
  creating $macc model for $flatten\bid_book.$sub$rtl/order_book_side.v:165$882 ($sub).
  creating $macc model for $flatten\report_queue.$add$rtl/report_fifo.v:57$736 ($add).
  creating $macc model for $add$rtl/matching_engine.v:345$276 ($add).
  creating $macc model for $sub$rtl/matching_engine.v:344$275 ($sub).
  creating $alu model for $macc $sub$rtl/matching_engine.v:344$275.
  creating $alu model for $macc $add$rtl/matching_engine.v:345$276.
  creating $alu model for $macc $flatten\report_queue.$add$rtl/report_fifo.v:57$736.
  creating $alu model for $macc $flatten\bid_book.$sub$rtl/order_book_side.v:165$882.
  creating $alu model for $macc $flatten\report_queue.$add$rtl/report_fifo.v:69$742.
  creating $alu model for $macc $flatten\report_queue.$add$rtl/report_fifo.v:81$745.
  creating $alu model for $macc $flatten\report_queue.$sub$rtl/report_fifo.v:82$746.
  creating $alu model for $macc $flatten\msg_rx_inst.\uart.$add$rtl/uart_rx.v:85$644.
  creating $alu model for $macc $flatten\msg_rx_inst.\uart.$add$rtl/uart_rx.v:109$657.
  creating $alu model for $macc $flatten\msg_rx_inst.\uart.$sub$rtl/uart_rx.v:117$666.
  creating $alu model for $macc $flatten\msg_rx_inst.\uart.$add$rtl/uart_rx.v:120$667.
  creating $alu model for $macc $flatten\msg_rx_inst.$add$rtl/message_rx.v:133$924.
  creating $alu model for $macc $flatten\msg_rx_inst.$add$rtl/message_rx.v:120$921.
  creating $alu model for $macc $flatten\msg_tx_inst.\uart_tx_inst.$add$rtl/uart_tx.v:92$685.
  creating $alu model for $macc $flatten\msg_tx_inst.\uart_tx_inst.$sub$rtl/uart_tx.v:135$707.
  creating $alu model for $macc $flatten\msg_tx_inst.\uart_tx_inst.$add$rtl/uart_tx.v:138$708.
  creating $alu model for $macc $flatten\msg_tx_inst.\uart_tx_inst.$add$rtl/uart_tx.v:141$709.
  creating $alu model for $macc $flatten\report_queue.$neg$rtl/report_fifo.v:56$733.
  creating $alu model for $macc $flatten\msg_tx_inst.$add$rtl/message_tx.v:153$903.
  creating $alu model for $macc $flatten\ask_book.$sub$rtl/order_book_side.v:165$815.
  creating $alu model for $flatten\ask_book.$ge$rtl/order_book_side.v:161$814 ($ge): merged with $flatten\ask_book.$sub$rtl/order_book_side.v:165$815.
  creating $alu model for $flatten\ask_book.$lt$rtl/order_book_side.v:114$812 ($lt): new $alu
  creating $alu model for $flatten\ask_book.$lt$rtl/order_book_side.v:114$810 ($lt): new $alu
  creating $alu model for $flatten\ask_book.$lt$rtl/order_book_side.v:114$808 ($lt): new $alu
  creating $alu model for $flatten\ask_book.$lt$rtl/order_book_side.v:114$806 ($lt): new $alu
  creating $alu model for $flatten\ask_book.$lt$rtl/order_book_side.v:114$804 ($lt): new $alu
  creating $alu model for $flatten\ask_book.$lt$rtl/order_book_side.v:114$802 ($lt): new $alu
  creating $alu model for $flatten\ask_book.$lt$rtl/order_book_side.v:114$800 ($lt): new $alu
  creating $alu model for $flatten\ask_book.$lt$rtl/order_book_side.v:114$798 ($lt): new $alu
  creating $alu model for $flatten\ask_book.$lt$rtl/order_book_side.v:59$789 ($lt): new $alu
  creating $alu model for $flatten\ask_book.$lt$rtl/order_book_side.v:59$785 ($lt): new $alu
  creating $alu model for $flatten\ask_book.$lt$rtl/order_book_side.v:59$781 ($lt): new $alu
  creating $alu model for $flatten\ask_book.$lt$rtl/order_book_side.v:59$777 ($lt): new $alu
  creating $alu model for $flatten\ask_book.$lt$rtl/order_book_side.v:59$773 ($lt): new $alu
  creating $alu model for $flatten\ask_book.$lt$rtl/order_book_side.v:59$769 ($lt): new $alu
  creating $alu model for $flatten\ask_book.$lt$rtl/order_book_side.v:59$765 ($lt): new $alu
  creating $alu model for $flatten\ask_book.$lt$rtl/order_book_side.v:59$761 ($lt): new $alu
  creating $alu model for $flatten\msg_tx_inst.\uart_tx_inst.$ge$rtl/uart_tx.v:133$705 ($ge): new $alu
  creating $alu model for $flatten\bid_book.$gt$rtl/order_book_side.v:59$828 ($gt): new $alu
  creating $alu model for $flatten\bid_book.$gt$rtl/order_book_side.v:59$832 ($gt): new $alu
  creating $alu model for $flatten\bid_book.$gt$rtl/order_book_side.v:59$836 ($gt): new $alu
  creating $alu model for $flatten\bid_book.$gt$rtl/order_book_side.v:59$840 ($gt): new $alu
  creating $alu model for $flatten\msg_rx_inst.\uart.$ge$rtl/uart_rx.v:115$664 ($ge): new $alu
  creating $alu model for $flatten\bid_book.$gt$rtl/order_book_side.v:59$844 ($gt): new $alu
  creating $alu model for $flatten\bid_book.$gt$rtl/order_book_side.v:59$848 ($gt): new $alu
  creating $alu model for $flatten\bid_book.$gt$rtl/order_book_side.v:59$852 ($gt): new $alu
  creating $alu model for $flatten\bid_book.$gt$rtl/order_book_side.v:59$856 ($gt): new $alu
  creating $alu model for $flatten\bid_book.$lt$rtl/order_book_side.v:114$865 ($lt): new $alu
  creating $alu model for $flatten\bid_book.$lt$rtl/order_book_side.v:114$867 ($lt): new $alu
  creating $alu model for $flatten\bid_book.$lt$rtl/order_book_side.v:114$869 ($lt): new $alu
  creating $alu model for $flatten\bid_book.$lt$rtl/order_book_side.v:114$871 ($lt): new $alu
  creating $alu model for $flatten\bid_book.$lt$rtl/order_book_side.v:114$873 ($lt): new $alu
  creating $alu model for $flatten\bid_book.$lt$rtl/order_book_side.v:114$875 ($lt): new $alu
  creating $alu model for $flatten\bid_book.$lt$rtl/order_book_side.v:114$877 ($lt): new $alu
  creating $alu model for $flatten\bid_book.$lt$rtl/order_book_side.v:114$879 ($lt): new $alu
  creating $alu model for $flatten\bid_book.$ge$rtl/order_book_side.v:161$881 ($ge): merged with $flatten\bid_book.$sub$rtl/order_book_side.v:165$882.
  creating $alu model for $lt$rtl/matching_engine.v:338$273 ($lt): merged with $sub$rtl/matching_engine.v:344$275.
  creating $alu model for $le$rtl/matching_engine.v:74$257 ($le): new $alu
  creating $alu model for $ge$rtl/matching_engine.v:74$256 ($ge): merged with $le$rtl/matching_engine.v:74$257.
  creating $alu model for $flatten\ask_book.$eq$rtl/order_book_side.v:116$813 ($eq): merged with $flatten\ask_book.$lt$rtl/order_book_side.v:114$812.
  creating $alu model for $flatten\ask_book.$eq$rtl/order_book_side.v:116$811 ($eq): merged with $flatten\ask_book.$lt$rtl/order_book_side.v:114$810.
  creating $alu model for $flatten\ask_book.$eq$rtl/order_book_side.v:116$809 ($eq): merged with $flatten\ask_book.$lt$rtl/order_book_side.v:114$808.
  creating $alu model for $flatten\ask_book.$eq$rtl/order_book_side.v:116$807 ($eq): merged with $flatten\ask_book.$lt$rtl/order_book_side.v:114$806.
  creating $alu model for $flatten\ask_book.$eq$rtl/order_book_side.v:116$805 ($eq): merged with $flatten\ask_book.$lt$rtl/order_book_side.v:114$804.
  creating $alu model for $flatten\ask_book.$eq$rtl/order_book_side.v:116$803 ($eq): merged with $flatten\ask_book.$lt$rtl/order_book_side.v:114$802.
  creating $alu model for $flatten\ask_book.$eq$rtl/order_book_side.v:116$801 ($eq): merged with $flatten\ask_book.$lt$rtl/order_book_side.v:114$800.
  creating $alu model for $flatten\bid_book.$eq$rtl/order_book_side.v:116$868 ($eq): merged with $flatten\bid_book.$lt$rtl/order_book_side.v:114$867.
  creating $alu model for $flatten\bid_book.$eq$rtl/order_book_side.v:116$870 ($eq): merged with $flatten\bid_book.$lt$rtl/order_book_side.v:114$869.
  creating $alu model for $flatten\bid_book.$eq$rtl/order_book_side.v:116$872 ($eq): merged with $flatten\bid_book.$lt$rtl/order_book_side.v:114$871.
  creating $alu model for $flatten\bid_book.$eq$rtl/order_book_side.v:116$874 ($eq): merged with $flatten\bid_book.$lt$rtl/order_book_side.v:114$873.
  creating $alu model for $flatten\bid_book.$eq$rtl/order_book_side.v:116$876 ($eq): merged with $flatten\bid_book.$lt$rtl/order_book_side.v:114$875.
  creating $alu model for $flatten\bid_book.$eq$rtl/order_book_side.v:116$878 ($eq): merged with $flatten\bid_book.$lt$rtl/order_book_side.v:114$877.
  creating $alu model for $flatten\bid_book.$eq$rtl/order_book_side.v:116$880 ($eq): merged with $flatten\bid_book.$lt$rtl/order_book_side.v:114$879.
  creating $alu model for $eq$rtl/matching_engine.v:347$277 ($eq): merged with $sub$rtl/matching_engine.v:344$275.
  creating $alu cell for $le$rtl/matching_engine.v:74$257, $ge$rtl/matching_engine.v:74$256: $auto$alumacc.cc:512:replace_alu$5729
  creating $alu cell for $flatten\bid_book.$lt$rtl/order_book_side.v:114$879, $flatten\bid_book.$eq$rtl/order_book_side.v:116$880: $auto$alumacc.cc:512:replace_alu$5744
  creating $alu cell for $flatten\bid_book.$lt$rtl/order_book_side.v:114$877, $flatten\bid_book.$eq$rtl/order_book_side.v:116$878: $auto$alumacc.cc:512:replace_alu$5751
  creating $alu cell for $flatten\bid_book.$lt$rtl/order_book_side.v:114$875, $flatten\bid_book.$eq$rtl/order_book_side.v:116$876: $auto$alumacc.cc:512:replace_alu$5758
  creating $alu cell for $flatten\bid_book.$lt$rtl/order_book_side.v:114$873, $flatten\bid_book.$eq$rtl/order_book_side.v:116$874: $auto$alumacc.cc:512:replace_alu$5765
  creating $alu cell for $flatten\bid_book.$lt$rtl/order_book_side.v:114$871, $flatten\bid_book.$eq$rtl/order_book_side.v:116$872: $auto$alumacc.cc:512:replace_alu$5772
  creating $alu cell for $flatten\bid_book.$lt$rtl/order_book_side.v:114$869, $flatten\bid_book.$eq$rtl/order_book_side.v:116$870: $auto$alumacc.cc:512:replace_alu$5779
  creating $alu cell for $flatten\bid_book.$lt$rtl/order_book_side.v:114$867, $flatten\bid_book.$eq$rtl/order_book_side.v:116$868: $auto$alumacc.cc:512:replace_alu$5786
  creating $alu cell for $flatten\bid_book.$lt$rtl/order_book_side.v:114$865: $auto$alumacc.cc:512:replace_alu$5793
  creating $alu cell for $flatten\bid_book.$gt$rtl/order_book_side.v:59$856: $auto$alumacc.cc:512:replace_alu$5798
  creating $alu cell for $flatten\bid_book.$gt$rtl/order_book_side.v:59$852: $auto$alumacc.cc:512:replace_alu$5809
  creating $alu cell for $flatten\bid_book.$gt$rtl/order_book_side.v:59$848: $auto$alumacc.cc:512:replace_alu$5820
  creating $alu cell for $flatten\bid_book.$gt$rtl/order_book_side.v:59$844: $auto$alumacc.cc:512:replace_alu$5831
  creating $alu cell for $flatten\msg_rx_inst.\uart.$ge$rtl/uart_rx.v:115$664: $auto$alumacc.cc:512:replace_alu$5842
  creating $alu cell for $flatten\bid_book.$gt$rtl/order_book_side.v:59$840: $auto$alumacc.cc:512:replace_alu$5855
  creating $alu cell for $flatten\bid_book.$gt$rtl/order_book_side.v:59$836: $auto$alumacc.cc:512:replace_alu$5866
  creating $alu cell for $flatten\bid_book.$gt$rtl/order_book_side.v:59$832: $auto$alumacc.cc:512:replace_alu$5877
  creating $alu cell for $flatten\bid_book.$gt$rtl/order_book_side.v:59$828: $auto$alumacc.cc:512:replace_alu$5888
  creating $alu cell for $flatten\msg_tx_inst.\uart_tx_inst.$ge$rtl/uart_tx.v:133$705: $auto$alumacc.cc:512:replace_alu$5899
  creating $alu cell for $flatten\ask_book.$lt$rtl/order_book_side.v:59$761: $auto$alumacc.cc:512:replace_alu$5912
  creating $alu cell for $flatten\ask_book.$lt$rtl/order_book_side.v:59$765: $auto$alumacc.cc:512:replace_alu$5917
  creating $alu cell for $flatten\ask_book.$lt$rtl/order_book_side.v:59$769: $auto$alumacc.cc:512:replace_alu$5922
  creating $alu cell for $flatten\ask_book.$lt$rtl/order_book_side.v:59$773: $auto$alumacc.cc:512:replace_alu$5927
  creating $alu cell for $flatten\ask_book.$lt$rtl/order_book_side.v:59$777: $auto$alumacc.cc:512:replace_alu$5932
  creating $alu cell for $flatten\ask_book.$lt$rtl/order_book_side.v:59$781: $auto$alumacc.cc:512:replace_alu$5937
  creating $alu cell for $flatten\ask_book.$lt$rtl/order_book_side.v:59$785: $auto$alumacc.cc:512:replace_alu$5942
  creating $alu cell for $flatten\ask_book.$lt$rtl/order_book_side.v:59$789: $auto$alumacc.cc:512:replace_alu$5947
  creating $alu cell for $flatten\ask_book.$lt$rtl/order_book_side.v:114$798: $auto$alumacc.cc:512:replace_alu$5952
  creating $alu cell for $flatten\ask_book.$lt$rtl/order_book_side.v:114$800, $flatten\ask_book.$eq$rtl/order_book_side.v:116$801: $auto$alumacc.cc:512:replace_alu$5957
  creating $alu cell for $flatten\ask_book.$lt$rtl/order_book_side.v:114$802, $flatten\ask_book.$eq$rtl/order_book_side.v:116$803: $auto$alumacc.cc:512:replace_alu$5964
  creating $alu cell for $flatten\ask_book.$lt$rtl/order_book_side.v:114$804, $flatten\ask_book.$eq$rtl/order_book_side.v:116$805: $auto$alumacc.cc:512:replace_alu$5971
  creating $alu cell for $flatten\ask_book.$lt$rtl/order_book_side.v:114$806, $flatten\ask_book.$eq$rtl/order_book_side.v:116$807: $auto$alumacc.cc:512:replace_alu$5978
  creating $alu cell for $flatten\ask_book.$lt$rtl/order_book_side.v:114$808, $flatten\ask_book.$eq$rtl/order_book_side.v:116$809: $auto$alumacc.cc:512:replace_alu$5985
  creating $alu cell for $flatten\ask_book.$lt$rtl/order_book_side.v:114$810, $flatten\ask_book.$eq$rtl/order_book_side.v:116$811: $auto$alumacc.cc:512:replace_alu$5992
  creating $alu cell for $flatten\ask_book.$lt$rtl/order_book_side.v:114$812, $flatten\ask_book.$eq$rtl/order_book_side.v:116$813: $auto$alumacc.cc:512:replace_alu$5999
  creating $alu cell for $flatten\ask_book.$sub$rtl/order_book_side.v:165$815, $flatten\ask_book.$ge$rtl/order_book_side.v:161$814: $auto$alumacc.cc:512:replace_alu$6006
  creating $alu cell for $flatten\msg_tx_inst.$add$rtl/message_tx.v:153$903: $auto$alumacc.cc:512:replace_alu$6015
  creating $alu cell for $flatten\report_queue.$neg$rtl/report_fifo.v:56$733: $auto$alumacc.cc:512:replace_alu$6018
  creating $alu cell for $flatten\msg_tx_inst.\uart_tx_inst.$add$rtl/uart_tx.v:141$709: $auto$alumacc.cc:512:replace_alu$6021
  creating $alu cell for $flatten\msg_tx_inst.\uart_tx_inst.$add$rtl/uart_tx.v:138$708: $auto$alumacc.cc:512:replace_alu$6024
  creating $alu cell for $flatten\msg_tx_inst.\uart_tx_inst.$sub$rtl/uart_tx.v:135$707: $auto$alumacc.cc:512:replace_alu$6027
  creating $alu cell for $flatten\msg_tx_inst.\uart_tx_inst.$add$rtl/uart_tx.v:92$685: $auto$alumacc.cc:512:replace_alu$6030
  creating $alu cell for $flatten\msg_rx_inst.$add$rtl/message_rx.v:120$921: $auto$alumacc.cc:512:replace_alu$6033
  creating $alu cell for $flatten\msg_rx_inst.$add$rtl/message_rx.v:133$924: $auto$alumacc.cc:512:replace_alu$6036
  creating $alu cell for $flatten\msg_rx_inst.\uart.$add$rtl/uart_rx.v:120$667: $auto$alumacc.cc:512:replace_alu$6039
  creating $alu cell for $flatten\msg_rx_inst.\uart.$sub$rtl/uart_rx.v:117$666: $auto$alumacc.cc:512:replace_alu$6042
  creating $alu cell for $flatten\msg_rx_inst.\uart.$add$rtl/uart_rx.v:109$657: $auto$alumacc.cc:512:replace_alu$6045
  creating $alu cell for $flatten\msg_rx_inst.\uart.$add$rtl/uart_rx.v:85$644: $auto$alumacc.cc:512:replace_alu$6048
  creating $alu cell for $flatten\report_queue.$sub$rtl/report_fifo.v:82$746: $auto$alumacc.cc:512:replace_alu$6051
  creating $alu cell for $flatten\report_queue.$add$rtl/report_fifo.v:81$745: $auto$alumacc.cc:512:replace_alu$6054
  creating $alu cell for $flatten\report_queue.$add$rtl/report_fifo.v:69$742: $auto$alumacc.cc:512:replace_alu$6057
  creating $alu cell for $flatten\bid_book.$sub$rtl/order_book_side.v:165$882, $flatten\bid_book.$ge$rtl/order_book_side.v:161$881: $auto$alumacc.cc:512:replace_alu$6060
  creating $alu cell for $flatten\report_queue.$add$rtl/report_fifo.v:57$736: $auto$alumacc.cc:512:replace_alu$6069
  creating $alu cell for $add$rtl/matching_engine.v:345$276: $auto$alumacc.cc:512:replace_alu$6072
  creating $alu cell for $sub$rtl/matching_engine.v:344$275, $lt$rtl/matching_engine.v:338$273, $eq$rtl/matching_engine.v:347$277: $auto$alumacc.cc:512:replace_alu$6075
  created 55 $alu and 0 $macc cells.

8.25. Executing OPT pass (performing simple optimizations).

8.25.1. Executing OPT_EXPR pass (perform const folding).
Optimizing module matching_engine.
<suppressed ~52 debug messages>

8.25.2. Executing OPT_MERGE pass (detect identical cells).
Finding identical cells in module `\matching_engine'.
Computing hashes of 1178 cells of `\matching_engine'.
Finding duplicate cells in `\matching_engine'.
Removed a total of 0 cells.

8.25.3. Executing OPT_MUXTREE pass (detect dead branches in mux trees).
Running muxtree optimizer on module \matching_engine..
  Creating internal representation of mux trees.
  Evaluating internal representation of mux trees.
  Analyzing evaluation results.
Removed 0 multiplexer ports.
<suppressed ~648 debug messages>

8.25.4. Executing OPT_REDUCE pass (consolidate $*mux and $reduce_* inputs).
  Optimizing cells in module \matching_engine.
Performed a total of 0 changes.

8.25.5. Executing OPT_MERGE pass (detect identical cells).
Finding identical cells in module `\matching_engine'.
Computing hashes of 1178 cells of `\matching_engine'.
Finding duplicate cells in `\matching_engine'.
Removed a total of 0 cells.

8.25.6. Executing OPT_DFF pass (perform DFF optimizations).
Setting constant 1-bit at position 1 on $auto$ff.cc:337:slice$5232 ($dffe) from module matching_engine.
Setting constant 0-bit at position 2 on $auto$ff.cc:337:slice$5232 ($dffe) from module matching_engine.
Setting constant 1-bit at position 3 on $auto$ff.cc:337:slice$5232 ($dffe) from module matching_engine.
Setting constant 0-bit at position 4 on $auto$ff.cc:337:slice$5232 ($dffe) from module matching_engine.
Setting constant 1-bit at position 5 on $auto$ff.cc:337:slice$5232 ($dffe) from module matching_engine.
Setting constant 1-bit at position 6 on $auto$ff.cc:337:slice$5232 ($dffe) from module matching_engine.
Setting constant 1-bit at position 7 on $auto$ff.cc:337:slice$5232 ($dffe) from module matching_engine.
Setting constant 0-bit at position 8 on $auto$ff.cc:337:slice$5232 ($dffe) from module matching_engine.
Setting constant 0-bit at position 9 on $auto$ff.cc:337:slice$5232 ($dffe) from module matching_engine.
Setting constant 0-bit at position 10 on $auto$ff.cc:337:slice$5232 ($dffe) from module matching_engine.
Setting constant 0-bit at position 11 on $auto$ff.cc:337:slice$5232 ($dffe) from module matching_engine.
Setting constant 0-bit at position 12 on $auto$ff.cc:337:slice$5232 ($dffe) from module matching_engine.
Setting constant 1-bit at position 1 on $auto$ff.cc:337:slice$4661 ($dffe) from module matching_engine.
Setting constant 0-bit at position 2 on $auto$ff.cc:337:slice$4661 ($dffe) from module matching_engine.
Setting constant 1-bit at position 3 on $auto$ff.cc:337:slice$4661 ($dffe) from module matching_engine.
Setting constant 0-bit at position 4 on $auto$ff.cc:337:slice$4661 ($dffe) from module matching_engine.
Setting constant 1-bit at position 5 on $auto$ff.cc:337:slice$4661 ($dffe) from module matching_engine.
Setting constant 1-bit at position 6 on $auto$ff.cc:337:slice$4661 ($dffe) from module matching_engine.
Setting constant 1-bit at position 7 on $auto$ff.cc:337:slice$4661 ($dffe) from module matching_engine.
Setting constant 0-bit at position 8 on $auto$ff.cc:337:slice$4661 ($dffe) from module matching_engine.
Setting constant 0-bit at position 9 on $auto$ff.cc:337:slice$4661 ($dffe) from module matching_engine.
Setting constant 0-bit at position 10 on $auto$ff.cc:337:slice$4661 ($dffe) from module matching_engine.
Setting constant 0-bit at position 11 on $auto$ff.cc:337:slice$4661 ($dffe) from module matching_engine.
Setting constant 0-bit at position 12 on $auto$ff.cc:337:slice$4661 ($dffe) from module matching_engine.

8.25.7. Executing OPT_CLEAN pass (remove unused cells and wires).
Finding unused cells or wires in module \matching_engine..
Removed 0 unused cells and 57 unused wires.
<suppressed ~1 debug messages>

8.25.8. Executing OPT_EXPR pass (perform const folding).
Optimizing module matching_engine.

8.25.9. Rerunning OPT passes. (Maybe there is more to do..)

8.25.10. Executing OPT_MUXTREE pass (detect dead branches in mux trees).
Running muxtree optimizer on module \matching_engine..
  Creating internal representation of mux trees.
  Evaluating internal representation of mux trees.
  Analyzing evaluation results.
Removed 0 multiplexer ports.
<suppressed ~648 debug messages>

8.25.11. Executing OPT_REDUCE pass (consolidate $*mux and $reduce_* inputs).
  Optimizing cells in module \matching_engine.
Performed a total of 0 changes.

8.25.12. Executing OPT_MERGE pass (detect identical cells).
Finding identical cells in module `\matching_engine'.
Computing hashes of 1178 cells of `\matching_engine'.
Finding duplicate cells in `\matching_engine'.
Removed a total of 0 cells.

8.25.13. Executing OPT_DFF pass (perform DFF optimizations).

8.25.14. Executing OPT_CLEAN pass (remove unused cells and wires).
Finding unused cells or wires in module \matching_engine..

8.25.15. Executing OPT_EXPR pass (perform const folding).
Optimizing module matching_engine.

8.25.16. Finished fast OPT passes. (There is nothing left to do.)

8.26. Executing MEMORY pass.

8.26.1. Executing OPT_MEM pass (optimize memories).
Performed a total of 0 transformations.

8.26.2. Executing OPT_MEM_PRIORITY pass (removing unnecessary memory write priority relations).
Performed a total of 0 transformations.

8.26.3. Executing OPT_MEM_FEEDBACK pass (finding memory read-to-write feedback paths).

8.26.4. Executing MEMORY_BMUX2ROM pass (converting muxes to ROMs).

8.26.5. Executing MEMORY_DFF pass (merging $dff cells to $memrd).

8.26.6. Executing OPT_CLEAN pass (remove unused cells and wires).
Finding unused cells or wires in module \matching_engine..

8.26.7. Executing MEMORY_SHARE pass (consolidating $memrd/$memwr cells).

8.26.8. Executing OPT_MEM_WIDEN pass (optimize memories where all ports are wide).
Performed a total of 0 transformations.

8.26.9. Executing OPT_CLEAN pass (remove unused cells and wires).
Finding unused cells or wires in module \matching_engine..

8.26.10. Executing MEMORY_COLLECT pass (generating $mem cells).

8.27. Executing OPT_CLEAN pass (remove unused cells and wires).
Finding unused cells or wires in module \matching_engine..

8.28. Executing MEMORY_LIBMAP pass (mapping memories to cells).

8.29. Executing TECHMAP pass (map to technology primitives).

8.29.1. Executing Verilog-2005 frontend: /Users/paoloverwey/oss-cad-suite/libexec/../share/yosys/gowin/lutrams_map.v
Parsing Verilog input from `/Users/paoloverwey/oss-cad-suite/libexec/../share/yosys/gowin/lutrams_map.v' to AST representation.
Generating RTLIL representation for module `$__GOWIN_LUTRAM_'.
Successfully finished Verilog frontend.

8.29.2. Executing Verilog-2005 frontend: /Users/paoloverwey/oss-cad-suite/libexec/../share/yosys/gowin/brams_map.v
Parsing Verilog input from `/Users/paoloverwey/oss-cad-suite/libexec/../share/yosys/gowin/brams_map.v' to AST representation.
Generating RTLIL representation for module `$__GOWIN_SP_'.
Generating RTLIL representation for module `$__GOWIN_DP_'.
Generating RTLIL representation for module `$__GOWIN_SDP_'.
Successfully finished Verilog frontend.

8.29.3. Continuing TECHMAP pass.
No more expansions possible.
<suppressed ~6 debug messages>

8.30. Executing OPT pass (performing simple optimizations).

8.30.1. Executing OPT_EXPR pass (perform const folding).
Optimizing module matching_engine.
<suppressed ~360 debug messages>

8.30.2. Executing OPT_MERGE pass (detect identical cells).
Finding identical cells in module `\matching_engine'.
Computing hashes of 889 cells of `\matching_engine'.
Finding duplicate cells in `\matching_engine'.
Computing hashes of 872 cells of `\matching_engine'.
Finding duplicate cells in `\matching_engine'.
<suppressed ~51 debug messages>
Removed a total of 17 cells.

8.30.3. Executing OPT_DFF pass (perform DFF optimizations).
Adding SRST signal on $auto$ff.cc:337:slice$4803 ($dffe) from module matching_engine (D = $flatten\ask_book.$procmux$4068_Y, Q = \ask_book.valid [7], rval = 1'0).
Adding SRST signal on $auto$ff.cc:337:slice$4636 ($dffe) from module matching_engine (D = $procmux$1239_Y, Q = \matchLoopCount, rval = 4'0000).
Adding SRST signal on $auto$ff.cc:337:slice$4667 ($dffe) from module matching_engine (D = $flatten\msg_rx_inst.\uart.$procmux$1045_Y, Q = \msg_rx_inst.uart.byteReady, rval = 1'0).
Adding SRST signal on $auto$ff.cc:337:slice$4676 ($dffe) from module matching_engine (D = $flatten\msg_rx_inst.\uart.$procmux$1031_Y, Q = \msg_rx_inst.uart.parityError, rval = 1'0).
Adding SRST signal on $auto$ff.cc:337:slice$4708 ($dffe) from module matching_engine (D = $auto$wreduce.cc:514:run$5680 [2:0], Q = \msg_rx_inst.uart.rxBitNumber, rval = 3'000).
Adding SRST signal on $auto$ff.cc:337:slice$4796 ($dffe) from module matching_engine (D = $flatten\ask_book.$procmux$3973_Y, Q = \ask_book.insertFullError, rval = 1'0).
Adding SRST signal on $auto$ff.cc:337:slice$4908 ($dffe) from module matching_engine (D = $flatten\ask_book.$procmux$3893_Y, Q = \ask_book.valid [0], rval = 1'1).
Adding SRST signal on $auto$ff.cc:337:slice$5159 ($dffe) from module matching_engine (D = $flatten\msg_rx_inst.$procmux$1479_Y, Q = \msg_rx_inst.byteCounter, rval = 1'0).
Adding SRST signal on $auto$ff.cc:337:slice$5168 ($dffe) from module matching_engine (D = $flatten\msg_rx_inst.$procmux$1428_Y, Q = \msg_rx_inst.byteWaitCounter, rval = 20'00000000000000000000).
Adding SRST signal on $auto$ff.cc:337:slice$5307 ($dffe) from module matching_engine (D = $flatten\bid_book.$procmux$2933_Y, Q = \bid_book.valid [7], rval = 1'0).
Adding SRST signal on $auto$ff.cc:337:slice$5201 ($dffe) from module matching_engine (D = $auto$wreduce.cc:514:run$5667 [12:0], Q = \msg_tx_inst.uart_tx_inst.txCounter, rval = 13'0000000000000).
Adding SRST signal on $auto$ff.cc:337:slice$5218 ($dffe) from module matching_engine (D = $flatten\msg_tx_inst.\uart_tx_inst.$procmux$4233_Y, Q = \msg_tx_inst.uart_tx_inst.txBitNumber, rval = 3'000).
Adding SRST signal on $auto$ff.cc:337:slice$5300 ($dffe) from module matching_engine (D = $flatten\bid_book.$procmux$2838_Y, Q = \bid_book.insertFullError, rval = 1'0).
Adding SRST signal on $auto$ff.cc:337:slice$5412 ($dffe) from module matching_engine (D = $flatten\bid_book.$procmux$2758_Y, Q = \bid_book.valid [0], rval = 1'1).

8.30.4. Executing OPT_CLEAN pass (remove unused cells and wires).
Finding unused cells or wires in module \matching_engine..
Removed 24 unused cells and 362 unused wires.
<suppressed ~25 debug messages>

8.30.5. Rerunning OPT passes. (Removed registers in this run.)

8.30.6. Executing OPT_EXPR pass (perform const folding).
Optimizing module matching_engine.
<suppressed ~7 debug messages>

8.30.7. Executing OPT_MERGE pass (detect identical cells).
Finding identical cells in module `\matching_engine'.
Computing hashes of 847 cells of `\matching_engine'.
Finding duplicate cells in `\matching_engine'.
Removed a total of 0 cells.

8.30.8. Executing OPT_DFF pass (perform DFF optimizations).
Adding SRST signal on $auto$ff.cc:337:slice$6352 ($sdffce) from module matching_engine (D = $auto$wreduce.cc:514:run$5671 [0], Q = \msg_rx_inst.byteCounter, rval = 1'0).

8.30.9. Executing OPT_CLEAN pass (remove unused cells and wires).
Finding unused cells or wires in module \matching_engine..
Removed 1 unused cells and 8 unused wires.
<suppressed ~2 debug messages>

8.30.10. Rerunning OPT passes. (Removed registers in this run.)

8.30.11. Executing OPT_EXPR pass (perform const folding).
Optimizing module matching_engine.

8.30.12. Executing OPT_MERGE pass (detect identical cells).
Finding identical cells in module `\matching_engine'.
Computing hashes of 847 cells of `\matching_engine'.
Finding duplicate cells in `\matching_engine'.
Removed a total of 0 cells.

8.30.13. Executing OPT_DFF pass (perform DFF optimizations).

8.30.14. Executing OPT_CLEAN pass (remove unused cells and wires).
Finding unused cells or wires in module \matching_engine..

8.30.15. Finished fast OPT passes.

8.31. Executing MEMORY_MAP pass (converting memories to logic and flip-flops).

8.32. Executing OPT pass (performing simple optimizations).

8.32.1. Executing OPT_EXPR pass (perform const folding).
Optimizing module matching_engine.

8.32.2. Executing OPT_MERGE pass (detect identical cells).
Finding identical cells in module `\matching_engine'.
Computing hashes of 847 cells of `\matching_engine'.
Finding duplicate cells in `\matching_engine'.
Removed a total of 0 cells.

8.32.3. Executing OPT_MUXTREE pass (detect dead branches in mux trees).
Running muxtree optimizer on module \matching_engine..
  Creating internal representation of mux trees.
  Evaluating internal representation of mux trees.
  Analyzing evaluation results.
Removed 0 multiplexer ports.
<suppressed ~261 debug messages>

8.32.4. Executing OPT_REDUCE pass (consolidate $*mux and $reduce_* inputs).
  Optimizing cells in module \matching_engine.
    New input vector for $reduce_or cell $auto$opt_dff.cc:277:combine_resets$6369: { \msg_rx_inst.byteCounter $flatten\msg_rx_inst.$procmux$1455_CMP $flatten\msg_rx_inst.$procmux$1469_CMP }
    Consolidated identical input bits for $mux cell $flatten\bid_book.$procmux$3005:
      Old ports: A=4'1000, B=4'0000, Y=$flatten\bid_book.$1\insertIndex[3:0]
      New ports: A=1'1, B=1'0, Y=$flatten\bid_book.$1\insertIndex[3:0] [3]
      New connections: $flatten\bid_book.$1\insertIndex[3:0] [2:0] = 3'000
    Consolidated identical input bits for $pmux cell $flatten\msg_tx_inst.$procmux$1717:
      Old ports: A=4'0001, B=28'0010001101000101011001110000, Y=$flatten\msg_tx_inst.$0\mtxState[3:0]
      New ports: A=3'001, B=21'010011100101110111000, Y=$flatten\msg_tx_inst.$0\mtxState[3:0] [2:0]
      New connections: $flatten\msg_tx_inst.$0\mtxState[3:0] [3] = 1'0
    Consolidated identical input bits for $pmux cell $flatten\msg_tx_inst.\uart_tx_inst.$procmux$4283:
      Old ports: A=4'0001, B=16'0010001101000000, Y=$flatten\msg_tx_inst.\uart_tx_inst.$0\txState[3:0]
      New ports: A=3'001, B=12'010011100000, Y=$flatten\msg_tx_inst.\uart_tx_inst.$0\txState[3:0] [2:0]
      New connections: $flatten\msg_tx_inst.\uart_tx_inst.$0\txState[3:0] [3] = 1'0
    Consolidated identical input bits for $mux cell $flatten\msg_tx_inst.\uart_tx_inst.$procmux$4222:
      Old ports: A={ $auto$wreduce.cc:514:run$5668 [3] $auto$alumacc.cc:448:extract_cmp_alu$5710 [2:0] }, B={ $auto$wreduce.cc:514:run$5665 [3] $auto$alumacc.cc:448:extract_cmp_alu$5710 [2:0] }, Y=$flatten\msg_tx_inst.\uart_tx_inst.$procmux$4200_Y
      New ports: A=$auto$wreduce.cc:514:run$5668 [3], B=$auto$wreduce.cc:514:run$5665 [3], Y=$flatten\msg_tx_inst.\uart_tx_inst.$procmux$4200_Y [3]
      New connections: $flatten\msg_tx_inst.\uart_tx_inst.$procmux$4200_Y [2:0] = $auto$alumacc.cc:448:extract_cmp_alu$5710 [2:0]
    Consolidated identical input bits for $mux cell $flatten\msg_rx_inst.$procmux$1587:
      Old ports: A=2'00, B=2'10, Y=$auto$wreduce.cc:514:run$5673 [1:0]
      New ports: A=1'0, B=1'1, Y=$auto$wreduce.cc:514:run$5673 [1]
      New connections: $auto$wreduce.cc:514:run$5673 [0] = 1'0
    Consolidated identical input bits for $mux cell $flatten\ask_book.$procmux$4140:
      Old ports: A=4'1000, B=4'0000, Y=$flatten\ask_book.$1\insertIndex[3:0]
      New ports: A=1'1, B=1'0, Y=$flatten\ask_book.$1\insertIndex[3:0] [3]
      New connections: $flatten\ask_book.$1\insertIndex[3:0] [2:0] = 3'000
    Consolidated identical input bits for $mux cell $flatten\msg_rx_inst.\uart.$procmux$1013:
      Old ports: A=3'010, B=3'100, Y=$auto$wreduce.cc:514:run$5674 [2:0]
      New ports: A=2'01, B=2'10, Y=$auto$wreduce.cc:514:run$5674 [2:1]
      New connections: $auto$wreduce.cc:514:run$5674 [0] = 1'0
    Consolidated identical input bits for $pmux cell $flatten\msg_rx_inst.\uart.$procmux$1007:
      Old ports: A=4'0001, B={ 9'001000110 $auto$wreduce.cc:514:run$5674 [2:0] 8'01010000 }, Y=$flatten\msg_rx_inst.\uart.$0\rxState[3:0]
      New ports: A=3'001, B={ 6'010011 $auto$wreduce.cc:514:run$5674 [2:0] 6'101000 }, Y=$flatten\msg_rx_inst.\uart.$0\rxState[3:0] [2:0]
      New connections: $flatten\msg_rx_inst.\uart.$0\rxState[3:0] [3] = 1'0
    New ctrl vector for $pmux cell $flatten\msg_rx_inst.\uart.$procmux$991: { $auto$opt_reduce.cc:135:opt_pmux$6371 $flatten\msg_rx_inst.\uart.$procmux$1001_CMP $flatten\msg_rx_inst.\uart.$procmux$1018_CMP }
    Consolidated identical input bits for $mux cell $flatten\msg_rx_inst.\uart.$procmux$977:
      Old ports: A={ $auto$wreduce.cc:514:run$5678 [3] $auto$alumacc.cc:448:extract_cmp_alu$5715 [2:0] }, B={ $auto$wreduce.cc:514:run$5677 [3] $auto$alumacc.cc:448:extract_cmp_alu$5715 [2:0] }, Y=$flatten\msg_rx_inst.\uart.$procmux$964_Y
      New ports: A=$auto$wreduce.cc:514:run$5678 [3], B=$auto$wreduce.cc:514:run$5677 [3], Y=$flatten\msg_rx_inst.\uart.$procmux$964_Y [3]
      New connections: $flatten\msg_rx_inst.\uart.$procmux$964_Y [2:0] = $auto$alumacc.cc:448:extract_cmp_alu$5715 [2:0]
    Consolidated identical input bits for $pmux cell $procmux$1411:
      Old ports: A={ 8'00000001 \msg_rx_inst.orderID 8'00000100 \msg_rx_inst.price \msg_rx_inst.quantity }, B={ 8'00000001 \msg_rx_inst.orderID 8'00000001 \msg_rx_inst.price \msg_rx_inst.quantity 8'00000001 \msg_rx_inst.orderID 7'0000001 $auto$wreduce.cc:514:run$5681 [32:0] }, Y=$0\wr_data[63:0]
      New ports: A={ 3'100 \msg_rx_inst.price \msg_rx_inst.quantity }, B={ 3'001 \msg_rx_inst.price \msg_rx_inst.quantity 2'01 $auto$wreduce.cc:514:run$5681 [32:0] }, Y=$0\wr_data[63:0] [34:0]
      New connections: $0\wr_data[63:0] [63:35] = { 8'00000001 \msg_rx_inst.orderID 5'00000 }
    Consolidated identical input bits for $mux cell $procmux$1409:
      Old ports: A={ 1'0 \msg_rx_inst.price \remainingQuantity }, B={ 1'1 \msg_rx_inst.price \msg_rx_inst.quantity }, Y=$auto$wreduce.cc:514:run$5681 [32:0]
      New ports: A={ 1'0 \remainingQuantity }, B={ 1'1 \msg_rx_inst.quantity }, Y={ $auto$wreduce.cc:514:run$5681 [32] $auto$wreduce.cc:514:run$5681 [15:0] }
      New connections: $auto$wreduce.cc:514:run$5681 [31:16] = \msg_rx_inst.price
    Consolidated identical input bits for $mux cell $procmux$1216:
      Old ports: A=3'100, B=3'010, Y=$auto$wreduce.cc:514:run$5684 [2:0]
      New ports: A=2'10, B=2'01, Y=$auto$wreduce.cc:514:run$5684 [2:1]
      New connections: $auto$wreduce.cc:514:run$5684 [0] = 1'0
    Consolidated identical input bits for $mux cell $procmux$1206:
      Old ports: A=3'011, B=3'111, Y=$auto$wreduce.cc:514:run$5687 [2:0]
      New ports: A=1'0, B=1'1, Y=$auto$wreduce.cc:514:run$5687 [2]
      New connections: $auto$wreduce.cc:514:run$5687 [1:0] = 2'11
    Consolidated identical input bits for $pmux cell $procmux$1196:
      Old ports: A=4'0000, B={ 13'0110010100100 $auto$wreduce.cc:514:run$5685 [2:0] 1'0 $auto$wreduce.cc:514:run$5682 [2:0] 4'0001 }, Y=$0\meState[3:0]
      New ports: A=3'000, B={ 9'110101010 $auto$wreduce.cc:514:run$5685 [2:0] $auto$wreduce.cc:514:run$5682 [2:0] 3'001 }, Y=$0\meState[3:0] [2:0]
      New connections: $0\meState[3:0] [3] = 1'0
  Optimizing cells in module \matching_engine.
    Consolidated identical input bits for $mux cell $flatten\bid_book.$procmux$2996:
      Old ports: A=$flatten\bid_book.$1\insertIndex[3:0], B=4'0001, Y=$flatten\bid_book.$4\insertIndex[3:0]
      New ports: A={ $flatten\bid_book.$1\insertIndex[3:0] [3] 1'0 }, B=2'01, Y={ $flatten\bid_book.$4\insertIndex[3:0] [3] $flatten\bid_book.$4\insertIndex[3:0] [0] }
      New connections: $flatten\bid_book.$4\insertIndex[3:0] [2:1] = 2'00
    Consolidated identical input bits for $mux cell $flatten\ask_book.$procmux$4131:
      Old ports: A=$flatten\ask_book.$1\insertIndex[3:0], B=4'0001, Y=$flatten\ask_book.$4\insertIndex[3:0]
      New ports: A={ $flatten\ask_book.$1\insertIndex[3:0] [3] 1'0 }, B=2'01, Y={ $flatten\ask_book.$4\insertIndex[3:0] [3] $flatten\ask_book.$4\insertIndex[3:0] [0] }
      New connections: $flatten\ask_book.$4\insertIndex[3:0] [2:1] = 2'00
    Consolidated identical input bits for $pmux cell $procmux$1411:
      Old ports: A={ 3'100 \msg_rx_inst.price \msg_rx_inst.quantity }, B={ 3'001 \msg_rx_inst.price \msg_rx_inst.quantity 2'01 $auto$wreduce.cc:514:run$5681 [32:0] }, Y=$0\wr_data[63:0] [34:0]
      New ports: A={ 3'100 \msg_rx_inst.quantity }, B={ 3'001 \msg_rx_inst.quantity 2'01 $auto$wreduce.cc:514:run$5681 [32] $auto$wreduce.cc:514:run$5681 [15:0] }, Y={ $0\wr_data[63:0] [34:32] $0\wr_data[63:0] [15:0] }
      New connections: $0\wr_data[63:0] [31:16] = \msg_rx_inst.price
    Consolidated identical input bits for $mux cell $procmux$1218:
      Old ports: A=3'000, B=$auto$wreduce.cc:514:run$5684 [2:0], Y=$auto$wreduce.cc:514:run$5683 [2:0]
      New ports: A=2'00, B=$auto$wreduce.cc:514:run$5684 [2:1], Y=$auto$wreduce.cc:514:run$5683 [2:1]
      New connections: $auto$wreduce.cc:514:run$5683 [0] = 1'0
    Consolidated identical input bits for $mux cell $procmux$1209:
      Old ports: A=$auto$wreduce.cc:514:run$5687 [2:0], B=3'000, Y=$auto$wreduce.cc:514:run$5686 [2:0]
      New ports: A={ $auto$wreduce.cc:514:run$5687 [2] 1'1 }, B=2'00, Y={ $auto$wreduce.cc:514:run$5686 [2] $auto$wreduce.cc:514:run$5686 [0] }
      New connections: $auto$wreduce.cc:514:run$5686 [1] = $auto$wreduce.cc:514:run$5686 [0]
  Optimizing cells in module \matching_engine.
    Consolidated identical input bits for $mux cell $flatten\bid_book.$procmux$3001:
      Old ports: A=$flatten\bid_book.$1\insertIndex[3:0], B=$flatten\bid_book.$4\insertIndex[3:0], Y=$flatten\bid_book.$3\insertIndex[3:0]
      New ports: A={ $flatten\bid_book.$1\insertIndex[3:0] [3] 1'0 }, B={ $flatten\bid_book.$4\insertIndex[3:0] [3] $flatten\bid_book.$4\insertIndex[3:0] [0] }, Y={ $flatten\bid_book.$3\insertIndex[3:0] [3] $flatten\bid_book.$3\insertIndex[3:0] [0] }
      New connections: $flatten\bid_book.$3\insertIndex[3:0] [2:1] = 2'00
    Consolidated identical input bits for $mux cell $flatten\ask_book.$procmux$4136:
      Old ports: A=$flatten\ask_book.$1\insertIndex[3:0], B=$flatten\ask_book.$4\insertIndex[3:0], Y=$flatten\ask_book.$3\insertIndex[3:0]
      New ports: A={ $flatten\ask_book.$1\insertIndex[3:0] [3] 1'0 }, B={ $flatten\ask_book.$4\insertIndex[3:0] [3] $flatten\ask_book.$4\insertIndex[3:0] [0] }, Y={ $flatten\ask_book.$3\insertIndex[3:0] [3] $flatten\ask_book.$3\insertIndex[3:0] [0] }
      New connections: $flatten\ask_book.$3\insertIndex[3:0] [2:1] = 2'00
    Consolidated identical input bits for $mux cell $procmux$1221:
      Old ports: A=$auto$wreduce.cc:514:run$5683 [2:0], B=3'000, Y=$auto$wreduce.cc:514:run$5682 [2:0]
      New ports: A=$auto$wreduce.cc:514:run$5683 [2:1], B=2'00, Y=$auto$wreduce.cc:514:run$5682 [2:1]
      New connections: $auto$wreduce.cc:514:run$5682 [0] = 1'0
    Consolidated identical input bits for $mux cell $procmux$1211:
      Old ports: A=3'100, B=$auto$wreduce.cc:514:run$5686 [2:0], Y=$auto$wreduce.cc:514:run$5685 [2:0]
      New ports: A=2'10, B={ $auto$wreduce.cc:514:run$5686 [2] $auto$wreduce.cc:514:run$5686 [0] }, Y={ $auto$wreduce.cc:514:run$5685 [2] $auto$wreduce.cc:514:run$5685 [0] }
      New connections: $auto$wreduce.cc:514:run$5685 [1] = $auto$wreduce.cc:514:run$5685 [0]
  Optimizing cells in module \matching_engine.
    Consolidated identical input bits for $mux cell $flatten\bid_book.$procmux$2987:
      Old ports: A=$flatten\bid_book.$3\insertIndex[3:0], B=4'0010, Y=$flatten\bid_book.$6\insertIndex[3:0]
      New ports: A={ $flatten\bid_book.$3\insertIndex[3:0] [3] 1'0 $flatten\bid_book.$3\insertIndex[3:0] [0] }, B=3'010, Y={ $flatten\bid_book.$6\insertIndex[3:0] [3] $flatten\bid_book.$6\insertIndex[3:0] [1:0] }
      New connections: $flatten\bid_book.$6\insertIndex[3:0] [2] = 1'0
    Consolidated identical input bits for $mux cell $flatten\ask_book.$procmux$4122:
      Old ports: A=$flatten\ask_book.$3\insertIndex[3:0], B=4'0010, Y=$flatten\ask_book.$6\insertIndex[3:0]
      New ports: A={ $flatten\ask_book.$3\insertIndex[3:0] [3] 1'0 $flatten\ask_book.$3\insertIndex[3:0] [0] }, B=3'010, Y={ $flatten\ask_book.$6\insertIndex[3:0] [3] $flatten\ask_book.$6\insertIndex[3:0] [1:0] }
      New connections: $flatten\ask_book.$6\insertIndex[3:0] [2] = 1'0
  Optimizing cells in module \matching_engine.
    Consolidated identical input bits for $mux cell $flatten\bid_book.$procmux$2992:
      Old ports: A=$flatten\bid_book.$3\insertIndex[3:0], B=$flatten\bid_book.$6\insertIndex[3:0], Y=$flatten\bid_book.$5\insertIndex[3:0]
      New ports: A={ $flatten\bid_book.$3\insertIndex[3:0] [3] 1'0 $flatten\bid_book.$3\insertIndex[3:0] [0] }, B={ $flatten\bid_book.$6\insertIndex[3:0] [3] $flatten\bid_book.$6\insertIndex[3:0] [1:0] }, Y={ $flatten\bid_book.$5\insertIndex[3:0] [3] $flatten\bid_book.$5\insertIndex[3:0] [1:0] }
      New connections: $flatten\bid_book.$5\insertIndex[3:0] [2] = 1'0
    Consolidated identical input bits for $mux cell $flatten\ask_book.$procmux$4127:
      Old ports: A=$flatten\ask_book.$3\insertIndex[3:0], B=$flatten\ask_book.$6\insertIndex[3:0], Y=$flatten\ask_book.$5\insertIndex[3:0]
      New ports: A={ $flatten\ask_book.$3\insertIndex[3:0] [3] 1'0 $flatten\ask_book.$3\insertIndex[3:0] [0] }, B={ $flatten\ask_book.$6\insertIndex[3:0] [3] $flatten\ask_book.$6\insertIndex[3:0] [1:0] }, Y={ $flatten\ask_book.$5\insertIndex[3:0] [3] $flatten\ask_book.$5\insertIndex[3:0] [1:0] }
      New connections: $flatten\ask_book.$5\insertIndex[3:0] [2] = 1'0
  Optimizing cells in module \matching_engine.
    Consolidated identical input bits for $mux cell $flatten\bid_book.$procmux$2978:
      Old ports: A=$flatten\bid_book.$5\insertIndex[3:0], B=4'0011, Y=$flatten\bid_book.$8\insertIndex[3:0]
      New ports: A={ $flatten\bid_book.$5\insertIndex[3:0] [3] $flatten\bid_book.$5\insertIndex[3:0] [1:0] }, B=3'011, Y={ $flatten\bid_book.$8\insertIndex[3:0] [3] $flatten\bid_book.$8\insertIndex[3:0] [1:0] }
      New connections: $flatten\bid_book.$8\insertIndex[3:0] [2] = 1'0
    Consolidated identical input bits for $mux cell $flatten\ask_book.$procmux$4113:
      Old ports: A=$flatten\ask_book.$5\insertIndex[3:0], B=4'0011, Y=$flatten\ask_book.$8\insertIndex[3:0]
      New ports: A={ $flatten\ask_book.$5\insertIndex[3:0] [3] $flatten\ask_book.$5\insertIndex[3:0] [1:0] }, B=3'011, Y={ $flatten\ask_book.$8\insertIndex[3:0] [3] $flatten\ask_book.$8\insertIndex[3:0] [1:0] }
      New connections: $flatten\ask_book.$8\insertIndex[3:0] [2] = 1'0
  Optimizing cells in module \matching_engine.
    Consolidated identical input bits for $mux cell $flatten\bid_book.$procmux$2983:
      Old ports: A=$flatten\bid_book.$5\insertIndex[3:0], B=$flatten\bid_book.$8\insertIndex[3:0], Y=$flatten\bid_book.$7\insertIndex[3:0]
      New ports: A={ $flatten\bid_book.$5\insertIndex[3:0] [3] $flatten\bid_book.$5\insertIndex[3:0] [1:0] }, B={ $flatten\bid_book.$8\insertIndex[3:0] [3] $flatten\bid_book.$8\insertIndex[3:0] [1:0] }, Y={ $flatten\bid_book.$7\insertIndex[3:0] [3] $flatten\bid_book.$7\insertIndex[3:0] [1:0] }
      New connections: $flatten\bid_book.$7\insertIndex[3:0] [2] = 1'0
    Consolidated identical input bits for $mux cell $flatten\ask_book.$procmux$4118:
      Old ports: A=$flatten\ask_book.$5\insertIndex[3:0], B=$flatten\ask_book.$8\insertIndex[3:0], Y=$flatten\ask_book.$7\insertIndex[3:0]
      New ports: A={ $flatten\ask_book.$5\insertIndex[3:0] [3] $flatten\ask_book.$5\insertIndex[3:0] [1:0] }, B={ $flatten\ask_book.$8\insertIndex[3:0] [3] $flatten\ask_book.$8\insertIndex[3:0] [1:0] }, Y={ $flatten\ask_book.$7\insertIndex[3:0] [3] $flatten\ask_book.$7\insertIndex[3:0] [1:0] }
      New connections: $flatten\ask_book.$7\insertIndex[3:0] [2] = 1'0
  Optimizing cells in module \matching_engine.
Performed a total of 33 changes.

8.32.5. Executing OPT_MERGE pass (detect identical cells).
Finding identical cells in module `\matching_engine'.
Computing hashes of 848 cells of `\matching_engine'.
Finding duplicate cells in `\matching_engine'.
Removed a total of 0 cells.

8.32.6. Executing OPT_DFF pass (perform DFF optimizations).

8.32.7. Executing OPT_CLEAN pass (remove unused cells and wires).
Finding unused cells or wires in module \matching_engine..

8.32.8. Executing OPT_EXPR pass (perform const folding).
Optimizing module matching_engine.
<suppressed ~4 debug messages>

8.32.9. Rerunning OPT passes. (Maybe there is more to do..)

8.32.10. Executing OPT_MUXTREE pass (detect dead branches in mux trees).
Running muxtree optimizer on module \matching_engine..
  Creating internal representation of mux trees.
  Evaluating internal representation of mux trees.
  Analyzing evaluation results.
Removed 0 multiplexer ports.
<suppressed ~265 debug messages>

8.32.11. Executing OPT_REDUCE pass (consolidate $*mux and $reduce_* inputs).
  Optimizing cells in module \matching_engine.
Performed a total of 0 changes.

8.32.12. Executing OPT_MERGE pass (detect identical cells).
Finding identical cells in module `\matching_engine'.
Computing hashes of 846 cells of `\matching_engine'.
Finding duplicate cells in `\matching_engine'.
Removed a total of 0 cells.

8.32.13. Executing OPT_DFF pass (perform DFF optimizations).
Setting constant 0-bit at position 3 on $auto$ff.cc:337:slice$5271 ($dffe) from module matching_engine.
Setting constant 0-bit at position 3 on $auto$ff.cc:337:slice$5184 ($dffe) from module matching_engine.
Setting constant 0-bit at position 3 on $auto$ff.cc:337:slice$4686 ($dffe) from module matching_engine.
Setting constant 0-bit at position 3 on $auto$ff.cc:337:slice$4651 ($dffe) from module matching_engine.
Setting constant 0-bit at position 35 on $auto$ff.cc:337:slice$4510 ($dffe) from module matching_engine.
Setting constant 0-bit at position 36 on $auto$ff.cc:337:slice$4510 ($dffe) from module matching_engine.
Setting constant 0-bit at position 37 on $auto$ff.cc:337:slice$4510 ($dffe) from module matching_engine.
Setting constant 0-bit at position 38 on $auto$ff.cc:337:slice$4510 ($dffe) from module matching_engine.
Setting constant 0-bit at position 39 on $auto$ff.cc:337:slice$4510 ($dffe) from module matching_engine.
Setting constant 0-bit at position 57 on $auto$ff.cc:337:slice$4510 ($dffe) from module matching_engine.
Setting constant 0-bit at position 58 on $auto$ff.cc:337:slice$4510 ($dffe) from module matching_engine.
Setting constant 0-bit at position 59 on $auto$ff.cc:337:slice$4510 ($dffe) from module matching_engine.
Setting constant 0-bit at position 60 on $auto$ff.cc:337:slice$4510 ($dffe) from module matching_engine.
Setting constant 0-bit at position 61 on $auto$ff.cc:337:slice$4510 ($dffe) from module matching_engine.
Setting constant 0-bit at position 62 on $auto$ff.cc:337:slice$4510 ($dffe) from module matching_engine.
Setting constant 0-bit at position 63 on $auto$ff.cc:337:slice$4510 ($dffe) from module matching_engine.

8.32.14. Executing OPT_CLEAN pass (remove unused cells and wires).
Finding unused cells or wires in module \matching_engine..
Removed 0 unused cells and 2 unused wires.
<suppressed ~1 debug messages>

8.32.15. Executing OPT_EXPR pass (perform const folding).
Optimizing module matching_engine.
<suppressed ~4 debug messages>

8.32.16. Rerunning OPT passes. (Maybe there is more to do..)

8.32.17. Executing OPT_MUXTREE pass (detect dead branches in mux trees).
Running muxtree optimizer on module \matching_engine..
  Creating internal representation of mux trees.
  Evaluating internal representation of mux trees.
  Analyzing evaluation results.
Removed 0 multiplexer ports.
<suppressed ~265 debug messages>

8.32.18. Executing OPT_REDUCE pass (consolidate $*mux and $reduce_* inputs).
  Optimizing cells in module \matching_engine.
Performed a total of 0 changes.

8.32.19. Executing OPT_MERGE pass (detect identical cells).
Finding identical cells in module `\matching_engine'.
Computing hashes of 846 cells of `\matching_engine'.
Finding duplicate cells in `\matching_engine'.
Removed a total of 0 cells.

8.32.20. Executing OPT_DFF pass (perform DFF optimizations).

8.32.21. Executing OPT_CLEAN pass (remove unused cells and wires).
Finding unused cells or wires in module \matching_engine..

8.32.22. Executing OPT_EXPR pass (perform const folding).
Optimizing module matching_engine.

8.32.23. Finished fast OPT passes. (There is nothing left to do.)

8.33. Executing TECHMAP pass (map to technology primitives).

8.33.1. Executing Verilog-2005 frontend: /Users/paoloverwey/oss-cad-suite/libexec/../share/yosys/techmap.v
Parsing Verilog input from `/Users/paoloverwey/oss-cad-suite/libexec/../share/yosys/techmap.v' to AST representation.
Generating RTLIL representation for module `\_90_simplemap_bool_ops'.
Generating RTLIL representation for module `\_90_simplemap_reduce_ops'.
Generating RTLIL representation for module `\_90_simplemap_logic_ops'.
Generating RTLIL representation for module `\_90_simplemap_compare_ops'.
Generating RTLIL representation for module `\_90_simplemap_various'.
Generating RTLIL representation for module `\_90_simplemap_registers'.
Generating RTLIL representation for module `\_90_shift_ops_shr_shl_sshl_sshr'.
Generating RTLIL representation for module `\_90_shift_shiftx'.
Generating RTLIL representation for module `\_90_fa'.
Generating RTLIL representation for module `\_90_lcu_brent_kung'.
Generating RTLIL representation for module `\_90_alu'.
Generating RTLIL representation for module `\_90_macc'.
Generating RTLIL representation for module `\_90_alumacc'.
Generating RTLIL representation for module `$__div_mod_u'.
Generating RTLIL representation for module `$__div_mod_trunc'.
Generating RTLIL representation for module `\_90_div'.
Generating RTLIL representation for module `\_90_mod'.
Generating RTLIL representation for module `$__div_mod_floor'.
Generating RTLIL representation for module `\_90_divfloor'.
Generating RTLIL representation for module `\_90_modfloor'.
Generating RTLIL representation for module `\_90_pow'.
Generating RTLIL representation for module `\_90_demux'.
Generating RTLIL representation for module `\_90_lut'.
Generating RTLIL representation for module `$connect'.
Generating RTLIL representation for module `$input_port'.
Successfully finished Verilog frontend.

8.33.2. Executing Verilog-2005 frontend: /Users/paoloverwey/oss-cad-suite/libexec/../share/yosys/gowin/arith_map.v
Parsing Verilog input from `/Users/paoloverwey/oss-cad-suite/libexec/../share/yosys/gowin/arith_map.v' to AST representation.
Generating RTLIL representation for module `\_80_gw1n_alu'.
Successfully finished Verilog frontend.

8.33.3. Continuing TECHMAP pass.
Using extmapper simplemap for cells of type $dffe.
Using extmapper simplemap for cells of type $reduce_or.
Using extmapper simplemap for cells of type $sdffce.
Using extmapper simplemap for cells of type $not.
Using extmapper simplemap for cells of type $or.
Using extmapper simplemap for cells of type $reduce_and.
Using template $paramod$6df0329addda9228fcc2546de2aaf14ad26c98e1\_80_gw1n_alu for cells of type $alu.
Using template $paramod$32a7b7b86c07519b7537abc18e96f0331f97914d\_80_gw1n_alu for cells of type $alu.
Using template $paramod$3ef7d3dd227da7627a99c5e5a6a4deb817573e39\_80_gw1n_alu for cells of type $alu.
Using template $paramod$8742280fdebca84e1c87f2a86ed84f62d558f4cc\_80_gw1n_alu for cells of type $alu.
Using template $paramod$106402fc14ba87a4d8643cf9e9a3de5e7eff24e1\_80_gw1n_alu for cells of type $alu.
Using template $paramod$0ae6dcbc606d0267ec97d3ccf20343286af3366c\_80_gw1n_alu for cells of type $alu.
Using template $paramod$fc972a7a46956c1788f3cb5257b53c8f1df2d0cc\_90_alu for cells of type $alu.
Using template $paramod$ce0ec84be7047712840b0952f343ee9e63ef75d1\_80_gw1n_alu for cells of type $alu.
Using template $paramod$91e48372c4727ea71d55ab176117dd734d7fabbc\_80_gw1n_alu for cells of type $alu.
Using template $paramod$adbaf76fa5a3091a329503792521395f8ff4d1a4\_90_alu for cells of type $alu.
Using template $paramod$1a3a0c35c4a4896fbfd612699525c057298e72d2\_80_gw1n_alu for cells of type $alu.
Using template $paramod$79fc7abbb3333dbd5736999d565fd903198fb1eb\_80_gw1n_alu for cells of type $alu.
Using template $paramod$d1615bf4e5e328245ffd1550e5fe105901cda77b\_90_alu for cells of type $alu.
Using template $paramod$f85408ed1aa3d09e465edae8a7bf590332ae9f7b\_80_gw1n_alu for cells of type $alu.
Using template $paramod$7af24cf7f572852703f08ef7a936c59efa2c57af\_80_gw1n_alu for cells of type $alu.
Using template $paramod$ba698a254f9a5947e85cbe7beae6b161eefc5386\_90_alu for cells of type $alu.
Using extmapper simplemap for cells of type $bmux.
Using extmapper simplemap for cells of type $ne.
Using extmapper simplemap for cells of type $reduce_bool.
Using extmapper simplemap for cells of type $sdff.
Using extmapper simplemap for cells of type $mux.
Using extmapper simplemap for cells of type $logic_not.
Using extmapper simplemap for cells of type $and.
Using extmapper simplemap for cells of type $logic_or.
Using extmapper simplemap for cells of type $logic_and.
Using extmapper simplemap for cells of type $eq.
Using extmapper simplemap for cells of type $pmux.
Using extmapper simplemap for cells of type $dff.
Using extmapper simplemap for cells of type $reduce_xor.
Using extmapper simplemap for cells of type $xor.
Using template $paramod$constmap:8876c1e1fa289f4793438d4e34d232728e6a9746$paramod$92adee9538f2381d8e5006822c900eb986d754e8\_90_shift_shiftx for cells of type $shiftx.
Using template $paramod$constmap:3be8482b20617bb9c13cc4cc3bf0eacf463d1a05$paramod$473d1139a57a2d8a84f36907696bc3b628d87316\_90_shift_shiftx for cells of type $shift.
Using template $paramod$constmap:e116a16a7890c2aaf3e52fcc01378d369b37d9da$paramod$04ac01ac970300ba6022cb5556736727b1cc316b\_90_shift_shiftx for cells of type $shift.
Using extmapper simplemap for cells of type $pos.
Using template $paramod\_90_fa\WIDTH=32'00000000000000000000000000000001 for cells of type $fa.
Using template $paramod\_90_lcu_brent_kung\WIDTH=32'00000000000000000000000000000001 for cells of type $lcu.
Using template $paramod\_90_fa\WIDTH=32'00000000000000000000000000000010 for cells of type $fa.
Using template $paramod\_90_lcu_brent_kung\WIDTH=32'00000000000000000000000000000010 for cells of type $lcu.
No more expansions possible.
<suppressed ~3462 debug messages>

8.34. Executing OPT pass (performing simple optimizations).

8.34.1. Executing OPT_EXPR pass (perform const folding).
Optimizing module matching_engine.
<suppressed ~32240 debug messages>

8.34.2. Executing OPT_MERGE pass (detect identical cells).
Finding identical cells in module `\matching_engine'.
Computing hashes of 14563 cells of `\matching_engine'.
Finding duplicate cells in `\matching_engine'.
Computing hashes of 14239 cells of `\matching_engine'.
Finding duplicate cells in `\matching_engine'.
Computing hashes of 14076 cells of `\matching_engine'.
Finding duplicate cells in `\matching_engine'.
Computing hashes of 13949 cells of `\matching_engine'.
Finding duplicate cells in `\matching_engine'.
Computing hashes of 13828 cells of `\matching_engine'.
Finding duplicate cells in `\matching_engine'.
Computing hashes of 13715 cells of `\matching_engine'.
Finding duplicate cells in `\matching_engine'.
Computing hashes of 13618 cells of `\matching_engine'.
Finding duplicate cells in `\matching_engine'.
Computing hashes of 13553 cells of `\matching_engine'.
Finding duplicate cells in `\matching_engine'.
Computing hashes of 13552 cells of `\matching_engine'.
Finding duplicate cells in `\matching_engine'.
Computing hashes of 13551 cells of `\matching_engine'.
Finding duplicate cells in `\matching_engine'.
Computing hashes of 13550 cells of `\matching_engine'.
Finding duplicate cells in `\matching_engine'.
Computing hashes of 13549 cells of `\matching_engine'.
Finding duplicate cells in `\matching_engine'.
Computing hashes of 13548 cells of `\matching_engine'.
Finding duplicate cells in `\matching_engine'.
Computing hashes of 13547 cells of `\matching_engine'.
Finding duplicate cells in `\matching_engine'.
Computing hashes of 13546 cells of `\matching_engine'.
Finding duplicate cells in `\matching_engine'.
Computing hashes of 13545 cells of `\matching_engine'.
Finding duplicate cells in `\matching_engine'.
Computing hashes of 13544 cells of `\matching_engine'.
Finding duplicate cells in `\matching_engine'.
Computing hashes of 13543 cells of `\matching_engine'.
Finding duplicate cells in `\matching_engine'.
Computing hashes of 13542 cells of `\matching_engine'.
Finding duplicate cells in `\matching_engine'.
Computing hashes of 13541 cells of `\matching_engine'.
Finding duplicate cells in `\matching_engine'.
Computing hashes of 13540 cells of `\matching_engine'.
Finding duplicate cells in `\matching_engine'.
Computing hashes of 13539 cells of `\matching_engine'.
Finding duplicate cells in `\matching_engine'.
Computing hashes of 13538 cells of `\matching_engine'.
Finding duplicate cells in `\matching_engine'.
<suppressed ~3075 debug messages>
Removed a total of 1025 cells.

8.34.3. Executing OPT_DFF pass (perform DFF optimizations).
Adding SRST signal on $auto$ff.cc:337:slice$10099 ($_DFFE_PP_) from module matching_engine (D = $auto$simplemap.cc:189:logic_reduce$10339, Q = \drainState [1], rval = 1'0).
Adding SRST signal on $auto$ff.cc:337:slice$10744 ($_DFF_P_) from module matching_engine (D = $auto$simplemap.cc:189:logic_reduce$10371, Q = \wr_en, rval = 1'0).
Adding SRST signal on $auto$ff.cc:337:slice$6505 ($_DFFE_PP_) from module matching_engine (D = $auto$simplemap.cc:189:logic_reduce$10449, Q = \meState [2], rval = 1'0).
Adding SRST signal on $auto$ff.cc:337:slice$6508 ($_DFFE_PP_) from module matching_engine (D = $auto$simplemap.cc:189:logic_reduce$11077, Q = \msg_rx_inst.uart.rxState [2], rval = 1'0).
Adding SRST signal on $auto$ff.cc:337:slice$6511 ($_DFFE_PP_) from module matching_engine (D = $auto$simplemap.cc:189:logic_reduce$11716, Q = \msg_tx_inst.uart_tx_inst.txState [2], rval = 1'0).
Adding SRST signal on $auto$ff.cc:337:slice$9709 ($_DFFE_PP_) from module matching_engine (D = $auto$simplemap.cc:189:logic_reduce$11276, Q = \msg_rx_inst.msgState [3], rval = 1'0).
Adding SRST signal on $auto$ff.cc:337:slice$6514 ($_DFFE_PP_) from module matching_engine (D = $auto$simplemap.cc:189:logic_reduce$12115, Q = \msg_tx_inst.mtxState [2], rval = 1'0).
Adding SRST signal on $auto$ff.cc:337:slice$8916 ($_DFFE_PP_) from module matching_engine (D = $auto$simplemap.cc:189:logic_reduce$11669, Q = \msg_tx_inst.uart_tx_inst.txPinRegister, rval = 1'1).
Adding SRST signal on $auto$ff.cc:337:slice$8789 ($_DFFE_PP_) from module matching_engine (D = $auto$simplemap.cc:189:logic_reduce$11950, Q = \msg_tx_inst.txByteData [7], rval = 1'1).
Adding SRST signal on $auto$ff.cc:337:slice$6483 ($_DFFE_PP_) from module matching_engine (D = $auto$simplemap.cc:189:logic_reduce$10700, Q = \wr_data [32], rval = 1'0).
Adding SRST signal on $auto$ff.cc:337:slice$6484 ($_DFFE_PP_) from module matching_engine (D = $auto$simplemap.cc:189:logic_reduce$10707, Q = \wr_data [33], rval = 1'0).
Adding SRST signal on $auto$ff.cc:337:slice$6503 ($_DFFE_PP_) from module matching_engine (D = $auto$simplemap.cc:189:logic_reduce$10407, Q = \meState [0], rval = 1'0).
Adding SRST signal on $auto$ff.cc:337:slice$6504 ($_DFFE_PP_) from module matching_engine (D = $auto$simplemap.cc:189:logic_reduce$10428, Q = \meState [1], rval = 1'0).
Adding SRST signal on $auto$ff.cc:337:slice$6506 ($_DFFE_PP_) from module matching_engine (D = $auto$simplemap.cc:189:logic_reduce$11041, Q = \msg_rx_inst.uart.rxState [0], rval = 1'1).
Adding SRST signal on $auto$ff.cc:337:slice$6507 ($_DFFE_PP_) from module matching_engine (D = $auto$simplemap.cc:189:logic_reduce$11059, Q = \msg_rx_inst.uart.rxState [1], rval = 1'0).
Adding SRST signal on $auto$ff.cc:337:slice$6509 ($_DFFE_PP_) from module matching_engine (D = $auto$simplemap.cc:189:logic_reduce$11688, Q = \msg_tx_inst.uart_tx_inst.txState [0], rval = 1'1).
Adding SRST signal on $auto$ff.cc:337:slice$6510 ($_DFFE_PP_) from module matching_engine (D = $auto$simplemap.cc:189:logic_reduce$11702, Q = \msg_tx_inst.uart_tx_inst.txState [1], rval = 1'0).
Adding SRST signal on $auto$ff.cc:337:slice$6512 ($_DFFE_PP_) from module matching_engine (D = $auto$simplemap.cc:189:logic_reduce$12067, Q = \msg_tx_inst.mtxState [0], rval = 1'1).
Adding SRST signal on $auto$ff.cc:337:slice$6513 ($_DFFE_PP_) from module matching_engine (D = $auto$simplemap.cc:189:logic_reduce$12091, Q = \msg_tx_inst.mtxState [1], rval = 1'0).
Adding SRST signal on $auto$ff.cc:337:slice$8782 ($_DFFE_PP_) from module matching_engine (D = $auto$simplemap.cc:189:logic_reduce$11803, Q = \msg_tx_inst.txByteData [0], rval = 1'0).
Adding SRST signal on $auto$ff.cc:337:slice$8783 ($_DFFE_PP_) from module matching_engine (D = $auto$simplemap.cc:189:logic_reduce$11824, Q = \msg_tx_inst.txByteData [1], rval = 1'1).
Adding SRST signal on $auto$ff.cc:337:slice$8784 ($_DFFE_PP_) from module matching_engine (D = $auto$simplemap.cc:189:logic_reduce$11845, Q = \msg_tx_inst.txByteData [2], rval = 1'0).
Adding SRST signal on $auto$ff.cc:337:slice$8785 ($_DFFE_PP_) from module matching_engine (D = $auto$simplemap.cc:189:logic_reduce$11866, Q = \msg_tx_inst.txByteData [3], rval = 1'1).
Adding SRST signal on $auto$ff.cc:337:slice$8786 ($_DFFE_PP_) from module matching_engine (D = $auto$simplemap.cc:189:logic_reduce$11887, Q = \msg_tx_inst.txByteData [4], rval = 1'0).
Adding SRST signal on $auto$ff.cc:337:slice$8787 ($_DFFE_PP_) from module matching_engine (D = $auto$simplemap.cc:189:logic_reduce$11908, Q = \msg_tx_inst.txByteData [5], rval = 1'1).
Adding SRST signal on $auto$ff.cc:337:slice$8788 ($_DFFE_PP_) from module matching_engine (D = $auto$simplemap.cc:189:logic_reduce$11929, Q = \msg_tx_inst.txByteData [6], rval = 1'0).
Adding SRST signal on $auto$ff.cc:337:slice$9706 ($_DFFE_PP_) from module matching_engine (D = $auto$simplemap.cc:189:logic_reduce$11204, Q = \msg_rx_inst.msgState [0], rval = 1'1).
Adding SRST signal on $auto$ff.cc:337:slice$9707 ($_DFFE_PP_) from module matching_engine (D = $auto$simplemap.cc:189:logic_reduce$11228, Q = \msg_rx_inst.msgState [1], rval = 1'0).
Adding SRST signal on $auto$ff.cc:337:slice$9708 ($_DFFE_PP_) from module matching_engine (D = $auto$simplemap.cc:189:logic_reduce$11252, Q = \msg_rx_inst.msgState [2], rval = 1'0).

8.34.4. Executing OPT_CLEAN pass (remove unused cells and wires).
Finding unused cells or wires in module \matching_engine..
Removed 1613 unused cells and 2879 unused wires.
<suppressed ~1618 debug messages>

8.34.5. Rerunning OPT passes. (Removed registers in this run.)

8.34.6. Executing OPT_EXPR pass (perform const folding).
Optimizing module matching_engine.
<suppressed ~12 debug messages>

8.34.7. Executing OPT_MERGE pass (detect identical cells).
Finding identical cells in module `\matching_engine'.
Computing hashes of 11913 cells of `\matching_engine'.
Finding duplicate cells in `\matching_engine'.
Removed a total of 0 cells.

8.34.8. Executing OPT_DFF pass (perform DFF optimizations).

8.34.9. Executing OPT_CLEAN pass (remove unused cells and wires).
Finding unused cells or wires in module \matching_engine..
Removed 0 unused cells and 1 unused wires.
<suppressed ~1 debug messages>

8.34.10. Finished fast OPT passes.

8.35. Executing IOPADMAP pass (mapping inputs/outputs to IO-PAD cells).
Mapping port matching_engine.checksumErrorLatched using OBUF.
Mapping port matching_engine.timeOutErrorLatched using OBUF.
Mapping port matching_engine.sentinelErrorLatched using OBUF.
Mapping port matching_engine.matchLoopOverrunError using OBUF.
Mapping port matching_engine.wrongMsgSide using OBUF.
Mapping port matching_engine.wrongMsgType using OBUF.
Mapping port matching_engine.orderRejected using OBUF.
Mapping port matching_engine.orderResting using OBUF.
Mapping port matching_engine.orderFilled using OBUF.
Mapping port matching_engine.uart_tx_line using OBUF.
Mapping port matching_engine.uart_rx_line using IBUF.
Mapping port matching_engine.clk using IBUF.

8.36. Executing OPT_CLEAN pass (remove unused cells and wires).
Finding unused cells or wires in module \matching_engine..
Removed 0 unused cells and 3 unused wires.
<suppressed ~1 debug messages>

8.37. Executing DFFLEGALIZE pass (convert FFs to types supported by the target).

8.38. Executing TECHMAP pass (map to technology primitives).

8.38.1. Executing Verilog-2005 frontend: /Users/paoloverwey/oss-cad-suite/libexec/../share/yosys/gowin/cells_map.v
Parsing Verilog input from `/Users/paoloverwey/oss-cad-suite/libexec/../share/yosys/gowin/cells_map.v' to AST representation.
Generating RTLIL representation for module `$_DFF_N_'.
Generating RTLIL representation for module `$_DFF_P_'.
Generating RTLIL representation for module `$_DFFE_PP_'.
Generating RTLIL representation for module `$_DFFE_NP_'.
Generating RTLIL representation for module `$_SDFF_PP0_'.
Generating RTLIL representation for module `$_SDFF_NP0_'.
Generating RTLIL representation for module `$_SDFFE_PP0P_'.
Generating RTLIL representation for module `$_SDFFE_NP0P_'.
Generating RTLIL representation for module `$_SDFF_PP1_'.
Generating RTLIL representation for module `$_SDFF_NP1_'.
Generating RTLIL representation for module `$_SDFFE_PP1P_'.
Generating RTLIL representation for module `$_SDFFE_NP1P_'.
Generating RTLIL representation for module `$_DFF_PP1_'.
Generating RTLIL representation for module `$_DFF_NP1_'.
Generating RTLIL representation for module `$_DFF_PP0_'.
Generating RTLIL representation for module `$_DFF_NP0_'.
Generating RTLIL representation for module `$_DFFE_PP1P_'.
Generating RTLIL representation for module `$_DFFE_NP1P_'.
Generating RTLIL representation for module `$_DFFE_PP0P_'.
Generating RTLIL representation for module `$_DFFE_NP0P_'.
Generating RTLIL representation for module `$lut'.
Successfully finished Verilog frontend.

8.38.2. Continuing TECHMAP pass.
Using template $_SDFFE_PP0P_ for cells of type $_SDFFE_PP0P_.
Using template $_DFFE_PP_ for cells of type $_DFFE_PP_.
Using template $_SDFFE_PP1P_ for cells of type $_SDFFE_PP1P_.
Using template $_SDFF_PP0_ for cells of type $_SDFF_PP0_.
Using template $_DFF_P_ for cells of type $_DFF_P_.
No more expansions possible.
<suppressed ~1588 debug messages>

8.39. Executing TECHMAP pass (map to technology primitives).

8.39.1. Executing Verilog-2005 frontend: /Users/paoloverwey/oss-cad-suite/libexec/../share/yosys/gowin/cells_latch.v
Parsing Verilog input from `/Users/paoloverwey/oss-cad-suite/libexec/../share/yosys/gowin/cells_latch.v' to AST representation.
Generating RTLIL representation for module `$_DLATCH_P_'.
Generating RTLIL representation for module `$_DLATCH_N_'.
Generating RTLIL representation for module `$_DLATCH_PP0_'.
Generating RTLIL representation for module `$_DLATCH_NP0_'.
Generating RTLIL representation for module `$_DLATCH_PP1_'.
Generating RTLIL representation for module `$_DLATCH_NP1_'.
Successfully finished Verilog frontend.

8.39.2. Continuing TECHMAP pass.
No more expansions possible.
<suppressed ~8 debug messages>

8.40. Executing OPT_EXPR pass (perform const folding).
Optimizing module matching_engine.
<suppressed ~3 debug messages>

8.41. Executing SIMPLEMAP pass (map simple cells to gate primitives).

8.42. Executing SORT pass.

8.43. Executing Verilog-2005 frontend: /Users/paoloverwey/oss-cad-suite/libexec/../share/yosys/abc9_model.v
Parsing Verilog input from `/Users/paoloverwey/oss-cad-suite/libexec/../share/yosys/abc9_model.v' to AST representation.
Generating RTLIL representation for module `$__ABC9_DELAY'.
Generating RTLIL representation for module `$__ABC9_SCC_BREAKER'.
Generating RTLIL representation for module `$__DFF_N__$abc9_flop'.
Generating RTLIL representation for module `$__DFF_P__$abc9_flop'.
Successfully finished Verilog frontend.

8.44. Executing ABC9 pass.

8.44.1. Executing ABC9_OPS pass (helper functions for ABC9).

8.44.2. Executing ABC9_OPS pass (helper functions for ABC9).

8.44.3. Executing PROC pass (convert processes to netlists).

8.44.3.1. Executing PROC_CLEAN pass (remove empty switches from decision trees).
Found and cleaned up 1 empty switch in `$paramod\ALU\ALU_MODE=s32'00000000000000000000000000000010.$proc$/Users/paoloverwey/oss-cad-suite/libexec/../share/yosys/gowin/cells_sim.v:1064$57290'.
Cleaned up 1 empty switch.

8.44.3.2. Executing PROC_RMDEAD pass (remove dead branches from decision trees).
Removed a total of 0 dead cases.

8.44.3.3. Executing PROC_PRUNE pass (remove redundant assignments in processes).
Removed 0 redundant assignments.
Promoted 4 assignments to connections.

8.44.3.4. Executing PROC_INIT pass (extract init attributes).

8.44.3.5. Executing PROC_ARST pass (detect async resets in processes).

8.44.3.6. Executing PROC_ROM pass (convert switches to ROMs).
Converted 0 switches.

8.44.3.7. Executing PROC_MUX pass (convert decision trees to multiplexers).
Creating decoders for process `$paramod\ALU\ALU_MODE=s32'00000000000000000000000000000010.$proc$/Users/paoloverwey/oss-cad-suite/libexec/../share/yosys/gowin/cells_sim.v:1064$57290'.

8.44.3.8. Executing PROC_DLATCH pass (convert process syncs to latches).
No latch inferred for signal `$paramod\ALU\ALU_MODE=s32'00000000000000000000000000000010.\C' from process `$paramod\ALU\ALU_MODE=s32'00000000000000000000000000000010.$proc$/Users/paoloverwey/oss-cad-suite/libexec/../share/yosys/gowin/cells_sim.v:1064$57290'.
No latch inferred for signal `$paramod\ALU\ALU_MODE=s32'00000000000000000000000000000010.\S' from process `$paramod\ALU\ALU_MODE=s32'00000000000000000000000000000010.$proc$/Users/paoloverwey/oss-cad-suite/libexec/../share/yosys/gowin/cells_sim.v:1064$57290'.

8.44.3.9. Executing PROC_DFF pass (convert process syncs to FFs).

8.44.3.10. Executing PROC_MEMWR pass (convert process memory writes to cells).

8.44.3.11. Executing PROC_CLEAN pass (remove empty switches from decision trees).
Removing empty process `$paramod\ALU\ALU_MODE=s32'00000000000000000000000000000010.$proc$/Users/paoloverwey/oss-cad-suite/libexec/../share/yosys/gowin/cells_sim.v:1064$57290'.
Cleaned up 0 empty switches.

8.44.4. Executing SCC pass (detecting logic loops).
Found 0 SCCs in module matching_engine.
Found 0 SCCs.

8.44.5. Executing ABC9_OPS pass (helper functions for ABC9).

8.44.6. Executing TECHMAP pass (map to technology primitives).

8.44.6.1. Executing Verilog-2005 frontend: /Users/paoloverwey/oss-cad-suite/libexec/../share/yosys/techmap.v
Parsing Verilog input from `/Users/paoloverwey/oss-cad-suite/libexec/../share/yosys/techmap.v' to AST representation.
Generating RTLIL representation for module `\_90_simplemap_bool_ops'.
Generating RTLIL representation for module `\_90_simplemap_reduce_ops'.
Generating RTLIL representation for module `\_90_simplemap_logic_ops'.
Generating RTLIL representation for module `\_90_simplemap_compare_ops'.
Generating RTLIL representation for module `\_90_simplemap_various'.
Generating RTLIL representation for module `\_90_simplemap_registers'.
Generating RTLIL representation for module `\_90_shift_ops_shr_shl_sshl_sshr'.
Generating RTLIL representation for module `\_90_shift_shiftx'.
Generating RTLIL representation for module `\_90_fa'.
Generating RTLIL representation for module `\_90_lcu_brent_kung'.
Generating RTLIL representation for module `\_90_alu'.
Generating RTLIL representation for module `\_90_macc'.
Generating RTLIL representation for module `\_90_alumacc'.
Generating RTLIL representation for module `$__div_mod_u'.
Generating RTLIL representation for module `$__div_mod_trunc'.
Generating RTLIL representation for module `\_90_div'.
Generating RTLIL representation for module `\_90_mod'.
Generating RTLIL representation for module `$__div_mod_floor'.
Generating RTLIL representation for module `\_90_divfloor'.
Generating RTLIL representation for module `\_90_modfloor'.
Generating RTLIL representation for module `\_90_pow'.
Generating RTLIL representation for module `\_90_demux'.
Generating RTLIL representation for module `\_90_lut'.
Generating RTLIL representation for module `$connect'.
Generating RTLIL representation for module `$input_port'.
Successfully finished Verilog frontend.

8.44.6.2. Continuing TECHMAP pass.
No more expansions possible.
<suppressed ~230 debug messages>

8.44.7. Executing OPT pass (performing simple optimizations).

8.44.7.1. Executing OPT_EXPR pass (perform const folding).

8.44.7.2. Executing OPT_MERGE pass (detect identical cells).
Removed a total of 0 cells.

8.44.7.3. Executing OPT_MUXTREE pass (detect dead branches in mux trees).
Removed 0 multiplexer ports.

8.44.7.4. Executing OPT_REDUCE pass (consolidate $*mux and $reduce_* inputs).
Performed a total of 0 changes.

8.44.7.5. Executing OPT_MERGE pass (detect identical cells).
Removed a total of 0 cells.

8.44.7.6. Executing OPT_DFF pass (perform DFF optimizations).

8.44.7.7. Executing OPT_CLEAN pass (remove unused cells and wires).

8.44.7.8. Executing OPT_EXPR pass (perform const folding).

8.44.7.9. Finished fast OPT passes. (There is nothing left to do.)

8.44.8. Executing TECHMAP pass (map to technology primitives).

8.44.8.1. Executing Verilog-2005 frontend: /Users/paoloverwey/oss-cad-suite/libexec/../share/yosys/abc9_map.v
Parsing Verilog input from `/Users/paoloverwey/oss-cad-suite/libexec/../share/yosys/abc9_map.v' to AST representation.
Successfully finished Verilog frontend.

8.44.8.2. Continuing TECHMAP pass.
No more expansions possible.
<suppressed ~2 debug messages>

8.44.9. Executing Verilog-2005 frontend: /Users/paoloverwey/oss-cad-suite/libexec/../share/yosys/abc9_model.v
Parsing Verilog input from `/Users/paoloverwey/oss-cad-suite/libexec/../share/yosys/abc9_model.v' to AST representation.
Replacing existing blackbox module `$__ABC9_DELAY' at /Users/paoloverwey/oss-cad-suite/libexec/../share/yosys/abc9_model.v:2.1-7.10.
Generating RTLIL representation for module `$__ABC9_DELAY'.
Replacing existing blackbox module `$__ABC9_SCC_BREAKER' at /Users/paoloverwey/oss-cad-suite/libexec/../share/yosys/abc9_model.v:9.1-11.10.
Generating RTLIL representation for module `$__ABC9_SCC_BREAKER'.
Replacing existing module `$__DFF_N__$abc9_flop' at /Users/paoloverwey/oss-cad-suite/libexec/../share/yosys/abc9_model.v:14.1-20.10.
Generating RTLIL representation for module `$__DFF_N__$abc9_flop'.
Replacing existing module `$__DFF_P__$abc9_flop' at /Users/paoloverwey/oss-cad-suite/libexec/../share/yosys/abc9_model.v:23.1-29.10.
Generating RTLIL representation for module `$__DFF_P__$abc9_flop'.
Successfully finished Verilog frontend.

8.44.10. Executing ABC9_OPS pass (helper functions for ABC9).
<suppressed ~3191 debug messages>

8.44.11. Executing ABC9_OPS pass (helper functions for ABC9).

8.44.12. Executing ABC9_OPS pass (helper functions for ABC9).
<suppressed ~2 debug messages>

8.44.13. Executing TECHMAP pass (map to technology primitives).

8.44.13.1. Executing Verilog-2005 frontend: /Users/paoloverwey/oss-cad-suite/libexec/../share/yosys/techmap.v
Parsing Verilog input from `/Users/paoloverwey/oss-cad-suite/libexec/../share/yosys/techmap.v' to AST representation.
Generating RTLIL representation for module `\_90_simplemap_bool_ops'.
Generating RTLIL representation for module `\_90_simplemap_reduce_ops'.
Generating RTLIL representation for module `\_90_simplemap_logic_ops'.
Generating RTLIL representation for module `\_90_simplemap_compare_ops'.
Generating RTLIL representation for module `\_90_simplemap_various'.
Generating RTLIL representation for module `\_90_simplemap_registers'.
Generating RTLIL representation for module `\_90_shift_ops_shr_shl_sshl_sshr'.
Generating RTLIL representation for module `\_90_shift_shiftx'.
Generating RTLIL representation for module `\_90_fa'.
Generating RTLIL representation for module `\_90_lcu_brent_kung'.
Generating RTLIL representation for module `\_90_alu'.
Generating RTLIL representation for module `\_90_macc'.
Generating RTLIL representation for module `\_90_alumacc'.
Generating RTLIL representation for module `$__div_mod_u'.
Generating RTLIL representation for module `$__div_mod_trunc'.
Generating RTLIL representation for module `\_90_div'.
Generating RTLIL representation for module `\_90_mod'.
Generating RTLIL representation for module `$__div_mod_floor'.
Generating RTLIL representation for module `\_90_divfloor'.
Generating RTLIL representation for module `\_90_modfloor'.
Generating RTLIL representation for module `\_90_pow'.
Generating RTLIL representation for module `\_90_demux'.
Generating RTLIL representation for module `\_90_lut'.
Generating RTLIL representation for module `$connect'.
Generating RTLIL representation for module `$input_port'.
Successfully finished Verilog frontend.

8.44.13.2. Continuing TECHMAP pass.
Using template $paramod\ALU\ALU_MODE=s32'00000000000000000000000000000010 for cells of type $paramod\ALU\ALU_MODE=s32'00000000000000000000000000000010.
Using extmapper simplemap for cells of type $mux.
Using extmapper simplemap for cells of type $xor.
Using extmapper simplemap for cells of type $not.
No more expansions possible.
<suppressed ~239 debug messages>

8.44.14. Executing OPT pass (performing simple optimizations).

8.44.14.1. Executing OPT_EXPR pass (perform const folding).
Optimizing module matching_engine.

8.44.14.2. Executing OPT_MERGE pass (detect identical cells).
Finding identical cells in module `\matching_engine'.
Computing hashes of 14 cells of `\matching_engine'.
Finding duplicate cells in `\matching_engine'.
Removed a total of 0 cells.

8.44.14.3. Executing OPT_MUXTREE pass (detect dead branches in mux trees).
Running muxtree optimizer on module \matching_engine..
  Creating internal representation of mux trees.
  No muxes found in this module.
Removed 0 multiplexer ports.

8.44.14.4. Executing OPT_REDUCE pass (consolidate $*mux and $reduce_* inputs).
  Optimizing cells in module \matching_engine.
Performed a total of 0 changes.

8.44.14.5. Executing OPT_MERGE pass (detect identical cells).
Finding identical cells in module `\matching_engine'.
Computing hashes of 14 cells of `\matching_engine'.
Finding duplicate cells in `\matching_engine'.
Removed a total of 0 cells.

8.44.14.6. Executing OPT_DFF pass (perform DFF optimizations).

8.44.14.7. Executing OPT_CLEAN pass (remove unused cells and wires).
Finding unused cells or wires in module \matching_engine..
Removed 0 unused cells and 16 unused wires.
<suppressed ~1 debug messages>

8.44.14.8. Executing OPT_EXPR pass (perform const folding).
Optimizing module matching_engine.

8.44.14.9. Rerunning OPT passes. (Maybe there is more to do..)

8.44.14.10. Executing OPT_MUXTREE pass (detect dead branches in mux trees).
Running muxtree optimizer on module \matching_engine..
  Creating internal representation of mux trees.
  No muxes found in this module.
Removed 0 multiplexer ports.

8.44.14.11. Executing OPT_REDUCE pass (consolidate $*mux and $reduce_* inputs).
  Optimizing cells in module \matching_engine.
Performed a total of 0 changes.

8.44.14.12. Executing OPT_MERGE pass (detect identical cells).
Finding identical cells in module `\matching_engine'.
Computing hashes of 14 cells of `\matching_engine'.
Finding duplicate cells in `\matching_engine'.
Removed a total of 0 cells.

8.44.14.13. Executing OPT_DFF pass (perform DFF optimizations).

8.44.14.14. Executing OPT_CLEAN pass (remove unused cells and wires).
Finding unused cells or wires in module \matching_engine..

8.44.14.15. Executing OPT_EXPR pass (perform const folding).
Optimizing module matching_engine.

8.44.14.16. Finished fast OPT passes. (There is nothing left to do.)

8.44.15. Executing AIGMAP pass (map logic to AIG).
Module matching_engine: replaced 5 cells with 35 new cells, skipped 9 cells.
  replaced 2 cell types:
       2 $_MUX_
       3 $_XOR_
  not replaced 2 cell types:
       1 $_NOT_
       8 $specify2

8.44.16. Executing AIGMAP pass (map logic to AIG).
Module matching_engine: replaced 7854 cells with 51563 new cells, skipped 7376 cells.
  replaced 4 cell types:
    6432 $_MUX_
      34 $_ORNOT_
    1093 $_OR_
     295 $_XOR_
  not replaced 13 cell types:
    1138 $_AND_
     986 $_NOT_
       7 $scopeinfo
      12 DFF
       2 IBUF
    1474 DFFE
       1 DFFSE
       8 DFFR
      70 DFFRE
      10 OBUF
     479 $paramod\ALU\ALU_MODE=s32'00000000000000000000000000000010
    1565 $paramod$__ABC9_DELAY\DELAY=32'00000000000000000000001001000000
    1624 $paramod$__ABC9_DELAY\DELAY=32'00000000000000000000000000111111

8.44.16.1. Executing ABC9_OPS pass (helper functions for ABC9).

8.44.16.2. Executing ABC9_OPS pass (helper functions for ABC9).

8.44.16.3. Executing XAIGER backend.
<suppressed ~1576 debug messages>
Extracted 22446 AND gates and 60969 wires from module `matching_engine' to a netlist network with 1579 inputs and 3210 outputs.

8.44.16.4. Executing ABC9_EXE pass (technology mapping using ABC9).

8.44.16.5. Executing ABC9.
Running ABC command: "<yosys-exe-dir>/yosys-abc" -s -f <abc-temp-dir>/abc.script 2>&1
ABC: ======== ABC command line "source <abc-temp-dir>/abc.script"
ABC: + read_lut <abc-temp-dir>/input.lut 
ABC: + read_box <abc-temp-dir>/input.box 
ABC: + &read <abc-temp-dir>/input.xaig 
ABC: + &ps 
ABC: <abc-temp-dir>/input : i/o =   1579/   3210  and =   14994  lev =   43 (6.70)  mem = 0.39 MB  box = 3668  bb = 3189
ABC: + &scorr 
ABC: Warning: The network is combinational.
ABC: + &sweep 
ABC: + &dc2 
ABC: + &dch -f -r 
ABC: + &ps 
ABC: <abc-temp-dir>/input : i/o =   1579/   3210  and =   13995  lev =   18 (2.52)  mem = 0.37 MB  ch = 1779  box = 3601  bb = 3189
ABC: cst =       0  cls =   1727  lit =    1779  unused =   16081  proof =     0
ABC: + &if -W 500 -v 
ABC: K = 8. Memory (bytes): Truth =    0. Cut =   80. Obj =  160. Set =  816. CutMin = no
ABC: Node =   13995.  Ch =  1727.  Total mem =    4.64 MB. Peak cut mem =    0.13 MB.
ABC: P:  Del = 9784.00.  Ar =   10042.0.  Edge =     9683.  Cut =   148409.  T =     0.02 sec
ABC: P:  Del = 9580.00.  Ar =    9896.0.  Edge =     9641.  Cut =   147677.  T =     0.02 sec
ABC: P:  Del = 9580.00.  Ar =    5528.0.  Edge =     9168.  Cut =   232889.  T =     0.03 sec
ABC: F:  Del = 9570.00.  Ar =    3932.0.  Edge =     8566.  Cut =   192179.  T =     0.02 sec
ABC: A:  Del = 9570.00.  Ar =    3776.0.  Edge =     8109.  Cut =   190184.  T =     0.03 sec
ABC: A:  Del = 9570.00.  Ar =    3772.0.  Edge =     8108.  Cut =   189449.  T =     0.03 sec
ABC: Total time =     0.15 sec
ABC: + &write -n <abc-temp-dir>/output.aig 
ABC: + &mfs 
ABC: + &ps -l 
ABC: <abc-temp-dir>/input : i/o =   1579/   3210  and =    8854  lev =   21 (2.59)  mem = 0.31 MB  box = 3599  bb = 3189
ABC: Mapping (K=8)  :  lut =   1923  edge =    7669  lev =    6 (1.12)  levB =   21  mem = 0.13 MB
ABC: LUT = 1923 : 2=194 10.1 %  3=577 30.0 %  4=496 25.8 %  5=471 24.5 %  6=113 5.9 %  7=43 2.2 %  8=29 1.5 %  Ave = 3.99
ABC: + &write -n <abc-temp-dir>/output.aig 
ABC: + &verify 
ABC: Networks are equivalent.  Time =     0.14 sec
ABC: + time 
ABC: elapse: 1.21 seconds, total: 1.21 seconds

8.44.16.6. Executing AIGER frontend.
<suppressed ~9658 debug messages>
Removed 14124 unused cells and 27750 unused wires.

8.44.16.7. Executing ABC_OPS_REINTEGRATE pass (reintegrate ABC mapped design into module).
ABC RESULTS:              $lut cells:     1936
ABC RESULTS:   $paramod\ALU\ALU_MODE=s32'00000000000000000000000000000010 cells:      410
ABC RESULTS:           input signals:       88
ABC RESULTS:          output signals:     3210
Removing temp directory.

8.44.17. Executing TECHMAP pass (map to technology primitives).

8.44.17.1. Executing Verilog-2005 frontend: /Users/paoloverwey/oss-cad-suite/libexec/../share/yosys/abc9_unmap.v
Parsing Verilog input from `/Users/paoloverwey/oss-cad-suite/libexec/../share/yosys/abc9_unmap.v' to AST representation.
Generating RTLIL representation for module `$__DFF_x__$abc9_flop'.
Generating RTLIL representation for module `$__ABC9_SCC_BREAKER'.
Successfully finished Verilog frontend.

8.44.17.2. Continuing TECHMAP pass.
Using template $paramod\ALU\ALU_MODE=s32'00000000000000000000000000000010 for cells of type $paramod\ALU\ALU_MODE=s32'00000000000000000000000000000010.
No more expansions possible.
<suppressed ~416 debug messages>
Removed 496 unused cells and 72006 unused wires.

8.45. Executing TECHMAP pass (map to technology primitives).

8.45.1. Executing Verilog-2005 frontend: /Users/paoloverwey/oss-cad-suite/libexec/../share/yosys/gowin/cells_map.v
Parsing Verilog input from `/Users/paoloverwey/oss-cad-suite/libexec/../share/yosys/gowin/cells_map.v' to AST representation.
Generating RTLIL representation for module `$_DFF_N_'.
Generating RTLIL representation for module `$_DFF_P_'.
Generating RTLIL representation for module `$_DFFE_PP_'.
Generating RTLIL representation for module `$_DFFE_NP_'.
Generating RTLIL representation for module `$_SDFF_PP0_'.
Generating RTLIL representation for module `$_SDFF_NP0_'.
Generating RTLIL representation for module `$_SDFFE_PP0P_'.
Generating RTLIL representation for module `$_SDFFE_NP0P_'.
Generating RTLIL representation for module `$_SDFF_PP1_'.
Generating RTLIL representation for module `$_SDFF_NP1_'.
Generating RTLIL representation for module `$_SDFFE_PP1P_'.
Generating RTLIL representation for module `$_SDFFE_NP1P_'.
Generating RTLIL representation for module `$_DFF_PP1_'.
Generating RTLIL representation for module `$_DFF_NP1_'.
Generating RTLIL representation for module `$_DFF_PP0_'.
Generating RTLIL representation for module `$_DFF_NP0_'.
Generating RTLIL representation for module `$_DFFE_PP1P_'.
Generating RTLIL representation for module `$_DFFE_NP1P_'.
Generating RTLIL representation for module `$_DFFE_PP0P_'.
Generating RTLIL representation for module `$_DFFE_NP0P_'.
Generating RTLIL representation for module `$lut'.
Successfully finished Verilog frontend.

8.45.2. Continuing TECHMAP pass.
Using template $paramod$lut\WIDTH=32'00000000000000000000000000000011\LUT=8'00001000 for cells of type $lut.
Using template $paramod$lut\WIDTH=32'00000000000000000000000000000011\LUT=8'11001010 for cells of type $lut.
Using template $paramod$lut\WIDTH=32'00000000000000000000000000000010\LUT=4'0001 for cells of type $lut.
Using template $paramod$41a9017c3cf386202f51048036dec79f710305a2$lut for cells of type $lut.
Using template $paramod$lut\WIDTH=32'00000000000000000000000000000011\LUT=8'00100000 for cells of type $lut.
Using template $paramod$lut\WIDTH=32'00000000000000000000000000000011\LUT=8'10000000 for cells of type $lut.
Using template $paramod$lut\WIDTH=32'00000000000000000000000000000010\LUT=4'0100 for cells of type $lut.
Using template $paramod$8d7a8d6e3356de09670738ba85f2c6b874f6b06d$lut for cells of type $lut.
Using template $paramod$a6597eda4608f36e684c1dd07ed552fcbec112b2$lut for cells of type $lut.
Using template $paramod$lut\WIDTH=32'00000000000000000000000000000010\LUT=4'0110 for cells of type $lut.
Using template $paramod$ba7c22fadfbf9ee7abcb895a21403114111dd201$lut for cells of type $lut.
Using template $paramod$lut\WIDTH=32'00000000000000000000000000000010\LUT=4'1001 for cells of type $lut.
Using template $paramod$7d35f3eb4056e6484203c99fe42cfcf1dfaba704$lut for cells of type $lut.
Using template $paramod$581d7e5f451b6b3ddd4ad06c99f094a0a6e88e05$lut for cells of type $lut.
Using template $paramod$74c1587413f82b530747a2987758d74d16ad2ab9$lut for cells of type $lut.
Using template $paramod$658b9ed803f0d3d335616d3858b53e0a2522f1e8$lut for cells of type $lut.
Using template $paramod$eba7de026ff587370e320127e266317dae097a89$lut for cells of type $lut.
Using template $paramod$571404c0889eaf57f492cb5e37f8acb5df5852f9$lut for cells of type $lut.
Using template $paramod$251994398653c4cf8de320f1e306e535d5d2d624$lut for cells of type $lut.
Using template $paramod$lut\WIDTH=32'00000000000000000000000000000010\LUT=4'0010 for cells of type $lut.
Using template $paramod$lut\WIDTH=32'00000000000000000000000000000011\LUT=8'11101000 for cells of type $lut.
Using template $paramod$6c84b4e8258e8b8d4726669b4520c9d456c2f084$lut for cells of type $lut.
Using template $paramod$baa939b0bd5b3e0c8760492528669bd58f640542$lut for cells of type $lut.
Using template $paramod$41326ad8644342a66dfb051d050f2b6fbf15015b$lut for cells of type $lut.
Using template $paramod$19451f719aa4a75f15cb977ed4212a1c1a1550e9$lut for cells of type $lut.
Using template $paramod$lut\WIDTH=32'00000000000000000000000000000010\LUT=4'1000 for cells of type $lut.
Using template $paramod$792c98bca51494f3fb8b24b223b723cdaa97fc7a$lut for cells of type $lut.
Using template $paramod$39b878f1c87901632109d169af51eff5b01a511f$lut for cells of type $lut.
Using template $paramod$ac8cc7a57937c534ca8f2a10083f65205e6cb978$lut for cells of type $lut.
Using template $paramod$2371fc4d09a8ac432f66672f5313a59d0e4cf6df$lut for cells of type $lut.
Using template $paramod$b5babc618720ace64bafddb303d6f59fd10af395$lut for cells of type $lut.
Using template $paramod$e5a626eeb40c1fcc1298b194154711786dc7a36a$lut for cells of type $lut.
Using template $paramod$3b99cc5838cca2d48a325293ea8b86b65ab41116$lut for cells of type $lut.
Using template $paramod$lut\WIDTH=32'00000000000000000000000000000011\LUT=8'00001001 for cells of type $lut.
Using template $paramod$41e696b4fa3a8552566f32d00a5d0915060c1a52$lut for cells of type $lut.
Using template $paramod$50ae037bea16070af222263fc6c06efd57346ae1$lut for cells of type $lut.
Using template $paramod$2b29ccbd5fb8b9c557f92ddec1023c75686f32ae$lut for cells of type $lut.
Using template $paramod$992bdc10cff2c6edd722994f0e1044bc863f79f7$lut for cells of type $lut.
Using template $paramod$lut\WIDTH=32'00000000000000000000000000000011\LUT=8'00000010 for cells of type $lut.
Using template $paramod$65d5d5c1e01bf41ee659754efba932f3d99198e5$lut for cells of type $lut.
Using template $paramod$lut\WIDTH=32'00000000000000000000000000000011\LUT=8'00000100 for cells of type $lut.
Using template $paramod$82a5c63568625c703a25be3b608488f57d9e711e$lut for cells of type $lut.
Using template $paramod$00ffcc628ccb870304683cac36ad3a16cc41b6a4$lut for cells of type $lut.
Using template $paramod$de1070ad4c93245d1bae82781c2f9c6f7c185b58$lut for cells of type $lut.
Using template $paramod$lut\WIDTH=32'00000000000000000000000000000011\LUT=8'01001100 for cells of type $lut.
Using template $paramod$f7e1c022cf3290e1b6da0c50a89a7be2d10a5fcf$lut for cells of type $lut.
Using template $paramod$977bf81c91b9e0cdfe901822d1642d278c1b0ecd$lut for cells of type $lut.
Using template $paramod$5a9973bc41def5ddf5b821420b2173a81b5efedb$lut for cells of type $lut.
Using template $paramod$lut\WIDTH=32'00000000000000000000000000000011\LUT=8'10100010 for cells of type $lut.
Using template $paramod$193be62c85dafbc29442e49ec96127b9c92e237c$lut for cells of type $lut.
Using template $paramod$f9862fc384130049aba0daf01b573a025832014a$lut for cells of type $lut.
Using template $paramod$lut\WIDTH=32'00000000000000000000000000000011\LUT=8'11110010 for cells of type $lut.
Using template $paramod$ee553c574ab2f916d3d8d85eaa3629c01709dc3a$lut for cells of type $lut.
Using template $paramod$lut\WIDTH=32'00000000000000000000000000000011\LUT=8'00010110 for cells of type $lut.
Using template $paramod$0fa351d24d2713ce0a93e46f5deedd65d95d22b8$lut for cells of type $lut.
Using template $paramod$lut\WIDTH=32'00000000000000000000000000000010\LUT=4'1110 for cells of type $lut.
Using template $paramod$4c4cf10cf9a22aec9c46b72abc4f370f79f028fb$lut for cells of type $lut.
Using template $paramod$lut\WIDTH=32'00000000000000000000000000000011\LUT=8'10101100 for cells of type $lut.
Using template $paramod$0194c0078616f389ecfa855718b2074839b66531$lut for cells of type $lut.
Using template $paramod$2d07c1a6c53c7b878509360922c4fa5ebedc3011$lut for cells of type $lut.
Using template $paramod$4767f9a5af7e6e2e75a8d69c788bdf062425248b$lut for cells of type $lut.
Using template $paramod$59c595af41d4a5cce2d588c3a5f1342749ce7a77$lut for cells of type $lut.
Using template $paramod$lut\WIDTH=32'00000000000000000000000000000011\LUT=8'00000001 for cells of type $lut.
Using template $paramod$98f15a4382579a986603ec52f2e74693939d8830$lut for cells of type $lut.
Using template $paramod$346fd8ee130d29a9d045b744d50c204119622467$lut for cells of type $lut.
Using template $paramod$feae192b41589d86c2b46c019e38a6139cee3b06$lut for cells of type $lut.
Using template $paramod$a5516fc31d1e552de2435200bb732b4d4ad63a9c$lut for cells of type $lut.
Using template $paramod$0a05dae7058e74f5be9c32bc3719ddea94278041$lut for cells of type $lut.
Using template $paramod$c0e5ca6dd0afc3f5ba02b0571a0d62ca4dd37517$lut for cells of type $lut.
Using template $paramod$90edad2b6a4dec5adef9ce6a532f7a1edb48db32$lut for cells of type $lut.
Using template $paramod$e2798c939d6f59f7dfff6665248f363514222be5$lut for cells of type $lut.
Using template $paramod$51014671510a939710c9821e8d46f23d9ed3b9e2$lut for cells of type $lut.
Using template $paramod$bc868c6b1a9d867f0d468681500e06eb1f74cd8c$lut for cells of type $lut.
Using template $paramod$5e8447289d32636ac3c39430645a159145d37fe7$lut for cells of type $lut.
Using template $paramod$5bc4b34d04423f5c10a1f36d396093524460bd02$lut for cells of type $lut.
Using template $paramod$5eb6fe38fd8debc39e4a755e3dcde6bf2153a482$lut for cells of type $lut.
Using template $paramod$df5a18ca826e6b21a7798a5f96914ca886604813$lut for cells of type $lut.
Using template $paramod$e6a4aac14b366f7770f6afc50867b3b8176ebb96$lut for cells of type $lut.
Using template $paramod$6e238df02989b317f10820a22773676e71120644$lut for cells of type $lut.
Using template $paramod$lut\WIDTH=32'00000000000000000000000000000011\LUT=8'00010000 for cells of type $lut.
Using template $paramod$65f1ff7be04d4e6845f52e26be882f3e1d48a59a$lut for cells of type $lut.
Using template $paramod$lut\WIDTH=32'00000000000000000000000000000010\LUT=4'0111 for cells of type $lut.
Using template $paramod$lut\WIDTH=32'00000000000000000000000000000011\LUT=8'00101010 for cells of type $lut.
Using template $paramod$lut\WIDTH=32'00000000000000000000000000000010\LUT=4'1101 for cells of type $lut.
Using template $paramod$8e44661def013b6bf9fe6f8b049ef2c838d749f9$lut for cells of type $lut.
Using template $paramod$6d6beead1425af15cf78b27fd9b11b41b5d4bce8$lut for cells of type $lut.
Using template $paramod$9bdc414229f06e785dc8fd97a243faa9336e164a$lut for cells of type $lut.
Using template $paramod$d6ca727e39f31d51d29072e0f33aa09c65e37336$lut for cells of type $lut.
Using template $paramod$30305e55a780880b9c824fe3509a4d981acb0f2b$lut for cells of type $lut.
Using template $paramod$f9813472aa48e533b3838c6f2316dc2e78c66111$lut for cells of type $lut.
Using template $paramod$39a3022e55aa03d0b5478da3a6d9fcb662c62e56$lut for cells of type $lut.
Using template $paramod$d9e9a5f45b5e7a0e12caed755a01c3deef1c6e30$lut for cells of type $lut.
Using template $paramod$c28a8b7ce0535d090c4cfb52e9c74affd52b110c$lut for cells of type $lut.
Using template $paramod$ce15874c299a587dd16825ec2d2d2759b547554e$lut for cells of type $lut.
Using template $paramod$lut\WIDTH=32'00000000000000000000000000000011\LUT=8'01010100 for cells of type $lut.
Using template $paramod$c24ed72ebb67e9ead6029e42e909ef7fc0abbb11$lut for cells of type $lut.
Using template $paramod$e4c084b34967c2d697268a41a6ff7d77bfbd7baa$lut for cells of type $lut.
Using template $paramod$6d4a6618ef50f62f8a339c29c7f1fe59e85370a4$lut for cells of type $lut.
Using template $paramod$f5c97e291c8b48d9f1b4239d871ab7639e5a24ac$lut for cells of type $lut.
Using template $paramod$4282def8dbd6df3d1248ad282c629bee684502c2$lut for cells of type $lut.
Using template $paramod$e49f6e3576ef1a6d2f58c54414dbb786af8cc869$lut for cells of type $lut.
Using template $paramod$lut\WIDTH=32'00000000000000000000000000000011\LUT=8'01000000 for cells of type $lut.
Using template $paramod$11ec7271d8e6e5aeaace08c13e4c601f10e31038$lut for cells of type $lut.
Using template $paramod$179512a187da069f3b79ef6612a41e494e7d54b6$lut for cells of type $lut.
Using template $paramod$lut\WIDTH=32'00000000000000000000000000000011\LUT=8'00101111 for cells of type $lut.
Using template $paramod$f8f63b209b7230e81958663ff24fef1613156af7$lut for cells of type $lut.
Using template $paramod$873c285bdccf0ac2b60d2304ea5cd14bf211d2a6$lut for cells of type $lut.
Using template $paramod$8f0127ae6e4e4fae3e6aa8d83144b199848e8539$lut for cells of type $lut.
Using template $paramod$lut\WIDTH=32'00000000000000000000000000000011\LUT=8'01111111 for cells of type $lut.
Using template $paramod$21a9cf1c7cffed4ea7970972274e8bcced7c7005$lut for cells of type $lut.
Using template $paramod$a9dd3b5e25381109588fb6fc0642980927b4109e$lut for cells of type $lut.
Using template $paramod$lut\WIDTH=32'00000000000000000000000000000011\LUT=8'00000111 for cells of type $lut.
Using template $paramod$d119410bab96963da0139669592048db2c09198b$lut for cells of type $lut.
Using template $paramod$517625bf4a7b846fd553901d881a35fcc8afe4c4$lut for cells of type $lut.
Using template $paramod$9c8c3562d8abf66fbf300e70fe7a4192692cd23a$lut for cells of type $lut.
Using template $paramod$f58e0d90afc57a738914697b6a4a7319b30d7e7e$lut for cells of type $lut.
Using template $paramod$ee82f1504b2c48e70160208feb4e1f2a1b612b8d$lut for cells of type $lut.
Using template $paramod$lut\WIDTH=32'00000000000000000000000000000011\LUT=8'00010100 for cells of type $lut.
Using template $paramod$lut\WIDTH=32'00000000000000000000000000000011\LUT=8'10111010 for cells of type $lut.
Using template $paramod$lut\WIDTH=32'00000000000000000000000000000011\LUT=8'10001111 for cells of type $lut.
Using template $paramod$lut\WIDTH=32'00000000000000000000000000000011\LUT=8'11100000 for cells of type $lut.
Using template $paramod$6162d8fe7f626749a1c3ea7d8f0f220d2ce2af0b$lut for cells of type $lut.
Using template $paramod$lut\WIDTH=32'00000000000000000000000000000011\LUT=8'11101010 for cells of type $lut.
Using template $paramod$6c51c1ba6c39f0c09b896d52432b366f116bd3c1$lut for cells of type $lut.
Using template $paramod$d79e8c7f0cb3bd049a34d82ec5fe688d444e5a52$lut for cells of type $lut.
Using template $paramod$f940b3836b816258cf0bf1afa7ea5d3b0e7a8025$lut for cells of type $lut.
Using template $paramod$fdcae86fcfd036c1880a04306ae771a9d7579c31$lut for cells of type $lut.
Using template $paramod$3eb8805ccd6f91bad96dcbf190c2fb4f72f4634f$lut for cells of type $lut.
Using template $paramod$2ea69c779d6c1b79ac5a87b0d1523c67d5628dba$lut for cells of type $lut.
Using template $paramod$18368a3da11a7221c7fb674ec80ee0d0bd64b883$lut for cells of type $lut.
Using template $paramod$fd904e9e35cfd343a9df248824bd3f1408724879$lut for cells of type $lut.
Using template $paramod$c9994e2a733aa21e4bfe57075af37a9c5257c791$lut for cells of type $lut.
Using template $paramod$b6ab6cd52258ff3402aebc701650bb6021713f42$lut for cells of type $lut.
Using template $paramod$59e6d2ca28d5cb1c36af855671e2169371d1d49a$lut for cells of type $lut.
Using template $paramod$lut\WIDTH=32'00000000000000000000000000000011\LUT=8'01001110 for cells of type $lut.
Using template $paramod$lut\WIDTH=32'00000000000000000000000000000011\LUT=8'11100100 for cells of type $lut.
Using template $paramod$lut\WIDTH=32'00000000000000000000000000000011\LUT=8'11001110 for cells of type $lut.
Using template $paramod$lut\WIDTH=32'00000000000000000000000000000011\LUT=8'11111101 for cells of type $lut.
Using template $paramod$bb91a41b6c6e90c9de123b408208c402cb3d3d4b$lut for cells of type $lut.
Using template $paramod$359fe4e746656bf9c72aecaff84fc7bdea9f55a5$lut for cells of type $lut.
Using template $paramod$lut\WIDTH=32'00000000000000000000000000000011\LUT=8'10010111 for cells of type $lut.
Using template $paramod$a955feb7540ebfd2a370605ca1340476165ce2d2$lut for cells of type $lut.
Using template $paramod$lut\WIDTH=32'00000000000000000000000000000011\LUT=8'01110000 for cells of type $lut.
Using template $paramod$4a0b7d2a2849f16773696ba19d68aee3da2f49f1$lut for cells of type $lut.
Using template $paramod$0465453fffdba7fc3a3b4c4e30ff7eef39b92874$lut for cells of type $lut.
Using template $paramod$7ebd053006fefd5a4368bea803813a6c7860a94a$lut for cells of type $lut.
Using template $paramod$37c9af120c85145419565a9ccf4ceb7397fbbe92$lut for cells of type $lut.
Using template $paramod$c52825d0b1a0cfc6362b36af6d13149a97d3e424$lut for cells of type $lut.
Using template $paramod$59f60020976806c4ed6cb9392296692938fab2e5$lut for cells of type $lut.
Using template $paramod$lut\WIDTH=32'00000000000000000000000000000011\LUT=8'11111110 for cells of type $lut.
Using template $paramod$lut\WIDTH=32'00000000000000000000000000000010\LUT=4'1011 for cells of type $lut.
Using template $paramod$313a6aa78b9c489b152eda3b81c30984126a846c$lut for cells of type $lut.
Using template $paramod$5a115ff4aafba58e20bd383535ae3eecaa99c6b2$lut for cells of type $lut.
Using template $paramod$4a204ad7ae5f3a8d90c491ee151fb85838b50fd3$lut for cells of type $lut.
Using template $paramod$lut\WIDTH=32'00000000000000000000000000000001\LUT=2'01 for cells of type $lut.
Using template $paramod$3a456086f9aadd68ee04d4d7afbad8c702368bc8$lut for cells of type $lut.
Using template $paramod$97b10a6f0b18625cae2cc6498004e68d7efc2803$lut for cells of type $lut.
Using template $paramod$ad23ff0eba8331fec2cbf4fe50f1a813d03df65b$lut for cells of type $lut.
Using template $paramod$106b207b28889b791caddfa0b5e31603bc7384b5$lut for cells of type $lut.
Using template $paramod$ef3fdcd80f2cfe1b373696ada0babc6a69a2ab28$lut for cells of type $lut.
Using template $paramod$d4015d2908098e51036ab7b7a2ea715298691219$lut for cells of type $lut.
Using template $paramod$ed0cd71ecd589341c21a9583dd1a3ac0bf5a9e37$lut for cells of type $lut.
Using template $paramod$e51a8a571bee774247b38f52d6e85fd62ae52cea$lut for cells of type $lut.
Using template $paramod$5e9374f44a27c3f8a1c38af244ec43ceb4fb8d4f$lut for cells of type $lut.
Using template $paramod$364c9ffbffac467d60dfec81bba4e18476c15602$lut for cells of type $lut.
Using template $paramod$2f7deae5fb594b0c70bb82efd4d3682a7baaa352$lut for cells of type $lut.
Using template $paramod$lut\WIDTH=32'00000000000000000000000000000011\LUT=8'11011001 for cells of type $lut.
Using template $paramod$cc48261582988c50bbd2bdd83f5413bf75fb6da8$lut for cells of type $lut.
Using template $paramod$4d7f17f71543a1e7fc1835bd79c4827a43f2e844$lut for cells of type $lut.
Using template $paramod$7774d867e241b9d13ea2e7c487d7a8070c92fdf3$lut for cells of type $lut.
Using template $paramod$734cd1512f671d92bc4f41153da0d9781801dd98$lut for cells of type $lut.
Using template $paramod$lut\WIDTH=32'00000000000000000000000000000011\LUT=8'11001000 for cells of type $lut.
Using template $paramod$98f2bc4d150d1bb1fa42ece74207354e52d366fd$lut for cells of type $lut.
Using template $paramod$lut\WIDTH=32'00000000000000000000000000000011\LUT=8'01100000 for cells of type $lut.
Using template $paramod$9ab863ae54e24291e87c4829eb112467eb6d94d0$lut for cells of type $lut.
Using template $paramod$94ac66a11090dca84889e55fcf03297912a5b7ec$lut for cells of type $lut.
Using template $paramod$cd6c4b4da6d8737b72fd2dc8f5d83d8967445809$lut for cells of type $lut.
Using template $paramod$101238f3d8d49ab12a9b49a2f01cd503b26e9c61$lut for cells of type $lut.
Using template $paramod$ba7f31f246a278c41fa0648a6e0512f63185dec0$lut for cells of type $lut.
Using template $paramod$fe1497207981e9e4f2f9556fad9970ec052e0a6d$lut for cells of type $lut.
Using template $paramod$a41d0e3b97911dca5b893a7d849ab04257ab9d97$lut for cells of type $lut.
Using template $paramod$8e224a63a74b6daf8fc2e441cb0688a65e7a4073$lut for cells of type $lut.
Using template $paramod$6b0849254d6c87461fb93e37cc18f089f61eb912$lut for cells of type $lut.
Using template $paramod$ab802f374fd5db87cad46a1e7b287d7bfdd01aa7$lut for cells of type $lut.
Using template $paramod$229811949e4a7c77fd692f07e6e84a1feea24c9d$lut for cells of type $lut.
Using template $paramod$fca001e3e0b52158a872e76e56c01ec10dfbb1de$lut for cells of type $lut.
Using template $paramod$lut\WIDTH=32'00000000000000000000000000000011\LUT=8'10010000 for cells of type $lut.
Using template $paramod$9e1755e3954600257bb9b9ab192e2c0243b0f35a$lut for cells of type $lut.
Using template $paramod$a745274df8f514565625fa7fee7a9fb864a85f2f$lut for cells of type $lut.
Using template $paramod$266b5b17515ac732092eae629472f1bec3ad2487$lut for cells of type $lut.
Using template $paramod$c59a36ba69182f0ac601d1ffebffaa5c6d5b7866$lut for cells of type $lut.
Using template $paramod$f4430d6ee8bdef7ff1913606b670846b3b24a29c$lut for cells of type $lut.
Using template $paramod$6b7c9c56fc2a32a479d463d5f3b0d3f4673b67f1$lut for cells of type $lut.
Using template $paramod$c51ac7ca15f414ee9f8b05908ed14d1e89a718a3$lut for cells of type $lut.
Using template $paramod$68fe50ee5a60a0bed36b1b1843c805d7bc807f41$lut for cells of type $lut.
Using template $paramod$c1a19a87ccbbb03d43a72335db63f692ddf82cc1$lut for cells of type $lut.
Using template $paramod$9e394303e290a474880b56f98766417009256d93$lut for cells of type $lut.
Using template $paramod$911ce2c2ed06f63589760952a728b60224a26237$lut for cells of type $lut.
Using template $paramod$3977c724a41263594792e11f1b6eae2f6b247db9$lut for cells of type $lut.
Using template $paramod$f6cf42107828c968cd23f54c078676060f3ab66b$lut for cells of type $lut.
Using template $paramod$c4a4cf1f67c598049dd5cb5cdb183838e000e772$lut for cells of type $lut.
Using template $paramod$lut\WIDTH=32'00000000000000000000000000000011\LUT=8'01110110 for cells of type $lut.
Using template $paramod$e9384fd23db3a972fdf0a5e7914e72742c5d7e32$lut for cells of type $lut.
Using template $paramod$9cf9969abb36689e56cd29234749189449d35aad$lut for cells of type $lut.
Using template $paramod$23b5c9f11e2bb144b4f1cffcde8e581e947f7f0d$lut for cells of type $lut.
Using template $paramod$59351edd12570051e6f8736c1a8738a84cde0034$lut for cells of type $lut.
Using template $paramod$lut\WIDTH=32'00000000000000000000000000000011\LUT=8'00001011 for cells of type $lut.
Using template $paramod$0f5a04fa1c5f395f8f89349dbb40f567f97ab4c8$lut for cells of type $lut.
Using template $paramod$c6025c38ab949c3115304784db8b939c94cdd9ba$lut for cells of type $lut.
Using template $paramod$bbad4b39482e42b4e7d776953ad116b95cdf438c$lut for cells of type $lut.
Using template $paramod$lut\WIDTH=32'00000000000000000000000000000011\LUT=8'01101010 for cells of type $lut.
Using template $paramod$47a8214374025465e226fa66bee690ff33268a25$lut for cells of type $lut.
Using template $paramod$4c4c54894333f3af6ef0311ab8bbf37c8e7cc9da$lut for cells of type $lut.
Using template $paramod$55a1a8be46cce71f91659fdf02b9158f1abb27a9$lut for cells of type $lut.
Using template $paramod$8f8f3ed0dfbd822273417c0b66ef033f29ee6b95$lut for cells of type $lut.
Using template $paramod$2a8c39a441ed6c9f471da05f40cf3232305f0360$lut for cells of type $lut.
Using template $paramod$lut\WIDTH=32'00000000000000000000000000000011\LUT=8'11010000 for cells of type $lut.
Using template $paramod$bba54c1ef87367812b4c15f4aed5ac70773df775$lut for cells of type $lut.
Using template $paramod$lut\WIDTH=32'00000000000000000000000000000011\LUT=8'10101000 for cells of type $lut.
Using template $paramod$f8a4fbafaac28653e1d8724312b867e96e454d24$lut for cells of type $lut.
Using template $paramod$7299f2246d1a80c33c807bc8bb00c5b5d234d530$lut for cells of type $lut.
Using template $paramod$81b6b80fde62ebd1b204165b10ce6d2faaef0703$lut for cells of type $lut.
Using template $paramod$lut\WIDTH=32'00000000000000000000000000000011\LUT=8'01101001 for cells of type $lut.
Using template $paramod$69185bb43703e4b30816b8e1888ef6df295509db$lut for cells of type $lut.
Using template $paramod$df196ed0a1da5c4a58c5e08a1dac304fd3fccaab$lut for cells of type $lut.
Using template $paramod$lut\WIDTH=32'00000000000000000000000000000011\LUT=8'10001100 for cells of type $lut.
Using template $paramod$f86f40505d15e8c4ff5df6451604f2e9ed0f5993$lut for cells of type $lut.
Using template $paramod$2aaa785be28281b0a4bf077064a14e475b982eb7$lut for cells of type $lut.
Using template $paramod$lut\WIDTH=32'00000000000000000000000000000011\LUT=8'10001010 for cells of type $lut.
Using template $paramod$49615f5f889981a3430557571fe4a5ee4b1f95ea$lut for cells of type $lut.
Using template $paramod$306b805312e24d7e023950b7c817e62de62683ea$lut for cells of type $lut.
Using template $paramod$e84e4a245515000cd6930e0f4535753ed485f71e$lut for cells of type $lut.
Using template $paramod$lut\WIDTH=32'00000000000000000000000000000011\LUT=8'10101101 for cells of type $lut.
Using template $paramod$f670d1549f39453d28d534125eeac717482b97bc$lut for cells of type $lut.
Using template $paramod$76be5a5900f80a135961ac09b0cf70ec8308af2c$lut for cells of type $lut.
Using template $paramod$d7856980c8e3df62f97c26ab34037f33a9e831b5$lut for cells of type $lut.
Using template $paramod$eade5e875d4149bf2b0103d6d468e595d93906f9$lut for cells of type $lut.
Using template $paramod$lut\WIDTH=32'00000000000000000000000000000011\LUT=8'11000100 for cells of type $lut.
Using template $paramod$f2c7724a377078ae43fd5553a51bddaa7059bce8$lut for cells of type $lut.
Using template $paramod$583294f05aaec818beb341e1ee966bc090a0a81c$lut for cells of type $lut.
Using template $paramod$df0b68f8e63b2deb6710e23abd8b8ff0796d4897$lut for cells of type $lut.
Using template $paramod$ecae7c8c92e63765dd6a7f5eec82965d3f41a820$lut for cells of type $lut.
Using template $paramod$lut\WIDTH=32'00000000000000000000000000000011\LUT=8'00001101 for cells of type $lut.
Using template $paramod$lut\WIDTH=32'00000000000000000000000000000011\LUT=8'01100011 for cells of type $lut.
Using template $paramod$3c9f57d5dc6c8988df0118811b313cec7e9bf2d0$lut for cells of type $lut.
Using template $paramod$dd7128e372903e6f5229e89305b3d36a1b1ecc35$lut for cells of type $lut.
Using template $paramod$92ae8cf9291da386060b54ece8d2ebc234f6e27d$lut for cells of type $lut.
Using template $paramod$lut\WIDTH=32'00000000000000000000000000000011\LUT=8'10111000 for cells of type $lut.
Using template $paramod$ecc8f136f6aed415e047a0ef706f98ca5d1ce334$lut for cells of type $lut.
Using template $paramod$149f41c146f3d7df72799e86c14a5edee10b80ab$lut for cells of type $lut.
Using template $paramod$b57e6ec3eb28898d1897fa0a774f26c970a33299$lut for cells of type $lut.
Using template $paramod$712c84ff2170de5b4ca5a0497243d41cabeef077$lut for cells of type $lut.
Using template $paramod$dadff75c617cf87bb5b8cfe47ca6c69fb6925370$lut for cells of type $lut.
Using template $paramod$727e1f3e7f2ccb65b6e8743f9527221ce5a9c649$lut for cells of type $lut.
Using template $paramod$0b7d81ff28efc2f21972b5968fb42f63121403ef$lut for cells of type $lut.
Using template $paramod$3a32a7587b9f95b908af04fb9b75cd3eae00b58e$lut for cells of type $lut.
Using template $paramod$42b957bb3416a0bdc9524f8cf5e81be3add7bcbc$lut for cells of type $lut.
Using template $paramod$b8e43e3f5a5b3a3d02880fc0e8ef6c7a00e7bca5$lut for cells of type $lut.
Using template $paramod$9664483609d9e726df9697364de1aad825ad3979$lut for cells of type $lut.
Using template $paramod$3b032d225bd249f31b9edcd826f53ea077658959$lut for cells of type $lut.
Using template $paramod$a2b4ddfa3906001b2ef9f2414d79c3048f2a3a6e$lut for cells of type $lut.
Using template $paramod$00afd067e1d97e053ac9147302f473ab18328fbb$lut for cells of type $lut.
Using template $paramod$cec9bbd57dc57d32e83e4609ff28d8bd90e3e951$lut for cells of type $lut.
Using template $paramod$ea0a4ee26eb9aa2c03283f4bfb761fc3543b5b69$lut for cells of type $lut.
Using template $paramod$cf1f7f758839639a41e416f6707fdf71656f046a$lut for cells of type $lut.
Using template $paramod$641765d19b07224ee3905d13b3845bf933f6c51d$lut for cells of type $lut.
Using template $paramod$4b6d71ecc8170bfacf38b3b71c1a9b261b163b05$lut for cells of type $lut.
Using template $paramod$b4f1e5381dcacf3009c820ad24d9dd98ebbc0254$lut for cells of type $lut.
Using template $paramod$f758f2ed051391a4e99c1366dd7e811574cddf79$lut for cells of type $lut.
Using template $paramod$5c8c17fadf3cc51ffaa7d28e9da7de7fc49f8f75$lut for cells of type $lut.
Using template $paramod$7e3b606f081b1ff84f8a55168f10f7474a40ea79$lut for cells of type $lut.
Using template $paramod$a8bd02a7e5ce01918f902c876189fe753369e4f7$lut for cells of type $lut.
Using template $paramod$ac4fb80d591a6b6c6ac9fc3c8b96156e2c222fb0$lut for cells of type $lut.
Using template $paramod$771bacb95cbcf0d4d3516ebc797c799b405d8bc1$lut for cells of type $lut.
Using template $paramod$bf0d0292861bdee659ef5cbc5e58b330ac5871f9$lut for cells of type $lut.
Using template $paramod$e03965de3d69365d4e22107e555a991111b50b57$lut for cells of type $lut.
Using template $paramod$e5743ca47d04155adacf537a4833711014911ae9$lut for cells of type $lut.
Using template $paramod$436473fa233b0ca19b53ebd876ad16ffea8fb1c8$lut for cells of type $lut.
Using template $paramod$29b7303184a8e61936394dc096d19c9341132847$lut for cells of type $lut.
Using template $paramod$5394cfacbe03a6d1c3fa05401e118f7573ed04d3$lut for cells of type $lut.
Using template $paramod$011d6531182cdc9c9eef5d24b581bcf20fbb7758$lut for cells of type $lut.
Using template $paramod$692927e279b3d5c42ee4aacb287247c0b34943ed$lut for cells of type $lut.
Using template $paramod$f41db934cf3bc76714fdadbdde9dabdd739c0974$lut for cells of type $lut.
Using template $paramod$b3204766abee363a801e1696ac06892e0d18b8e5$lut for cells of type $lut.
Using template $paramod$5314566fd18361a723591b60fc07c3ef16a57a8c$lut for cells of type $lut.
Using template $paramod$f9d5cb7f3a24a3978811c5219d2f4f07ec60cef0$lut for cells of type $lut.
Using template $paramod$beb376b06b1d2c535c2faac704b61533b630e05a$lut for cells of type $lut.
Using template $paramod$43e2ef22d89b66b5fa2ad4caee034dee5cc41fcf$lut for cells of type $lut.
Using template $paramod$0ca14457c8fe2cc5a9d611659655d0260992f465$lut for cells of type $lut.
Using template $paramod$a8cb9dc6eccb911035b7155b3fa8bdcdb987b386$lut for cells of type $lut.
Using template $paramod$c91ce0f69f3802f66c51dbb12b91a9a11ff9e85a$lut for cells of type $lut.
Using template $paramod$34e531dc93cdec6b88bf30bc052a85f014ce6b53$lut for cells of type $lut.
Using template $paramod$e84d5c328f646f8ac3977649290ac6dca9c9b2fe$lut for cells of type $lut.
Using template $paramod$ffd13d8f135d5253c7565faae38cd586639f9cae$lut for cells of type $lut.
Using template $paramod$0df10a6fd31ff372ffcda4730ed2d5e6415abfd4$lut for cells of type $lut.
Using template $paramod$81b4571ae69c50dbc2a1bb69b0d2c33901796273$lut for cells of type $lut.
Using template $paramod$fa31e41dd538964e8eed347b6c2437110ec0a79f$lut for cells of type $lut.
Using template $paramod$7d7d0889192542c76acfa82245101017553e949d$lut for cells of type $lut.
Using template $paramod$895b5eae69a7bef658ca1d9b29a18de0c7225a4d$lut for cells of type $lut.
Using template $paramod$62b10256145614519a107613336c12ff4a78856c$lut for cells of type $lut.
Using template $paramod$f4c27935f83578ba83f576571256435571858866$lut for cells of type $lut.
Using template $paramod$87112c7d511269df645aa80f0e41752d7498bc47$lut for cells of type $lut.
Using template $paramod$ead8b823cf6244b689c66a3d488367a56f887478$lut for cells of type $lut.
Using template $paramod$85cf43594de64f4da133a52b121945d322a4caf5$lut for cells of type $lut.
Using template $paramod$ed314ff779cec1bdf281ff6b7da3c6307fac5bee$lut for cells of type $lut.
Using template $paramod$1fffd425e87119b8f68cc0366ae152d24c0ee715$lut for cells of type $lut.
Using template $paramod$43a9defe325bedb5d7b4a5c85b14ac23f58ef346$lut for cells of type $lut.
Using template $paramod$734cb5d7d83659ae4da13abb9e04fafa8dc19119$lut for cells of type $lut.
Using template $paramod$34ddb6c6a93f3576209bd8711251250fa732b1bc$lut for cells of type $lut.
Using template $paramod$3ad91fcd45db0e47ab1d2de716e8b821d6495043$lut for cells of type $lut.
Using template $paramod$452f15f8c706f3c04afc42f217b2da610692a306$lut for cells of type $lut.
Using template $paramod$82a48e5f5771a531ca9edba4cc6af5165f5035d5$lut for cells of type $lut.
Using template $paramod$7cb79e21340d56f4d160efed618a2e47c27317ae$lut for cells of type $lut.
Using template $paramod$5a7e7875e93f82837fd36ae54625ba85cbf06071$lut for cells of type $lut.
Using template $paramod$aba630d84878fe83cacf983942623632df969dcc$lut for cells of type $lut.
Using template $paramod$13c37b3451803efee998a7caca8dd42631c5fbc4$lut for cells of type $lut.
Using template $paramod$b09ac28a0ca6ff350a8ddcb503d58b5e07a3ae9a$lut for cells of type $lut.
Using template $paramod$94d7a84734aed53ea1bc5bf618a0bb0d4279da1c$lut for cells of type $lut.
Using template $paramod$de8f577f1e8af1dadfbd6f5a185b3cc1c26b641c$lut for cells of type $lut.
Using template $paramod$4efd1b47743553d2acd3bf9d6f9320a0d69e4d5a$lut for cells of type $lut.
Using template $paramod$48ff51ecc9ba865891e818f5e8f9074105f3b668$lut for cells of type $lut.
Using template $paramod$e1e0860bc66b0ec3f1528c4ebf1eebcd83d23576$lut for cells of type $lut.
Using template $paramod$a95aeb58822b83840ad0d33221e28b316b409b83$lut for cells of type $lut.
Using template $paramod$ef95b732bc1a7ffeede66d60e7ad5a0fedb24ae7$lut for cells of type $lut.
Using template $paramod$61bc98ece8c76bffd4acdf40e5f231340cba90fc$lut for cells of type $lut.
Using template $paramod$ed29e7d001a1a28b656ab175cf2b2374213b088e$lut for cells of type $lut.
Using template $paramod$9b75cc52a97ff27603fb03855d5ac2f646602d90$lut for cells of type $lut.
Using template $paramod$0e190cb56ce9d90f1708677e7b75ef6a62d845e7$lut for cells of type $lut.
Using template $paramod$adeb5a3f47c649f28f92f35c511f09de26e44681$lut for cells of type $lut.
Using template $paramod$7a36951baf95cd2183bd59cb8867efd49cdcf08c$lut for cells of type $lut.
Using template $paramod$2f4fc718c46f27cab3058dafa6d6764390eae513$lut for cells of type $lut.
Using template $paramod$70f958c3e26a2f4001cf0c7ee40d2876499dd290$lut for cells of type $lut.
Using template $paramod$c17f783b2672ece4ec8753c85600d76537d11ec4$lut for cells of type $lut.
Using template $paramod$ede761341368efd53bcaebaec83bbf67ed9dec7f$lut for cells of type $lut.
Using template $paramod$9fad9c5bad4e44880851da568aa14d62715a991a$lut for cells of type $lut.
Using template $paramod$e7c80c01c2b3c78e4e294b6d83910cbaada46a9a$lut for cells of type $lut.
Using template $paramod$c661f2e7a3fe57bdfbe8c673caaa411801b7fa8a$lut for cells of type $lut.
Using template $paramod$c4921de42ae0e2cd516a5695923e05587f43f785$lut for cells of type $lut.
Using template $paramod$7a728a6b45cd43fa4a9deabdd98adcba5f0a3e7b$lut for cells of type $lut.
Using template $paramod$6581d4a72cf3f2e9a3d1e4aefe417dbf5efe7a7b$lut for cells of type $lut.
Using template $paramod$37fb321d4a9923d6112dd5f8092e6bf20cce0e81$lut for cells of type $lut.
Using template $paramod$aeb9efcf6e5e8469b6d2c5bf0f2ed0305c62599b$lut for cells of type $lut.
Using template $paramod$ef6c3acdef3b2cacb2604a4f078062144cc033fe$lut for cells of type $lut.
Using template $paramod$242bcea53d5c8502fa72c28aa88b2562632fab4c$lut for cells of type $lut.
Using template $paramod$f12c64475985492a1b567744a87402045a062c31$lut for cells of type $lut.
Using template $paramod$2c177b6d787a2c1b88ae76cad54be2af50b6ae15$lut for cells of type $lut.
Using template $paramod$1b2b8e8654d3aaff1f19a0e531d0a919a9f68aaa$lut for cells of type $lut.
Using template $paramod$25442ef03e05a007d398f19d851b28b9f5eba6db$lut for cells of type $lut.
Using template $paramod$37591515a6b26596b8f79693031c4dfba5bd0bdb$lut for cells of type $lut.
Using template $paramod$8d1bc698c8905a964b2f4f9fae07304e310d58f5$lut for cells of type $lut.
Using template $paramod$05a013c604a8fd8dad9e08dab16a8727fc55d01a$lut for cells of type $lut.
Using template $paramod$3c2c41a3dfa511b9d0c6ddbf4ddb8fe22bb4f3cf$lut for cells of type $lut.
Using template $paramod$b2cd2d9d84c1878e47ba488d94e8a45d290973cd$lut for cells of type $lut.
Using template $paramod$f8bf7ce2cfc03a2fcdba016d95c65c16f5a9e768$lut for cells of type $lut.
Using template $paramod$6216eedf1c5f2bdf0973f7aa817f2cd29f0d2d79$lut for cells of type $lut.
Using template $paramod$aa40b2fa6a6d00b43dae46ade7bb92c3aacb7544$lut for cells of type $lut.
Using template $paramod$e16fa11a28a9bc8504053b028f2e7d7061e0d8fa$lut for cells of type $lut.
Using template $paramod$a1fb261c4791e5f2263e51595a298951c27d694e$lut for cells of type $lut.
Using template $paramod$8bd02bb834da8a08eb1ebb3ff9a897700e4cf2a6$lut for cells of type $lut.
Using template $paramod$61cf97a9e18efbc96e71b5564769f4daac45181c$lut for cells of type $lut.
Using template $paramod$0442e8335420d0d4801b2c0e6e2550c08f586920$lut for cells of type $lut.
Using template $paramod$ad7e4d4b357b141109f952d5c727475659ad9eda$lut for cells of type $lut.
Using template $paramod$de7198773f80d4a8cf45948fab3dfc806b6fb4fc$lut for cells of type $lut.
Using template $paramod$76029e18104ec49c1794599359c47b5c1980655d$lut for cells of type $lut.
Using template $paramod$71d6d3d7653dd35f0f0d8d3740edf95dfe9e8e8e$lut for cells of type $lut.
Using template $paramod$21131d4c7b142e2b672ca0ea836904d234ec8be0$lut for cells of type $lut.
Using template $paramod$449331e86a9bec24777c85c2bd7db060366f3821$lut for cells of type $lut.
Using template $paramod$36f2765f15abc8ca04df65304af4014eade2b51f$lut for cells of type $lut.
Using template $paramod$9728486d945212460dc34b4d76cd17f99282d7b1$lut for cells of type $lut.
Using template $paramod$c9b4c1376f2dfbfb338589382559722d8ea2ec83$lut for cells of type $lut.
Using template $paramod$56f94c88f6a1930a7db537f4d3fbcc924e78c3e0$lut for cells of type $lut.
Using template $paramod$c315fd171a22ad0b563d890e3adda172ea240769$lut for cells of type $lut.
Using template $paramod$a8f0b66d6442d140b08ba5dde7bccc974236df60$lut for cells of type $lut.
Using template $paramod$7f1213330213e38a626cd93755db0b31887255fc$lut for cells of type $lut.
Using template $paramod$552c54a44f22c5fb2e95c58915635f2a2f213caa$lut for cells of type $lut.
Using template $paramod$4d3920c3e7c1ed8527d93e5259a19596903b2984$lut for cells of type $lut.
Using template $paramod$6a9e6a7be18da3b2738a3c440c25aefc246735de$lut for cells of type $lut.
Using template $paramod$002d911806cb6f17f118309f905b4eb35813b9ef$lut for cells of type $lut.
Using template $paramod$ce1eaec99fa566692cc4fd7e4726aec0ff1f027b$lut for cells of type $lut.
Using template $paramod$b367d2ccfbf2f4ce6f596b1f35519ccaf19d9313$lut for cells of type $lut.
Using template $paramod$dd0d5e6333bb446b5980e94d957bc63973869255$lut for cells of type $lut.
Using template $paramod$c45576938a9b58d891a9ccf0c10041ea33e86e1d$lut for cells of type $lut.
Using template $paramod$24da1cc92f1694e3a10c14ed919c021f3ac8065c$lut for cells of type $lut.
Using template $paramod$987038306ee5070699b78148d700eaf72e16be75$lut for cells of type $lut.
Using template $paramod$66efeba0d502da56975d1ebb85effa688998c3df$lut for cells of type $lut.
Using template $paramod$fd171f028283b1279b7e023f3c272f191896b9f7$lut for cells of type $lut.
Using template $paramod$fd93fc99b482403abeb408c37885dd17f5676624$lut for cells of type $lut.
Using template $paramod$c0076f9351437c6947dabdca79f98c58445d3dcd$lut for cells of type $lut.
Using template $paramod$fa7041d5aebba4262fa0da0892e1b794de2c1a2a$lut for cells of type $lut.
Using template $paramod$ddc437e0bf78f2ec8cfa6914f9abd190cf51bbf4$lut for cells of type $lut.
Using template $paramod$75f949dbf0db60c426a612adc0a2a44f1d8c8dfe$lut for cells of type $lut.
Using template $paramod$56a95910675209e9ef42eff73c780c4d493ae003$lut for cells of type $lut.
Using template $paramod$50e19e0e60d4135b10e3942acbecde9609be653f$lut for cells of type $lut.
Using template $paramod$2f5467de1e1d470108c0d42d5ab5ae9ad1eb539b$lut for cells of type $lut.
Using template $paramod$a85d501219ba2e70329b4df22639976499dda400$lut for cells of type $lut.
Using template $paramod$e24e31120d4a3aeab3bdb825f4601e660df947d2$lut for cells of type $lut.
Using template $paramod$8ed29749fc9e612424f889ab7686a48a21c69190$lut for cells of type $lut.
Using template $paramod$c55bff31366f67e6970d64bb1c3eb6ff28da979d$lut for cells of type $lut.
Using template $paramod$61f245c12ab7052e4a5c764ecd9e4e164bd01452$lut for cells of type $lut.
Using template $paramod$58df1111a860c1bdc8a9f484e1e515ffe9673c32$lut for cells of type $lut.
Using template $paramod$696eee7cedd586995ee97a8274618248c9d9cf7d$lut for cells of type $lut.
Using template $paramod$3f7f8a64db424e8dc6197866ac9860a74eb409e5$lut for cells of type $lut.
Using template $paramod$b3158f660e101a9e5c06fc72acdddd5cefe12a77$lut for cells of type $lut.
Using template $paramod$8114d042aebf05941ac62057e7f3e0b6a6cf3661$lut for cells of type $lut.
Using template $paramod$062471edf89154e34c0b5330adba7d97778d968e$lut for cells of type $lut.
Using template $paramod$f67053edb34022bbb6fe34cd3bebc7f881bdc769$lut for cells of type $lut.
Using template $paramod$4f3d4d938d5236fea2bf7065d2781f8ab2263d98$lut for cells of type $lut.
Using template $paramod$1001121e5caa60202e4c411e555e67f933605173$lut for cells of type $lut.
Using template $paramod$bdbca9bb9941853cce5c2e083ac22384fcafb5f8$lut for cells of type $lut.
Using template $paramod$d9b8aa35729aa09e2522bf5ecb7616d6de1ed78f$lut for cells of type $lut.
Using template $paramod$9d7b7b647bdfb84c8d2e249b3daf583559e1695e$lut for cells of type $lut.
Using template $paramod$1f16048e4d7a84f6c1b9bcca0b069fec27ea88aa$lut for cells of type $lut.
Using template $paramod$f6432ab34e8ec92c9e5f4decaae61d1bf6cb7d11$lut for cells of type $lut.
Using template $paramod$115e418deb3f60fc489ab556e72651aa547a2513$lut for cells of type $lut.
Using template $paramod$d85d6fba7047bb37d21f6e2a2df8c4d2f7ef2a17$lut for cells of type $lut.
Using template $paramod$6ac63e260ac9358393ce55a25a74c7e990c673c3$lut for cells of type $lut.
Using template $paramod$61fa564d107e61cefabdc9637995c52d978af0f3$lut for cells of type $lut.
Using template $paramod$e961da90a771f5989ad3eb701bff5437ac65eaae$lut for cells of type $lut.
Using template $paramod$fa73288e2f75224be7b5405eeef7660c875219c3$lut for cells of type $lut.
Using template $paramod$fc9c3bc46321029c375eb3dfc89c9adcfa27c848$lut for cells of type $lut.
Using template $paramod$b66ced6e9dc256e461b181d0a3405be97d02ff58$lut for cells of type $lut.
Using template $paramod$b27ecd37bdb682e49e7f3c99136f6a4c1050e9d2$lut for cells of type $lut.
Using template $paramod$5769ef085305737770eb3fd00949088cb6bb8e7c$lut for cells of type $lut.
Using template $paramod$31f6e62a86b9a8c93a3392efd7f22ad268a28d19$lut for cells of type $lut.
Using template $paramod$7b30af4880daddece97ddd6db93e403ae1cec5c8$lut for cells of type $lut.
Using template $paramod$c27d6b934b0c7d53d61398e6a09c8853fdfb9ea3$lut for cells of type $lut.
Using template $paramod$b6bc63c12adc8c4c9beaa9c30875b4ba4b686fde$lut for cells of type $lut.
Using template $paramod$db4af3bca0b14b950f9a90489ad4ad502ef632a3$lut for cells of type $lut.
Using template $paramod$d4204817aefd4f605fcccdbb9c6e2518dda60c22$lut for cells of type $lut.
Using template $paramod$dfd57607b12cbcfa0282cd45553eece614a60bf8$lut for cells of type $lut.
Using template $paramod$e3003bb1ac3340ee11c452d30f9c1ba9ab98f3c4$lut for cells of type $lut.
Using template $paramod$3a56ef8ec85bdd8f264f27a9bafa0a81d604f010$lut for cells of type $lut.
Using template $paramod$fe2ccc9771c7f3621af3392ea69c0322e13310d4$lut for cells of type $lut.
Using template $paramod$26765306d01e48a82df009c0bdb9f8b61596fb7e$lut for cells of type $lut.
Using template $paramod$df35b34bbfa64492dc564940b3d663d8fdcf54e3$lut for cells of type $lut.
Using template $paramod$7e79b3c789c882dee56e431cfbe14ec1d95865f7$lut for cells of type $lut.
Using template $paramod$0c61db7c1602fbd0cea6d4dc30c5de9db8269769$lut for cells of type $lut.
Using template $paramod$1756a4224d18750aa3d8728bca45bfa7420eb177$lut for cells of type $lut.
Using template $paramod$5d0d43d0c028c98128af04a022c46219310dfbcf$lut for cells of type $lut.
Using template $paramod$d817fb0eda48910fe306b340e5f1404baa0c8e5a$lut for cells of type $lut.
Using template $paramod$107ce0d814ab431b28665c52223e686d4b7b1945$lut for cells of type $lut.
Using template $paramod$bfc6e9cbe3c9c007686f9a45ac8e0fc13fcd085f$lut for cells of type $lut.
Using template $paramod$16f4d5a320f8c31ec68e2957f4cfe520c3f549a4$lut for cells of type $lut.
Using template $paramod$9c83190cb7e48bb3a6ae53b261370c80c7b95001$lut for cells of type $lut.
Using template $paramod$3af72a8e113549a3a5371e577a367ee5047f3628$lut for cells of type $lut.
Using template $paramod$3f4219262d79fe8770d65db82ebc3af4a4c9a68b$lut for cells of type $lut.
Using template $paramod$0b72ed9354606aa696f8aeb31940da5721b1eab7$lut for cells of type $lut.
Using template $paramod$7770284085d22957bf5469905a6b2dc034d1dcd0$lut for cells of type $lut.
Using template $paramod$0648a9971338eb5e0ed691e2a77f7ac35ca33a48$lut for cells of type $lut.
Using template $paramod$4afbb92cf277793c1e2a5c5e4626e603d84bed1f$lut for cells of type $lut.
Using template $paramod$c61b4e39761673898d7c4485490d6411b579c0ea$lut for cells of type $lut.
Using template $paramod$ac5104b0f31e073ac445859404a5ecbcf6edcff5$lut for cells of type $lut.
Using template $paramod$91c92abe03c628d14fecf5a34ee6af9609e0ec5d$lut for cells of type $lut.
Using template $paramod$45aa78d31d6f3e596c159f65cc0bade808043b23$lut for cells of type $lut.
Using template $paramod$1f8045b64f8f834ee34111045c45b606edde03a5$lut for cells of type $lut.
Using template $paramod$1c950b5a9aa788c38e5d33a8688ce3058babcca5$lut for cells of type $lut.
Using template $paramod$ce15196441954efb802bf04833d0d08a7a5dce15$lut for cells of type $lut.
Using template $paramod$748438a819d2378278dedf872c17da3557f0ef07$lut for cells of type $lut.
Using template $paramod$5b0bbbd2744428ba23243eb014684303584c8fc5$lut for cells of type $lut.
Using template $paramod$0e2f6b3723c7bab13cff2444b2062045bf0e531c$lut for cells of type $lut.
Using template $paramod$f72ab1cd6d48c28fcd925c87c733e066426b1f78$lut for cells of type $lut.
Using template $paramod$235ac5b240c334dc34a49d771618866987c926a2$lut for cells of type $lut.
Using template $paramod$d367e05a0861acf121235994a4fff23da56c8723$lut for cells of type $lut.
Using template $paramod$669b0b701dd9d770a9b1d2ed821d282d85e0bfbd$lut for cells of type $lut.
Using template $paramod$5f8ab9a46761e05476da29d8b28b7f6a5f068746$lut for cells of type $lut.
Using template $paramod$ad4713b363bceddf24d3cbfecb8eff691677860d$lut for cells of type $lut.
Using template $paramod$a9d8247ce3c534256335b6adbbaa1e0712747947$lut for cells of type $lut.
Using template $paramod$552e3322e4b067f4d534291d7d7f0fa4db22b890$lut for cells of type $lut.
Using template $paramod$8d0176f520a1c12109aeaca73e70c1d054c5b368$lut for cells of type $lut.
Using template $paramod$8461a38da2644081983cd5b082d7f6c55a8dc5b7$lut for cells of type $lut.
Using template $paramod$56bfb9c7bc4e9d036b2c8ade273bc395ad3f1805$lut for cells of type $lut.
Using template $paramod$cc32a05866f608aca38637d6c7ba9e5d077e8484$lut for cells of type $lut.
Using template $paramod$ee6682f13f4058ad3f1adfcfc64fc4b737208600$lut for cells of type $lut.
Using template $paramod$65348b986e89940a314bda4f678375f5b7ef4cb2$lut for cells of type $lut.
Using template $paramod$e859bf967a95f80187001b451aa2ea5e064f7525$lut for cells of type $lut.
Using template $paramod$b1ba9d0d30d28e95b7df6c776d8822bba004d729$lut for cells of type $lut.
Using template $paramod$de0ac588008cf0d2a2d0e14885d08a70ff69f7c2$lut for cells of type $lut.
Using template $paramod$56a65a3c54e0a5696d796a7e84407be09b0e3321$lut for cells of type $lut.
Using template $paramod$7508c775dcb2a56b66630fcde8a2e0e8a4d79e94$lut for cells of type $lut.
Using template $paramod$fd7d81720ca6f769246bb619ca5009989dbfafca$lut for cells of type $lut.
Using template $paramod$b06372fd7c3d4b8fa4ef84c3c11c2c12bde88f66$lut for cells of type $lut.
Using template $paramod$cd7e534acbd31399f20175d39f9724149fbe547c$lut for cells of type $lut.
Using template $paramod$fb5cad4fa748fecd18483e4e11ee4635486eb88c$lut for cells of type $lut.
Using template $paramod$11c24ad18ddd029856c3383eea71685ebcbe65ed$lut for cells of type $lut.
Using template $paramod$ef2e8118224443f6cb0cc33caecb96ca51be5fae$lut for cells of type $lut.
Using template $paramod$e0f78fac76d427044d3c301a003e9eb9400a91fc$lut for cells of type $lut.
Using template $paramod$71de6f83f5811e221ec6b5aebe948222eeaabee3$lut for cells of type $lut.
Using template $paramod$f8c26f4e4943fb04374dc6dbc5eda1d33f69a6d5$lut for cells of type $lut.
Using template $paramod$ffc88efcd0735b4c0d7032c438196ae94c4e7756$lut for cells of type $lut.
Using template $paramod$2c005ce38ae4f72bba2f362920dcfc6ade68dcb6$lut for cells of type $lut.
Using template $paramod$b4b564c8e0d55f1a39a6f0984a7c1f4f51d81747$lut for cells of type $lut.
Using template $paramod$e35dee0c649fcc78dfb196d059b2e5d304084fae$lut for cells of type $lut.
Using template $paramod$98de9ef08fc35f91c1446acf8ddeeebbb4fe99dd$lut for cells of type $lut.
Using template $paramod$86c3d45faf78c83fe65e2e1f5354cc2f704582d4$lut for cells of type $lut.
Using template $paramod$42253ec393aa297b297af920a318aa999ce61565$lut for cells of type $lut.
Using template $paramod$82c0b13701acdc886aede9c55a2dc36d21ba97a1$lut for cells of type $lut.
Using template $paramod$598bbe38a80f4ff117d1b52165ed4c869ca852b2$lut for cells of type $lut.
Using template $paramod$7f21164a29286b30cd9ee1d32fa329413cf9841a$lut for cells of type $lut.
Using template $paramod$74497bc0c13c6e70f410aee1cbf7b82eba09da93$lut for cells of type $lut.
Using template $paramod$0d9fc2407c5c49e438d46b56bf1746c33cb60598$lut for cells of type $lut.
Using template $paramod$e3d029cabf2b7c68afa8400b9084ee4ecf1e95b8$lut for cells of type $lut.
Using template $paramod$7a44d7a29e658f79fded008243c8ec59cc1f7cff$lut for cells of type $lut.
Using template $paramod$266d4a4ca0f89678789a08f99630e5989249f36b$lut for cells of type $lut.
Using template $paramod$aad72af640fd3808b96db51bb8b23c293ec78e62$lut for cells of type $lut.
Using template $paramod$01f6e836b70c0df99a24bbb2f2fd201f96dac8e1$lut for cells of type $lut.
Using template $paramod$cb9389d3bcc7824cbc8eb11c8ac4986b2acbae18$lut for cells of type $lut.
Using template $paramod$53f12c95ac336b34337beace0e085d789dff2029$lut for cells of type $lut.
Using template $paramod$cba70b6e653a9200d4db4a28a637d318ceb4e4f3$lut for cells of type $lut.
Using template $paramod$1105389d7dd9bb30649af81306ba16328e2f6e49$lut for cells of type $lut.
Using template $paramod$00a5bc45e6667f51f28d5b4677f421958cecc119$lut for cells of type $lut.
Using template $paramod$7a6e467e48c8857166c62b3c3b2fef2da43d34cb$lut for cells of type $lut.
Using template $paramod$2f14ba59dec30a3ecd03a3496ab46722012d8c15$lut for cells of type $lut.
Using template $paramod$05ebf658742d14dfede2ef28f3010a9f1bc37c2d$lut for cells of type $lut.
Using template $paramod$263a40855bb77428060edb394588da72807397e4$lut for cells of type $lut.
Using template $paramod$56539969333517d59b5afbf6abe59f22b7270475$lut for cells of type $lut.
Using template $paramod$e4e96a5dece796d779288739da28d0f9a19e7c8a$lut for cells of type $lut.
Using template $paramod$9e764ec35c5bf5064ecef26b03e90c508f3f417b$lut for cells of type $lut.
Using template $paramod$e94899a223685d701c497c58caf84cf640da5660$lut for cells of type $lut.
Using template $paramod$d577f38d7aaf5bcc202e7ce1258fd28cec0a0b25$lut for cells of type $lut.
Using template $paramod$7791feee3228c9dfbc6a30e8ef14e04a7487f0ee$lut for cells of type $lut.
Using template $paramod$ff3b04fc04a5df84a70499147f6a962e56652ac9$lut for cells of type $lut.
Using template $paramod$a2338460ffee92511073d5e7a257ff7f07910861$lut for cells of type $lut.
Using template $paramod$85e330a28061e8997c60b9b2655c94f2cf045d92$lut for cells of type $lut.
Using template $paramod$69f06ba6ef763a0239c71c9d239daeb9f16a762a$lut for cells of type $lut.
Using template $paramod$90444483e96769e40af05ec8eb74a4042f9714b2$lut for cells of type $lut.
No more expansions possible.
<suppressed ~11909 debug messages>

8.46. Executing OPT_LUT_INS pass (discard unused LUT inputs).
Optimizing LUTs in matching_engine.
  Optimizing lut $abc$167024$lut$aiger167023$12181.genblk1.genblk1.genblk1.genblk1.genblk1.genblk1.genblk1.genblk1.lut0.genblk1.genblk1.genblk1.genblk1.genblk1.genblk1.genblk1.lut1.genblk1.genblk1.genblk1.genblk1.genblk1.genblk1.lut0.genblk1.genblk1.genblk1.genblk1.genblk1.lut1 (4 -> 0)
  Optimizing lut $abc$167024$lut$aiger167023$11425.genblk1.genblk1.genblk1.genblk1.genblk1.genblk1.genblk1.genblk1.lut1.genblk1.genblk1.genblk1.genblk1.genblk1.genblk1.genblk1.lut0.genblk1.genblk1.genblk1.genblk1.genblk1.genblk1.lut0.genblk1.genblk1.genblk1.genblk1.genblk1.lut0 (4 -> 0)
  Optimizing lut $abc$167024$lut$aiger167023$11425.genblk1.genblk1.genblk1.genblk1.genblk1.genblk1.genblk1.genblk1.lut1.genblk1.genblk1.genblk1.genblk1.genblk1.genblk1.genblk1.lut1.genblk1.genblk1.genblk1.genblk1.genblk1.genblk1.lut1.genblk1.genblk1.genblk1.genblk1.genblk1.lut0 (4 -> 0)
  Optimizing lut $abc$167024$lut$aiger167023$11425.genblk1.genblk1.genblk1.genblk1.genblk1.genblk1.genblk1.genblk1.lut1.genblk1.genblk1.genblk1.genblk1.genblk1.genblk1.genblk1.lut1.genblk1.genblk1.genblk1.genblk1.genblk1.genblk1.lut0.genblk1.genblk1.genblk1.genblk1.genblk1.lut0 (4 -> 0)
  Optimizing lut $abc$167024$lut$aiger167023$11425.genblk1.genblk1.genblk1.genblk1.genblk1.genblk1.genblk1.genblk1.lut0.genblk1.genblk1.genblk1.genblk1.genblk1.genblk1.genblk1.lut0.genblk1.genblk1.genblk1.genblk1.genblk1.genblk1.lut1.genblk1.genblk1.genblk1.genblk1.genblk1.lut0 (4 -> 0)
  Optimizing lut $abc$167024$lut$aiger167023$11425.genblk1.genblk1.genblk1.genblk1.genblk1.genblk1.genblk1.genblk1.lut0.genblk1.genblk1.genblk1.genblk1.genblk1.genblk1.genblk1.lut0.genblk1.genblk1.genblk1.genblk1.genblk1.genblk1.lut0.genblk1.genblk1.genblk1.genblk1.genblk1.lut0 (4 -> 0)
  Optimizing lut $abc$167024$lut$aiger167023$11425.genblk1.genblk1.genblk1.genblk1.genblk1.genblk1.genblk1.genblk1.lut0.genblk1.genblk1.genblk1.genblk1.genblk1.genblk1.genblk1.lut1.genblk1.genblk1.genblk1.genblk1.genblk1.genblk1.lut1.genblk1.genblk1.genblk1.genblk1.genblk1.lut0 (4 -> 0)
  Optimizing lut $abc$167024$lut$aiger167023$11425.genblk1.genblk1.genblk1.genblk1.genblk1.genblk1.genblk1.genblk1.lut0.genblk1.genblk1.genblk1.genblk1.genblk1.genblk1.genblk1.lut1.genblk1.genblk1.genblk1.genblk1.genblk1.genblk1.lut0.genblk1.genblk1.genblk1.genblk1.genblk1.lut0 (4 -> 0)
  Optimizing lut $abc$167024$lut$aiger167023$11754.genblk1.genblk1.genblk1.genblk1.genblk1.genblk1.genblk1.lut1.genblk1.genblk1.genblk1.genblk1.genblk1.genblk1.lut0.genblk1.genblk1.genblk1.genblk1.genblk1.lut1 (4 -> 0)
  Optimizing lut $abc$167024$lut$aiger167023$11765.genblk1.genblk1.genblk1.genblk1.genblk1.genblk1.genblk1.genblk1.lut1.genblk1.genblk1.genblk1.genblk1.genblk1.genblk1.genblk1.lut0.genblk1.genblk1.genblk1.genblk1.genblk1.genblk1.lut0.genblk1.genblk1.genblk1.genblk1.genblk1.lut0 (4 -> 0)
  Optimizing lut $abc$167024$lut$aiger167023$11765.genblk1.genblk1.genblk1.genblk1.genblk1.genblk1.genblk1.genblk1.lut1.genblk1.genblk1.genblk1.genblk1.genblk1.genblk1.genblk1.lut1.genblk1.genblk1.genblk1.genblk1.genblk1.genblk1.lut1.genblk1.genblk1.genblk1.genblk1.genblk1.lut0 (4 -> 0)
  Optimizing lut $abc$167024$lut$aiger167023$11765.genblk1.genblk1.genblk1.genblk1.genblk1.genblk1.genblk1.genblk1.lut1.genblk1.genblk1.genblk1.genblk1.genblk1.genblk1.genblk1.lut1.genblk1.genblk1.genblk1.genblk1.genblk1.genblk1.lut0.genblk1.genblk1.genblk1.genblk1.genblk1.lut0 (4 -> 0)
  Optimizing lut $abc$167024$lut$aiger167023$11765.genblk1.genblk1.genblk1.genblk1.genblk1.genblk1.genblk1.genblk1.lut0.genblk1.genblk1.genblk1.genblk1.genblk1.genblk1.genblk1.lut0.genblk1.genblk1.genblk1.genblk1.genblk1.genblk1.lut1.genblk1.genblk1.genblk1.genblk1.genblk1.lut0 (4 -> 3)
  Optimizing lut $abc$167024$lut$aiger167023$11765.genblk1.genblk1.genblk1.genblk1.genblk1.genblk1.genblk1.genblk1.lut0.genblk1.genblk1.genblk1.genblk1.genblk1.genblk1.genblk1.lut1.genblk1.genblk1.genblk1.genblk1.genblk1.genblk1.lut1.genblk1.genblk1.genblk1.genblk1.genblk1.lut0 (4 -> 3)
  Optimizing lut $auto$abc_ops_reintegrate.cc:450:reintegrate$167315.genblk1.genblk1.genblk1.genblk1.genblk1.genblk1.genblk1.genblk1.lut1.genblk1.genblk1.genblk1.genblk1.genblk1.genblk1.genblk1.lut0.genblk1.genblk1.genblk1.genblk1.genblk1.genblk1.lut1.genblk1.genblk1.genblk1.genblk1.genblk1.lut0 (4 -> 0)
  Optimizing lut $auto$abc_ops_reintegrate.cc:450:reintegrate$167315.genblk1.genblk1.genblk1.genblk1.genblk1.genblk1.genblk1.genblk1.lut1.genblk1.genblk1.genblk1.genblk1.genblk1.genblk1.genblk1.lut0.genblk1.genblk1.genblk1.genblk1.genblk1.genblk1.lut0.genblk1.genblk1.genblk1.genblk1.genblk1.lut0 (4 -> 0)
  Optimizing lut $auto$abc_ops_reintegrate.cc:450:reintegrate$167315.genblk1.genblk1.genblk1.genblk1.genblk1.genblk1.genblk1.genblk1.lut1.genblk1.genblk1.genblk1.genblk1.genblk1.genblk1.genblk1.lut1.genblk1.genblk1.genblk1.genblk1.genblk1.genblk1.lut1.genblk1.genblk1.genblk1.genblk1.genblk1.lut0 (4 -> 0)
  Optimizing lut $auto$abc_ops_reintegrate.cc:450:reintegrate$167315.genblk1.genblk1.genblk1.genblk1.genblk1.genblk1.genblk1.genblk1.lut1.genblk1.genblk1.genblk1.genblk1.genblk1.genblk1.genblk1.lut1.genblk1.genblk1.genblk1.genblk1.genblk1.genblk1.lut0.genblk1.genblk1.genblk1.genblk1.genblk1.lut0 (4 -> 0)
  Optimizing lut $auto$abc_ops_reintegrate.cc:450:reintegrate$167315.genblk1.genblk1.genblk1.genblk1.genblk1.genblk1.genblk1.genblk1.lut0.genblk1.genblk1.genblk1.genblk1.genblk1.genblk1.genblk1.lut0.genblk1.genblk1.genblk1.genblk1.genblk1.genblk1.lut1.genblk1.genblk1.genblk1.genblk1.genblk1.lut0 (4 -> 0)
  Optimizing lut $auto$abc_ops_reintegrate.cc:450:reintegrate$167315.genblk1.genblk1.genblk1.genblk1.genblk1.genblk1.genblk1.genblk1.lut0.genblk1.genblk1.genblk1.genblk1.genblk1.genblk1.genblk1.lut1.genblk1.genblk1.genblk1.genblk1.genblk1.genblk1.lut1.genblk1.genblk1.genblk1.genblk1.genblk1.lut0 (4 -> 0)
  Optimizing lut $auto$abc_ops_reintegrate.cc:450:reintegrate$167315.genblk1.genblk1.genblk1.genblk1.genblk1.genblk1.genblk1.genblk1.lut0.genblk1.genblk1.genblk1.genblk1.genblk1.genblk1.genblk1.lut1.genblk1.genblk1.genblk1.genblk1.genblk1.genblk1.lut0.genblk1.genblk1.genblk1.genblk1.genblk1.lut0 (4 -> 0)
  Optimizing lut $abc$167024$lut$aiger167023$5620.genblk1.genblk1.genblk1.genblk1.genblk1.genblk1.genblk1.genblk1.lut1.genblk1.genblk1.genblk1.genblk1.genblk1.genblk1.genblk1.lut0.genblk1.genblk1.genblk1.genblk1.genblk1.genblk1.lut1.genblk1.genblk1.genblk1.genblk1.genblk1.lut0 (4 -> 1)
  Optimizing lut $abc$167024$lut$aiger167023$5620.genblk1.genblk1.genblk1.genblk1.genblk1.genblk1.genblk1.genblk1.lut1.genblk1.genblk1.genblk1.genblk1.genblk1.genblk1.genblk1.lut1.genblk1.genblk1.genblk1.genblk1.genblk1.genblk1.lut1.genblk1.genblk1.genblk1.genblk1.genblk1.lut0 (4 -> 1)
  Optimizing lut $abc$167024$lut$aiger167023$5620.genblk1.genblk1.genblk1.genblk1.genblk1.genblk1.genblk1.genblk1.lut1.genblk1.genblk1.genblk1.genblk1.genblk1.genblk1.genblk1.lut1.genblk1.genblk1.genblk1.genblk1.genblk1.genblk1.lut0.genblk1.genblk1.genblk1.genblk1.genblk1.lut0 (4 -> 1)
  Optimizing lut $abc$167024$lut$aiger167023$5620.genblk1.genblk1.genblk1.genblk1.genblk1.genblk1.genblk1.genblk1.lut0.genblk1.genblk1.genblk1.genblk1.genblk1.genblk1.genblk1.lut0.genblk1.genblk1.genblk1.genblk1.genblk1.genblk1.lut1.genblk1.genblk1.genblk1.genblk1.genblk1.lut0 (4 -> 1)
  Optimizing lut $abc$167024$lut$aiger167023$5620.genblk1.genblk1.genblk1.genblk1.genblk1.genblk1.genblk1.genblk1.lut0.genblk1.genblk1.genblk1.genblk1.genblk1.genblk1.genblk1.lut0.genblk1.genblk1.genblk1.genblk1.genblk1.genblk1.lut0.genblk1.genblk1.genblk1.genblk1.genblk1.lut0 (4 -> 1)
  Optimizing lut $abc$167024$lut$aiger167023$5620.genblk1.genblk1.genblk1.genblk1.genblk1.genblk1.genblk1.genblk1.lut0.genblk1.genblk1.genblk1.genblk1.genblk1.genblk1.genblk1.lut1.genblk1.genblk1.genblk1.genblk1.genblk1.genblk1.lut1.genblk1.genblk1.genblk1.genblk1.genblk1.lut0 (4 -> 1)
  Optimizing lut $abc$167024$lut$aiger167023$5620.genblk1.genblk1.genblk1.genblk1.genblk1.genblk1.genblk1.genblk1.lut0.genblk1.genblk1.genblk1.genblk1.genblk1.genblk1.genblk1.lut1.genblk1.genblk1.genblk1.genblk1.genblk1.genblk1.lut0.genblk1.genblk1.genblk1.genblk1.genblk1.lut0 (4 -> 1)
  Optimizing lut $abc$167024$lut$aiger167023$5709.genblk1.genblk1.genblk1.genblk1.genblk1.genblk1.genblk1.genblk1.lut1.genblk1.genblk1.genblk1.genblk1.genblk1.genblk1.genblk1.lut1.genblk1.genblk1.genblk1.genblk1.genblk1.genblk1.lut1.genblk1.genblk1.genblk1.genblk1.genblk1.lut0 (4 -> 1)
  Optimizing lut $abc$167024$lut$aiger167023$5709.genblk1.genblk1.genblk1.genblk1.genblk1.genblk1.genblk1.genblk1.lut1.genblk1.genblk1.genblk1.genblk1.genblk1.genblk1.genblk1.lut1.genblk1.genblk1.genblk1.genblk1.genblk1.genblk1.lut0.genblk1.genblk1.genblk1.genblk1.genblk1.lut0 (4 -> 1)
  Optimizing lut $abc$167024$lut$aiger167023$5709.genblk1.genblk1.genblk1.genblk1.genblk1.genblk1.genblk1.genblk1.lut0.genblk1.genblk1.genblk1.genblk1.genblk1.genblk1.genblk1.lut0.genblk1.genblk1.genblk1.genblk1.genblk1.genblk1.lut1.genblk1.genblk1.genblk1.genblk1.genblk1.lut0 (4 -> 1)
  Optimizing lut $abc$167024$lut$aiger167023$5709.genblk1.genblk1.genblk1.genblk1.genblk1.genblk1.genblk1.genblk1.lut0.genblk1.genblk1.genblk1.genblk1.genblk1.genblk1.genblk1.lut0.genblk1.genblk1.genblk1.genblk1.genblk1.genblk1.lut0.genblk1.genblk1.genblk1.genblk1.genblk1.lut0 (4 -> 1)
  Optimizing lut $abc$167024$lut$aiger167023$5709.genblk1.genblk1.genblk1.genblk1.genblk1.genblk1.genblk1.genblk1.lut0.genblk1.genblk1.genblk1.genblk1.genblk1.genblk1.genblk1.lut1.genblk1.genblk1.genblk1.genblk1.genblk1.genblk1.lut1.genblk1.genblk1.genblk1.genblk1.genblk1.lut0 (4 -> 1)
  Optimizing lut $abc$167024$lut$aiger167023$5709.genblk1.genblk1.genblk1.genblk1.genblk1.genblk1.genblk1.genblk1.lut0.genblk1.genblk1.genblk1.genblk1.genblk1.genblk1.genblk1.lut1.genblk1.genblk1.genblk1.genblk1.genblk1.genblk1.lut0.genblk1.genblk1.genblk1.genblk1.genblk1.lut0 (4 -> 1)
  Optimizing lut $abc$167024$lut$aiger167023$5780.genblk1.genblk1.genblk1.genblk1.genblk1.genblk1.genblk1.genblk1.lut1.genblk1.genblk1.genblk1.genblk1.genblk1.genblk1.genblk1.lut0.genblk1.genblk1.genblk1.genblk1.genblk1.genblk1.lut1.genblk1.genblk1.genblk1.genblk1.genblk1.lut0 (4 -> 2)
  Optimizing lut $abc$167024$lut$aiger167023$5780.genblk1.genblk1.genblk1.genblk1.genblk1.genblk1.genblk1.genblk1.lut1.genblk1.genblk1.genblk1.genblk1.genblk1.genblk1.genblk1.lut0.genblk1.genblk1.genblk1.genblk1.genblk1.genblk1.lut0.genblk1.genblk1.genblk1.genblk1.genblk1.lut0 (4 -> 2)
  Optimizing lut $abc$167024$lut$aiger167023$5780.genblk1.genblk1.genblk1.genblk1.genblk1.genblk1.genblk1.genblk1.lut1.genblk1.genblk1.genblk1.genblk1.genblk1.genblk1.genblk1.lut1.genblk1.genblk1.genblk1.genblk1.genblk1.genblk1.lut1.genblk1.genblk1.genblk1.genblk1.genblk1.lut0 (4 -> 2)
  Optimizing lut $abc$167024$lut$aiger167023$5780.genblk1.genblk1.genblk1.genblk1.genblk1.genblk1.genblk1.genblk1.lut1.genblk1.genblk1.genblk1.genblk1.genblk1.genblk1.genblk1.lut1.genblk1.genblk1.genblk1.genblk1.genblk1.genblk1.lut0.genblk1.genblk1.genblk1.genblk1.genblk1.lut0 (4 -> 2)
  Optimizing lut $abc$167024$lut$aiger167023$5780.genblk1.genblk1.genblk1.genblk1.genblk1.genblk1.genblk1.genblk1.lut0.genblk1.genblk1.genblk1.genblk1.genblk1.genblk1.genblk1.lut0.genblk1.genblk1.genblk1.genblk1.genblk1.genblk1.lut1.genblk1.genblk1.genblk1.genblk1.genblk1.lut0 (4 -> 2)
  Optimizing lut $abc$167024$lut$aiger167023$5780.genblk1.genblk1.genblk1.genblk1.genblk1.genblk1.genblk1.genblk1.lut0.genblk1.genblk1.genblk1.genblk1.genblk1.genblk1.genblk1.lut0.genblk1.genblk1.genblk1.genblk1.genblk1.genblk1.lut0.genblk1.genblk1.genblk1.genblk1.genblk1.lut0 (4 -> 2)
  Optimizing lut $abc$167024$lut$aiger167023$5780.genblk1.genblk1.genblk1.genblk1.genblk1.genblk1.genblk1.genblk1.lut0.genblk1.genblk1.genblk1.genblk1.genblk1.genblk1.genblk1.lut1.genblk1.genblk1.genblk1.genblk1.genblk1.genblk1.lut1.genblk1.genblk1.genblk1.genblk1.genblk1.lut0 (4 -> 2)
  Optimizing lut $abc$167024$lut$aiger167023$5780.genblk1.genblk1.genblk1.genblk1.genblk1.genblk1.genblk1.genblk1.lut0.genblk1.genblk1.genblk1.genblk1.genblk1.genblk1.genblk1.lut1.genblk1.genblk1.genblk1.genblk1.genblk1.genblk1.lut0.genblk1.genblk1.genblk1.genblk1.genblk1.lut0 (4 -> 2)
  Optimizing lut $abc$167024$lut$aiger167023$5806.genblk1.genblk1.genblk1.genblk1.genblk1.genblk1.genblk1.genblk1.lut1.genblk1.genblk1.genblk1.genblk1.genblk1.genblk1.genblk1.lut0.genblk1.genblk1.genblk1.genblk1.genblk1.genblk1.lut1.genblk1.genblk1.genblk1.genblk1.genblk1.lut0 (4 -> 1)
  Optimizing lut $abc$167024$lut$aiger167023$5806.genblk1.genblk1.genblk1.genblk1.genblk1.genblk1.genblk1.genblk1.lut1.genblk1.genblk1.genblk1.genblk1.genblk1.genblk1.genblk1.lut1.genblk1.genblk1.genblk1.genblk1.genblk1.genblk1.lut1.genblk1.genblk1.genblk1.genblk1.genblk1.lut0 (4 -> 1)
  Optimizing lut $abc$167024$lut$aiger167023$5806.genblk1.genblk1.genblk1.genblk1.genblk1.genblk1.genblk1.genblk1.lut1.genblk1.genblk1.genblk1.genblk1.genblk1.genblk1.genblk1.lut1.genblk1.genblk1.genblk1.genblk1.genblk1.genblk1.lut0.genblk1.genblk1.genblk1.genblk1.genblk1.lut0 (4 -> 1)
  Optimizing lut $abc$167024$lut$aiger167023$5806.genblk1.genblk1.genblk1.genblk1.genblk1.genblk1.genblk1.genblk1.lut0.genblk1.genblk1.genblk1.genblk1.genblk1.genblk1.genblk1.lut0.genblk1.genblk1.genblk1.genblk1.genblk1.genblk1.lut1.genblk1.genblk1.genblk1.genblk1.genblk1.lut0 (4 -> 1)
  Optimizing lut $abc$167024$lut$aiger167023$5806.genblk1.genblk1.genblk1.genblk1.genblk1.genblk1.genblk1.genblk1.lut0.genblk1.genblk1.genblk1.genblk1.genblk1.genblk1.genblk1.lut0.genblk1.genblk1.genblk1.genblk1.genblk1.genblk1.lut0.genblk1.genblk1.genblk1.genblk1.genblk1.lut0 (4 -> 1)
  Optimizing lut $abc$167024$lut$aiger167023$5806.genblk1.genblk1.genblk1.genblk1.genblk1.genblk1.genblk1.genblk1.lut0.genblk1.genblk1.genblk1.genblk1.genblk1.genblk1.genblk1.lut1.genblk1.genblk1.genblk1.genblk1.genblk1.genblk1.lut1.genblk1.genblk1.genblk1.genblk1.genblk1.lut0 (4 -> 1)
  Optimizing lut $abc$167024$lut$aiger167023$5806.genblk1.genblk1.genblk1.genblk1.genblk1.genblk1.genblk1.genblk1.lut0.genblk1.genblk1.genblk1.genblk1.genblk1.genblk1.genblk1.lut1.genblk1.genblk1.genblk1.genblk1.genblk1.genblk1.lut0.genblk1.genblk1.genblk1.genblk1.genblk1.lut0 (4 -> 1)
  Optimizing lut $abc$167024$lut$aiger167023$5822.genblk1.genblk1.genblk1.genblk1.genblk1.genblk1.genblk1.genblk1.lut1.genblk1.genblk1.genblk1.genblk1.genblk1.genblk1.genblk1.lut0.genblk1.genblk1.genblk1.genblk1.genblk1.genblk1.lut1.genblk1.genblk1.genblk1.genblk1.genblk1.lut0 (4 -> 1)
  Optimizing lut $abc$167024$lut$aiger167023$5822.genblk1.genblk1.genblk1.genblk1.genblk1.genblk1.genblk1.genblk1.lut1.genblk1.genblk1.genblk1.genblk1.genblk1.genblk1.genblk1.lut1.genblk1.genblk1.genblk1.genblk1.genblk1.genblk1.lut1.genblk1.genblk1.genblk1.genblk1.genblk1.lut0 (4 -> 1)
  Optimizing lut $abc$167024$lut$aiger167023$5822.genblk1.genblk1.genblk1.genblk1.genblk1.genblk1.genblk1.genblk1.lut1.genblk1.genblk1.genblk1.genblk1.genblk1.genblk1.genblk1.lut1.genblk1.genblk1.genblk1.genblk1.genblk1.genblk1.lut0.genblk1.genblk1.genblk1.genblk1.genblk1.lut0 (4 -> 1)
  Optimizing lut $abc$167024$lut$aiger167023$5822.genblk1.genblk1.genblk1.genblk1.genblk1.genblk1.genblk1.genblk1.lut0.genblk1.genblk1.genblk1.genblk1.genblk1.genblk1.genblk1.lut0.genblk1.genblk1.genblk1.genblk1.genblk1.genblk1.lut1.genblk1.genblk1.genblk1.genblk1.genblk1.lut0 (4 -> 1)
  Optimizing lut $abc$167024$lut$aiger167023$5822.genblk1.genblk1.genblk1.genblk1.genblk1.genblk1.genblk1.genblk1.lut0.genblk1.genblk1.genblk1.genblk1.genblk1.genblk1.genblk1.lut0.genblk1.genblk1.genblk1.genblk1.genblk1.genblk1.lut0.genblk1.genblk1.genblk1.genblk1.genblk1.lut0 (4 -> 1)
  Optimizing lut $abc$167024$lut$aiger167023$5822.genblk1.genblk1.genblk1.genblk1.genblk1.genblk1.genblk1.genblk1.lut0.genblk1.genblk1.genblk1.genblk1.genblk1.genblk1.genblk1.lut1.genblk1.genblk1.genblk1.genblk1.genblk1.genblk1.lut1.genblk1.genblk1.genblk1.genblk1.genblk1.lut0 (4 -> 1)
  Optimizing lut $abc$167024$lut$aiger167023$5822.genblk1.genblk1.genblk1.genblk1.genblk1.genblk1.genblk1.genblk1.lut0.genblk1.genblk1.genblk1.genblk1.genblk1.genblk1.genblk1.lut1.genblk1.genblk1.genblk1.genblk1.genblk1.genblk1.lut0.genblk1.genblk1.genblk1.genblk1.genblk1.lut0 (4 -> 1)
  Optimizing lut $abc$167024$lut$aiger167023$5982.genblk1.genblk1.genblk1.genblk1.genblk1.genblk1.genblk1.genblk1.lut1.genblk1.genblk1.genblk1.genblk1.genblk1.genblk1.genblk1.lut0.genblk1.genblk1.genblk1.genblk1.genblk1.genblk1.lut1.genblk1.genblk1.genblk1.genblk1.genblk1.lut0 (4 -> 3)
  Optimizing lut $abc$167024$lut$aiger167023$5982.genblk1.genblk1.genblk1.genblk1.genblk1.genblk1.genblk1.genblk1.lut1.genblk1.genblk1.genblk1.genblk1.genblk1.genblk1.genblk1.lut0.genblk1.genblk1.genblk1.genblk1.genblk1.genblk1.lut0.genblk1.genblk1.genblk1.genblk1.genblk1.lut0 (4 -> 3)
  Optimizing lut $abc$167024$lut$aiger167023$5982.genblk1.genblk1.genblk1.genblk1.genblk1.genblk1.genblk1.genblk1.lut1.genblk1.genblk1.genblk1.genblk1.genblk1.genblk1.genblk1.lut1.genblk1.genblk1.genblk1.genblk1.genblk1.genblk1.lut1.genblk1.genblk1.genblk1.genblk1.genblk1.lut0 (4 -> 3)
  Optimizing lut $abc$167024$lut$aiger167023$5982.genblk1.genblk1.genblk1.genblk1.genblk1.genblk1.genblk1.genblk1.lut1.genblk1.genblk1.genblk1.genblk1.genblk1.genblk1.genblk1.lut1.genblk1.genblk1.genblk1.genblk1.genblk1.genblk1.lut0.genblk1.genblk1.genblk1.genblk1.genblk1.lut0 (4 -> 3)
  Optimizing lut $abc$167024$lut$aiger167023$5982.genblk1.genblk1.genblk1.genblk1.genblk1.genblk1.genblk1.genblk1.lut0.genblk1.genblk1.genblk1.genblk1.genblk1.genblk1.genblk1.lut0.genblk1.genblk1.genblk1.genblk1.genblk1.genblk1.lut1.genblk1.genblk1.genblk1.genblk1.genblk1.lut0 (4 -> 3)
  Optimizing lut $abc$167024$lut$aiger167023$5982.genblk1.genblk1.genblk1.genblk1.genblk1.genblk1.genblk1.genblk1.lut0.genblk1.genblk1.genblk1.genblk1.genblk1.genblk1.genblk1.lut0.genblk1.genblk1.genblk1.genblk1.genblk1.genblk1.lut0.genblk1.genblk1.genblk1.genblk1.genblk1.lut0 (4 -> 3)
  Optimizing lut $abc$167024$lut$aiger167023$5982.genblk1.genblk1.genblk1.genblk1.genblk1.genblk1.genblk1.genblk1.lut0.genblk1.genblk1.genblk1.genblk1.genblk1.genblk1.genblk1.lut1.genblk1.genblk1.genblk1.genblk1.genblk1.genblk1.lut1.genblk1.genblk1.genblk1.genblk1.genblk1.lut0 (4 -> 3)
  Optimizing lut $abc$167024$lut$aiger167023$5982.genblk1.genblk1.genblk1.genblk1.genblk1.genblk1.genblk1.genblk1.lut0.genblk1.genblk1.genblk1.genblk1.genblk1.genblk1.genblk1.lut1.genblk1.genblk1.genblk1.genblk1.genblk1.genblk1.lut0.genblk1.genblk1.genblk1.genblk1.genblk1.lut0 (4 -> 3)
  Optimizing lut $abc$167024$lut$aiger167023$6010.genblk1.genblk1.genblk1.genblk1.genblk1.genblk1.genblk1.lut1.genblk1.genblk1.genblk1.genblk1.genblk1.genblk1.lut0.genblk1.genblk1.genblk1.genblk1.genblk1.lut1 (4 -> 2)
  Optimizing lut $abc$167024$lut$aiger167023$5838.genblk1.genblk1.genblk1.genblk1.genblk1.genblk1.genblk1.genblk1.lut1.genblk1.genblk1.genblk1.genblk1.genblk1.genblk1.genblk1.lut1.genblk1.genblk1.genblk1.genblk1.genblk1.genblk1.lut1.genblk1.genblk1.genblk1.genblk1.genblk1.lut0 (4 -> 1)
  Optimizing lut $abc$167024$lut$aiger167023$5838.genblk1.genblk1.genblk1.genblk1.genblk1.genblk1.genblk1.genblk1.lut1.genblk1.genblk1.genblk1.genblk1.genblk1.genblk1.genblk1.lut1.genblk1.genblk1.genblk1.genblk1.genblk1.genblk1.lut0.genblk1.genblk1.genblk1.genblk1.genblk1.lut0 (4 -> 1)
  Optimizing lut $abc$167024$lut$aiger167023$5838.genblk1.genblk1.genblk1.genblk1.genblk1.genblk1.genblk1.genblk1.lut0.genblk1.genblk1.genblk1.genblk1.genblk1.genblk1.genblk1.lut0.genblk1.genblk1.genblk1.genblk1.genblk1.genblk1.lut1.genblk1.genblk1.genblk1.genblk1.genblk1.lut0 (4 -> 1)
  Optimizing lut $abc$167024$lut$aiger167023$5838.genblk1.genblk1.genblk1.genblk1.genblk1.genblk1.genblk1.genblk1.lut0.genblk1.genblk1.genblk1.genblk1.genblk1.genblk1.genblk1.lut0.genblk1.genblk1.genblk1.genblk1.genblk1.genblk1.lut0.genblk1.genblk1.genblk1.genblk1.genblk1.lut0 (4 -> 1)
  Optimizing lut $abc$167024$lut$aiger167023$5838.genblk1.genblk1.genblk1.genblk1.genblk1.genblk1.genblk1.genblk1.lut0.genblk1.genblk1.genblk1.genblk1.genblk1.genblk1.genblk1.lut1.genblk1.genblk1.genblk1.genblk1.genblk1.genblk1.lut1.genblk1.genblk1.genblk1.genblk1.genblk1.lut0 (4 -> 1)
  Optimizing lut $abc$167024$lut$aiger167023$5838.genblk1.genblk1.genblk1.genblk1.genblk1.genblk1.genblk1.genblk1.lut0.genblk1.genblk1.genblk1.genblk1.genblk1.genblk1.genblk1.lut1.genblk1.genblk1.genblk1.genblk1.genblk1.genblk1.lut0.genblk1.genblk1.genblk1.genblk1.genblk1.lut0 (4 -> 1)
  Optimizing lut $abc$167024$lut$aiger167023$5851.genblk1.genblk1.genblk1.genblk1.genblk1.genblk1.genblk1.genblk1.lut1.genblk1.genblk1.genblk1.genblk1.genblk1.genblk1.genblk1.lut0.genblk1.genblk1.genblk1.genblk1.genblk1.genblk1.lut1.genblk1.genblk1.genblk1.genblk1.genblk1.lut0 (4 -> 1)
  Optimizing lut $abc$167024$lut$aiger167023$5851.genblk1.genblk1.genblk1.genblk1.genblk1.genblk1.genblk1.genblk1.lut1.genblk1.genblk1.genblk1.genblk1.genblk1.genblk1.genblk1.lut1.genblk1.genblk1.genblk1.genblk1.genblk1.genblk1.lut1.genblk1.genblk1.genblk1.genblk1.genblk1.lut0 (4 -> 1)
  Optimizing lut $abc$167024$lut$aiger167023$5851.genblk1.genblk1.genblk1.genblk1.genblk1.genblk1.genblk1.genblk1.lut1.genblk1.genblk1.genblk1.genblk1.genblk1.genblk1.genblk1.lut1.genblk1.genblk1.genblk1.genblk1.genblk1.genblk1.lut0.genblk1.genblk1.genblk1.genblk1.genblk1.lut0 (4 -> 1)
  Optimizing lut $abc$167024$lut$aiger167023$5851.genblk1.genblk1.genblk1.genblk1.genblk1.genblk1.genblk1.genblk1.lut0.genblk1.genblk1.genblk1.genblk1.genblk1.genblk1.genblk1.lut0.genblk1.genblk1.genblk1.genblk1.genblk1.genblk1.lut1.genblk1.genblk1.genblk1.genblk1.genblk1.lut0 (4 -> 1)
  Optimizing lut $abc$167024$lut$aiger167023$5851.genblk1.genblk1.genblk1.genblk1.genblk1.genblk1.genblk1.genblk1.lut0.genblk1.genblk1.genblk1.genblk1.genblk1.genblk1.genblk1.lut0.genblk1.genblk1.genblk1.genblk1.genblk1.genblk1.lut0.genblk1.genblk1.genblk1.genblk1.genblk1.lut0 (4 -> 1)
  Optimizing lut $abc$167024$lut$aiger167023$5851.genblk1.genblk1.genblk1.genblk1.genblk1.genblk1.genblk1.genblk1.lut0.genblk1.genblk1.genblk1.genblk1.genblk1.genblk1.genblk1.lut1.genblk1.genblk1.genblk1.genblk1.genblk1.genblk1.lut1.genblk1.genblk1.genblk1.genblk1.genblk1.lut0 (4 -> 1)
  Optimizing lut $abc$167024$lut$aiger167023$5851.genblk1.genblk1.genblk1.genblk1.genblk1.genblk1.genblk1.genblk1.lut0.genblk1.genblk1.genblk1.genblk1.genblk1.genblk1.genblk1.lut1.genblk1.genblk1.genblk1.genblk1.genblk1.genblk1.lut0.genblk1.genblk1.genblk1.genblk1.genblk1.lut0 (4 -> 1)
  Optimizing lut $abc$167024$lut$aiger167023$5890.genblk1.genblk1.genblk1.genblk1.genblk1.genblk1.genblk1.genblk1.lut1.genblk1.genblk1.genblk1.genblk1.genblk1.genblk1.genblk1.lut0.genblk1.genblk1.genblk1.genblk1.genblk1.genblk1.lut1.genblk1.genblk1.genblk1.genblk1.genblk1.lut0 (4 -> 1)
  Optimizing lut $abc$167024$lut$aiger167023$5890.genblk1.genblk1.genblk1.genblk1.genblk1.genblk1.genblk1.genblk1.lut1.genblk1.genblk1.genblk1.genblk1.genblk1.genblk1.genblk1.lut1.genblk1.genblk1.genblk1.genblk1.genblk1.genblk1.lut1.genblk1.genblk1.genblk1.genblk1.genblk1.lut0 (4 -> 1)
  Optimizing lut $abc$167024$lut$aiger167023$5890.genblk1.genblk1.genblk1.genblk1.genblk1.genblk1.genblk1.genblk1.lut1.genblk1.genblk1.genblk1.genblk1.genblk1.genblk1.genblk1.lut1.genblk1.genblk1.genblk1.genblk1.genblk1.genblk1.lut0.genblk1.genblk1.genblk1.genblk1.genblk1.lut0 (4 -> 1)
  Optimizing lut $abc$167024$lut$aiger167023$5890.genblk1.genblk1.genblk1.genblk1.genblk1.genblk1.genblk1.genblk1.lut0.genblk1.genblk1.genblk1.genblk1.genblk1.genblk1.genblk1.lut0.genblk1.genblk1.genblk1.genblk1.genblk1.genblk1.lut1.genblk1.genblk1.genblk1.genblk1.genblk1.lut0 (4 -> 1)
  Optimizing lut $abc$167024$lut$aiger167023$5890.genblk1.genblk1.genblk1.genblk1.genblk1.genblk1.genblk1.genblk1.lut0.genblk1.genblk1.genblk1.genblk1.genblk1.genblk1.genblk1.lut0.genblk1.genblk1.genblk1.genblk1.genblk1.genblk1.lut0.genblk1.genblk1.genblk1.genblk1.genblk1.lut0 (4 -> 1)
  Optimizing lut $abc$167024$lut$aiger167023$5890.genblk1.genblk1.genblk1.genblk1.genblk1.genblk1.genblk1.genblk1.lut0.genblk1.genblk1.genblk1.genblk1.genblk1.genblk1.genblk1.lut1.genblk1.genblk1.genblk1.genblk1.genblk1.genblk1.lut1.genblk1.genblk1.genblk1.genblk1.genblk1.lut0 (4 -> 1)
  Optimizing lut $abc$167024$lut$aiger167023$5890.genblk1.genblk1.genblk1.genblk1.genblk1.genblk1.genblk1.genblk1.lut0.genblk1.genblk1.genblk1.genblk1.genblk1.genblk1.genblk1.lut1.genblk1.genblk1.genblk1.genblk1.genblk1.genblk1.lut0.genblk1.genblk1.genblk1.genblk1.genblk1.lut0 (4 -> 1)
  Optimizing lut $abc$167024$lut$aiger167023$6037.genblk1.genblk1.genblk1.genblk1.genblk1.genblk1.genblk1.lut1.genblk1.genblk1.genblk1.genblk1.genblk1.genblk1.lut0.genblk1.genblk1.genblk1.genblk1.genblk1.lut1 (4 -> 2)
  Optimizing lut $abc$167024$lut$aiger167023$5903.genblk1.genblk1.genblk1.genblk1.genblk1.genblk1.genblk1.genblk1.lut1.genblk1.genblk1.genblk1.genblk1.genblk1.genblk1.genblk1.lut1.genblk1.genblk1.genblk1.genblk1.genblk1.genblk1.lut1.genblk1.genblk1.genblk1.genblk1.genblk1.lut0 (4 -> 1)
  Optimizing lut $abc$167024$lut$aiger167023$5903.genblk1.genblk1.genblk1.genblk1.genblk1.genblk1.genblk1.genblk1.lut1.genblk1.genblk1.genblk1.genblk1.genblk1.genblk1.genblk1.lut1.genblk1.genblk1.genblk1.genblk1.genblk1.genblk1.lut0.genblk1.genblk1.genblk1.genblk1.genblk1.lut0 (4 -> 1)
  Optimizing lut $abc$167024$lut$aiger167023$5903.genblk1.genblk1.genblk1.genblk1.genblk1.genblk1.genblk1.genblk1.lut0.genblk1.genblk1.genblk1.genblk1.genblk1.genblk1.genblk1.lut0.genblk1.genblk1.genblk1.genblk1.genblk1.genblk1.lut1.genblk1.genblk1.genblk1.genblk1.genblk1.lut0 (4 -> 1)
  Optimizing lut $abc$167024$lut$aiger167023$5903.genblk1.genblk1.genblk1.genblk1.genblk1.genblk1.genblk1.genblk1.lut0.genblk1.genblk1.genblk1.genblk1.genblk1.genblk1.genblk1.lut0.genblk1.genblk1.genblk1.genblk1.genblk1.genblk1.lut0.genblk1.genblk1.genblk1.genblk1.genblk1.lut0 (4 -> 1)
  Optimizing lut $abc$167024$lut$aiger167023$5903.genblk1.genblk1.genblk1.genblk1.genblk1.genblk1.genblk1.genblk1.lut0.genblk1.genblk1.genblk1.genblk1.genblk1.genblk1.genblk1.lut1.genblk1.genblk1.genblk1.genblk1.genblk1.genblk1.lut1.genblk1.genblk1.genblk1.genblk1.genblk1.lut0 (4 -> 1)
  Optimizing lut $abc$167024$lut$aiger167023$5903.genblk1.genblk1.genblk1.genblk1.genblk1.genblk1.genblk1.genblk1.lut0.genblk1.genblk1.genblk1.genblk1.genblk1.genblk1.genblk1.lut1.genblk1.genblk1.genblk1.genblk1.genblk1.genblk1.lut0.genblk1.genblk1.genblk1.genblk1.genblk1.lut0 (4 -> 1)
  Optimizing lut $abc$167024$lut$aiger167023$6065.genblk1.genblk1.genblk1.genblk1.genblk1.genblk1.genblk1.lut1.genblk1.genblk1.genblk1.genblk1.genblk1.genblk1.lut0.genblk1.genblk1.genblk1.genblk1.genblk1.lut1 (4 -> 2)
  Optimizing lut $abc$167024$lut$aiger167023$5602.genblk1.genblk1.genblk1.genblk1.genblk1.genblk1.genblk1.genblk1.lut1.genblk1.genblk1.genblk1.genblk1.genblk1.genblk1.genblk1.lut0.genblk1.genblk1.genblk1.genblk1.genblk1.genblk1.lut0.genblk1.genblk1.genblk1.genblk1.genblk1.lut0 (4 -> 0)
  Optimizing lut $abc$167024$lut$aiger167023$5602.genblk1.genblk1.genblk1.genblk1.genblk1.genblk1.genblk1.genblk1.lut1.genblk1.genblk1.genblk1.genblk1.genblk1.genblk1.genblk1.lut1.genblk1.genblk1.genblk1.genblk1.genblk1.genblk1.lut1.genblk1.genblk1.genblk1.genblk1.genblk1.lut0 (4 -> 0)
  Optimizing lut $abc$167024$lut$aiger167023$5602.genblk1.genblk1.genblk1.genblk1.genblk1.genblk1.genblk1.genblk1.lut1.genblk1.genblk1.genblk1.genblk1.genblk1.genblk1.genblk1.lut1.genblk1.genblk1.genblk1.genblk1.genblk1.genblk1.lut0.genblk1.genblk1.genblk1.genblk1.genblk1.lut0 (4 -> 0)
  Optimizing lut $abc$167024$lut$aiger167023$5602.genblk1.genblk1.genblk1.genblk1.genblk1.genblk1.genblk1.genblk1.lut0.genblk1.genblk1.genblk1.genblk1.genblk1.genblk1.genblk1.lut0.genblk1.genblk1.genblk1.genblk1.genblk1.genblk1.lut1.genblk1.genblk1.genblk1.genblk1.genblk1.lut0 (4 -> 0)
  Optimizing lut $abc$167024$lut$aiger167023$5602.genblk1.genblk1.genblk1.genblk1.genblk1.genblk1.genblk1.genblk1.lut0.genblk1.genblk1.genblk1.genblk1.genblk1.genblk1.genblk1.lut1.genblk1.genblk1.genblk1.genblk1.genblk1.genblk1.lut1.genblk1.genblk1.genblk1.genblk1.genblk1.lut0 (4 -> 0)
  Optimizing lut $abc$167024$lut$aiger167023$5602.genblk1.genblk1.genblk1.genblk1.genblk1.genblk1.genblk1.genblk1.lut0.genblk1.genblk1.genblk1.genblk1.genblk1.genblk1.genblk1.lut1.genblk1.genblk1.genblk1.genblk1.genblk1.genblk1.lut0.genblk1.genblk1.genblk1.genblk1.genblk1.lut0 (4 -> 0)
  Optimizing lut $abc$167024$lut$aiger167023$5657.genblk1.genblk1.genblk1.genblk1.genblk1.genblk1.genblk1.genblk1.lut1.genblk1.genblk1.genblk1.genblk1.genblk1.genblk1.genblk1.lut0.genblk1.genblk1.genblk1.genblk1.genblk1.genblk1.lut1.genblk1.genblk1.genblk1.genblk1.genblk1.lut0 (4 -> 1)
  Optimizing lut $abc$167024$lut$aiger167023$5657.genblk1.genblk1.genblk1.genblk1.genblk1.genblk1.genblk1.genblk1.lut1.genblk1.genblk1.genblk1.genblk1.genblk1.genblk1.genblk1.lut1.genblk1.genblk1.genblk1.genblk1.genblk1.genblk1.lut1.genblk1.genblk1.genblk1.genblk1.genblk1.lut0 (4 -> 1)
  Optimizing lut $abc$167024$lut$aiger167023$5657.genblk1.genblk1.genblk1.genblk1.genblk1.genblk1.genblk1.genblk1.lut1.genblk1.genblk1.genblk1.genblk1.genblk1.genblk1.genblk1.lut1.genblk1.genblk1.genblk1.genblk1.genblk1.genblk1.lut0.genblk1.genblk1.genblk1.genblk1.genblk1.lut0 (4 -> 1)
  Optimizing lut $abc$167024$lut$aiger167023$5657.genblk1.genblk1.genblk1.genblk1.genblk1.genblk1.genblk1.genblk1.lut0.genblk1.genblk1.genblk1.genblk1.genblk1.genblk1.genblk1.lut0.genblk1.genblk1.genblk1.genblk1.genblk1.genblk1.lut1.genblk1.genblk1.genblk1.genblk1.genblk1.lut0 (4 -> 1)
  Optimizing lut $abc$167024$lut$aiger167023$5657.genblk1.genblk1.genblk1.genblk1.genblk1.genblk1.genblk1.genblk1.lut0.genblk1.genblk1.genblk1.genblk1.genblk1.genblk1.genblk1.lut0.genblk1.genblk1.genblk1.genblk1.genblk1.genblk1.lut0.genblk1.genblk1.genblk1.genblk1.genblk1.lut0 (4 -> 1)
  Optimizing lut $abc$167024$lut$aiger167023$5657.genblk1.genblk1.genblk1.genblk1.genblk1.genblk1.genblk1.genblk1.lut0.genblk1.genblk1.genblk1.genblk1.genblk1.genblk1.genblk1.lut1.genblk1.genblk1.genblk1.genblk1.genblk1.genblk1.lut1.genblk1.genblk1.genblk1.genblk1.genblk1.lut0 (4 -> 1)
  Optimizing lut $abc$167024$lut$aiger167023$5657.genblk1.genblk1.genblk1.genblk1.genblk1.genblk1.genblk1.genblk1.lut0.genblk1.genblk1.genblk1.genblk1.genblk1.genblk1.genblk1.lut1.genblk1.genblk1.genblk1.genblk1.genblk1.genblk1.lut0.genblk1.genblk1.genblk1.genblk1.genblk1.lut0 (4 -> 1)
  Optimizing lut $abc$167024$lut$aiger167023$5670.genblk1.genblk1.genblk1.genblk1.genblk1.genblk1.genblk1.genblk1.lut1.genblk1.genblk1.genblk1.genblk1.genblk1.genblk1.genblk1.lut0.genblk1.genblk1.genblk1.genblk1.genblk1.genblk1.lut1.genblk1.genblk1.genblk1.genblk1.genblk1.lut0 (4 -> 1)
  Optimizing lut $abc$167024$lut$aiger167023$5670.genblk1.genblk1.genblk1.genblk1.genblk1.genblk1.genblk1.genblk1.lut1.genblk1.genblk1.genblk1.genblk1.genblk1.genblk1.genblk1.lut1.genblk1.genblk1.genblk1.genblk1.genblk1.genblk1.lut1.genblk1.genblk1.genblk1.genblk1.genblk1.lut0 (4 -> 1)
  Optimizing lut $abc$167024$lut$aiger167023$5670.genblk1.genblk1.genblk1.genblk1.genblk1.genblk1.genblk1.genblk1.lut1.genblk1.genblk1.genblk1.genblk1.genblk1.genblk1.genblk1.lut1.genblk1.genblk1.genblk1.genblk1.genblk1.genblk1.lut0.genblk1.genblk1.genblk1.genblk1.genblk1.lut0 (4 -> 1)
  Optimizing lut $abc$167024$lut$aiger167023$5670.genblk1.genblk1.genblk1.genblk1.genblk1.genblk1.genblk1.genblk1.lut0.genblk1.genblk1.genblk1.genblk1.genblk1.genblk1.genblk1.lut0.genblk1.genblk1.genblk1.genblk1.genblk1.genblk1.lut1.genblk1.genblk1.genblk1.genblk1.genblk1.lut0 (4 -> 1)
  Optimizing lut $abc$167024$lut$aiger167023$5670.genblk1.genblk1.genblk1.genblk1.genblk1.genblk1.genblk1.genblk1.lut0.genblk1.genblk1.genblk1.genblk1.genblk1.genblk1.genblk1.lut0.genblk1.genblk1.genblk1.genblk1.genblk1.genblk1.lut0.genblk1.genblk1.genblk1.genblk1.genblk1.lut0 (4 -> 1)
  Optimizing lut $abc$167024$lut$aiger167023$5670.genblk1.genblk1.genblk1.genblk1.genblk1.genblk1.genblk1.genblk1.lut0.genblk1.genblk1.genblk1.genblk1.genblk1.genblk1.genblk1.lut1.genblk1.genblk1.genblk1.genblk1.genblk1.genblk1.lut1.genblk1.genblk1.genblk1.genblk1.genblk1.lut0 (4 -> 1)
  Optimizing lut $abc$167024$lut$aiger167023$5670.genblk1.genblk1.genblk1.genblk1.genblk1.genblk1.genblk1.genblk1.lut0.genblk1.genblk1.genblk1.genblk1.genblk1.genblk1.genblk1.lut1.genblk1.genblk1.genblk1.genblk1.genblk1.genblk1.lut0.genblk1.genblk1.genblk1.genblk1.genblk1.lut0 (4 -> 1)
  Optimizing lut $abc$167024$lut$aiger167023$5683.genblk1.genblk1.genblk1.genblk1.genblk1.genblk1.genblk1.genblk1.lut1.genblk1.genblk1.genblk1.genblk1.genblk1.genblk1.genblk1.lut0.genblk1.genblk1.genblk1.genblk1.genblk1.genblk1.lut1.genblk1.genblk1.genblk1.genblk1.genblk1.lut0 (4 -> 1)
  Optimizing lut $abc$167024$lut$aiger167023$5683.genblk1.genblk1.genblk1.genblk1.genblk1.genblk1.genblk1.genblk1.lut1.genblk1.genblk1.genblk1.genblk1.genblk1.genblk1.genblk1.lut1.genblk1.genblk1.genblk1.genblk1.genblk1.genblk1.lut1.genblk1.genblk1.genblk1.genblk1.genblk1.lut0 (4 -> 1)
  Optimizing lut $abc$167024$lut$aiger167023$5683.genblk1.genblk1.genblk1.genblk1.genblk1.genblk1.genblk1.genblk1.lut1.genblk1.genblk1.genblk1.genblk1.genblk1.genblk1.genblk1.lut1.genblk1.genblk1.genblk1.genblk1.genblk1.genblk1.lut0.genblk1.genblk1.genblk1.genblk1.genblk1.lut0 (4 -> 1)
  Optimizing lut $abc$167024$lut$aiger167023$5683.genblk1.genblk1.genblk1.genblk1.genblk1.genblk1.genblk1.genblk1.lut0.genblk1.genblk1.genblk1.genblk1.genblk1.genblk1.genblk1.lut0.genblk1.genblk1.genblk1.genblk1.genblk1.genblk1.lut1.genblk1.genblk1.genblk1.genblk1.genblk1.lut0 (4 -> 1)
  Optimizing lut $abc$167024$lut$aiger167023$5683.genblk1.genblk1.genblk1.genblk1.genblk1.genblk1.genblk1.genblk1.lut0.genblk1.genblk1.genblk1.genblk1.genblk1.genblk1.genblk1.lut0.genblk1.genblk1.genblk1.genblk1.genblk1.genblk1.lut0.genblk1.genblk1.genblk1.genblk1.genblk1.lut0 (4 -> 1)
  Optimizing lut $abc$167024$lut$aiger167023$5683.genblk1.genblk1.genblk1.genblk1.genblk1.genblk1.genblk1.genblk1.lut0.genblk1.genblk1.genblk1.genblk1.genblk1.genblk1.genblk1.lut1.genblk1.genblk1.genblk1.genblk1.genblk1.genblk1.lut1.genblk1.genblk1.genblk1.genblk1.genblk1.lut0 (4 -> 1)
  Optimizing lut $abc$167024$lut$aiger167023$5683.genblk1.genblk1.genblk1.genblk1.genblk1.genblk1.genblk1.genblk1.lut0.genblk1.genblk1.genblk1.genblk1.genblk1.genblk1.genblk1.lut1.genblk1.genblk1.genblk1.genblk1.genblk1.genblk1.lut0.genblk1.genblk1.genblk1.genblk1.genblk1.lut0 (4 -> 1)
  Optimizing lut $abc$167024$lut$aiger167023$5696.genblk1.genblk1.genblk1.genblk1.genblk1.genblk1.genblk1.genblk1.lut1.genblk1.genblk1.genblk1.genblk1.genblk1.genblk1.genblk1.lut0.genblk1.genblk1.genblk1.genblk1.genblk1.genblk1.lut1.genblk1.genblk1.genblk1.genblk1.genblk1.lut0 (4 -> 1)
  Optimizing lut $abc$167024$lut$aiger167023$5696.genblk1.genblk1.genblk1.genblk1.genblk1.genblk1.genblk1.genblk1.lut1.genblk1.genblk1.genblk1.genblk1.genblk1.genblk1.genblk1.lut1.genblk1.genblk1.genblk1.genblk1.genblk1.genblk1.lut1.genblk1.genblk1.genblk1.genblk1.genblk1.lut0 (4 -> 1)
  Optimizing lut $abc$167024$lut$aiger167023$5696.genblk1.genblk1.genblk1.genblk1.genblk1.genblk1.genblk1.genblk1.lut1.genblk1.genblk1.genblk1.genblk1.genblk1.genblk1.genblk1.lut1.genblk1.genblk1.genblk1.genblk1.genblk1.genblk1.lut0.genblk1.genblk1.genblk1.genblk1.genblk1.lut0 (4 -> 1)
  Optimizing lut $abc$167024$lut$aiger167023$5696.genblk1.genblk1.genblk1.genblk1.genblk1.genblk1.genblk1.genblk1.lut0.genblk1.genblk1.genblk1.genblk1.genblk1.genblk1.genblk1.lut0.genblk1.genblk1.genblk1.genblk1.genblk1.genblk1.lut1.genblk1.genblk1.genblk1.genblk1.genblk1.lut0 (4 -> 1)
  Optimizing lut $abc$167024$lut$aiger167023$5696.genblk1.genblk1.genblk1.genblk1.genblk1.genblk1.genblk1.genblk1.lut0.genblk1.genblk1.genblk1.genblk1.genblk1.genblk1.genblk1.lut0.genblk1.genblk1.genblk1.genblk1.genblk1.genblk1.lut0.genblk1.genblk1.genblk1.genblk1.genblk1.lut0 (4 -> 1)
  Optimizing lut $abc$167024$lut$aiger167023$5696.genblk1.genblk1.genblk1.genblk1.genblk1.genblk1.genblk1.genblk1.lut0.genblk1.genblk1.genblk1.genblk1.genblk1.genblk1.genblk1.lut1.genblk1.genblk1.genblk1.genblk1.genblk1.genblk1.lut1.genblk1.genblk1.genblk1.genblk1.genblk1.lut0 (4 -> 1)
  Optimizing lut $abc$167024$lut$aiger167023$5696.genblk1.genblk1.genblk1.genblk1.genblk1.genblk1.genblk1.genblk1.lut0.genblk1.genblk1.genblk1.genblk1.genblk1.genblk1.genblk1.lut1.genblk1.genblk1.genblk1.genblk1.genblk1.genblk1.lut0.genblk1.genblk1.genblk1.genblk1.genblk1.lut0 (4 -> 1)
  Optimizing lut $abc$167024$lut$aiger167023$5722.genblk1.genblk1.genblk1.genblk1.genblk1.genblk1.genblk1.genblk1.lut1.genblk1.genblk1.genblk1.genblk1.genblk1.genblk1.genblk1.lut0.genblk1.genblk1.genblk1.genblk1.genblk1.genblk1.lut1.genblk1.genblk1.genblk1.genblk1.genblk1.lut0 (4 -> 0)
  Optimizing lut $abc$167024$lut$aiger167023$5722.genblk1.genblk1.genblk1.genblk1.genblk1.genblk1.genblk1.genblk1.lut1.genblk1.genblk1.genblk1.genblk1.genblk1.genblk1.genblk1.lut0.genblk1.genblk1.genblk1.genblk1.genblk1.genblk1.lut0.genblk1.genblk1.genblk1.genblk1.genblk1.lut0 (4 -> 0)
  Optimizing lut $abc$167024$lut$aiger167023$5722.genblk1.genblk1.genblk1.genblk1.genblk1.genblk1.genblk1.genblk1.lut1.genblk1.genblk1.genblk1.genblk1.genblk1.genblk1.genblk1.lut1.genblk1.genblk1.genblk1.genblk1.genblk1.genblk1.lut1.genblk1.genblk1.genblk1.genblk1.genblk1.lut0 (4 -> 0)
  Optimizing lut $abc$167024$lut$aiger167023$5722.genblk1.genblk1.genblk1.genblk1.genblk1.genblk1.genblk1.genblk1.lut0.genblk1.genblk1.genblk1.genblk1.genblk1.genblk1.genblk1.lut0.genblk1.genblk1.genblk1.genblk1.genblk1.genblk1.lut1.genblk1.genblk1.genblk1.genblk1.genblk1.lut0 (4 -> 0)
  Optimizing lut $abc$167024$lut$aiger167023$5722.genblk1.genblk1.genblk1.genblk1.genblk1.genblk1.genblk1.genblk1.lut0.genblk1.genblk1.genblk1.genblk1.genblk1.genblk1.genblk1.lut0.genblk1.genblk1.genblk1.genblk1.genblk1.genblk1.lut0.genblk1.genblk1.genblk1.genblk1.genblk1.lut0 (4 -> 0)
  Optimizing lut $abc$167024$lut$aiger167023$5722.genblk1.genblk1.genblk1.genblk1.genblk1.genblk1.genblk1.genblk1.lut0.genblk1.genblk1.genblk1.genblk1.genblk1.genblk1.genblk1.lut1.genblk1.genblk1.genblk1.genblk1.genblk1.genblk1.lut1.genblk1.genblk1.genblk1.genblk1.genblk1.lut0 (4 -> 0)
  Optimizing lut $abc$167024$lut$aiger167023$5722.genblk1.genblk1.genblk1.genblk1.genblk1.genblk1.genblk1.genblk1.lut0.genblk1.genblk1.genblk1.genblk1.genblk1.genblk1.genblk1.lut1.genblk1.genblk1.genblk1.genblk1.genblk1.genblk1.lut0.genblk1.genblk1.genblk1.genblk1.genblk1.lut0 (4 -> 0)
  Optimizing lut $abc$167024$lut$aiger167023$5864.genblk1.genblk1.genblk1.genblk1.genblk1.genblk1.genblk1.genblk1.lut1.genblk1.genblk1.genblk1.genblk1.genblk1.genblk1.genblk1.lut0.genblk1.genblk1.genblk1.genblk1.genblk1.genblk1.lut1.genblk1.genblk1.genblk1.genblk1.genblk1.lut0 (4 -> 1)
  Optimizing lut $abc$167024$lut$aiger167023$5864.genblk1.genblk1.genblk1.genblk1.genblk1.genblk1.genblk1.genblk1.lut1.genblk1.genblk1.genblk1.genblk1.genblk1.genblk1.genblk1.lut1.genblk1.genblk1.genblk1.genblk1.genblk1.genblk1.lut1.genblk1.genblk1.genblk1.genblk1.genblk1.lut0 (4 -> 1)
  Optimizing lut $abc$167024$lut$aiger167023$5864.genblk1.genblk1.genblk1.genblk1.genblk1.genblk1.genblk1.genblk1.lut1.genblk1.genblk1.genblk1.genblk1.genblk1.genblk1.genblk1.lut1.genblk1.genblk1.genblk1.genblk1.genblk1.genblk1.lut0.genblk1.genblk1.genblk1.genblk1.genblk1.lut0 (4 -> 1)
  Optimizing lut $abc$167024$lut$aiger167023$5864.genblk1.genblk1.genblk1.genblk1.genblk1.genblk1.genblk1.genblk1.lut0.genblk1.genblk1.genblk1.genblk1.genblk1.genblk1.genblk1.lut0.genblk1.genblk1.genblk1.genblk1.genblk1.genblk1.lut1.genblk1.genblk1.genblk1.genblk1.genblk1.lut0 (4 -> 1)
  Optimizing lut $abc$167024$lut$aiger167023$5864.genblk1.genblk1.genblk1.genblk1.genblk1.genblk1.genblk1.genblk1.lut0.genblk1.genblk1.genblk1.genblk1.genblk1.genblk1.genblk1.lut0.genblk1.genblk1.genblk1.genblk1.genblk1.genblk1.lut0.genblk1.genblk1.genblk1.genblk1.genblk1.lut0 (4 -> 1)
  Optimizing lut $abc$167024$lut$aiger167023$5864.genblk1.genblk1.genblk1.genblk1.genblk1.genblk1.genblk1.genblk1.lut0.genblk1.genblk1.genblk1.genblk1.genblk1.genblk1.genblk1.lut1.genblk1.genblk1.genblk1.genblk1.genblk1.genblk1.lut1.genblk1.genblk1.genblk1.genblk1.genblk1.lut0 (4 -> 1)
  Optimizing lut $abc$167024$lut$aiger167023$5864.genblk1.genblk1.genblk1.genblk1.genblk1.genblk1.genblk1.genblk1.lut0.genblk1.genblk1.genblk1.genblk1.genblk1.genblk1.genblk1.lut1.genblk1.genblk1.genblk1.genblk1.genblk1.genblk1.lut0.genblk1.genblk1.genblk1.genblk1.genblk1.lut0 (4 -> 1)
  Optimizing lut $abc$167024$lut$aiger167023$5877.genblk1.genblk1.genblk1.genblk1.genblk1.genblk1.genblk1.genblk1.lut1.genblk1.genblk1.genblk1.genblk1.genblk1.genblk1.genblk1.lut0.genblk1.genblk1.genblk1.genblk1.genblk1.genblk1.lut1.genblk1.genblk1.genblk1.genblk1.genblk1.lut0 (4 -> 1)
  Optimizing lut $abc$167024$lut$aiger167023$5877.genblk1.genblk1.genblk1.genblk1.genblk1.genblk1.genblk1.genblk1.lut1.genblk1.genblk1.genblk1.genblk1.genblk1.genblk1.genblk1.lut1.genblk1.genblk1.genblk1.genblk1.genblk1.genblk1.lut1.genblk1.genblk1.genblk1.genblk1.genblk1.lut0 (4 -> 1)
  Optimizing lut $abc$167024$lut$aiger167023$5877.genblk1.genblk1.genblk1.genblk1.genblk1.genblk1.genblk1.genblk1.lut1.genblk1.genblk1.genblk1.genblk1.genblk1.genblk1.genblk1.lut1.genblk1.genblk1.genblk1.genblk1.genblk1.genblk1.lut0.genblk1.genblk1.genblk1.genblk1.genblk1.lut0 (4 -> 1)
  Optimizing lut $abc$167024$lut$aiger167023$5877.genblk1.genblk1.genblk1.genblk1.genblk1.genblk1.genblk1.genblk1.lut0.genblk1.genblk1.genblk1.genblk1.genblk1.genblk1.genblk1.lut0.genblk1.genblk1.genblk1.genblk1.genblk1.genblk1.lut1.genblk1.genblk1.genblk1.genblk1.genblk1.lut0 (4 -> 1)
  Optimizing lut $abc$167024$lut$aiger167023$5877.genblk1.genblk1.genblk1.genblk1.genblk1.genblk1.genblk1.genblk1.lut0.genblk1.genblk1.genblk1.genblk1.genblk1.genblk1.genblk1.lut0.genblk1.genblk1.genblk1.genblk1.genblk1.genblk1.lut0.genblk1.genblk1.genblk1.genblk1.genblk1.lut0 (4 -> 1)
  Optimizing lut $abc$167024$lut$aiger167023$5877.genblk1.genblk1.genblk1.genblk1.genblk1.genblk1.genblk1.genblk1.lut0.genblk1.genblk1.genblk1.genblk1.genblk1.genblk1.genblk1.lut1.genblk1.genblk1.genblk1.genblk1.genblk1.genblk1.lut1.genblk1.genblk1.genblk1.genblk1.genblk1.lut0 (4 -> 1)
  Optimizing lut $abc$167024$lut$aiger167023$5877.genblk1.genblk1.genblk1.genblk1.genblk1.genblk1.genblk1.genblk1.lut0.genblk1.genblk1.genblk1.genblk1.genblk1.genblk1.genblk1.lut1.genblk1.genblk1.genblk1.genblk1.genblk1.genblk1.lut0.genblk1.genblk1.genblk1.genblk1.genblk1.lut0 (4 -> 1)
  Optimizing lut $abc$167024$lut$aiger167023$5916.genblk1.genblk1.genblk1.genblk1.genblk1.genblk1.genblk1.genblk1.lut1.genblk1.genblk1.genblk1.genblk1.genblk1.genblk1.genblk1.lut0.genblk1.genblk1.genblk1.genblk1.genblk1.genblk1.lut1.genblk1.genblk1.genblk1.genblk1.genblk1.lut0 (4 -> 1)
  Optimizing lut $abc$167024$lut$aiger167023$5916.genblk1.genblk1.genblk1.genblk1.genblk1.genblk1.genblk1.genblk1.lut1.genblk1.genblk1.genblk1.genblk1.genblk1.genblk1.genblk1.lut1.genblk1.genblk1.genblk1.genblk1.genblk1.genblk1.lut1.genblk1.genblk1.genblk1.genblk1.genblk1.lut0 (4 -> 1)
  Optimizing lut $abc$167024$lut$aiger167023$5916.genblk1.genblk1.genblk1.genblk1.genblk1.genblk1.genblk1.genblk1.lut1.genblk1.genblk1.genblk1.genblk1.genblk1.genblk1.genblk1.lut1.genblk1.genblk1.genblk1.genblk1.genblk1.genblk1.lut0.genblk1.genblk1.genblk1.genblk1.genblk1.lut0 (4 -> 1)
  Optimizing lut $abc$167024$lut$aiger167023$5916.genblk1.genblk1.genblk1.genblk1.genblk1.genblk1.genblk1.genblk1.lut0.genblk1.genblk1.genblk1.genblk1.genblk1.genblk1.genblk1.lut0.genblk1.genblk1.genblk1.genblk1.genblk1.genblk1.lut1.genblk1.genblk1.genblk1.genblk1.genblk1.lut0 (4 -> 1)
  Optimizing lut $abc$167024$lut$aiger167023$5916.genblk1.genblk1.genblk1.genblk1.genblk1.genblk1.genblk1.genblk1.lut0.genblk1.genblk1.genblk1.genblk1.genblk1.genblk1.genblk1.lut0.genblk1.genblk1.genblk1.genblk1.genblk1.genblk1.lut0.genblk1.genblk1.genblk1.genblk1.genblk1.lut0 (4 -> 1)
  Optimizing lut $abc$167024$lut$aiger167023$5916.genblk1.genblk1.genblk1.genblk1.genblk1.genblk1.genblk1.genblk1.lut0.genblk1.genblk1.genblk1.genblk1.genblk1.genblk1.genblk1.lut1.genblk1.genblk1.genblk1.genblk1.genblk1.genblk1.lut1.genblk1.genblk1.genblk1.genblk1.genblk1.lut0 (4 -> 1)
  Optimizing lut $abc$167024$lut$aiger167023$5916.genblk1.genblk1.genblk1.genblk1.genblk1.genblk1.genblk1.genblk1.lut0.genblk1.genblk1.genblk1.genblk1.genblk1.genblk1.genblk1.lut1.genblk1.genblk1.genblk1.genblk1.genblk1.genblk1.lut0.genblk1.genblk1.genblk1.genblk1.genblk1.lut0 (4 -> 1)
  Optimizing lut $abc$167024$lut$aiger167023$5929.genblk1.genblk1.genblk1.genblk1.genblk1.genblk1.genblk1.genblk1.lut1.genblk1.genblk1.genblk1.genblk1.genblk1.genblk1.genblk1.lut0.genblk1.genblk1.genblk1.genblk1.genblk1.genblk1.lut1.genblk1.genblk1.genblk1.genblk1.genblk1.lut0 (4 -> 1)
  Optimizing lut $abc$167024$lut$aiger167023$5929.genblk1.genblk1.genblk1.genblk1.genblk1.genblk1.genblk1.genblk1.lut1.genblk1.genblk1.genblk1.genblk1.genblk1.genblk1.genblk1.lut1.genblk1.genblk1.genblk1.genblk1.genblk1.genblk1.lut1.genblk1.genblk1.genblk1.genblk1.genblk1.lut0 (4 -> 1)
  Optimizing lut $abc$167024$lut$aiger167023$5929.genblk1.genblk1.genblk1.genblk1.genblk1.genblk1.genblk1.genblk1.lut1.genblk1.genblk1.genblk1.genblk1.genblk1.genblk1.genblk1.lut1.genblk1.genblk1.genblk1.genblk1.genblk1.genblk1.lut0.genblk1.genblk1.genblk1.genblk1.genblk1.lut0 (4 -> 1)
  Optimizing lut $abc$167024$lut$aiger167023$5929.genblk1.genblk1.genblk1.genblk1.genblk1.genblk1.genblk1.genblk1.lut0.genblk1.genblk1.genblk1.genblk1.genblk1.genblk1.genblk1.lut0.genblk1.genblk1.genblk1.genblk1.genblk1.genblk1.lut1.genblk1.genblk1.genblk1.genblk1.genblk1.lut0 (4 -> 1)
  Optimizing lut $abc$167024$lut$aiger167023$5929.genblk1.genblk1.genblk1.genblk1.genblk1.genblk1.genblk1.genblk1.lut0.genblk1.genblk1.genblk1.genblk1.genblk1.genblk1.genblk1.lut0.genblk1.genblk1.genblk1.genblk1.genblk1.genblk1.lut0.genblk1.genblk1.genblk1.genblk1.genblk1.lut0 (4 -> 1)
  Optimizing lut $abc$167024$lut$aiger167023$5929.genblk1.genblk1.genblk1.genblk1.genblk1.genblk1.genblk1.genblk1.lut0.genblk1.genblk1.genblk1.genblk1.genblk1.genblk1.genblk1.lut1.genblk1.genblk1.genblk1.genblk1.genblk1.genblk1.lut1.genblk1.genblk1.genblk1.genblk1.genblk1.lut0 (4 -> 1)
  Optimizing lut $abc$167024$lut$aiger167023$5929.genblk1.genblk1.genblk1.genblk1.genblk1.genblk1.genblk1.genblk1.lut0.genblk1.genblk1.genblk1.genblk1.genblk1.genblk1.genblk1.lut1.genblk1.genblk1.genblk1.genblk1.genblk1.genblk1.lut0.genblk1.genblk1.genblk1.genblk1.genblk1.lut0 (4 -> 1)
  Optimizing lut $abc$167024$lut$aiger167023$5942.genblk1.genblk1.genblk1.genblk1.genblk1.genblk1.genblk1.genblk1.lut1.genblk1.genblk1.genblk1.genblk1.genblk1.genblk1.genblk1.lut1.genblk1.genblk1.genblk1.genblk1.genblk1.genblk1.lut1.genblk1.genblk1.genblk1.genblk1.genblk1.lut0 (4 -> 1)
  Optimizing lut $abc$167024$lut$aiger167023$5942.genblk1.genblk1.genblk1.genblk1.genblk1.genblk1.genblk1.genblk1.lut1.genblk1.genblk1.genblk1.genblk1.genblk1.genblk1.genblk1.lut1.genblk1.genblk1.genblk1.genblk1.genblk1.genblk1.lut0.genblk1.genblk1.genblk1.genblk1.genblk1.lut0 (4 -> 1)
  Optimizing lut $abc$167024$lut$aiger167023$5942.genblk1.genblk1.genblk1.genblk1.genblk1.genblk1.genblk1.genblk1.lut0.genblk1.genblk1.genblk1.genblk1.genblk1.genblk1.genblk1.lut0.genblk1.genblk1.genblk1.genblk1.genblk1.genblk1.lut1.genblk1.genblk1.genblk1.genblk1.genblk1.lut0 (4 -> 1)
  Optimizing lut $abc$167024$lut$aiger167023$5942.genblk1.genblk1.genblk1.genblk1.genblk1.genblk1.genblk1.genblk1.lut0.genblk1.genblk1.genblk1.genblk1.genblk1.genblk1.genblk1.lut0.genblk1.genblk1.genblk1.genblk1.genblk1.genblk1.lut0.genblk1.genblk1.genblk1.genblk1.genblk1.lut0 (4 -> 1)
  Optimizing lut $abc$167024$lut$aiger167023$5942.genblk1.genblk1.genblk1.genblk1.genblk1.genblk1.genblk1.genblk1.lut0.genblk1.genblk1.genblk1.genblk1.genblk1.genblk1.genblk1.lut1.genblk1.genblk1.genblk1.genblk1.genblk1.genblk1.lut1.genblk1.genblk1.genblk1.genblk1.genblk1.lut0 (4 -> 1)
  Optimizing lut $abc$167024$lut$aiger167023$5942.genblk1.genblk1.genblk1.genblk1.genblk1.genblk1.genblk1.genblk1.lut0.genblk1.genblk1.genblk1.genblk1.genblk1.genblk1.genblk1.lut1.genblk1.genblk1.genblk1.genblk1.genblk1.genblk1.lut0.genblk1.genblk1.genblk1.genblk1.genblk1.lut0 (4 -> 1)
  Optimizing lut $abc$167024$lut$aiger167023$5955.genblk1.genblk1.genblk1.genblk1.genblk1.genblk1.genblk1.genblk1.lut1.genblk1.genblk1.genblk1.genblk1.genblk1.genblk1.genblk1.lut0.genblk1.genblk1.genblk1.genblk1.genblk1.genblk1.lut0.genblk1.genblk1.genblk1.genblk1.genblk1.lut0 (4 -> 0)
  Optimizing lut $abc$167024$lut$aiger167023$5955.genblk1.genblk1.genblk1.genblk1.genblk1.genblk1.genblk1.genblk1.lut1.genblk1.genblk1.genblk1.genblk1.genblk1.genblk1.genblk1.lut1.genblk1.genblk1.genblk1.genblk1.genblk1.genblk1.lut1.genblk1.genblk1.genblk1.genblk1.genblk1.lut0 (4 -> 0)
  Optimizing lut $abc$167024$lut$aiger167023$5955.genblk1.genblk1.genblk1.genblk1.genblk1.genblk1.genblk1.genblk1.lut0.genblk1.genblk1.genblk1.genblk1.genblk1.genblk1.genblk1.lut0.genblk1.genblk1.genblk1.genblk1.genblk1.genblk1.lut1.genblk1.genblk1.genblk1.genblk1.genblk1.lut0 (4 -> 0)
  Optimizing lut $abc$167024$lut$aiger167023$5955.genblk1.genblk1.genblk1.genblk1.genblk1.genblk1.genblk1.genblk1.lut0.genblk1.genblk1.genblk1.genblk1.genblk1.genblk1.genblk1.lut0.genblk1.genblk1.genblk1.genblk1.genblk1.genblk1.lut0.genblk1.genblk1.genblk1.genblk1.genblk1.lut0 (4 -> 0)
  Optimizing lut $abc$167024$lut$aiger167023$5955.genblk1.genblk1.genblk1.genblk1.genblk1.genblk1.genblk1.genblk1.lut0.genblk1.genblk1.genblk1.genblk1.genblk1.genblk1.genblk1.lut1.genblk1.genblk1.genblk1.genblk1.genblk1.genblk1.lut1.genblk1.genblk1.genblk1.genblk1.genblk1.lut0 (4 -> 0)
  Optimizing lut $abc$167024$lut$aiger167023$5955.genblk1.genblk1.genblk1.genblk1.genblk1.genblk1.genblk1.genblk1.lut0.genblk1.genblk1.genblk1.genblk1.genblk1.genblk1.genblk1.lut1.genblk1.genblk1.genblk1.genblk1.genblk1.genblk1.lut0.genblk1.genblk1.genblk1.genblk1.genblk1.lut0 (4 -> 0)
  Optimizing lut $abc$167024$lut$aiger167023$11440.genblk1.genblk1.genblk1.genblk1.genblk1.genblk1.genblk1.genblk1.lut1.genblk1.genblk1.genblk1.genblk1.genblk1.genblk1.genblk1.lut0.genblk1.genblk1.genblk1.genblk1.genblk1.genblk1.lut1.genblk1.genblk1.genblk1.genblk1.genblk1.lut0 (4 -> 0)
  Optimizing lut $abc$167024$lut$aiger167023$11440.genblk1.genblk1.genblk1.genblk1.genblk1.genblk1.genblk1.genblk1.lut1.genblk1.genblk1.genblk1.genblk1.genblk1.genblk1.genblk1.lut0.genblk1.genblk1.genblk1.genblk1.genblk1.genblk1.lut0.genblk1.genblk1.genblk1.genblk1.genblk1.lut0 (4 -> 0)
  Optimizing lut $abc$167024$lut$aiger167023$11440.genblk1.genblk1.genblk1.genblk1.genblk1.genblk1.genblk1.genblk1.lut1.genblk1.genblk1.genblk1.genblk1.genblk1.genblk1.genblk1.lut1.genblk1.genblk1.genblk1.genblk1.genblk1.genblk1.lut1.genblk1.genblk1.genblk1.genblk1.genblk1.lut0 (4 -> 0)
  Optimizing lut $abc$167024$lut$aiger167023$11440.genblk1.genblk1.genblk1.genblk1.genblk1.genblk1.genblk1.genblk1.lut0.genblk1.genblk1.genblk1.genblk1.genblk1.genblk1.genblk1.lut0.genblk1.genblk1.genblk1.genblk1.genblk1.genblk1.lut1.genblk1.genblk1.genblk1.genblk1.genblk1.lut0 (4 -> 0)
  Optimizing lut $abc$167024$lut$aiger167023$11440.genblk1.genblk1.genblk1.genblk1.genblk1.genblk1.genblk1.genblk1.lut0.genblk1.genblk1.genblk1.genblk1.genblk1.genblk1.genblk1.lut1.genblk1.genblk1.genblk1.genblk1.genblk1.genblk1.lut1.genblk1.genblk1.genblk1.genblk1.genblk1.lut0 (4 -> 0)
  Optimizing lut $abc$167024$lut$aiger167023$11440.genblk1.genblk1.genblk1.genblk1.genblk1.genblk1.genblk1.genblk1.lut0.genblk1.genblk1.genblk1.genblk1.genblk1.genblk1.genblk1.lut1.genblk1.genblk1.genblk1.genblk1.genblk1.genblk1.lut0.genblk1.genblk1.genblk1.genblk1.genblk1.lut0 (4 -> 0)
  Optimizing lut $abc$167024$lut$aiger167023$11490.genblk1.genblk1.genblk1.genblk1.genblk1.genblk1.genblk1.genblk1.lut1.genblk1.genblk1.genblk1.genblk1.genblk1.genblk1.genblk1.lut0.genblk1.genblk1.genblk1.genblk1.genblk1.genblk1.lut1.genblk1.genblk1.genblk1.genblk1.genblk1.lut0 (4 -> 2)
  Optimizing lut $abc$167024$lut$aiger167023$11490.genblk1.genblk1.genblk1.genblk1.genblk1.genblk1.genblk1.genblk1.lut1.genblk1.genblk1.genblk1.genblk1.genblk1.genblk1.genblk1.lut0.genblk1.genblk1.genblk1.genblk1.genblk1.genblk1.lut0.genblk1.genblk1.genblk1.genblk1.genblk1.lut0 (4 -> 2)
  Optimizing lut $abc$167024$lut$aiger167023$11490.genblk1.genblk1.genblk1.genblk1.genblk1.genblk1.genblk1.genblk1.lut1.genblk1.genblk1.genblk1.genblk1.genblk1.genblk1.genblk1.lut1.genblk1.genblk1.genblk1.genblk1.genblk1.genblk1.lut1.genblk1.genblk1.genblk1.genblk1.genblk1.lut0 (4 -> 2)
  Optimizing lut $abc$167024$lut$aiger167023$11490.genblk1.genblk1.genblk1.genblk1.genblk1.genblk1.genblk1.genblk1.lut1.genblk1.genblk1.genblk1.genblk1.genblk1.genblk1.genblk1.lut1.genblk1.genblk1.genblk1.genblk1.genblk1.genblk1.lut0.genblk1.genblk1.genblk1.genblk1.genblk1.lut0 (4 -> 2)
  Optimizing lut $abc$167024$lut$aiger167023$11490.genblk1.genblk1.genblk1.genblk1.genblk1.genblk1.genblk1.genblk1.lut0.genblk1.genblk1.genblk1.genblk1.genblk1.genblk1.genblk1.lut0.genblk1.genblk1.genblk1.genblk1.genblk1.genblk1.lut1.genblk1.genblk1.genblk1.genblk1.genblk1.lut0 (4 -> 3)
  Optimizing lut $abc$167024$lut$aiger167023$11490.genblk1.genblk1.genblk1.genblk1.genblk1.genblk1.genblk1.genblk1.lut0.genblk1.genblk1.genblk1.genblk1.genblk1.genblk1.genblk1.lut0.genblk1.genblk1.genblk1.genblk1.genblk1.genblk1.lut0.genblk1.genblk1.genblk1.genblk1.genblk1.lut0 (4 -> 3)
  Optimizing lut $abc$167024$lut$aiger167023$11490.genblk1.genblk1.genblk1.genblk1.genblk1.genblk1.genblk1.genblk1.lut0.genblk1.genblk1.genblk1.genblk1.genblk1.genblk1.genblk1.lut1.genblk1.genblk1.genblk1.genblk1.genblk1.genblk1.lut1.genblk1.genblk1.genblk1.genblk1.genblk1.lut0 (4 -> 3)
  Optimizing lut $abc$167024$lut$aiger167023$11490.genblk1.genblk1.genblk1.genblk1.genblk1.genblk1.genblk1.genblk1.lut0.genblk1.genblk1.genblk1.genblk1.genblk1.genblk1.genblk1.lut1.genblk1.genblk1.genblk1.genblk1.genblk1.genblk1.lut0.genblk1.genblk1.genblk1.genblk1.genblk1.lut0 (4 -> 3)
  Optimizing lut $abc$167024$lut$aiger167023$11638.genblk1.genblk1.genblk1.genblk1.genblk1.genblk1.genblk1.lut1.genblk1.genblk1.genblk1.genblk1.genblk1.genblk1.lut0.genblk1.genblk1.genblk1.genblk1.genblk1.lut1 (4 -> 0)
  Optimizing lut $abc$167024$lut$aiger167023$11851.genblk1.genblk1.genblk1.genblk1.genblk1.genblk1.genblk1.genblk1.lut1.genblk1.genblk1.genblk1.genblk1.genblk1.genblk1.genblk1.lut0.genblk1.genblk1.genblk1.genblk1.genblk1.genblk1.lut0.genblk1.genblk1.genblk1.genblk1.genblk1.lut0 (4 -> 2)
  Optimizing lut $abc$167024$lut$aiger167023$11851.genblk1.genblk1.genblk1.genblk1.genblk1.genblk1.genblk1.genblk1.lut1.genblk1.genblk1.genblk1.genblk1.genblk1.genblk1.genblk1.lut1.genblk1.genblk1.genblk1.genblk1.genblk1.genblk1.lut1.genblk1.genblk1.genblk1.genblk1.genblk1.lut0 (4 -> 2)
  Optimizing lut $abc$167024$lut$aiger167023$11851.genblk1.genblk1.genblk1.genblk1.genblk1.genblk1.genblk1.genblk1.lut1.genblk1.genblk1.genblk1.genblk1.genblk1.genblk1.genblk1.lut1.genblk1.genblk1.genblk1.genblk1.genblk1.genblk1.lut0.genblk1.genblk1.genblk1.genblk1.genblk1.lut0 (4 -> 2)
  Optimizing lut $abc$167024$lut$aiger167023$11851.genblk1.genblk1.genblk1.genblk1.genblk1.genblk1.genblk1.genblk1.lut0.genblk1.genblk1.genblk1.genblk1.genblk1.genblk1.genblk1.lut0.genblk1.genblk1.genblk1.genblk1.genblk1.genblk1.lut1.genblk1.genblk1.genblk1.genblk1.genblk1.lut0 (4 -> 3)
  Optimizing lut $abc$167024$lut$aiger167023$11851.genblk1.genblk1.genblk1.genblk1.genblk1.genblk1.genblk1.genblk1.lut0.genblk1.genblk1.genblk1.genblk1.genblk1.genblk1.genblk1.lut0.genblk1.genblk1.genblk1.genblk1.genblk1.genblk1.lut0.genblk1.genblk1.genblk1.genblk1.genblk1.lut0 (4 -> 3)
  Optimizing lut $abc$167024$lut$aiger167023$11851.genblk1.genblk1.genblk1.genblk1.genblk1.genblk1.genblk1.genblk1.lut0.genblk1.genblk1.genblk1.genblk1.genblk1.genblk1.genblk1.lut1.genblk1.genblk1.genblk1.genblk1.genblk1.genblk1.lut1.genblk1.genblk1.genblk1.genblk1.genblk1.lut0 (4 -> 3)
  Optimizing lut $abc$167024$lut$aiger167023$11851.genblk1.genblk1.genblk1.genblk1.genblk1.genblk1.genblk1.genblk1.lut0.genblk1.genblk1.genblk1.genblk1.genblk1.genblk1.genblk1.lut1.genblk1.genblk1.genblk1.genblk1.genblk1.genblk1.lut0.genblk1.genblk1.genblk1.genblk1.genblk1.lut0 (4 -> 3)
  Optimizing lut $abc$167024$lut$aiger167023$11858.genblk1.genblk1.genblk1.genblk1.genblk1.genblk1.genblk1.genblk1.lut1.genblk1.genblk1.genblk1.genblk1.genblk1.genblk1.genblk1.lut0.genblk1.genblk1.genblk1.genblk1.genblk1.genblk1.lut1.genblk1.genblk1.genblk1.genblk1.genblk1.lut0 (4 -> 0)
  Optimizing lut $abc$167024$lut$aiger167023$11858.genblk1.genblk1.genblk1.genblk1.genblk1.genblk1.genblk1.genblk1.lut1.genblk1.genblk1.genblk1.genblk1.genblk1.genblk1.genblk1.lut0.genblk1.genblk1.genblk1.genblk1.genblk1.genblk1.lut0.genblk1.genblk1.genblk1.genblk1.genblk1.lut0 (4 -> 0)
  Optimizing lut $abc$167024$lut$aiger167023$11858.genblk1.genblk1.genblk1.genblk1.genblk1.genblk1.genblk1.genblk1.lut1.genblk1.genblk1.genblk1.genblk1.genblk1.genblk1.genblk1.lut1.genblk1.genblk1.genblk1.genblk1.genblk1.genblk1.lut1.genblk1.genblk1.genblk1.genblk1.genblk1.lut0 (4 -> 0)
  Optimizing lut $abc$167024$lut$aiger167023$11858.genblk1.genblk1.genblk1.genblk1.genblk1.genblk1.genblk1.genblk1.lut0.genblk1.genblk1.genblk1.genblk1.genblk1.genblk1.genblk1.lut0.genblk1.genblk1.genblk1.genblk1.genblk1.genblk1.lut1.genblk1.genblk1.genblk1.genblk1.genblk1.lut0 (4 -> 0)
  Optimizing lut $abc$167024$lut$aiger167023$11858.genblk1.genblk1.genblk1.genblk1.genblk1.genblk1.genblk1.genblk1.lut0.genblk1.genblk1.genblk1.genblk1.genblk1.genblk1.genblk1.lut0.genblk1.genblk1.genblk1.genblk1.genblk1.genblk1.lut0.genblk1.genblk1.genblk1.genblk1.genblk1.lut0 (4 -> 0)
  Optimizing lut $abc$167024$lut$aiger167023$11858.genblk1.genblk1.genblk1.genblk1.genblk1.genblk1.genblk1.genblk1.lut0.genblk1.genblk1.genblk1.genblk1.genblk1.genblk1.genblk1.lut1.genblk1.genblk1.genblk1.genblk1.genblk1.genblk1.lut1.genblk1.genblk1.genblk1.genblk1.genblk1.lut0 (4 -> 0)
  Optimizing lut $abc$167024$lut$aiger167023$11858.genblk1.genblk1.genblk1.genblk1.genblk1.genblk1.genblk1.genblk1.lut0.genblk1.genblk1.genblk1.genblk1.genblk1.genblk1.genblk1.lut1.genblk1.genblk1.genblk1.genblk1.genblk1.genblk1.lut0.genblk1.genblk1.genblk1.genblk1.genblk1.lut0 (4 -> 0)
  Optimizing lut $abc$167024$lut$aiger167023$12181.genblk1.genblk1.genblk1.genblk1.genblk1.genblk1.genblk1.genblk1.lut1.genblk1.genblk1.genblk1.genblk1.genblk1.genblk1.genblk1.lut0.genblk1.genblk1.genblk1.genblk1.genblk1.genblk1.lut1.genblk1.genblk1.genblk1.genblk1.genblk1.lut0 (4 -> 0)
  Optimizing lut $abc$167024$lut$aiger167023$12181.genblk1.genblk1.genblk1.genblk1.genblk1.genblk1.genblk1.genblk1.lut1.genblk1.genblk1.genblk1.genblk1.genblk1.genblk1.genblk1.lut0.genblk1.genblk1.genblk1.genblk1.genblk1.genblk1.lut0.genblk1.genblk1.genblk1.genblk1.genblk1.lut0 (4 -> 0)
  Optimizing lut $abc$167024$lut$aiger167023$12181.genblk1.genblk1.genblk1.genblk1.genblk1.genblk1.genblk1.genblk1.lut1.genblk1.genblk1.genblk1.genblk1.genblk1.genblk1.genblk1.lut1.genblk1.genblk1.genblk1.genblk1.genblk1.genblk1.lut1.genblk1.genblk1.genblk1.genblk1.genblk1.lut0 (4 -> 0)
  Optimizing lut $abc$167024$lut$aiger167023$12181.genblk1.genblk1.genblk1.genblk1.genblk1.genblk1.genblk1.genblk1.lut1.genblk1.genblk1.genblk1.genblk1.genblk1.genblk1.genblk1.lut1.genblk1.genblk1.genblk1.genblk1.genblk1.genblk1.lut0.genblk1.genblk1.genblk1.genblk1.genblk1.lut0 (4 -> 0)
  Optimizing lut $abc$167024$lut$aiger167023$12181.genblk1.genblk1.genblk1.genblk1.genblk1.genblk1.genblk1.genblk1.lut0.genblk1.genblk1.genblk1.genblk1.genblk1.genblk1.genblk1.lut0.genblk1.genblk1.genblk1.genblk1.genblk1.genblk1.lut1.genblk1.genblk1.genblk1.genblk1.genblk1.lut0 (4 -> 0)
  Optimizing lut $abc$167024$lut$aiger167023$12181.genblk1.genblk1.genblk1.genblk1.genblk1.genblk1.genblk1.genblk1.lut0.genblk1.genblk1.genblk1.genblk1.genblk1.genblk1.genblk1.lut0.genblk1.genblk1.genblk1.genblk1.genblk1.genblk1.lut0.genblk1.genblk1.genblk1.genblk1.genblk1.lut0 (4 -> 0)
  Optimizing lut $abc$167024$lut$aiger167023$12181.genblk1.genblk1.genblk1.genblk1.genblk1.genblk1.genblk1.genblk1.lut0.genblk1.genblk1.genblk1.genblk1.genblk1.genblk1.genblk1.lut1.genblk1.genblk1.genblk1.genblk1.genblk1.genblk1.lut1.genblk1.genblk1.genblk1.genblk1.genblk1.lut0 (4 -> 0)
  Optimizing lut $abc$167024$lut$aiger167023$12181.genblk1.genblk1.genblk1.genblk1.genblk1.genblk1.genblk1.genblk1.lut0.genblk1.genblk1.genblk1.genblk1.genblk1.genblk1.genblk1.lut1.genblk1.genblk1.genblk1.genblk1.genblk1.genblk1.lut0.genblk1.genblk1.genblk1.genblk1.genblk1.lut0 (4 -> 0)
  Optimizing lut $abc$167024$lut$aiger167023$12181.genblk1.genblk1.genblk1.genblk1.genblk1.genblk1.genblk1.genblk1.lut1.genblk1.genblk1.genblk1.genblk1.genblk1.genblk1.genblk1.lut1.genblk1.genblk1.genblk1.genblk1.genblk1.genblk1.lut0.genblk1.genblk1.genblk1.genblk1.genblk1.lut1 (4 -> 0)
  Optimizing lut $abc$167024$lut$aiger167023$12181.genblk1.genblk1.genblk1.genblk1.genblk1.genblk1.genblk1.genblk1.lut1.genblk1.genblk1.genblk1.genblk1.genblk1.genblk1.genblk1.lut0.genblk1.genblk1.genblk1.genblk1.genblk1.genblk1.lut0.genblk1.genblk1.genblk1.genblk1.genblk1.lut1 (4 -> 0)
  Optimizing lut $abc$167024$lut$aiger167023$11858.genblk1.genblk1.genblk1.genblk1.genblk1.genblk1.genblk1.genblk1.lut0.genblk1.genblk1.genblk1.genblk1.genblk1.genblk1.genblk1.lut1.genblk1.genblk1.genblk1.genblk1.genblk1.genblk1.lut0.genblk1.genblk1.genblk1.genblk1.genblk1.lut1 (4 -> 0)
  Optimizing lut $abc$167024$lut$aiger167023$11858.genblk1.genblk1.genblk1.genblk1.genblk1.genblk1.genblk1.genblk1.lut1.genblk1.genblk1.genblk1.genblk1.genblk1.genblk1.genblk1.lut1.genblk1.genblk1.genblk1.genblk1.genblk1.genblk1.lut0.genblk1.genblk1.genblk1.genblk1.genblk1.lut1 (4 -> 3)
  Optimizing lut $abc$167024$lut$aiger167023$11858.genblk1.genblk1.genblk1.genblk1.genblk1.genblk1.genblk1.genblk1.lut1.genblk1.genblk1.genblk1.genblk1.genblk1.genblk1.genblk1.lut0.genblk1.genblk1.genblk1.genblk1.genblk1.genblk1.lut0.genblk1.genblk1.genblk1.genblk1.genblk1.lut1 (4 -> 0)
  Optimizing lut $abc$167024$lut$aiger167023$11851.genblk1.genblk1.genblk1.genblk1.genblk1.genblk1.genblk1.genblk1.lut0.genblk1.genblk1.genblk1.genblk1.genblk1.genblk1.genblk1.lut1.genblk1.genblk1.genblk1.genblk1.genblk1.genblk1.lut0.genblk1.genblk1.genblk1.genblk1.genblk1.lut1 (4 -> 0)
  Optimizing lut $abc$167024$lut$aiger167023$11842.genblk1.genblk1.genblk1.genblk1.genblk1.genblk1.lut0.genblk1.genblk1.genblk1.genblk1.genblk1.lut1 (4 -> 0)
  Optimizing lut $abc$167024$lut$aiger167023$11851.genblk1.genblk1.genblk1.genblk1.genblk1.genblk1.genblk1.genblk1.lut1.genblk1.genblk1.genblk1.genblk1.genblk1.genblk1.genblk1.lut1.genblk1.genblk1.genblk1.genblk1.genblk1.genblk1.lut0.genblk1.genblk1.genblk1.genblk1.genblk1.lut1 (4 -> 0)
  Optimizing lut $abc$167024$lut$aiger167023$11851.genblk1.genblk1.genblk1.genblk1.genblk1.genblk1.genblk1.genblk1.lut1.genblk1.genblk1.genblk1.genblk1.genblk1.genblk1.genblk1.lut0.genblk1.genblk1.genblk1.genblk1.genblk1.genblk1.lut0.genblk1.genblk1.genblk1.genblk1.genblk1.lut1 (4 -> 0)
  Optimizing lut $abc$167024$lut$aiger167023$11490.genblk1.genblk1.genblk1.genblk1.genblk1.genblk1.genblk1.genblk1.lut0.genblk1.genblk1.genblk1.genblk1.genblk1.genblk1.genblk1.lut1.genblk1.genblk1.genblk1.genblk1.genblk1.genblk1.lut0.genblk1.genblk1.genblk1.genblk1.genblk1.lut1 (4 -> 0)
  Optimizing lut $abc$167024$lut$aiger167023$11692.genblk1.genblk1.genblk1.genblk1.genblk1.genblk1.lut0.genblk1.genblk1.genblk1.genblk1.genblk1.lut1 (4 -> 0)
  Optimizing lut $abc$167024$lut$aiger167023$11638.genblk1.genblk1.genblk1.genblk1.genblk1.genblk1.genblk1.lut0.genblk1.genblk1.genblk1.genblk1.genblk1.genblk1.lut0.genblk1.genblk1.genblk1.genblk1.genblk1.lut0 (4 -> 0)
  Optimizing lut $abc$167024$lut$aiger167023$11638.genblk1.genblk1.genblk1.genblk1.genblk1.genblk1.genblk1.lut1.genblk1.genblk1.genblk1.genblk1.genblk1.genblk1.lut1.genblk1.genblk1.genblk1.genblk1.genblk1.lut0 (4 -> 0)
  Optimizing lut $abc$167024$lut$aiger167023$11638.genblk1.genblk1.genblk1.genblk1.genblk1.genblk1.genblk1.lut1.genblk1.genblk1.genblk1.genblk1.genblk1.genblk1.lut0.genblk1.genblk1.genblk1.genblk1.genblk1.lut0 (4 -> 0)
  Optimizing lut $abc$167024$lut$aiger167023$11490.genblk1.genblk1.genblk1.genblk1.genblk1.genblk1.genblk1.genblk1.lut0.genblk1.genblk1.genblk1.genblk1.genblk1.genblk1.genblk1.lut0.genblk1.genblk1.genblk1.genblk1.genblk1.genblk1.lut0.genblk1.genblk1.genblk1.genblk1.genblk1.lut1 (4 -> 0)
  Optimizing lut $abc$167024$lut$aiger167023$11490.genblk1.genblk1.genblk1.genblk1.genblk1.genblk1.genblk1.genblk1.lut1.genblk1.genblk1.genblk1.genblk1.genblk1.genblk1.genblk1.lut1.genblk1.genblk1.genblk1.genblk1.genblk1.genblk1.lut0.genblk1.genblk1.genblk1.genblk1.genblk1.lut1 (4 -> 0)
  Optimizing lut $abc$167024$lut$aiger167023$11490.genblk1.genblk1.genblk1.genblk1.genblk1.genblk1.genblk1.genblk1.lut1.genblk1.genblk1.genblk1.genblk1.genblk1.genblk1.genblk1.lut0.genblk1.genblk1.genblk1.genblk1.genblk1.genblk1.lut0.genblk1.genblk1.genblk1.genblk1.genblk1.lut1 (4 -> 0)
  Optimizing lut $abc$167024$lut$aiger167023$11440.genblk1.genblk1.genblk1.genblk1.genblk1.genblk1.genblk1.genblk1.lut0.genblk1.genblk1.genblk1.genblk1.genblk1.genblk1.genblk1.lut1.genblk1.genblk1.genblk1.genblk1.genblk1.genblk1.lut0.genblk1.genblk1.genblk1.genblk1.genblk1.lut1 (4 -> 0)
  Optimizing lut $abc$167024$lut$aiger167023$11440.genblk1.genblk1.genblk1.genblk1.genblk1.genblk1.genblk1.genblk1.lut0.genblk1.genblk1.genblk1.genblk1.genblk1.genblk1.genblk1.lut0.genblk1.genblk1.genblk1.genblk1.genblk1.genblk1.lut0.genblk1.genblk1.genblk1.genblk1.genblk1.lut1 (4 -> 0)
  Optimizing lut $abc$167024$lut$aiger167023$11440.genblk1.genblk1.genblk1.genblk1.genblk1.genblk1.genblk1.genblk1.lut1.genblk1.genblk1.genblk1.genblk1.genblk1.genblk1.genblk1.lut1.genblk1.genblk1.genblk1.genblk1.genblk1.genblk1.lut0.genblk1.genblk1.genblk1.genblk1.genblk1.lut1 (4 -> 0)
  Optimizing lut $abc$167024$lut$aiger167023$11440.genblk1.genblk1.genblk1.genblk1.genblk1.genblk1.genblk1.genblk1.lut1.genblk1.genblk1.genblk1.genblk1.genblk1.genblk1.genblk1.lut0.genblk1.genblk1.genblk1.genblk1.genblk1.genblk1.lut0.genblk1.genblk1.genblk1.genblk1.genblk1.lut1 (4 -> 0)
  Optimizing lut $abc$167024$lut$aiger167023$5955.genblk1.genblk1.genblk1.genblk1.genblk1.genblk1.genblk1.genblk1.lut0.genblk1.genblk1.genblk1.genblk1.genblk1.genblk1.genblk1.lut1.genblk1.genblk1.genblk1.genblk1.genblk1.genblk1.lut0.genblk1.genblk1.genblk1.genblk1.genblk1.lut1 (4 -> 0)
  Optimizing lut $abc$167024$lut$aiger167023$12282.genblk1.genblk1.genblk1.genblk1.genblk1.genblk1.lut0.genblk1.genblk1.genblk1.genblk1.genblk1.lut1 (4 -> 0)
  Optimizing lut $abc$167024$lut$aiger167023$5955.genblk1.genblk1.genblk1.genblk1.genblk1.genblk1.genblk1.genblk1.lut1.genblk1.genblk1.genblk1.genblk1.genblk1.genblk1.genblk1.lut1.genblk1.genblk1.genblk1.genblk1.genblk1.genblk1.lut0.genblk1.genblk1.genblk1.genblk1.genblk1.lut1 (4 -> 0)
  Optimizing lut $abc$167024$lut$aiger167023$5955.genblk1.genblk1.genblk1.genblk1.genblk1.genblk1.genblk1.genblk1.lut1.genblk1.genblk1.genblk1.genblk1.genblk1.genblk1.genblk1.lut0.genblk1.genblk1.genblk1.genblk1.genblk1.genblk1.lut0.genblk1.genblk1.genblk1.genblk1.genblk1.lut1 (4 -> 0)
  Optimizing lut $abc$167024$lut$aiger167023$5942.genblk1.genblk1.genblk1.genblk1.genblk1.genblk1.genblk1.genblk1.lut0.genblk1.genblk1.genblk1.genblk1.genblk1.genblk1.genblk1.lut1.genblk1.genblk1.genblk1.genblk1.genblk1.genblk1.lut0.genblk1.genblk1.genblk1.genblk1.genblk1.lut1 (4 -> 1)
  Optimizing lut $abc$167024$lut$aiger167023$5942.genblk1.genblk1.genblk1.genblk1.genblk1.genblk1.genblk1.genblk1.lut0.genblk1.genblk1.genblk1.genblk1.genblk1.genblk1.genblk1.lut0.genblk1.genblk1.genblk1.genblk1.genblk1.genblk1.lut0.genblk1.genblk1.genblk1.genblk1.genblk1.lut1 (4 -> 1)
  Optimizing lut $abc$167024$lut$aiger167023$5942.genblk1.genblk1.genblk1.genblk1.genblk1.genblk1.genblk1.genblk1.lut1.genblk1.genblk1.genblk1.genblk1.genblk1.genblk1.genblk1.lut1.genblk1.genblk1.genblk1.genblk1.genblk1.genblk1.lut0.genblk1.genblk1.genblk1.genblk1.genblk1.lut1 (4 -> 1)
  Optimizing lut $abc$167024$lut$aiger167023$5942.genblk1.genblk1.genblk1.genblk1.genblk1.genblk1.genblk1.genblk1.lut1.genblk1.genblk1.genblk1.genblk1.genblk1.genblk1.genblk1.lut0.genblk1.genblk1.genblk1.genblk1.genblk1.genblk1.lut0.genblk1.genblk1.genblk1.genblk1.genblk1.lut1 (4 -> 1)
  Optimizing lut $abc$167024$lut$aiger167023$5929.genblk1.genblk1.genblk1.genblk1.genblk1.genblk1.genblk1.genblk1.lut0.genblk1.genblk1.genblk1.genblk1.genblk1.genblk1.genblk1.lut1.genblk1.genblk1.genblk1.genblk1.genblk1.genblk1.lut0.genblk1.genblk1.genblk1.genblk1.genblk1.lut1 (4 -> 1)
  Optimizing lut $abc$167024$lut$aiger167023$5929.genblk1.genblk1.genblk1.genblk1.genblk1.genblk1.genblk1.genblk1.lut0.genblk1.genblk1.genblk1.genblk1.genblk1.genblk1.genblk1.lut0.genblk1.genblk1.genblk1.genblk1.genblk1.genblk1.lut0.genblk1.genblk1.genblk1.genblk1.genblk1.lut1 (4 -> 1)
  Optimizing lut $abc$167024$lut$aiger167023$5929.genblk1.genblk1.genblk1.genblk1.genblk1.genblk1.genblk1.genblk1.lut1.genblk1.genblk1.genblk1.genblk1.genblk1.genblk1.genblk1.lut1.genblk1.genblk1.genblk1.genblk1.genblk1.genblk1.lut0.genblk1.genblk1.genblk1.genblk1.genblk1.lut1 (4 -> 1)
  Optimizing lut $abc$167024$lut$aiger167023$5929.genblk1.genblk1.genblk1.genblk1.genblk1.genblk1.genblk1.genblk1.lut1.genblk1.genblk1.genblk1.genblk1.genblk1.genblk1.genblk1.lut0.genblk1.genblk1.genblk1.genblk1.genblk1.genblk1.lut0.genblk1.genblk1.genblk1.genblk1.genblk1.lut1 (4 -> 1)
  Optimizing lut $abc$167024$lut$aiger167023$5916.genblk1.genblk1.genblk1.genblk1.genblk1.genblk1.genblk1.genblk1.lut0.genblk1.genblk1.genblk1.genblk1.genblk1.genblk1.genblk1.lut1.genblk1.genblk1.genblk1.genblk1.genblk1.genblk1.lut0.genblk1.genblk1.genblk1.genblk1.genblk1.lut1 (4 -> 1)
  Optimizing lut $abc$167024$lut$aiger167023$5916.genblk1.genblk1.genblk1.genblk1.genblk1.genblk1.genblk1.genblk1.lut0.genblk1.genblk1.genblk1.genblk1.genblk1.genblk1.genblk1.lut0.genblk1.genblk1.genblk1.genblk1.genblk1.genblk1.lut0.genblk1.genblk1.genblk1.genblk1.genblk1.lut1 (4 -> 1)
  Optimizing lut $abc$167024$lut$aiger167023$5916.genblk1.genblk1.genblk1.genblk1.genblk1.genblk1.genblk1.genblk1.lut1.genblk1.genblk1.genblk1.genblk1.genblk1.genblk1.genblk1.lut1.genblk1.genblk1.genblk1.genblk1.genblk1.genblk1.lut0.genblk1.genblk1.genblk1.genblk1.genblk1.lut1 (4 -> 1)
  Optimizing lut $abc$167024$lut$aiger167023$5916.genblk1.genblk1.genblk1.genblk1.genblk1.genblk1.genblk1.genblk1.lut1.genblk1.genblk1.genblk1.genblk1.genblk1.genblk1.genblk1.lut0.genblk1.genblk1.genblk1.genblk1.genblk1.genblk1.lut0.genblk1.genblk1.genblk1.genblk1.genblk1.lut1 (4 -> 1)
  Optimizing lut $abc$167024$lut$aiger167023$5877.genblk1.genblk1.genblk1.genblk1.genblk1.genblk1.genblk1.genblk1.lut0.genblk1.genblk1.genblk1.genblk1.genblk1.genblk1.genblk1.lut1.genblk1.genblk1.genblk1.genblk1.genblk1.genblk1.lut0.genblk1.genblk1.genblk1.genblk1.genblk1.lut1 (4 -> 1)
  Optimizing lut $abc$167024$lut$aiger167023$5877.genblk1.genblk1.genblk1.genblk1.genblk1.genblk1.genblk1.genblk1.lut0.genblk1.genblk1.genblk1.genblk1.genblk1.genblk1.genblk1.lut0.genblk1.genblk1.genblk1.genblk1.genblk1.genblk1.lut0.genblk1.genblk1.genblk1.genblk1.genblk1.lut1 (4 -> 1)
  Optimizing lut $abc$167024$lut$aiger167023$5877.genblk1.genblk1.genblk1.genblk1.genblk1.genblk1.genblk1.genblk1.lut1.genblk1.genblk1.genblk1.genblk1.genblk1.genblk1.genblk1.lut1.genblk1.genblk1.genblk1.genblk1.genblk1.genblk1.lut0.genblk1.genblk1.genblk1.genblk1.genblk1.lut1 (4 -> 1)
  Optimizing lut $abc$167024$lut$aiger167023$5877.genblk1.genblk1.genblk1.genblk1.genblk1.genblk1.genblk1.genblk1.lut1.genblk1.genblk1.genblk1.genblk1.genblk1.genblk1.genblk1.lut0.genblk1.genblk1.genblk1.genblk1.genblk1.genblk1.lut0.genblk1.genblk1.genblk1.genblk1.genblk1.lut1 (4 -> 1)
  Optimizing lut $abc$167024$lut$aiger167023$5864.genblk1.genblk1.genblk1.genblk1.genblk1.genblk1.genblk1.genblk1.lut0.genblk1.genblk1.genblk1.genblk1.genblk1.genblk1.genblk1.lut1.genblk1.genblk1.genblk1.genblk1.genblk1.genblk1.lut0.genblk1.genblk1.genblk1.genblk1.genblk1.lut1 (4 -> 1)
  Optimizing lut $abc$167024$lut$aiger167023$5864.genblk1.genblk1.genblk1.genblk1.genblk1.genblk1.genblk1.genblk1.lut0.genblk1.genblk1.genblk1.genblk1.genblk1.genblk1.genblk1.lut0.genblk1.genblk1.genblk1.genblk1.genblk1.genblk1.lut0.genblk1.genblk1.genblk1.genblk1.genblk1.lut1 (4 -> 1)
  Optimizing lut $abc$167024$lut$aiger167023$5864.genblk1.genblk1.genblk1.genblk1.genblk1.genblk1.genblk1.genblk1.lut1.genblk1.genblk1.genblk1.genblk1.genblk1.genblk1.genblk1.lut1.genblk1.genblk1.genblk1.genblk1.genblk1.genblk1.lut0.genblk1.genblk1.genblk1.genblk1.genblk1.lut1 (4 -> 1)
  Optimizing lut $abc$167024$lut$aiger167023$5864.genblk1.genblk1.genblk1.genblk1.genblk1.genblk1.genblk1.genblk1.lut1.genblk1.genblk1.genblk1.genblk1.genblk1.genblk1.genblk1.lut0.genblk1.genblk1.genblk1.genblk1.genblk1.genblk1.lut0.genblk1.genblk1.genblk1.genblk1.genblk1.lut1 (4 -> 1)
  Optimizing lut $abc$167024$lut$aiger167023$5722.genblk1.genblk1.genblk1.genblk1.genblk1.genblk1.genblk1.genblk1.lut0.genblk1.genblk1.genblk1.genblk1.genblk1.genblk1.genblk1.lut1.genblk1.genblk1.genblk1.genblk1.genblk1.genblk1.lut0.genblk1.genblk1.genblk1.genblk1.genblk1.lut1 (4 -> 0)
  Optimizing lut $abc$167024$lut$aiger167023$5722.genblk1.genblk1.genblk1.genblk1.genblk1.genblk1.genblk1.genblk1.lut0.genblk1.genblk1.genblk1.genblk1.genblk1.genblk1.genblk1.lut0.genblk1.genblk1.genblk1.genblk1.genblk1.genblk1.lut0.genblk1.genblk1.genblk1.genblk1.genblk1.lut1 (4 -> 0)
  Optimizing lut $abc$167024$lut$aiger167023$5722.genblk1.genblk1.genblk1.genblk1.genblk1.genblk1.genblk1.genblk1.lut1.genblk1.genblk1.genblk1.genblk1.genblk1.genblk1.genblk1.lut1.genblk1.genblk1.genblk1.genblk1.genblk1.genblk1.lut0.genblk1.genblk1.genblk1.genblk1.genblk1.lut1 (4 -> 0)
  Optimizing lut $abc$167024$lut$aiger167023$5696.genblk1.genblk1.genblk1.genblk1.genblk1.genblk1.genblk1.genblk1.lut0.genblk1.genblk1.genblk1.genblk1.genblk1.genblk1.genblk1.lut1.genblk1.genblk1.genblk1.genblk1.genblk1.genblk1.lut0.genblk1.genblk1.genblk1.genblk1.genblk1.lut1 (4 -> 1)
  Optimizing lut $abc$167024$lut$aiger167023$5696.genblk1.genblk1.genblk1.genblk1.genblk1.genblk1.genblk1.genblk1.lut0.genblk1.genblk1.genblk1.genblk1.genblk1.genblk1.genblk1.lut0.genblk1.genblk1.genblk1.genblk1.genblk1.genblk1.lut0.genblk1.genblk1.genblk1.genblk1.genblk1.lut1 (4 -> 1)
  Optimizing lut $abc$167024$lut$aiger167023$5696.genblk1.genblk1.genblk1.genblk1.genblk1.genblk1.genblk1.genblk1.lut1.genblk1.genblk1.genblk1.genblk1.genblk1.genblk1.genblk1.lut1.genblk1.genblk1.genblk1.genblk1.genblk1.genblk1.lut0.genblk1.genblk1.genblk1.genblk1.genblk1.lut1 (4 -> 1)
  Optimizing lut $abc$167024$lut$aiger167023$5696.genblk1.genblk1.genblk1.genblk1.genblk1.genblk1.genblk1.genblk1.lut1.genblk1.genblk1.genblk1.genblk1.genblk1.genblk1.genblk1.lut0.genblk1.genblk1.genblk1.genblk1.genblk1.genblk1.lut0.genblk1.genblk1.genblk1.genblk1.genblk1.lut1 (4 -> 1)
  Optimizing lut $abc$167024$lut$aiger167023$5683.genblk1.genblk1.genblk1.genblk1.genblk1.genblk1.genblk1.genblk1.lut0.genblk1.genblk1.genblk1.genblk1.genblk1.genblk1.genblk1.lut1.genblk1.genblk1.genblk1.genblk1.genblk1.genblk1.lut0.genblk1.genblk1.genblk1.genblk1.genblk1.lut1 (4 -> 1)
  Optimizing lut $abc$167024$lut$aiger167023$5683.genblk1.genblk1.genblk1.genblk1.genblk1.genblk1.genblk1.genblk1.lut0.genblk1.genblk1.genblk1.genblk1.genblk1.genblk1.genblk1.lut0.genblk1.genblk1.genblk1.genblk1.genblk1.genblk1.lut0.genblk1.genblk1.genblk1.genblk1.genblk1.lut1 (4 -> 1)
  Optimizing lut $abc$167024$lut$aiger167023$5683.genblk1.genblk1.genblk1.genblk1.genblk1.genblk1.genblk1.genblk1.lut1.genblk1.genblk1.genblk1.genblk1.genblk1.genblk1.genblk1.lut1.genblk1.genblk1.genblk1.genblk1.genblk1.genblk1.lut0.genblk1.genblk1.genblk1.genblk1.genblk1.lut1 (4 -> 1)
  Optimizing lut $abc$167024$lut$aiger167023$5683.genblk1.genblk1.genblk1.genblk1.genblk1.genblk1.genblk1.genblk1.lut1.genblk1.genblk1.genblk1.genblk1.genblk1.genblk1.genblk1.lut0.genblk1.genblk1.genblk1.genblk1.genblk1.genblk1.lut0.genblk1.genblk1.genblk1.genblk1.genblk1.lut1 (4 -> 1)
  Optimizing lut $abc$167024$lut$aiger167023$5670.genblk1.genblk1.genblk1.genblk1.genblk1.genblk1.genblk1.genblk1.lut0.genblk1.genblk1.genblk1.genblk1.genblk1.genblk1.genblk1.lut1.genblk1.genblk1.genblk1.genblk1.genblk1.genblk1.lut0.genblk1.genblk1.genblk1.genblk1.genblk1.lut1 (4 -> 1)
  Optimizing lut $abc$167024$lut$aiger167023$5670.genblk1.genblk1.genblk1.genblk1.genblk1.genblk1.genblk1.genblk1.lut0.genblk1.genblk1.genblk1.genblk1.genblk1.genblk1.genblk1.lut0.genblk1.genblk1.genblk1.genblk1.genblk1.genblk1.lut0.genblk1.genblk1.genblk1.genblk1.genblk1.lut1 (4 -> 1)
  Optimizing lut $abc$167024$lut$aiger167023$5670.genblk1.genblk1.genblk1.genblk1.genblk1.genblk1.genblk1.genblk1.lut1.genblk1.genblk1.genblk1.genblk1.genblk1.genblk1.genblk1.lut1.genblk1.genblk1.genblk1.genblk1.genblk1.genblk1.lut0.genblk1.genblk1.genblk1.genblk1.genblk1.lut1 (4 -> 1)
  Optimizing lut $abc$167024$lut$aiger167023$5670.genblk1.genblk1.genblk1.genblk1.genblk1.genblk1.genblk1.genblk1.lut1.genblk1.genblk1.genblk1.genblk1.genblk1.genblk1.genblk1.lut0.genblk1.genblk1.genblk1.genblk1.genblk1.genblk1.lut0.genblk1.genblk1.genblk1.genblk1.genblk1.lut1 (4 -> 1)
  Optimizing lut $abc$167024$lut$aiger167023$5657.genblk1.genblk1.genblk1.genblk1.genblk1.genblk1.genblk1.genblk1.lut0.genblk1.genblk1.genblk1.genblk1.genblk1.genblk1.genblk1.lut1.genblk1.genblk1.genblk1.genblk1.genblk1.genblk1.lut0.genblk1.genblk1.genblk1.genblk1.genblk1.lut1 (4 -> 1)
  Optimizing lut $abc$167024$lut$aiger167023$5657.genblk1.genblk1.genblk1.genblk1.genblk1.genblk1.genblk1.genblk1.lut0.genblk1.genblk1.genblk1.genblk1.genblk1.genblk1.genblk1.lut0.genblk1.genblk1.genblk1.genblk1.genblk1.genblk1.lut0.genblk1.genblk1.genblk1.genblk1.genblk1.lut1 (4 -> 1)
  Optimizing lut $abc$167024$lut$aiger167023$5657.genblk1.genblk1.genblk1.genblk1.genblk1.genblk1.genblk1.genblk1.lut1.genblk1.genblk1.genblk1.genblk1.genblk1.genblk1.genblk1.lut1.genblk1.genblk1.genblk1.genblk1.genblk1.genblk1.lut0.genblk1.genblk1.genblk1.genblk1.genblk1.lut1 (4 -> 1)
  Optimizing lut $abc$167024$lut$aiger167023$5657.genblk1.genblk1.genblk1.genblk1.genblk1.genblk1.genblk1.genblk1.lut1.genblk1.genblk1.genblk1.genblk1.genblk1.genblk1.genblk1.lut0.genblk1.genblk1.genblk1.genblk1.genblk1.genblk1.lut0.genblk1.genblk1.genblk1.genblk1.genblk1.lut1 (4 -> 1)
  Optimizing lut $abc$167024$lut$aiger167023$5602.genblk1.genblk1.genblk1.genblk1.genblk1.genblk1.genblk1.genblk1.lut0.genblk1.genblk1.genblk1.genblk1.genblk1.genblk1.genblk1.lut1.genblk1.genblk1.genblk1.genblk1.genblk1.genblk1.lut0.genblk1.genblk1.genblk1.genblk1.genblk1.lut1 (4 -> 0)
  Optimizing lut $abc$167024$lut$aiger167023$5602.genblk1.genblk1.genblk1.genblk1.genblk1.genblk1.genblk1.genblk1.lut0.genblk1.genblk1.genblk1.genblk1.genblk1.genblk1.genblk1.lut0.genblk1.genblk1.genblk1.genblk1.genblk1.genblk1.lut0.genblk1.genblk1.genblk1.genblk1.genblk1.lut1 (4 -> 0)
  Optimizing lut $abc$167024$lut$aiger167023$5602.genblk1.genblk1.genblk1.genblk1.genblk1.genblk1.genblk1.genblk1.lut1.genblk1.genblk1.genblk1.genblk1.genblk1.genblk1.genblk1.lut1.genblk1.genblk1.genblk1.genblk1.genblk1.genblk1.lut0.genblk1.genblk1.genblk1.genblk1.genblk1.lut1 (4 -> 0)
  Optimizing lut $abc$167024$lut$aiger167023$5602.genblk1.genblk1.genblk1.genblk1.genblk1.genblk1.genblk1.genblk1.lut1.genblk1.genblk1.genblk1.genblk1.genblk1.genblk1.genblk1.lut0.genblk1.genblk1.genblk1.genblk1.genblk1.genblk1.lut0.genblk1.genblk1.genblk1.genblk1.genblk1.lut1 (4 -> 0)
  Optimizing lut $abc$167024$lut$aiger167023$5903.genblk1.genblk1.genblk1.genblk1.genblk1.genblk1.genblk1.genblk1.lut0.genblk1.genblk1.genblk1.genblk1.genblk1.genblk1.genblk1.lut1.genblk1.genblk1.genblk1.genblk1.genblk1.genblk1.lut0.genblk1.genblk1.genblk1.genblk1.genblk1.lut1 (4 -> 1)
  Optimizing lut $auto$abc_ops_reintegrate.cc:450:reintegrate$167164.genblk1.genblk1.genblk1.genblk1.genblk1.genblk1.genblk1.lut0.genblk1.genblk1.genblk1.genblk1.genblk1.genblk1.lut1.genblk1.genblk1.genblk1.genblk1.genblk1.lut0 (4 -> 3)
  Optimizing lut $auto$abc_ops_reintegrate.cc:450:reintegrate$167164.genblk1.genblk1.genblk1.genblk1.genblk1.genblk1.genblk1.lut0.genblk1.genblk1.genblk1.genblk1.genblk1.genblk1.lut0.genblk1.genblk1.genblk1.genblk1.genblk1.lut0 (4 -> 3)
  Optimizing lut $auto$abc_ops_reintegrate.cc:450:reintegrate$167164.genblk1.genblk1.genblk1.genblk1.genblk1.genblk1.genblk1.lut1.genblk1.genblk1.genblk1.genblk1.genblk1.genblk1.lut1.genblk1.genblk1.genblk1.genblk1.genblk1.lut0 (4 -> 3)
  Optimizing lut $auto$abc_ops_reintegrate.cc:450:reintegrate$167164.genblk1.genblk1.genblk1.genblk1.genblk1.genblk1.genblk1.lut1.genblk1.genblk1.genblk1.genblk1.genblk1.genblk1.lut0.genblk1.genblk1.genblk1.genblk1.genblk1.lut0 (4 -> 3)
  Optimizing lut $auto$abc_ops_reintegrate.cc:450:reintegrate$167165.genblk1.genblk1.genblk1.genblk1.genblk1.genblk1.genblk1.lut0.genblk1.genblk1.genblk1.genblk1.genblk1.genblk1.lut1.genblk1.genblk1.genblk1.genblk1.genblk1.lut0 (4 -> 3)
  Optimizing lut $auto$abc_ops_reintegrate.cc:450:reintegrate$167165.genblk1.genblk1.genblk1.genblk1.genblk1.genblk1.genblk1.lut0.genblk1.genblk1.genblk1.genblk1.genblk1.genblk1.lut0.genblk1.genblk1.genblk1.genblk1.genblk1.lut0 (4 -> 3)
  Optimizing lut $auto$abc_ops_reintegrate.cc:450:reintegrate$167165.genblk1.genblk1.genblk1.genblk1.genblk1.genblk1.genblk1.lut1.genblk1.genblk1.genblk1.genblk1.genblk1.genblk1.lut1.genblk1.genblk1.genblk1.genblk1.genblk1.lut0 (4 -> 3)
  Optimizing lut $auto$abc_ops_reintegrate.cc:450:reintegrate$167165.genblk1.genblk1.genblk1.genblk1.genblk1.genblk1.genblk1.lut1.genblk1.genblk1.genblk1.genblk1.genblk1.genblk1.lut0.genblk1.genblk1.genblk1.genblk1.genblk1.lut0 (4 -> 3)
  Optimizing lut $auto$abc_ops_reintegrate.cc:450:reintegrate$167166.genblk1.genblk1.genblk1.genblk1.genblk1.genblk1.genblk1.lut0.genblk1.genblk1.genblk1.genblk1.genblk1.genblk1.lut1.genblk1.genblk1.genblk1.genblk1.genblk1.lut0 (4 -> 3)
  Optimizing lut $auto$abc_ops_reintegrate.cc:450:reintegrate$167166.genblk1.genblk1.genblk1.genblk1.genblk1.genblk1.genblk1.lut0.genblk1.genblk1.genblk1.genblk1.genblk1.genblk1.lut0.genblk1.genblk1.genblk1.genblk1.genblk1.lut0 (4 -> 3)
  Optimizing lut $auto$abc_ops_reintegrate.cc:450:reintegrate$167166.genblk1.genblk1.genblk1.genblk1.genblk1.genblk1.genblk1.lut1.genblk1.genblk1.genblk1.genblk1.genblk1.genblk1.lut1.genblk1.genblk1.genblk1.genblk1.genblk1.lut0 (4 -> 3)
  Optimizing lut $auto$abc_ops_reintegrate.cc:450:reintegrate$167166.genblk1.genblk1.genblk1.genblk1.genblk1.genblk1.genblk1.lut1.genblk1.genblk1.genblk1.genblk1.genblk1.genblk1.lut0.genblk1.genblk1.genblk1.genblk1.genblk1.lut0 (4 -> 3)
  Optimizing lut $auto$abc_ops_reintegrate.cc:450:reintegrate$167167.genblk1.genblk1.genblk1.genblk1.genblk1.genblk1.genblk1.lut0.genblk1.genblk1.genblk1.genblk1.genblk1.genblk1.lut1.genblk1.genblk1.genblk1.genblk1.genblk1.lut0 (4 -> 3)
  Optimizing lut $auto$abc_ops_reintegrate.cc:450:reintegrate$167167.genblk1.genblk1.genblk1.genblk1.genblk1.genblk1.genblk1.lut0.genblk1.genblk1.genblk1.genblk1.genblk1.genblk1.lut0.genblk1.genblk1.genblk1.genblk1.genblk1.lut0 (4 -> 3)
  Optimizing lut $auto$abc_ops_reintegrate.cc:450:reintegrate$167167.genblk1.genblk1.genblk1.genblk1.genblk1.genblk1.genblk1.lut1.genblk1.genblk1.genblk1.genblk1.genblk1.genblk1.lut1.genblk1.genblk1.genblk1.genblk1.genblk1.lut0 (4 -> 3)
  Optimizing lut $auto$abc_ops_reintegrate.cc:450:reintegrate$167167.genblk1.genblk1.genblk1.genblk1.genblk1.genblk1.genblk1.lut1.genblk1.genblk1.genblk1.genblk1.genblk1.genblk1.lut0.genblk1.genblk1.genblk1.genblk1.genblk1.lut0 (4 -> 3)
  Optimizing lut $auto$abc_ops_reintegrate.cc:450:reintegrate$167168.genblk1.genblk1.genblk1.genblk1.genblk1.genblk1.genblk1.lut0.genblk1.genblk1.genblk1.genblk1.genblk1.genblk1.lut1.genblk1.genblk1.genblk1.genblk1.genblk1.lut0 (4 -> 3)
  Optimizing lut $auto$abc_ops_reintegrate.cc:450:reintegrate$167168.genblk1.genblk1.genblk1.genblk1.genblk1.genblk1.genblk1.lut0.genblk1.genblk1.genblk1.genblk1.genblk1.genblk1.lut0.genblk1.genblk1.genblk1.genblk1.genblk1.lut0 (4 -> 3)
  Optimizing lut $auto$abc_ops_reintegrate.cc:450:reintegrate$167168.genblk1.genblk1.genblk1.genblk1.genblk1.genblk1.genblk1.lut1.genblk1.genblk1.genblk1.genblk1.genblk1.genblk1.lut1.genblk1.genblk1.genblk1.genblk1.genblk1.lut0 (4 -> 3)
  Optimizing lut $auto$abc_ops_reintegrate.cc:450:reintegrate$167168.genblk1.genblk1.genblk1.genblk1.genblk1.genblk1.genblk1.lut1.genblk1.genblk1.genblk1.genblk1.genblk1.genblk1.lut0.genblk1.genblk1.genblk1.genblk1.genblk1.lut0 (4 -> 3)
  Optimizing lut $auto$abc_ops_reintegrate.cc:450:reintegrate$167169.genblk1.genblk1.genblk1.genblk1.genblk1.genblk1.genblk1.lut0.genblk1.genblk1.genblk1.genblk1.genblk1.genblk1.lut1.genblk1.genblk1.genblk1.genblk1.genblk1.lut0 (4 -> 3)
  Optimizing lut $auto$abc_ops_reintegrate.cc:450:reintegrate$167169.genblk1.genblk1.genblk1.genblk1.genblk1.genblk1.genblk1.lut0.genblk1.genblk1.genblk1.genblk1.genblk1.genblk1.lut0.genblk1.genblk1.genblk1.genblk1.genblk1.lut0 (4 -> 3)
  Optimizing lut $auto$abc_ops_reintegrate.cc:450:reintegrate$167169.genblk1.genblk1.genblk1.genblk1.genblk1.genblk1.genblk1.lut1.genblk1.genblk1.genblk1.genblk1.genblk1.genblk1.lut1.genblk1.genblk1.genblk1.genblk1.genblk1.lut0 (4 -> 3)
  Optimizing lut $auto$abc_ops_reintegrate.cc:450:reintegrate$167169.genblk1.genblk1.genblk1.genblk1.genblk1.genblk1.genblk1.lut1.genblk1.genblk1.genblk1.genblk1.genblk1.genblk1.lut0.genblk1.genblk1.genblk1.genblk1.genblk1.lut0 (4 -> 3)
  Optimizing lut $auto$abc_ops_reintegrate.cc:450:reintegrate$167170.genblk1.genblk1.genblk1.genblk1.genblk1.genblk1.genblk1.lut0.genblk1.genblk1.genblk1.genblk1.genblk1.genblk1.lut1.genblk1.genblk1.genblk1.genblk1.genblk1.lut0 (4 -> 3)
  Optimizing lut $auto$abc_ops_reintegrate.cc:450:reintegrate$167170.genblk1.genblk1.genblk1.genblk1.genblk1.genblk1.genblk1.lut0.genblk1.genblk1.genblk1.genblk1.genblk1.genblk1.lut0.genblk1.genblk1.genblk1.genblk1.genblk1.lut0 (4 -> 3)
  Optimizing lut $auto$abc_ops_reintegrate.cc:450:reintegrate$167170.genblk1.genblk1.genblk1.genblk1.genblk1.genblk1.genblk1.lut1.genblk1.genblk1.genblk1.genblk1.genblk1.genblk1.lut1.genblk1.genblk1.genblk1.genblk1.genblk1.lut0 (4 -> 3)
  Optimizing lut $auto$abc_ops_reintegrate.cc:450:reintegrate$167170.genblk1.genblk1.genblk1.genblk1.genblk1.genblk1.genblk1.lut1.genblk1.genblk1.genblk1.genblk1.genblk1.genblk1.lut0.genblk1.genblk1.genblk1.genblk1.genblk1.lut0 (4 -> 3)
  Optimizing lut $auto$abc_ops_reintegrate.cc:450:reintegrate$167171.genblk1.genblk1.genblk1.genblk1.genblk1.genblk1.genblk1.lut0.genblk1.genblk1.genblk1.genblk1.genblk1.genblk1.lut1.genblk1.genblk1.genblk1.genblk1.genblk1.lut0 (4 -> 3)
  Optimizing lut $auto$abc_ops_reintegrate.cc:450:reintegrate$167171.genblk1.genblk1.genblk1.genblk1.genblk1.genblk1.genblk1.lut0.genblk1.genblk1.genblk1.genblk1.genblk1.genblk1.lut0.genblk1.genblk1.genblk1.genblk1.genblk1.lut0 (4 -> 3)
  Optimizing lut $auto$abc_ops_reintegrate.cc:450:reintegrate$167171.genblk1.genblk1.genblk1.genblk1.genblk1.genblk1.genblk1.lut1.genblk1.genblk1.genblk1.genblk1.genblk1.genblk1.lut1.genblk1.genblk1.genblk1.genblk1.genblk1.lut0 (4 -> 3)
  Optimizing lut $auto$abc_ops_reintegrate.cc:450:reintegrate$167171.genblk1.genblk1.genblk1.genblk1.genblk1.genblk1.genblk1.lut1.genblk1.genblk1.genblk1.genblk1.genblk1.genblk1.lut0.genblk1.genblk1.genblk1.genblk1.genblk1.lut0 (4 -> 3)
  Optimizing lut $auto$abc_ops_reintegrate.cc:450:reintegrate$167172.genblk1.genblk1.genblk1.genblk1.genblk1.genblk1.genblk1.lut0.genblk1.genblk1.genblk1.genblk1.genblk1.genblk1.lut1.genblk1.genblk1.genblk1.genblk1.genblk1.lut0 (4 -> 3)
  Optimizing lut $auto$abc_ops_reintegrate.cc:450:reintegrate$167172.genblk1.genblk1.genblk1.genblk1.genblk1.genblk1.genblk1.lut0.genblk1.genblk1.genblk1.genblk1.genblk1.genblk1.lut0.genblk1.genblk1.genblk1.genblk1.genblk1.lut0 (4 -> 3)
  Optimizing lut $auto$abc_ops_reintegrate.cc:450:reintegrate$167172.genblk1.genblk1.genblk1.genblk1.genblk1.genblk1.genblk1.lut1.genblk1.genblk1.genblk1.genblk1.genblk1.genblk1.lut1.genblk1.genblk1.genblk1.genblk1.genblk1.lut0 (4 -> 3)
  Optimizing lut $auto$abc_ops_reintegrate.cc:450:reintegrate$167172.genblk1.genblk1.genblk1.genblk1.genblk1.genblk1.genblk1.lut1.genblk1.genblk1.genblk1.genblk1.genblk1.genblk1.lut0.genblk1.genblk1.genblk1.genblk1.genblk1.lut0 (4 -> 3)
  Optimizing lut $auto$abc_ops_reintegrate.cc:450:reintegrate$167173.genblk1.genblk1.genblk1.genblk1.genblk1.genblk1.genblk1.lut0.genblk1.genblk1.genblk1.genblk1.genblk1.genblk1.lut1.genblk1.genblk1.genblk1.genblk1.genblk1.lut0 (4 -> 3)
  Optimizing lut $auto$abc_ops_reintegrate.cc:450:reintegrate$167173.genblk1.genblk1.genblk1.genblk1.genblk1.genblk1.genblk1.lut0.genblk1.genblk1.genblk1.genblk1.genblk1.genblk1.lut0.genblk1.genblk1.genblk1.genblk1.genblk1.lut0 (4 -> 3)
  Optimizing lut $auto$abc_ops_reintegrate.cc:450:reintegrate$167173.genblk1.genblk1.genblk1.genblk1.genblk1.genblk1.genblk1.lut1.genblk1.genblk1.genblk1.genblk1.genblk1.genblk1.lut1.genblk1.genblk1.genblk1.genblk1.genblk1.lut0 (4 -> 3)
  Optimizing lut $auto$abc_ops_reintegrate.cc:450:reintegrate$167173.genblk1.genblk1.genblk1.genblk1.genblk1.genblk1.genblk1.lut1.genblk1.genblk1.genblk1.genblk1.genblk1.genblk1.lut0.genblk1.genblk1.genblk1.genblk1.genblk1.lut0 (4 -> 3)
  Optimizing lut $auto$abc_ops_reintegrate.cc:450:reintegrate$167174.genblk1.genblk1.genblk1.genblk1.genblk1.genblk1.genblk1.lut0.genblk1.genblk1.genblk1.genblk1.genblk1.genblk1.lut1.genblk1.genblk1.genblk1.genblk1.genblk1.lut0 (4 -> 3)
  Optimizing lut $auto$abc_ops_reintegrate.cc:450:reintegrate$167174.genblk1.genblk1.genblk1.genblk1.genblk1.genblk1.genblk1.lut0.genblk1.genblk1.genblk1.genblk1.genblk1.genblk1.lut0.genblk1.genblk1.genblk1.genblk1.genblk1.lut0 (4 -> 3)
  Optimizing lut $auto$abc_ops_reintegrate.cc:450:reintegrate$167174.genblk1.genblk1.genblk1.genblk1.genblk1.genblk1.genblk1.lut1.genblk1.genblk1.genblk1.genblk1.genblk1.genblk1.lut1.genblk1.genblk1.genblk1.genblk1.genblk1.lut0 (4 -> 3)
  Optimizing lut $auto$abc_ops_reintegrate.cc:450:reintegrate$167174.genblk1.genblk1.genblk1.genblk1.genblk1.genblk1.genblk1.lut1.genblk1.genblk1.genblk1.genblk1.genblk1.genblk1.lut0.genblk1.genblk1.genblk1.genblk1.genblk1.lut0 (4 -> 3)
  Optimizing lut $auto$abc_ops_reintegrate.cc:450:reintegrate$167175.genblk1.genblk1.genblk1.genblk1.genblk1.genblk1.genblk1.lut0.genblk1.genblk1.genblk1.genblk1.genblk1.genblk1.lut1.genblk1.genblk1.genblk1.genblk1.genblk1.lut0 (4 -> 3)
  Optimizing lut $auto$abc_ops_reintegrate.cc:450:reintegrate$167175.genblk1.genblk1.genblk1.genblk1.genblk1.genblk1.genblk1.lut0.genblk1.genblk1.genblk1.genblk1.genblk1.genblk1.lut0.genblk1.genblk1.genblk1.genblk1.genblk1.lut0 (4 -> 3)
  Optimizing lut $auto$abc_ops_reintegrate.cc:450:reintegrate$167175.genblk1.genblk1.genblk1.genblk1.genblk1.genblk1.genblk1.lut1.genblk1.genblk1.genblk1.genblk1.genblk1.genblk1.lut1.genblk1.genblk1.genblk1.genblk1.genblk1.lut0 (4 -> 3)
  Optimizing lut $auto$abc_ops_reintegrate.cc:450:reintegrate$167175.genblk1.genblk1.genblk1.genblk1.genblk1.genblk1.genblk1.lut1.genblk1.genblk1.genblk1.genblk1.genblk1.genblk1.lut0.genblk1.genblk1.genblk1.genblk1.genblk1.lut0 (4 -> 3)
  Optimizing lut $auto$abc_ops_reintegrate.cc:450:reintegrate$167176.genblk1.genblk1.genblk1.genblk1.genblk1.genblk1.genblk1.lut0.genblk1.genblk1.genblk1.genblk1.genblk1.genblk1.lut1.genblk1.genblk1.genblk1.genblk1.genblk1.lut0 (4 -> 3)
  Optimizing lut $auto$abc_ops_reintegrate.cc:450:reintegrate$167176.genblk1.genblk1.genblk1.genblk1.genblk1.genblk1.genblk1.lut0.genblk1.genblk1.genblk1.genblk1.genblk1.genblk1.lut0.genblk1.genblk1.genblk1.genblk1.genblk1.lut0 (4 -> 3)
  Optimizing lut $auto$abc_ops_reintegrate.cc:450:reintegrate$167176.genblk1.genblk1.genblk1.genblk1.genblk1.genblk1.genblk1.lut1.genblk1.genblk1.genblk1.genblk1.genblk1.genblk1.lut1.genblk1.genblk1.genblk1.genblk1.genblk1.lut0 (4 -> 3)
  Optimizing lut $auto$abc_ops_reintegrate.cc:450:reintegrate$167176.genblk1.genblk1.genblk1.genblk1.genblk1.genblk1.genblk1.lut1.genblk1.genblk1.genblk1.genblk1.genblk1.genblk1.lut0.genblk1.genblk1.genblk1.genblk1.genblk1.lut0 (4 -> 3)
  Optimizing lut $auto$abc_ops_reintegrate.cc:450:reintegrate$167177.genblk1.genblk1.genblk1.genblk1.genblk1.genblk1.genblk1.lut0.genblk1.genblk1.genblk1.genblk1.genblk1.genblk1.lut1.genblk1.genblk1.genblk1.genblk1.genblk1.lut0 (4 -> 3)
  Optimizing lut $auto$abc_ops_reintegrate.cc:450:reintegrate$167177.genblk1.genblk1.genblk1.genblk1.genblk1.genblk1.genblk1.lut0.genblk1.genblk1.genblk1.genblk1.genblk1.genblk1.lut0.genblk1.genblk1.genblk1.genblk1.genblk1.lut0 (4 -> 3)
  Optimizing lut $auto$abc_ops_reintegrate.cc:450:reintegrate$167177.genblk1.genblk1.genblk1.genblk1.genblk1.genblk1.genblk1.lut1.genblk1.genblk1.genblk1.genblk1.genblk1.genblk1.lut1.genblk1.genblk1.genblk1.genblk1.genblk1.lut0 (4 -> 3)
  Optimizing lut $auto$abc_ops_reintegrate.cc:450:reintegrate$167177.genblk1.genblk1.genblk1.genblk1.genblk1.genblk1.genblk1.lut1.genblk1.genblk1.genblk1.genblk1.genblk1.genblk1.lut0.genblk1.genblk1.genblk1.genblk1.genblk1.lut0 (4 -> 3)
  Optimizing lut $auto$abc_ops_reintegrate.cc:450:reintegrate$167178.genblk1.genblk1.genblk1.genblk1.genblk1.genblk1.genblk1.lut0.genblk1.genblk1.genblk1.genblk1.genblk1.genblk1.lut1.genblk1.genblk1.genblk1.genblk1.genblk1.lut0 (4 -> 3)
  Optimizing lut $auto$abc_ops_reintegrate.cc:450:reintegrate$167178.genblk1.genblk1.genblk1.genblk1.genblk1.genblk1.genblk1.lut0.genblk1.genblk1.genblk1.genblk1.genblk1.genblk1.lut0.genblk1.genblk1.genblk1.genblk1.genblk1.lut0 (4 -> 3)
  Optimizing lut $auto$abc_ops_reintegrate.cc:450:reintegrate$167178.genblk1.genblk1.genblk1.genblk1.genblk1.genblk1.genblk1.lut1.genblk1.genblk1.genblk1.genblk1.genblk1.genblk1.lut1.genblk1.genblk1.genblk1.genblk1.genblk1.lut0 (4 -> 3)
  Optimizing lut $auto$abc_ops_reintegrate.cc:450:reintegrate$167178.genblk1.genblk1.genblk1.genblk1.genblk1.genblk1.genblk1.lut1.genblk1.genblk1.genblk1.genblk1.genblk1.genblk1.lut0.genblk1.genblk1.genblk1.genblk1.genblk1.lut0 (4 -> 3)
  Optimizing lut $auto$abc_ops_reintegrate.cc:450:reintegrate$167179.genblk1.genblk1.genblk1.genblk1.genblk1.genblk1.genblk1.lut0.genblk1.genblk1.genblk1.genblk1.genblk1.genblk1.lut1.genblk1.genblk1.genblk1.genblk1.genblk1.lut0 (4 -> 3)
  Optimizing lut $auto$abc_ops_reintegrate.cc:450:reintegrate$167179.genblk1.genblk1.genblk1.genblk1.genblk1.genblk1.genblk1.lut0.genblk1.genblk1.genblk1.genblk1.genblk1.genblk1.lut0.genblk1.genblk1.genblk1.genblk1.genblk1.lut0 (4 -> 3)
  Optimizing lut $auto$abc_ops_reintegrate.cc:450:reintegrate$167179.genblk1.genblk1.genblk1.genblk1.genblk1.genblk1.genblk1.lut1.genblk1.genblk1.genblk1.genblk1.genblk1.genblk1.lut1.genblk1.genblk1.genblk1.genblk1.genblk1.lut0 (4 -> 3)
  Optimizing lut $auto$abc_ops_reintegrate.cc:450:reintegrate$167179.genblk1.genblk1.genblk1.genblk1.genblk1.genblk1.genblk1.lut1.genblk1.genblk1.genblk1.genblk1.genblk1.genblk1.lut0.genblk1.genblk1.genblk1.genblk1.genblk1.lut0 (4 -> 3)
  Optimizing lut $auto$abc_ops_reintegrate.cc:450:reintegrate$167260.genblk1.genblk1.genblk1.genblk1.genblk1.genblk1.genblk1.lut0.genblk1.genblk1.genblk1.genblk1.genblk1.genblk1.lut1.genblk1.genblk1.genblk1.genblk1.genblk1.lut0 (4 -> 3)
  Optimizing lut $auto$abc_ops_reintegrate.cc:450:reintegrate$167260.genblk1.genblk1.genblk1.genblk1.genblk1.genblk1.genblk1.lut0.genblk1.genblk1.genblk1.genblk1.genblk1.genblk1.lut0.genblk1.genblk1.genblk1.genblk1.genblk1.lut0 (4 -> 3)
  Optimizing lut $auto$abc_ops_reintegrate.cc:450:reintegrate$167260.genblk1.genblk1.genblk1.genblk1.genblk1.genblk1.genblk1.lut1.genblk1.genblk1.genblk1.genblk1.genblk1.genblk1.lut1.genblk1.genblk1.genblk1.genblk1.genblk1.lut0 (4 -> 3)
  Optimizing lut $auto$abc_ops_reintegrate.cc:450:reintegrate$167260.genblk1.genblk1.genblk1.genblk1.genblk1.genblk1.genblk1.lut1.genblk1.genblk1.genblk1.genblk1.genblk1.genblk1.lut0.genblk1.genblk1.genblk1.genblk1.genblk1.lut0 (4 -> 3)
  Optimizing lut $auto$abc_ops_reintegrate.cc:450:reintegrate$167261.genblk1.genblk1.genblk1.genblk1.genblk1.genblk1.genblk1.lut0.genblk1.genblk1.genblk1.genblk1.genblk1.genblk1.lut1.genblk1.genblk1.genblk1.genblk1.genblk1.lut0 (4 -> 3)
  Optimizing lut $auto$abc_ops_reintegrate.cc:450:reintegrate$167261.genblk1.genblk1.genblk1.genblk1.genblk1.genblk1.genblk1.lut0.genblk1.genblk1.genblk1.genblk1.genblk1.genblk1.lut0.genblk1.genblk1.genblk1.genblk1.genblk1.lut0 (4 -> 3)
  Optimizing lut $auto$abc_ops_reintegrate.cc:450:reintegrate$167261.genblk1.genblk1.genblk1.genblk1.genblk1.genblk1.genblk1.lut1.genblk1.genblk1.genblk1.genblk1.genblk1.genblk1.lut1.genblk1.genblk1.genblk1.genblk1.genblk1.lut0 (4 -> 3)
  Optimizing lut $auto$abc_ops_reintegrate.cc:450:reintegrate$167261.genblk1.genblk1.genblk1.genblk1.genblk1.genblk1.genblk1.lut1.genblk1.genblk1.genblk1.genblk1.genblk1.genblk1.lut0.genblk1.genblk1.genblk1.genblk1.genblk1.lut0 (4 -> 3)
  Optimizing lut $auto$abc_ops_reintegrate.cc:450:reintegrate$167262.genblk1.genblk1.genblk1.genblk1.genblk1.genblk1.genblk1.lut0.genblk1.genblk1.genblk1.genblk1.genblk1.genblk1.lut1.genblk1.genblk1.genblk1.genblk1.genblk1.lut0 (4 -> 3)
  Optimizing lut $auto$abc_ops_reintegrate.cc:450:reintegrate$167262.genblk1.genblk1.genblk1.genblk1.genblk1.genblk1.genblk1.lut0.genblk1.genblk1.genblk1.genblk1.genblk1.genblk1.lut0.genblk1.genblk1.genblk1.genblk1.genblk1.lut0 (4 -> 3)
  Optimizing lut $auto$abc_ops_reintegrate.cc:450:reintegrate$167262.genblk1.genblk1.genblk1.genblk1.genblk1.genblk1.genblk1.lut1.genblk1.genblk1.genblk1.genblk1.genblk1.genblk1.lut1.genblk1.genblk1.genblk1.genblk1.genblk1.lut0 (4 -> 3)
  Optimizing lut $auto$abc_ops_reintegrate.cc:450:reintegrate$167262.genblk1.genblk1.genblk1.genblk1.genblk1.genblk1.genblk1.lut1.genblk1.genblk1.genblk1.genblk1.genblk1.genblk1.lut0.genblk1.genblk1.genblk1.genblk1.genblk1.lut0 (4 -> 3)
  Optimizing lut $auto$abc_ops_reintegrate.cc:450:reintegrate$167263.genblk1.genblk1.genblk1.genblk1.genblk1.genblk1.genblk1.lut0.genblk1.genblk1.genblk1.genblk1.genblk1.genblk1.lut1.genblk1.genblk1.genblk1.genblk1.genblk1.lut0 (4 -> 3)
  Optimizing lut $auto$abc_ops_reintegrate.cc:450:reintegrate$167263.genblk1.genblk1.genblk1.genblk1.genblk1.genblk1.genblk1.lut0.genblk1.genblk1.genblk1.genblk1.genblk1.genblk1.lut0.genblk1.genblk1.genblk1.genblk1.genblk1.lut0 (4 -> 3)
  Optimizing lut $auto$abc_ops_reintegrate.cc:450:reintegrate$167263.genblk1.genblk1.genblk1.genblk1.genblk1.genblk1.genblk1.lut1.genblk1.genblk1.genblk1.genblk1.genblk1.genblk1.lut1.genblk1.genblk1.genblk1.genblk1.genblk1.lut0 (4 -> 3)
  Optimizing lut $auto$abc_ops_reintegrate.cc:450:reintegrate$167263.genblk1.genblk1.genblk1.genblk1.genblk1.genblk1.genblk1.lut1.genblk1.genblk1.genblk1.genblk1.genblk1.genblk1.lut0.genblk1.genblk1.genblk1.genblk1.genblk1.lut0 (4 -> 3)
  Optimizing lut $auto$abc_ops_reintegrate.cc:450:reintegrate$167264.genblk1.genblk1.genblk1.genblk1.genblk1.genblk1.genblk1.lut0.genblk1.genblk1.genblk1.genblk1.genblk1.genblk1.lut1.genblk1.genblk1.genblk1.genblk1.genblk1.lut0 (4 -> 3)
  Optimizing lut $auto$abc_ops_reintegrate.cc:450:reintegrate$167264.genblk1.genblk1.genblk1.genblk1.genblk1.genblk1.genblk1.lut0.genblk1.genblk1.genblk1.genblk1.genblk1.genblk1.lut0.genblk1.genblk1.genblk1.genblk1.genblk1.lut0 (4 -> 3)
  Optimizing lut $auto$abc_ops_reintegrate.cc:450:reintegrate$167264.genblk1.genblk1.genblk1.genblk1.genblk1.genblk1.genblk1.lut1.genblk1.genblk1.genblk1.genblk1.genblk1.genblk1.lut1.genblk1.genblk1.genblk1.genblk1.genblk1.lut0 (4 -> 3)
  Optimizing lut $auto$abc_ops_reintegrate.cc:450:reintegrate$167264.genblk1.genblk1.genblk1.genblk1.genblk1.genblk1.genblk1.lut1.genblk1.genblk1.genblk1.genblk1.genblk1.genblk1.lut0.genblk1.genblk1.genblk1.genblk1.genblk1.lut0 (4 -> 3)
  Optimizing lut $auto$abc_ops_reintegrate.cc:450:reintegrate$167265.genblk1.genblk1.genblk1.genblk1.genblk1.genblk1.genblk1.lut0.genblk1.genblk1.genblk1.genblk1.genblk1.genblk1.lut1.genblk1.genblk1.genblk1.genblk1.genblk1.lut0 (4 -> 3)
  Optimizing lut $auto$abc_ops_reintegrate.cc:450:reintegrate$167265.genblk1.genblk1.genblk1.genblk1.genblk1.genblk1.genblk1.lut0.genblk1.genblk1.genblk1.genblk1.genblk1.genblk1.lut0.genblk1.genblk1.genblk1.genblk1.genblk1.lut0 (4 -> 3)
  Optimizing lut $auto$abc_ops_reintegrate.cc:450:reintegrate$167265.genblk1.genblk1.genblk1.genblk1.genblk1.genblk1.genblk1.lut1.genblk1.genblk1.genblk1.genblk1.genblk1.genblk1.lut1.genblk1.genblk1.genblk1.genblk1.genblk1.lut0 (4 -> 3)
  Optimizing lut $auto$abc_ops_reintegrate.cc:450:reintegrate$167265.genblk1.genblk1.genblk1.genblk1.genblk1.genblk1.genblk1.lut1.genblk1.genblk1.genblk1.genblk1.genblk1.genblk1.lut0.genblk1.genblk1.genblk1.genblk1.genblk1.lut0 (4 -> 3)
  Optimizing lut $auto$abc_ops_reintegrate.cc:450:reintegrate$167266.genblk1.genblk1.genblk1.genblk1.genblk1.genblk1.genblk1.lut0.genblk1.genblk1.genblk1.genblk1.genblk1.genblk1.lut1.genblk1.genblk1.genblk1.genblk1.genblk1.lut0 (4 -> 3)
  Optimizing lut $auto$abc_ops_reintegrate.cc:450:reintegrate$167266.genblk1.genblk1.genblk1.genblk1.genblk1.genblk1.genblk1.lut0.genblk1.genblk1.genblk1.genblk1.genblk1.genblk1.lut0.genblk1.genblk1.genblk1.genblk1.genblk1.lut0 (4 -> 3)
  Optimizing lut $auto$abc_ops_reintegrate.cc:450:reintegrate$167266.genblk1.genblk1.genblk1.genblk1.genblk1.genblk1.genblk1.lut1.genblk1.genblk1.genblk1.genblk1.genblk1.genblk1.lut1.genblk1.genblk1.genblk1.genblk1.genblk1.lut0 (4 -> 3)
  Optimizing lut $auto$abc_ops_reintegrate.cc:450:reintegrate$167266.genblk1.genblk1.genblk1.genblk1.genblk1.genblk1.genblk1.lut1.genblk1.genblk1.genblk1.genblk1.genblk1.genblk1.lut0.genblk1.genblk1.genblk1.genblk1.genblk1.lut0 (4 -> 3)
  Optimizing lut $auto$abc_ops_reintegrate.cc:450:reintegrate$167267.genblk1.genblk1.genblk1.genblk1.genblk1.genblk1.genblk1.lut0.genblk1.genblk1.genblk1.genblk1.genblk1.genblk1.lut1.genblk1.genblk1.genblk1.genblk1.genblk1.lut0 (4 -> 3)
  Optimizing lut $auto$abc_ops_reintegrate.cc:450:reintegrate$167267.genblk1.genblk1.genblk1.genblk1.genblk1.genblk1.genblk1.lut0.genblk1.genblk1.genblk1.genblk1.genblk1.genblk1.lut0.genblk1.genblk1.genblk1.genblk1.genblk1.lut0 (4 -> 3)
  Optimizing lut $auto$abc_ops_reintegrate.cc:450:reintegrate$167267.genblk1.genblk1.genblk1.genblk1.genblk1.genblk1.genblk1.lut1.genblk1.genblk1.genblk1.genblk1.genblk1.genblk1.lut1.genblk1.genblk1.genblk1.genblk1.genblk1.lut0 (4 -> 3)
  Optimizing lut $auto$abc_ops_reintegrate.cc:450:reintegrate$167267.genblk1.genblk1.genblk1.genblk1.genblk1.genblk1.genblk1.lut1.genblk1.genblk1.genblk1.genblk1.genblk1.genblk1.lut0.genblk1.genblk1.genblk1.genblk1.genblk1.lut0 (4 -> 3)
  Optimizing lut $auto$abc_ops_reintegrate.cc:450:reintegrate$167268.genblk1.genblk1.genblk1.genblk1.genblk1.genblk1.genblk1.lut0.genblk1.genblk1.genblk1.genblk1.genblk1.genblk1.lut1.genblk1.genblk1.genblk1.genblk1.genblk1.lut0 (4 -> 3)
  Optimizing lut $auto$abc_ops_reintegrate.cc:450:reintegrate$167268.genblk1.genblk1.genblk1.genblk1.genblk1.genblk1.genblk1.lut0.genblk1.genblk1.genblk1.genblk1.genblk1.genblk1.lut0.genblk1.genblk1.genblk1.genblk1.genblk1.lut0 (4 -> 3)
  Optimizing lut $auto$abc_ops_reintegrate.cc:450:reintegrate$167268.genblk1.genblk1.genblk1.genblk1.genblk1.genblk1.genblk1.lut1.genblk1.genblk1.genblk1.genblk1.genblk1.genblk1.lut1.genblk1.genblk1.genblk1.genblk1.genblk1.lut0 (4 -> 3)
  Optimizing lut $auto$abc_ops_reintegrate.cc:450:reintegrate$167268.genblk1.genblk1.genblk1.genblk1.genblk1.genblk1.genblk1.lut1.genblk1.genblk1.genblk1.genblk1.genblk1.genblk1.lut0.genblk1.genblk1.genblk1.genblk1.genblk1.lut0 (4 -> 3)
  Optimizing lut $auto$abc_ops_reintegrate.cc:450:reintegrate$167269.genblk1.genblk1.genblk1.genblk1.genblk1.genblk1.genblk1.lut0.genblk1.genblk1.genblk1.genblk1.genblk1.genblk1.lut1.genblk1.genblk1.genblk1.genblk1.genblk1.lut0 (4 -> 3)
  Optimizing lut $auto$abc_ops_reintegrate.cc:450:reintegrate$167269.genblk1.genblk1.genblk1.genblk1.genblk1.genblk1.genblk1.lut0.genblk1.genblk1.genblk1.genblk1.genblk1.genblk1.lut0.genblk1.genblk1.genblk1.genblk1.genblk1.lut0 (4 -> 3)
  Optimizing lut $auto$abc_ops_reintegrate.cc:450:reintegrate$167269.genblk1.genblk1.genblk1.genblk1.genblk1.genblk1.genblk1.lut1.genblk1.genblk1.genblk1.genblk1.genblk1.genblk1.lut1.genblk1.genblk1.genblk1.genblk1.genblk1.lut0 (4 -> 3)
  Optimizing lut $auto$abc_ops_reintegrate.cc:450:reintegrate$167269.genblk1.genblk1.genblk1.genblk1.genblk1.genblk1.genblk1.lut1.genblk1.genblk1.genblk1.genblk1.genblk1.genblk1.lut0.genblk1.genblk1.genblk1.genblk1.genblk1.lut0 (4 -> 3)
  Optimizing lut $auto$abc_ops_reintegrate.cc:450:reintegrate$167270.genblk1.genblk1.genblk1.genblk1.genblk1.genblk1.genblk1.lut0.genblk1.genblk1.genblk1.genblk1.genblk1.genblk1.lut1.genblk1.genblk1.genblk1.genblk1.genblk1.lut0 (4 -> 3)
  Optimizing lut $auto$abc_ops_reintegrate.cc:450:reintegrate$167270.genblk1.genblk1.genblk1.genblk1.genblk1.genblk1.genblk1.lut0.genblk1.genblk1.genblk1.genblk1.genblk1.genblk1.lut0.genblk1.genblk1.genblk1.genblk1.genblk1.lut0 (4 -> 3)
  Optimizing lut $auto$abc_ops_reintegrate.cc:450:reintegrate$167270.genblk1.genblk1.genblk1.genblk1.genblk1.genblk1.genblk1.lut1.genblk1.genblk1.genblk1.genblk1.genblk1.genblk1.lut1.genblk1.genblk1.genblk1.genblk1.genblk1.lut0 (4 -> 3)
  Optimizing lut $auto$abc_ops_reintegrate.cc:450:reintegrate$167270.genblk1.genblk1.genblk1.genblk1.genblk1.genblk1.genblk1.lut1.genblk1.genblk1.genblk1.genblk1.genblk1.genblk1.lut0.genblk1.genblk1.genblk1.genblk1.genblk1.lut0 (4 -> 3)
  Optimizing lut $auto$abc_ops_reintegrate.cc:450:reintegrate$167271.genblk1.genblk1.genblk1.genblk1.genblk1.genblk1.genblk1.lut0.genblk1.genblk1.genblk1.genblk1.genblk1.genblk1.lut1.genblk1.genblk1.genblk1.genblk1.genblk1.lut0 (4 -> 3)
  Optimizing lut $auto$abc_ops_reintegrate.cc:450:reintegrate$167271.genblk1.genblk1.genblk1.genblk1.genblk1.genblk1.genblk1.lut0.genblk1.genblk1.genblk1.genblk1.genblk1.genblk1.lut0.genblk1.genblk1.genblk1.genblk1.genblk1.lut0 (4 -> 3)
  Optimizing lut $auto$abc_ops_reintegrate.cc:450:reintegrate$167271.genblk1.genblk1.genblk1.genblk1.genblk1.genblk1.genblk1.lut1.genblk1.genblk1.genblk1.genblk1.genblk1.genblk1.lut1.genblk1.genblk1.genblk1.genblk1.genblk1.lut0 (4 -> 3)
  Optimizing lut $auto$abc_ops_reintegrate.cc:450:reintegrate$167271.genblk1.genblk1.genblk1.genblk1.genblk1.genblk1.genblk1.lut1.genblk1.genblk1.genblk1.genblk1.genblk1.genblk1.lut0.genblk1.genblk1.genblk1.genblk1.genblk1.lut0 (4 -> 3)
  Optimizing lut $auto$abc_ops_reintegrate.cc:450:reintegrate$167272.genblk1.genblk1.genblk1.genblk1.genblk1.genblk1.genblk1.lut0.genblk1.genblk1.genblk1.genblk1.genblk1.genblk1.lut1.genblk1.genblk1.genblk1.genblk1.genblk1.lut0 (4 -> 3)
  Optimizing lut $auto$abc_ops_reintegrate.cc:450:reintegrate$167272.genblk1.genblk1.genblk1.genblk1.genblk1.genblk1.genblk1.lut0.genblk1.genblk1.genblk1.genblk1.genblk1.genblk1.lut0.genblk1.genblk1.genblk1.genblk1.genblk1.lut0 (4 -> 3)
  Optimizing lut $auto$abc_ops_reintegrate.cc:450:reintegrate$167272.genblk1.genblk1.genblk1.genblk1.genblk1.genblk1.genblk1.lut1.genblk1.genblk1.genblk1.genblk1.genblk1.genblk1.lut1.genblk1.genblk1.genblk1.genblk1.genblk1.lut0 (4 -> 3)
  Optimizing lut $auto$abc_ops_reintegrate.cc:450:reintegrate$167272.genblk1.genblk1.genblk1.genblk1.genblk1.genblk1.genblk1.lut1.genblk1.genblk1.genblk1.genblk1.genblk1.genblk1.lut0.genblk1.genblk1.genblk1.genblk1.genblk1.lut0 (4 -> 3)
  Optimizing lut $auto$abc_ops_reintegrate.cc:450:reintegrate$167273.genblk1.genblk1.genblk1.genblk1.genblk1.genblk1.genblk1.lut0.genblk1.genblk1.genblk1.genblk1.genblk1.genblk1.lut1.genblk1.genblk1.genblk1.genblk1.genblk1.lut0 (4 -> 3)
  Optimizing lut $auto$abc_ops_reintegrate.cc:450:reintegrate$167273.genblk1.genblk1.genblk1.genblk1.genblk1.genblk1.genblk1.lut0.genblk1.genblk1.genblk1.genblk1.genblk1.genblk1.lut0.genblk1.genblk1.genblk1.genblk1.genblk1.lut0 (4 -> 3)
  Optimizing lut $auto$abc_ops_reintegrate.cc:450:reintegrate$167273.genblk1.genblk1.genblk1.genblk1.genblk1.genblk1.genblk1.lut1.genblk1.genblk1.genblk1.genblk1.genblk1.genblk1.lut1.genblk1.genblk1.genblk1.genblk1.genblk1.lut0 (4 -> 3)
  Optimizing lut $auto$abc_ops_reintegrate.cc:450:reintegrate$167273.genblk1.genblk1.genblk1.genblk1.genblk1.genblk1.genblk1.lut1.genblk1.genblk1.genblk1.genblk1.genblk1.genblk1.lut0.genblk1.genblk1.genblk1.genblk1.genblk1.lut0 (4 -> 3)
  Optimizing lut $auto$abc_ops_reintegrate.cc:450:reintegrate$167274.genblk1.genblk1.genblk1.genblk1.genblk1.genblk1.genblk1.lut0.genblk1.genblk1.genblk1.genblk1.genblk1.genblk1.lut1.genblk1.genblk1.genblk1.genblk1.genblk1.lut0 (4 -> 3)
  Optimizing lut $auto$abc_ops_reintegrate.cc:450:reintegrate$167274.genblk1.genblk1.genblk1.genblk1.genblk1.genblk1.genblk1.lut0.genblk1.genblk1.genblk1.genblk1.genblk1.genblk1.lut0.genblk1.genblk1.genblk1.genblk1.genblk1.lut0 (4 -> 3)
  Optimizing lut $auto$abc_ops_reintegrate.cc:450:reintegrate$167274.genblk1.genblk1.genblk1.genblk1.genblk1.genblk1.genblk1.lut1.genblk1.genblk1.genblk1.genblk1.genblk1.genblk1.lut1.genblk1.genblk1.genblk1.genblk1.genblk1.lut0 (4 -> 3)
  Optimizing lut $auto$abc_ops_reintegrate.cc:450:reintegrate$167274.genblk1.genblk1.genblk1.genblk1.genblk1.genblk1.genblk1.lut1.genblk1.genblk1.genblk1.genblk1.genblk1.genblk1.lut0.genblk1.genblk1.genblk1.genblk1.genblk1.lut0 (4 -> 3)
  Optimizing lut $auto$abc_ops_reintegrate.cc:450:reintegrate$167275.genblk1.genblk1.genblk1.genblk1.genblk1.genblk1.genblk1.lut0.genblk1.genblk1.genblk1.genblk1.genblk1.genblk1.lut1.genblk1.genblk1.genblk1.genblk1.genblk1.lut0 (4 -> 3)
  Optimizing lut $auto$abc_ops_reintegrate.cc:450:reintegrate$167275.genblk1.genblk1.genblk1.genblk1.genblk1.genblk1.genblk1.lut0.genblk1.genblk1.genblk1.genblk1.genblk1.genblk1.lut0.genblk1.genblk1.genblk1.genblk1.genblk1.lut0 (4 -> 3)
  Optimizing lut $auto$abc_ops_reintegrate.cc:450:reintegrate$167275.genblk1.genblk1.genblk1.genblk1.genblk1.genblk1.genblk1.lut1.genblk1.genblk1.genblk1.genblk1.genblk1.genblk1.lut1.genblk1.genblk1.genblk1.genblk1.genblk1.lut0 (4 -> 3)
  Optimizing lut $auto$abc_ops_reintegrate.cc:450:reintegrate$167275.genblk1.genblk1.genblk1.genblk1.genblk1.genblk1.genblk1.lut1.genblk1.genblk1.genblk1.genblk1.genblk1.genblk1.lut0.genblk1.genblk1.genblk1.genblk1.genblk1.lut0 (4 -> 3)
  Optimizing lut $auto$abc_ops_reintegrate.cc:450:reintegrate$167323.genblk1.genblk1.genblk1.genblk1.genblk1.genblk1.lut0.genblk1.genblk1.genblk1.genblk1.genblk1.lut1 (4 -> 2)
  Optimizing lut $abc$167024$lut$aiger167023$6079.genblk1.genblk1.genblk1.genblk1.genblk1.genblk1.genblk1.lut0.genblk1.genblk1.genblk1.genblk1.genblk1.genblk1.lut0.genblk1.genblk1.genblk1.genblk1.genblk1.lut0 (4 -> 0)
  Optimizing lut $abc$167024$lut$aiger167023$6079.genblk1.genblk1.genblk1.genblk1.genblk1.genblk1.genblk1.lut1.genblk1.genblk1.genblk1.genblk1.genblk1.genblk1.lut1.genblk1.genblk1.genblk1.genblk1.genblk1.lut0 (4 -> 3)
  Optimizing lut $abc$167024$lut$aiger167023$6079.genblk1.genblk1.genblk1.genblk1.genblk1.genblk1.genblk1.lut1.genblk1.genblk1.genblk1.genblk1.genblk1.genblk1.lut0.genblk1.genblk1.genblk1.genblk1.genblk1.lut0 (4 -> 3)
  Optimizing lut $abc$167024$lut$aiger167023$6065.genblk1.genblk1.genblk1.genblk1.genblk1.genblk1.genblk1.lut0.genblk1.genblk1.genblk1.genblk1.genblk1.genblk1.lut1.genblk1.genblk1.genblk1.genblk1.genblk1.lut0 (4 -> 2)
  Optimizing lut $abc$167024$lut$aiger167023$6065.genblk1.genblk1.genblk1.genblk1.genblk1.genblk1.genblk1.lut0.genblk1.genblk1.genblk1.genblk1.genblk1.genblk1.lut0.genblk1.genblk1.genblk1.genblk1.genblk1.lut0 (4 -> 2)
  Optimizing lut $abc$167024$lut$aiger167023$6065.genblk1.genblk1.genblk1.genblk1.genblk1.genblk1.genblk1.lut1.genblk1.genblk1.genblk1.genblk1.genblk1.genblk1.lut1.genblk1.genblk1.genblk1.genblk1.genblk1.lut0 (4 -> 2)
  Optimizing lut $abc$167024$lut$aiger167023$6065.genblk1.genblk1.genblk1.genblk1.genblk1.genblk1.genblk1.lut1.genblk1.genblk1.genblk1.genblk1.genblk1.genblk1.lut0.genblk1.genblk1.genblk1.genblk1.genblk1.lut0 (4 -> 2)
  Optimizing lut $abc$167024$lut$aiger167023$5903.genblk1.genblk1.genblk1.genblk1.genblk1.genblk1.genblk1.genblk1.lut0.genblk1.genblk1.genblk1.genblk1.genblk1.genblk1.genblk1.lut0.genblk1.genblk1.genblk1.genblk1.genblk1.genblk1.lut0.genblk1.genblk1.genblk1.genblk1.genblk1.lut1 (4 -> 1)
  Optimizing lut $abc$167024$lut$aiger167023$5903.genblk1.genblk1.genblk1.genblk1.genblk1.genblk1.genblk1.genblk1.lut1.genblk1.genblk1.genblk1.genblk1.genblk1.genblk1.genblk1.lut1.genblk1.genblk1.genblk1.genblk1.genblk1.genblk1.lut0.genblk1.genblk1.genblk1.genblk1.genblk1.lut1 (4 -> 1)
  Optimizing lut $abc$167024$lut$aiger167023$5903.genblk1.genblk1.genblk1.genblk1.genblk1.genblk1.genblk1.genblk1.lut1.genblk1.genblk1.genblk1.genblk1.genblk1.genblk1.genblk1.lut0.genblk1.genblk1.genblk1.genblk1.genblk1.genblk1.lut0.genblk1.genblk1.genblk1.genblk1.genblk1.lut1 (4 -> 1)
  Optimizing lut $abc$167024$lut$aiger167023$5890.genblk1.genblk1.genblk1.genblk1.genblk1.genblk1.genblk1.genblk1.lut0.genblk1.genblk1.genblk1.genblk1.genblk1.genblk1.genblk1.lut1.genblk1.genblk1.genblk1.genblk1.genblk1.genblk1.lut0.genblk1.genblk1.genblk1.genblk1.genblk1.lut1 (4 -> 1)
  Optimizing lut $abc$167024$lut$aiger167023$6046.genblk1.genblk1.genblk1.genblk1.genblk1.genblk1.lut0.genblk1.genblk1.genblk1.genblk1.genblk1.lut1 (4 -> 0)
  Optimizing lut $abc$167024$lut$aiger167023$6037.genblk1.genblk1.genblk1.genblk1.genblk1.genblk1.genblk1.lut0.genblk1.genblk1.genblk1.genblk1.genblk1.genblk1.lut0.genblk1.genblk1.genblk1.genblk1.genblk1.lut0 (4 -> 1)
  Optimizing lut $abc$167024$lut$aiger167023$6037.genblk1.genblk1.genblk1.genblk1.genblk1.genblk1.genblk1.lut1.genblk1.genblk1.genblk1.genblk1.genblk1.genblk1.lut1.genblk1.genblk1.genblk1.genblk1.genblk1.lut0 (4 -> 0)
  Optimizing lut $abc$167024$lut$aiger167023$6037.genblk1.genblk1.genblk1.genblk1.genblk1.genblk1.genblk1.lut1.genblk1.genblk1.genblk1.genblk1.genblk1.genblk1.lut0.genblk1.genblk1.genblk1.genblk1.genblk1.lut0 (4 -> 1)
  Optimizing lut $abc$167024$lut$aiger167023$6028.genblk1.genblk1.genblk1.genblk1.genblk1.genblk1.lut0.genblk1.genblk1.genblk1.genblk1.genblk1.lut1 (4 -> 3)
  Optimizing lut $abc$167024$lut$aiger167023$5890.genblk1.genblk1.genblk1.genblk1.genblk1.genblk1.genblk1.genblk1.lut1.genblk1.genblk1.genblk1.genblk1.genblk1.genblk1.genblk1.lut1.genblk1.genblk1.genblk1.genblk1.genblk1.genblk1.lut0.genblk1.genblk1.genblk1.genblk1.genblk1.lut1 (4 -> 1)
  Optimizing lut $abc$167024$lut$aiger167023$5890.genblk1.genblk1.genblk1.genblk1.genblk1.genblk1.genblk1.genblk1.lut1.genblk1.genblk1.genblk1.genblk1.genblk1.genblk1.genblk1.lut0.genblk1.genblk1.genblk1.genblk1.genblk1.genblk1.lut0.genblk1.genblk1.genblk1.genblk1.genblk1.lut1 (4 -> 1)
  Optimizing lut $abc$167024$lut$aiger167023$5851.genblk1.genblk1.genblk1.genblk1.genblk1.genblk1.genblk1.genblk1.lut0.genblk1.genblk1.genblk1.genblk1.genblk1.genblk1.genblk1.lut1.genblk1.genblk1.genblk1.genblk1.genblk1.genblk1.lut0.genblk1.genblk1.genblk1.genblk1.genblk1.lut1 (4 -> 1)
  Optimizing lut $abc$167024$lut$aiger167023$5851.genblk1.genblk1.genblk1.genblk1.genblk1.genblk1.genblk1.genblk1.lut0.genblk1.genblk1.genblk1.genblk1.genblk1.genblk1.genblk1.lut0.genblk1.genblk1.genblk1.genblk1.genblk1.genblk1.lut0.genblk1.genblk1.genblk1.genblk1.genblk1.lut1 (4 -> 1)
  Optimizing lut $abc$167024$lut$aiger167023$5851.genblk1.genblk1.genblk1.genblk1.genblk1.genblk1.genblk1.genblk1.lut1.genblk1.genblk1.genblk1.genblk1.genblk1.genblk1.genblk1.lut1.genblk1.genblk1.genblk1.genblk1.genblk1.genblk1.lut0.genblk1.genblk1.genblk1.genblk1.genblk1.lut1 (4 -> 1)
  Optimizing lut $abc$167024$lut$aiger167023$5851.genblk1.genblk1.genblk1.genblk1.genblk1.genblk1.genblk1.genblk1.lut1.genblk1.genblk1.genblk1.genblk1.genblk1.genblk1.genblk1.lut0.genblk1.genblk1.genblk1.genblk1.genblk1.genblk1.lut0.genblk1.genblk1.genblk1.genblk1.genblk1.lut1 (4 -> 1)
  Optimizing lut $abc$167024$lut$aiger167023$5838.genblk1.genblk1.genblk1.genblk1.genblk1.genblk1.genblk1.genblk1.lut0.genblk1.genblk1.genblk1.genblk1.genblk1.genblk1.genblk1.lut1.genblk1.genblk1.genblk1.genblk1.genblk1.genblk1.lut0.genblk1.genblk1.genblk1.genblk1.genblk1.lut1 (4 -> 1)
  Optimizing lut $abc$167024$lut$aiger167023$5838.genblk1.genblk1.genblk1.genblk1.genblk1.genblk1.genblk1.genblk1.lut0.genblk1.genblk1.genblk1.genblk1.genblk1.genblk1.genblk1.lut0.genblk1.genblk1.genblk1.genblk1.genblk1.genblk1.lut0.genblk1.genblk1.genblk1.genblk1.genblk1.lut1 (4 -> 1)
  Optimizing lut $abc$167024$lut$aiger167023$5838.genblk1.genblk1.genblk1.genblk1.genblk1.genblk1.genblk1.genblk1.lut1.genblk1.genblk1.genblk1.genblk1.genblk1.genblk1.genblk1.lut1.genblk1.genblk1.genblk1.genblk1.genblk1.genblk1.lut0.genblk1.genblk1.genblk1.genblk1.genblk1.lut1 (4 -> 1)
  Optimizing lut $abc$167024$lut$aiger167023$5838.genblk1.genblk1.genblk1.genblk1.genblk1.genblk1.genblk1.genblk1.lut1.genblk1.genblk1.genblk1.genblk1.genblk1.genblk1.genblk1.lut0.genblk1.genblk1.genblk1.genblk1.genblk1.genblk1.lut0.genblk1.genblk1.genblk1.genblk1.genblk1.lut1 (4 -> 1)
  Optimizing lut $abc$167024$lut$aiger167023$5982.genblk1.genblk1.genblk1.genblk1.genblk1.genblk1.genblk1.genblk1.lut0.genblk1.genblk1.genblk1.genblk1.genblk1.genblk1.genblk1.lut1.genblk1.genblk1.genblk1.genblk1.genblk1.genblk1.lut0.genblk1.genblk1.genblk1.genblk1.genblk1.lut1 (4 -> 3)
  Optimizing lut $abc$167024$lut$aiger167023$6022.genblk1.genblk1.genblk1.genblk1.genblk1.genblk1.genblk1.lut0.genblk1.genblk1.genblk1.genblk1.genblk1.genblk1.lut1.genblk1.genblk1.genblk1.genblk1.genblk1.lut0 (4 -> 0)
  Optimizing lut $abc$167024$lut$aiger167023$6022.genblk1.genblk1.genblk1.genblk1.genblk1.genblk1.genblk1.lut0.genblk1.genblk1.genblk1.genblk1.genblk1.genblk1.lut0.genblk1.genblk1.genblk1.genblk1.genblk1.lut0 (4 -> 0)
  Optimizing lut $abc$167024$lut$aiger167023$6022.genblk1.genblk1.genblk1.genblk1.genblk1.genblk1.genblk1.lut1.genblk1.genblk1.genblk1.genblk1.genblk1.genblk1.lut1.genblk1.genblk1.genblk1.genblk1.genblk1.lut0 (4 -> 0)
  Optimizing lut $abc$167024$lut$aiger167023$6022.genblk1.genblk1.genblk1.genblk1.genblk1.genblk1.genblk1.lut1.genblk1.genblk1.genblk1.genblk1.genblk1.genblk1.lut0.genblk1.genblk1.genblk1.genblk1.genblk1.lut0 (4 -> 0)
  Optimizing lut $abc$167024$lut$aiger167023$6010.genblk1.genblk1.genblk1.genblk1.genblk1.genblk1.genblk1.lut0.genblk1.genblk1.genblk1.genblk1.genblk1.genblk1.lut1.genblk1.genblk1.genblk1.genblk1.genblk1.lut0 (4 -> 2)
  Optimizing lut $abc$167024$lut$aiger167023$6010.genblk1.genblk1.genblk1.genblk1.genblk1.genblk1.genblk1.lut0.genblk1.genblk1.genblk1.genblk1.genblk1.genblk1.lut0.genblk1.genblk1.genblk1.genblk1.genblk1.lut0 (4 -> 2)
  Optimizing lut $abc$167024$lut$aiger167023$6010.genblk1.genblk1.genblk1.genblk1.genblk1.genblk1.genblk1.lut1.genblk1.genblk1.genblk1.genblk1.genblk1.genblk1.lut1.genblk1.genblk1.genblk1.genblk1.genblk1.lut0 (4 -> 2)
  Optimizing lut $abc$167024$lut$aiger167023$6010.genblk1.genblk1.genblk1.genblk1.genblk1.genblk1.genblk1.lut1.genblk1.genblk1.genblk1.genblk1.genblk1.genblk1.lut0.genblk1.genblk1.genblk1.genblk1.genblk1.lut0 (4 -> 2)
  Optimizing lut $abc$167024$lut$aiger167023$5982.genblk1.genblk1.genblk1.genblk1.genblk1.genblk1.genblk1.genblk1.lut0.genblk1.genblk1.genblk1.genblk1.genblk1.genblk1.genblk1.lut0.genblk1.genblk1.genblk1.genblk1.genblk1.genblk1.lut0.genblk1.genblk1.genblk1.genblk1.genblk1.lut1 (4 -> 3)
  Optimizing lut $abc$167024$lut$aiger167023$5982.genblk1.genblk1.genblk1.genblk1.genblk1.genblk1.genblk1.genblk1.lut1.genblk1.genblk1.genblk1.genblk1.genblk1.genblk1.genblk1.lut1.genblk1.genblk1.genblk1.genblk1.genblk1.genblk1.lut0.genblk1.genblk1.genblk1.genblk1.genblk1.lut1 (4 -> 3)
  Optimizing lut $abc$167024$lut$aiger167023$5982.genblk1.genblk1.genblk1.genblk1.genblk1.genblk1.genblk1.genblk1.lut1.genblk1.genblk1.genblk1.genblk1.genblk1.genblk1.genblk1.lut0.genblk1.genblk1.genblk1.genblk1.genblk1.genblk1.lut0.genblk1.genblk1.genblk1.genblk1.genblk1.lut1 (4 -> 3)
  Optimizing lut $abc$167024$lut$aiger167023$5822.genblk1.genblk1.genblk1.genblk1.genblk1.genblk1.genblk1.genblk1.lut0.genblk1.genblk1.genblk1.genblk1.genblk1.genblk1.genblk1.lut1.genblk1.genblk1.genblk1.genblk1.genblk1.genblk1.lut0.genblk1.genblk1.genblk1.genblk1.genblk1.lut1 (4 -> 1)
  Optimizing lut $abc$167024$lut$aiger167023$5822.genblk1.genblk1.genblk1.genblk1.genblk1.genblk1.genblk1.genblk1.lut0.genblk1.genblk1.genblk1.genblk1.genblk1.genblk1.genblk1.lut0.genblk1.genblk1.genblk1.genblk1.genblk1.genblk1.lut0.genblk1.genblk1.genblk1.genblk1.genblk1.lut1 (4 -> 1)
  Optimizing lut $abc$167024$lut$aiger167023$5822.genblk1.genblk1.genblk1.genblk1.genblk1.genblk1.genblk1.genblk1.lut1.genblk1.genblk1.genblk1.genblk1.genblk1.genblk1.genblk1.lut1.genblk1.genblk1.genblk1.genblk1.genblk1.genblk1.lut0.genblk1.genblk1.genblk1.genblk1.genblk1.lut1 (4 -> 1)
  Optimizing lut $abc$167024$lut$aiger167023$5822.genblk1.genblk1.genblk1.genblk1.genblk1.genblk1.genblk1.genblk1.lut1.genblk1.genblk1.genblk1.genblk1.genblk1.genblk1.genblk1.lut0.genblk1.genblk1.genblk1.genblk1.genblk1.genblk1.lut0.genblk1.genblk1.genblk1.genblk1.genblk1.lut1 (4 -> 1)
  Optimizing lut $abc$167024$lut$aiger167023$5806.genblk1.genblk1.genblk1.genblk1.genblk1.genblk1.genblk1.genblk1.lut0.genblk1.genblk1.genblk1.genblk1.genblk1.genblk1.genblk1.lut1.genblk1.genblk1.genblk1.genblk1.genblk1.genblk1.lut0.genblk1.genblk1.genblk1.genblk1.genblk1.lut1 (4 -> 1)
  Optimizing lut $abc$167024$lut$aiger167023$5806.genblk1.genblk1.genblk1.genblk1.genblk1.genblk1.genblk1.genblk1.lut0.genblk1.genblk1.genblk1.genblk1.genblk1.genblk1.genblk1.lut0.genblk1.genblk1.genblk1.genblk1.genblk1.genblk1.lut0.genblk1.genblk1.genblk1.genblk1.genblk1.lut1 (4 -> 1)
  Optimizing lut $abc$167024$lut$aiger167023$5806.genblk1.genblk1.genblk1.genblk1.genblk1.genblk1.genblk1.genblk1.lut1.genblk1.genblk1.genblk1.genblk1.genblk1.genblk1.genblk1.lut1.genblk1.genblk1.genblk1.genblk1.genblk1.genblk1.lut0.genblk1.genblk1.genblk1.genblk1.genblk1.lut1 (4 -> 1)
  Optimizing lut $abc$167024$lut$aiger167023$5806.genblk1.genblk1.genblk1.genblk1.genblk1.genblk1.genblk1.genblk1.lut1.genblk1.genblk1.genblk1.genblk1.genblk1.genblk1.genblk1.lut0.genblk1.genblk1.genblk1.genblk1.genblk1.genblk1.lut0.genblk1.genblk1.genblk1.genblk1.genblk1.lut1 (4 -> 1)
  Optimizing lut $abc$167024$lut$aiger167023$5780.genblk1.genblk1.genblk1.genblk1.genblk1.genblk1.genblk1.genblk1.lut0.genblk1.genblk1.genblk1.genblk1.genblk1.genblk1.genblk1.lut1.genblk1.genblk1.genblk1.genblk1.genblk1.genblk1.lut0.genblk1.genblk1.genblk1.genblk1.genblk1.lut1 (4 -> 2)
  Optimizing lut $abc$167024$lut$aiger167023$5780.genblk1.genblk1.genblk1.genblk1.genblk1.genblk1.genblk1.genblk1.lut0.genblk1.genblk1.genblk1.genblk1.genblk1.genblk1.genblk1.lut0.genblk1.genblk1.genblk1.genblk1.genblk1.genblk1.lut0.genblk1.genblk1.genblk1.genblk1.genblk1.lut1 (4 -> 2)
  Optimizing lut $abc$167024$lut$aiger167023$5780.genblk1.genblk1.genblk1.genblk1.genblk1.genblk1.genblk1.genblk1.lut1.genblk1.genblk1.genblk1.genblk1.genblk1.genblk1.genblk1.lut1.genblk1.genblk1.genblk1.genblk1.genblk1.genblk1.lut0.genblk1.genblk1.genblk1.genblk1.genblk1.lut1 (4 -> 2)
  Optimizing lut $abc$167024$lut$aiger167023$5780.genblk1.genblk1.genblk1.genblk1.genblk1.genblk1.genblk1.genblk1.lut1.genblk1.genblk1.genblk1.genblk1.genblk1.genblk1.genblk1.lut0.genblk1.genblk1.genblk1.genblk1.genblk1.genblk1.lut0.genblk1.genblk1.genblk1.genblk1.genblk1.lut1 (4 -> 2)
  Optimizing lut $abc$167024$lut$aiger167023$5709.genblk1.genblk1.genblk1.genblk1.genblk1.genblk1.genblk1.genblk1.lut0.genblk1.genblk1.genblk1.genblk1.genblk1.genblk1.genblk1.lut1.genblk1.genblk1.genblk1.genblk1.genblk1.genblk1.lut0.genblk1.genblk1.genblk1.genblk1.genblk1.lut1 (4 -> 1)
  Optimizing lut $abc$167024$lut$aiger167023$5709.genblk1.genblk1.genblk1.genblk1.genblk1.genblk1.genblk1.genblk1.lut0.genblk1.genblk1.genblk1.genblk1.genblk1.genblk1.genblk1.lut0.genblk1.genblk1.genblk1.genblk1.genblk1.genblk1.lut0.genblk1.genblk1.genblk1.genblk1.genblk1.lut1 (4 -> 1)
  Optimizing lut $abc$167024$lut$aiger167023$5709.genblk1.genblk1.genblk1.genblk1.genblk1.genblk1.genblk1.genblk1.lut1.genblk1.genblk1.genblk1.genblk1.genblk1.genblk1.genblk1.lut1.genblk1.genblk1.genblk1.genblk1.genblk1.genblk1.lut0.genblk1.genblk1.genblk1.genblk1.genblk1.lut1 (4 -> 1)
  Optimizing lut $abc$167024$lut$aiger167023$5709.genblk1.genblk1.genblk1.genblk1.genblk1.genblk1.genblk1.genblk1.lut1.genblk1.genblk1.genblk1.genblk1.genblk1.genblk1.genblk1.lut0.genblk1.genblk1.genblk1.genblk1.genblk1.genblk1.lut0.genblk1.genblk1.genblk1.genblk1.genblk1.lut1 (4 -> 1)
  Optimizing lut $abc$167024$lut$aiger167023$5620.genblk1.genblk1.genblk1.genblk1.genblk1.genblk1.genblk1.genblk1.lut0.genblk1.genblk1.genblk1.genblk1.genblk1.genblk1.genblk1.lut1.genblk1.genblk1.genblk1.genblk1.genblk1.genblk1.lut0.genblk1.genblk1.genblk1.genblk1.genblk1.lut1 (4 -> 1)
  Optimizing lut $abc$167024$lut$aiger167023$5620.genblk1.genblk1.genblk1.genblk1.genblk1.genblk1.genblk1.genblk1.lut0.genblk1.genblk1.genblk1.genblk1.genblk1.genblk1.genblk1.lut0.genblk1.genblk1.genblk1.genblk1.genblk1.genblk1.lut0.genblk1.genblk1.genblk1.genblk1.genblk1.lut1 (4 -> 1)
  Optimizing lut $abc$167024$lut$aiger167023$5620.genblk1.genblk1.genblk1.genblk1.genblk1.genblk1.genblk1.genblk1.lut1.genblk1.genblk1.genblk1.genblk1.genblk1.genblk1.genblk1.lut1.genblk1.genblk1.genblk1.genblk1.genblk1.genblk1.lut0.genblk1.genblk1.genblk1.genblk1.genblk1.lut1 (4 -> 1)
  Optimizing lut $abc$167024$lut$aiger167023$5620.genblk1.genblk1.genblk1.genblk1.genblk1.genblk1.genblk1.genblk1.lut1.genblk1.genblk1.genblk1.genblk1.genblk1.genblk1.genblk1.lut0.genblk1.genblk1.genblk1.genblk1.genblk1.genblk1.lut0.genblk1.genblk1.genblk1.genblk1.genblk1.lut1 (4 -> 1)
  Optimizing lut $auto$abc_ops_reintegrate.cc:450:reintegrate$167315.genblk1.genblk1.genblk1.genblk1.genblk1.genblk1.genblk1.genblk1.lut0.genblk1.genblk1.genblk1.genblk1.genblk1.genblk1.genblk1.lut1.genblk1.genblk1.genblk1.genblk1.genblk1.genblk1.lut0.genblk1.genblk1.genblk1.genblk1.genblk1.lut1 (4 -> 0)
  Optimizing lut $auto$abc_ops_reintegrate.cc:450:reintegrate$167315.genblk1.genblk1.genblk1.genblk1.genblk1.genblk1.genblk1.genblk1.lut0.genblk1.genblk1.genblk1.genblk1.genblk1.genblk1.genblk1.lut0.genblk1.genblk1.genblk1.genblk1.genblk1.genblk1.lut0.genblk1.genblk1.genblk1.genblk1.genblk1.lut1 (4 -> 0)
  Optimizing lut $auto$abc_ops_reintegrate.cc:450:reintegrate$167315.genblk1.genblk1.genblk1.genblk1.genblk1.genblk1.genblk1.genblk1.lut1.genblk1.genblk1.genblk1.genblk1.genblk1.genblk1.genblk1.lut1.genblk1.genblk1.genblk1.genblk1.genblk1.genblk1.lut0.genblk1.genblk1.genblk1.genblk1.genblk1.lut1 (4 -> 0)
  Optimizing lut $auto$abc_ops_reintegrate.cc:450:reintegrate$167315.genblk1.genblk1.genblk1.genblk1.genblk1.genblk1.genblk1.genblk1.lut1.genblk1.genblk1.genblk1.genblk1.genblk1.genblk1.genblk1.lut0.genblk1.genblk1.genblk1.genblk1.genblk1.genblk1.lut0.genblk1.genblk1.genblk1.genblk1.genblk1.lut1 (4 -> 0)
  Optimizing lut $abc$167024$lut$aiger167023$11373.genblk1.genblk1.genblk1.genblk1.genblk1.genblk1.lut0.genblk1.genblk1.genblk1.genblk1.genblk1.lut1 (4 -> 0)
  Optimizing lut $abc$167024$lut$aiger167023$11765.genblk1.genblk1.genblk1.genblk1.genblk1.genblk1.genblk1.genblk1.lut1.genblk1.genblk1.genblk1.genblk1.genblk1.genblk1.genblk1.lut1.genblk1.genblk1.genblk1.genblk1.genblk1.genblk1.lut0.genblk1.genblk1.genblk1.genblk1.genblk1.lut1 (4 -> 0)
  Optimizing lut $abc$167024$lut$aiger167023$11765.genblk1.genblk1.genblk1.genblk1.genblk1.genblk1.genblk1.genblk1.lut1.genblk1.genblk1.genblk1.genblk1.genblk1.genblk1.genblk1.lut0.genblk1.genblk1.genblk1.genblk1.genblk1.genblk1.lut0.genblk1.genblk1.genblk1.genblk1.genblk1.lut1 (4 -> 0)
  Optimizing lut $abc$167024$lut$aiger167023$11425.genblk1.genblk1.genblk1.genblk1.genblk1.genblk1.genblk1.genblk1.lut0.genblk1.genblk1.genblk1.genblk1.genblk1.genblk1.genblk1.lut1.genblk1.genblk1.genblk1.genblk1.genblk1.genblk1.lut0.genblk1.genblk1.genblk1.genblk1.genblk1.lut1 (4 -> 0)
  Optimizing lut $abc$167024$lut$aiger167023$11754.genblk1.genblk1.genblk1.genblk1.genblk1.genblk1.genblk1.lut0.genblk1.genblk1.genblk1.genblk1.genblk1.genblk1.lut1.genblk1.genblk1.genblk1.genblk1.genblk1.lut0 (4 -> 0)
  Optimizing lut $abc$167024$lut$aiger167023$11754.genblk1.genblk1.genblk1.genblk1.genblk1.genblk1.genblk1.lut1.genblk1.genblk1.genblk1.genblk1.genblk1.genblk1.lut1.genblk1.genblk1.genblk1.genblk1.genblk1.lut0 (4 -> 0)
  Optimizing lut $abc$167024$lut$aiger167023$11754.genblk1.genblk1.genblk1.genblk1.genblk1.genblk1.genblk1.lut1.genblk1.genblk1.genblk1.genblk1.genblk1.genblk1.lut0.genblk1.genblk1.genblk1.genblk1.genblk1.lut0 (4 -> 0)
  Optimizing lut $abc$167024$lut$aiger167023$11425.genblk1.genblk1.genblk1.genblk1.genblk1.genblk1.genblk1.genblk1.lut0.genblk1.genblk1.genblk1.genblk1.genblk1.genblk1.genblk1.lut0.genblk1.genblk1.genblk1.genblk1.genblk1.genblk1.lut0.genblk1.genblk1.genblk1.genblk1.genblk1.lut1 (4 -> 0)
  Optimizing lut $abc$167024$lut$aiger167023$11425.genblk1.genblk1.genblk1.genblk1.genblk1.genblk1.genblk1.genblk1.lut1.genblk1.genblk1.genblk1.genblk1.genblk1.genblk1.genblk1.lut1.genblk1.genblk1.genblk1.genblk1.genblk1.genblk1.lut0.genblk1.genblk1.genblk1.genblk1.genblk1.lut1 (4 -> 0)
  Optimizing lut $abc$167024$lut$aiger167023$11425.genblk1.genblk1.genblk1.genblk1.genblk1.genblk1.genblk1.genblk1.lut1.genblk1.genblk1.genblk1.genblk1.genblk1.genblk1.genblk1.lut0.genblk1.genblk1.genblk1.genblk1.genblk1.genblk1.lut0.genblk1.genblk1.genblk1.genblk1.genblk1.lut1 (4 -> 0)
  Optimizing lut $abc$167024$lut$aiger167023$11580.genblk1.genblk1.genblk1.genblk1.genblk1.genblk1.genblk1.lut1.genblk1.genblk1.genblk1.genblk1.genblk1.genblk1.lut0.genblk1.genblk1.genblk1.genblk1.genblk1.lut1 (4 -> 2)
  Optimizing lut $abc$167024$lut$aiger167023$11397.genblk1.genblk1.genblk1.genblk1.genblk1.genblk1.lut0.genblk1.genblk1.genblk1.genblk1.genblk1.lut1 (4 -> 0)
  Optimizing lut $abc$167024$lut$aiger167023$11409.genblk1.genblk1.genblk1.genblk1.genblk1.genblk1.genblk1.lut1.genblk1.genblk1.genblk1.genblk1.genblk1.genblk1.lut1.genblk1.genblk1.genblk1.genblk1.genblk1.lut0 (4 -> 0)
  Optimizing lut $abc$167024$lut$aiger167023$11409.genblk1.genblk1.genblk1.genblk1.genblk1.genblk1.genblk1.lut1.genblk1.genblk1.genblk1.genblk1.genblk1.genblk1.lut0.genblk1.genblk1.genblk1.genblk1.genblk1.lut0 (4 -> 0)
  Optimizing lut $abc$167024$lut$aiger167023$11632.genblk1.genblk1.genblk1.genblk1.genblk1.genblk1.genblk1.lut0.genblk1.genblk1.genblk1.genblk1.genblk1.genblk1.lut1.genblk1.genblk1.genblk1.genblk1.genblk1.lut0 (4 -> 0)
  Optimizing lut $abc$167024$lut$aiger167023$11632.genblk1.genblk1.genblk1.genblk1.genblk1.genblk1.genblk1.lut0.genblk1.genblk1.genblk1.genblk1.genblk1.genblk1.lut0.genblk1.genblk1.genblk1.genblk1.genblk1.lut0 (4 -> 0)
  Optimizing lut $abc$167024$lut$aiger167023$11632.genblk1.genblk1.genblk1.genblk1.genblk1.genblk1.genblk1.lut1.genblk1.genblk1.genblk1.genblk1.genblk1.genblk1.lut1.genblk1.genblk1.genblk1.genblk1.genblk1.lut0 (4 -> 0)
  Optimizing lut $abc$167024$lut$aiger167023$11632.genblk1.genblk1.genblk1.genblk1.genblk1.genblk1.genblk1.lut1.genblk1.genblk1.genblk1.genblk1.genblk1.genblk1.lut0.genblk1.genblk1.genblk1.genblk1.genblk1.lut0 (4 -> 0)
  Optimizing lut $abc$167024$lut$aiger167023$11607.genblk1.genblk1.genblk1.genblk1.genblk1.genblk1.lut0.genblk1.genblk1.genblk1.genblk1.genblk1.lut1 (4 -> 0)
  Optimizing lut $abc$167024$lut$aiger167023$11622.genblk1.genblk1.genblk1.genblk1.genblk1.genblk1.genblk1.lut0.genblk1.genblk1.genblk1.genblk1.genblk1.genblk1.lut0.genblk1.genblk1.genblk1.genblk1.genblk1.lut0 (4 -> 0)
  Optimizing lut $abc$167024$lut$aiger167023$11528.genblk1.genblk1.genblk1.genblk1.genblk1.genblk1.lut0.genblk1.genblk1.genblk1.genblk1.genblk1.lut1 (4 -> 2)
  Optimizing lut $abc$167024$lut$aiger167023$11580.genblk1.genblk1.genblk1.genblk1.genblk1.genblk1.genblk1.lut0.genblk1.genblk1.genblk1.genblk1.genblk1.genblk1.lut0.genblk1.genblk1.genblk1.genblk1.genblk1.lut0 (4 -> 2)
  Optimizing lut $abc$167024$lut$aiger167023$11580.genblk1.genblk1.genblk1.genblk1.genblk1.genblk1.genblk1.lut1.genblk1.genblk1.genblk1.genblk1.genblk1.genblk1.lut1.genblk1.genblk1.genblk1.genblk1.genblk1.lut0 (4 -> 2)
  Optimizing lut $abc$167024$lut$aiger167023$11580.genblk1.genblk1.genblk1.genblk1.genblk1.genblk1.genblk1.lut1.genblk1.genblk1.genblk1.genblk1.genblk1.genblk1.lut0.genblk1.genblk1.genblk1.genblk1.genblk1.lut0 (4 -> 2)
  Optimizing lut $abc$167024$lut$aiger167023$11528.genblk1.genblk1.genblk1.genblk1.genblk1.genblk1.lut1.genblk1.genblk1.genblk1.genblk1.genblk1.lut0 (4 -> 2)
  Optimizing lut $abc$167024$lut$aiger167023$11528.genblk1.genblk1.genblk1.genblk1.genblk1.genblk1.lut0.genblk1.genblk1.genblk1.genblk1.genblk1.lut0 (4 -> 2)
  Optimizing lut $abc$167024$lut$aiger167023$11622.genblk1.genblk1.genblk1.genblk1.genblk1.genblk1.genblk1.lut0.genblk1.genblk1.genblk1.genblk1.genblk1.genblk1.lut0.genblk1.genblk1.genblk1.genblk1.genblk1.lut1 (4 -> 0)
  Optimizing lut $abc$167024$lut$aiger167023$11632.genblk1.genblk1.genblk1.genblk1.genblk1.genblk1.genblk1.lut1.genblk1.genblk1.genblk1.genblk1.genblk1.genblk1.lut0.genblk1.genblk1.genblk1.genblk1.genblk1.lut1 (4 -> 0)
  Optimizing lut $abc$167024$lut$aiger167023$11607.genblk1.genblk1.genblk1.genblk1.genblk1.genblk1.lut0.genblk1.genblk1.genblk1.genblk1.genblk1.lut0 (4 -> 0)
  Optimizing lut $abc$167024$lut$aiger167023$11409.genblk1.genblk1.genblk1.genblk1.genblk1.genblk1.genblk1.lut1.genblk1.genblk1.genblk1.genblk1.genblk1.genblk1.lut0.genblk1.genblk1.genblk1.genblk1.genblk1.lut1 (4 -> 0)
  Optimizing lut $abc$167024$lut$aiger167023$11425.genblk1.genblk1.genblk1.genblk1.genblk1.genblk1.genblk1.genblk1.lut1.genblk1.genblk1.genblk1.genblk1.genblk1.genblk1.genblk1.lut0.genblk1.genblk1.genblk1.genblk1.genblk1.genblk1.lut1.genblk1.genblk1.genblk1.genblk1.genblk1.lut0 (4 -> 0)
  Optimizing lut $abc$167024$lut$aiger167023$11397.genblk1.genblk1.genblk1.genblk1.genblk1.genblk1.lut1.genblk1.genblk1.genblk1.genblk1.genblk1.lut0 (4 -> 0)
  Optimizing lut $abc$167024$lut$aiger167023$11425.genblk1.genblk1.genblk1.genblk1.genblk1.genblk1.genblk1.genblk1.lut0.genblk1.genblk1.genblk1.genblk1.genblk1.genblk1.genblk1.lut1.genblk1.genblk1.genblk1.genblk1.genblk1.genblk1.lut1.genblk1.genblk1.genblk1.genblk1.genblk1.lut1 (4 -> 0)
  Optimizing lut $abc$167024$lut$aiger167023$11754.genblk1.genblk1.genblk1.genblk1.genblk1.genblk1.genblk1.lut0.genblk1.genblk1.genblk1.genblk1.genblk1.genblk1.lut0.genblk1.genblk1.genblk1.genblk1.genblk1.lut1 (4 -> 0)
  Optimizing lut $abc$167024$lut$aiger167023$11765.genblk1.genblk1.genblk1.genblk1.genblk1.genblk1.genblk1.genblk1.lut1.genblk1.genblk1.genblk1.genblk1.genblk1.genblk1.genblk1.lut0.genblk1.genblk1.genblk1.genblk1.genblk1.genblk1.lut1.genblk1.genblk1.genblk1.genblk1.genblk1.lut0 (4 -> 0)
  Optimizing lut $abc$167024$lut$aiger167023$11765.genblk1.genblk1.genblk1.genblk1.genblk1.genblk1.genblk1.genblk1.lut0.genblk1.genblk1.genblk1.genblk1.genblk1.genblk1.genblk1.lut1.genblk1.genblk1.genblk1.genblk1.genblk1.genblk1.lut1.genblk1.genblk1.genblk1.genblk1.genblk1.lut1 (4 -> 3)
  Optimizing lut $abc$167024$lut$aiger167023$11346.genblk1.genblk1.genblk1.genblk1.genblk1.genblk1.lut0.genblk1.genblk1.genblk1.genblk1.genblk1.lut0 (4 -> 0)
  Optimizing lut $abc$167024$lut$aiger167023$11361.genblk1.genblk1.genblk1.genblk1.genblk1.genblk1.lut0.genblk1.genblk1.genblk1.genblk1.genblk1.lut0 (4 -> 0)
  Optimizing lut $abc$167024$lut$aiger167023$11373.genblk1.genblk1.genblk1.genblk1.genblk1.genblk1.lut1.genblk1.genblk1.genblk1.genblk1.genblk1.lut0 (4 -> 0)
  Optimizing lut $abc$167024$lut$aiger167023$11373.genblk1.genblk1.genblk1.genblk1.genblk1.genblk1.lut0.genblk1.genblk1.genblk1.genblk1.genblk1.lut0 (4 -> 0)
  Optimizing lut $auto$abc_ops_reintegrate.cc:450:reintegrate$167367.genblk1.genblk1.genblk1.genblk1.genblk1.lut1 (4 -> 0)
  Optimizing lut $auto$abc_ops_reintegrate.cc:450:reintegrate$167315.genblk1.genblk1.genblk1.genblk1.genblk1.genblk1.genblk1.genblk1.lut0.genblk1.genblk1.genblk1.genblk1.genblk1.genblk1.genblk1.lut1.genblk1.genblk1.genblk1.genblk1.genblk1.genblk1.lut1.genblk1.genblk1.genblk1.genblk1.genblk1.lut1 (4 -> 0)
  Optimizing lut $abc$167024$lut$aiger167023$5620.genblk1.genblk1.genblk1.genblk1.genblk1.genblk1.genblk1.genblk1.lut0.genblk1.genblk1.genblk1.genblk1.genblk1.genblk1.genblk1.lut1.genblk1.genblk1.genblk1.genblk1.genblk1.genblk1.lut1.genblk1.genblk1.genblk1.genblk1.genblk1.lut1 (4 -> 1)
  Optimizing lut $abc$167024$lut$aiger167023$5709.genblk1.genblk1.genblk1.genblk1.genblk1.genblk1.genblk1.genblk1.lut1.genblk1.genblk1.genblk1.genblk1.genblk1.genblk1.genblk1.lut1.genblk1.genblk1.genblk1.genblk1.genblk1.genblk1.lut1.genblk1.genblk1.genblk1.genblk1.genblk1.lut1 (4 -> 1)
  Optimizing lut $abc$167024$lut$aiger167023$5709.genblk1.genblk1.genblk1.genblk1.genblk1.genblk1.genblk1.genblk1.lut0.genblk1.genblk1.genblk1.genblk1.genblk1.genblk1.genblk1.lut1.genblk1.genblk1.genblk1.genblk1.genblk1.genblk1.lut1.genblk1.genblk1.genblk1.genblk1.genblk1.lut1 (4 -> 1)
  Optimizing lut $abc$167024$lut$aiger167023$5780.genblk1.genblk1.genblk1.genblk1.genblk1.genblk1.genblk1.genblk1.lut0.genblk1.genblk1.genblk1.genblk1.genblk1.genblk1.genblk1.lut1.genblk1.genblk1.genblk1.genblk1.genblk1.genblk1.lut1.genblk1.genblk1.genblk1.genblk1.genblk1.lut1 (4 -> 2)
  Optimizing lut $abc$167024$lut$aiger167023$5806.genblk1.genblk1.genblk1.genblk1.genblk1.genblk1.genblk1.genblk1.lut1.genblk1.genblk1.genblk1.genblk1.genblk1.genblk1.genblk1.lut1.genblk1.genblk1.genblk1.genblk1.genblk1.genblk1.lut1.genblk1.genblk1.genblk1.genblk1.genblk1.lut1 (4 -> 1)
  Optimizing lut $abc$167024$lut$aiger167023$5806.genblk1.genblk1.genblk1.genblk1.genblk1.genblk1.genblk1.genblk1.lut0.genblk1.genblk1.genblk1.genblk1.genblk1.genblk1.genblk1.lut1.genblk1.genblk1.genblk1.genblk1.genblk1.genblk1.lut1.genblk1.genblk1.genblk1.genblk1.genblk1.lut1 (4 -> 1)
  Optimizing lut $abc$167024$lut$aiger167023$5822.genblk1.genblk1.genblk1.genblk1.genblk1.genblk1.genblk1.genblk1.lut1.genblk1.genblk1.genblk1.genblk1.genblk1.genblk1.genblk1.lut1.genblk1.genblk1.genblk1.genblk1.genblk1.genblk1.lut1.genblk1.genblk1.genblk1.genblk1.genblk1.lut1 (4 -> 1)
  Optimizing lut $abc$167024$lut$aiger167023$5822.genblk1.genblk1.genblk1.genblk1.genblk1.genblk1.genblk1.genblk1.lut0.genblk1.genblk1.genblk1.genblk1.genblk1.genblk1.genblk1.lut1.genblk1.genblk1.genblk1.genblk1.genblk1.genblk1.lut1.genblk1.genblk1.genblk1.genblk1.genblk1.lut1 (4 -> 1)
  Optimizing lut $abc$167024$lut$aiger167023$5982.genblk1.genblk1.genblk1.genblk1.genblk1.genblk1.genblk1.genblk1.lut1.genblk1.genblk1.genblk1.genblk1.genblk1.genblk1.genblk1.lut1.genblk1.genblk1.genblk1.genblk1.genblk1.genblk1.lut1.genblk1.genblk1.genblk1.genblk1.genblk1.lut1 (4 -> 3)
  Optimizing lut $abc$167024$lut$aiger167023$5982.genblk1.genblk1.genblk1.genblk1.genblk1.genblk1.genblk1.genblk1.lut0.genblk1.genblk1.genblk1.genblk1.genblk1.genblk1.genblk1.lut1.genblk1.genblk1.genblk1.genblk1.genblk1.genblk1.lut1.genblk1.genblk1.genblk1.genblk1.genblk1.lut1 (4 -> 3)
  Optimizing lut $abc$167024$lut$aiger167023$6010.genblk1.genblk1.genblk1.genblk1.genblk1.genblk1.genblk1.lut0.genblk1.genblk1.genblk1.genblk1.genblk1.genblk1.lut0.genblk1.genblk1.genblk1.genblk1.genblk1.lut1 (4 -> 2)
  Optimizing lut $abc$167024$lut$aiger167023$6022.genblk1.genblk1.genblk1.genblk1.genblk1.genblk1.genblk1.lut0.genblk1.genblk1.genblk1.genblk1.genblk1.genblk1.lut0.genblk1.genblk1.genblk1.genblk1.genblk1.lut1 (4 -> 0)
  Optimizing lut $abc$167024$lut$aiger167023$5838.genblk1.genblk1.genblk1.genblk1.genblk1.genblk1.genblk1.genblk1.lut1.genblk1.genblk1.genblk1.genblk1.genblk1.genblk1.genblk1.lut0.genblk1.genblk1.genblk1.genblk1.genblk1.genblk1.lut1.genblk1.genblk1.genblk1.genblk1.genblk1.lut0 (4 -> 1)
  Optimizing lut $abc$167024$lut$aiger167023$5838.genblk1.genblk1.genblk1.genblk1.genblk1.genblk1.genblk1.genblk1.lut1.genblk1.genblk1.genblk1.genblk1.genblk1.genblk1.genblk1.lut1.genblk1.genblk1.genblk1.genblk1.genblk1.genblk1.lut1.genblk1.genblk1.genblk1.genblk1.genblk1.lut1 (4 -> 1)
  Optimizing lut $abc$167024$lut$aiger167023$5838.genblk1.genblk1.genblk1.genblk1.genblk1.genblk1.genblk1.genblk1.lut0.genblk1.genblk1.genblk1.genblk1.genblk1.genblk1.genblk1.lut1.genblk1.genblk1.genblk1.genblk1.genblk1.genblk1.lut1.genblk1.genblk1.genblk1.genblk1.genblk1.lut1 (4 -> 1)
  Optimizing lut $abc$167024$lut$aiger167023$5851.genblk1.genblk1.genblk1.genblk1.genblk1.genblk1.genblk1.genblk1.lut1.genblk1.genblk1.genblk1.genblk1.genblk1.genblk1.genblk1.lut1.genblk1.genblk1.genblk1.genblk1.genblk1.genblk1.lut1.genblk1.genblk1.genblk1.genblk1.genblk1.lut1 (4 -> 1)
  Optimizing lut $abc$167024$lut$aiger167023$5851.genblk1.genblk1.genblk1.genblk1.genblk1.genblk1.genblk1.genblk1.lut0.genblk1.genblk1.genblk1.genblk1.genblk1.genblk1.genblk1.lut1.genblk1.genblk1.genblk1.genblk1.genblk1.genblk1.lut1.genblk1.genblk1.genblk1.genblk1.genblk1.lut1 (4 -> 1)
  Optimizing lut $abc$167024$lut$aiger167023$5890.genblk1.genblk1.genblk1.genblk1.genblk1.genblk1.genblk1.genblk1.lut1.genblk1.genblk1.genblk1.genblk1.genblk1.genblk1.genblk1.lut1.genblk1.genblk1.genblk1.genblk1.genblk1.genblk1.lut1.genblk1.genblk1.genblk1.genblk1.genblk1.lut1 (4 -> 1)
  Optimizing lut $abc$167024$lut$aiger167023$5890.genblk1.genblk1.genblk1.genblk1.genblk1.genblk1.genblk1.genblk1.lut0.genblk1.genblk1.genblk1.genblk1.genblk1.genblk1.genblk1.lut1.genblk1.genblk1.genblk1.genblk1.genblk1.genblk1.lut1.genblk1.genblk1.genblk1.genblk1.genblk1.lut1 (4 -> 1)
  Optimizing lut $abc$167024$lut$aiger167023$6028.genblk1.genblk1.genblk1.genblk1.genblk1.genblk1.lut1.genblk1.genblk1.genblk1.genblk1.genblk1.lut0 (4 -> 2)
  Optimizing lut $abc$167024$lut$aiger167023$6028.genblk1.genblk1.genblk1.genblk1.genblk1.genblk1.lut0.genblk1.genblk1.genblk1.genblk1.genblk1.lut0 (4 -> 3)
  Optimizing lut $abc$167024$lut$aiger167023$6037.genblk1.genblk1.genblk1.genblk1.genblk1.genblk1.genblk1.lut0.genblk1.genblk1.genblk1.genblk1.genblk1.genblk1.lut0.genblk1.genblk1.genblk1.genblk1.genblk1.lut1 (4 -> 2)
  Optimizing lut $abc$167024$lut$aiger167023$5903.genblk1.genblk1.genblk1.genblk1.genblk1.genblk1.genblk1.genblk1.lut1.genblk1.genblk1.genblk1.genblk1.genblk1.genblk1.genblk1.lut0.genblk1.genblk1.genblk1.genblk1.genblk1.genblk1.lut1.genblk1.genblk1.genblk1.genblk1.genblk1.lut0 (4 -> 1)
  Optimizing lut $abc$167024$lut$aiger167023$6046.genblk1.genblk1.genblk1.genblk1.genblk1.genblk1.lut1.genblk1.genblk1.genblk1.genblk1.genblk1.lut0 (4 -> 0)
  Optimizing lut $abc$167024$lut$aiger167023$6046.genblk1.genblk1.genblk1.genblk1.genblk1.genblk1.lut0.genblk1.genblk1.genblk1.genblk1.genblk1.lut0 (4 -> 0)
  Optimizing lut $abc$167024$lut$aiger167023$5903.genblk1.genblk1.genblk1.genblk1.genblk1.genblk1.genblk1.genblk1.lut1.genblk1.genblk1.genblk1.genblk1.genblk1.genblk1.genblk1.lut1.genblk1.genblk1.genblk1.genblk1.genblk1.genblk1.lut1.genblk1.genblk1.genblk1.genblk1.genblk1.lut1 (4 -> 1)
  Optimizing lut $abc$167024$lut$aiger167023$5903.genblk1.genblk1.genblk1.genblk1.genblk1.genblk1.genblk1.genblk1.lut0.genblk1.genblk1.genblk1.genblk1.genblk1.genblk1.genblk1.lut1.genblk1.genblk1.genblk1.genblk1.genblk1.genblk1.lut1.genblk1.genblk1.genblk1.genblk1.genblk1.lut1 (4 -> 1)
  Optimizing lut $abc$167024$lut$aiger167023$6065.genblk1.genblk1.genblk1.genblk1.genblk1.genblk1.genblk1.lut0.genblk1.genblk1.genblk1.genblk1.genblk1.genblk1.lut0.genblk1.genblk1.genblk1.genblk1.genblk1.lut1 (4 -> 2)
  Optimizing lut $abc$167024$lut$aiger167023$6079.genblk1.genblk1.genblk1.genblk1.genblk1.genblk1.genblk1.lut1.genblk1.genblk1.genblk1.genblk1.genblk1.genblk1.lut0.genblk1.genblk1.genblk1.genblk1.genblk1.lut1 (4 -> 3)
  Optimizing lut $abc$167024$lut$aiger167023$6079.genblk1.genblk1.genblk1.genblk1.genblk1.genblk1.genblk1.lut0.genblk1.genblk1.genblk1.genblk1.genblk1.genblk1.lut0.genblk1.genblk1.genblk1.genblk1.genblk1.lut1 (4 -> 0)
  Optimizing lut $auto$abc_ops_reintegrate.cc:450:reintegrate$167275.genblk1.genblk1.genblk1.genblk1.genblk1.genblk1.genblk1.lut1.genblk1.genblk1.genblk1.genblk1.genblk1.genblk1.lut0.genblk1.genblk1.genblk1.genblk1.genblk1.lut1 (4 -> 3)
  Optimizing lut $auto$abc_ops_reintegrate.cc:450:reintegrate$167323.genblk1.genblk1.genblk1.genblk1.genblk1.genblk1.lut0.genblk1.genblk1.genblk1.genblk1.genblk1.lut0 (4 -> 3)
  Optimizing lut $abc$167024$lut$aiger167023$6399.genblk1.genblk1.genblk1.genblk1.genblk1.lut1 (4 -> 3)
  Optimizing lut $auto$abc_ops_reintegrate.cc:450:reintegrate$167274.genblk1.genblk1.genblk1.genblk1.genblk1.genblk1.genblk1.lut1.genblk1.genblk1.genblk1.genblk1.genblk1.genblk1.lut0.genblk1.genblk1.genblk1.genblk1.genblk1.lut1 (4 -> 3)
  Optimizing lut $auto$abc_ops_reintegrate.cc:450:reintegrate$167274.genblk1.genblk1.genblk1.genblk1.genblk1.genblk1.genblk1.lut0.genblk1.genblk1.genblk1.genblk1.genblk1.genblk1.lut0.genblk1.genblk1.genblk1.genblk1.genblk1.lut1 (4 -> 3)
  Optimizing lut $auto$abc_ops_reintegrate.cc:450:reintegrate$167273.genblk1.genblk1.genblk1.genblk1.genblk1.genblk1.genblk1.lut1.genblk1.genblk1.genblk1.genblk1.genblk1.genblk1.lut0.genblk1.genblk1.genblk1.genblk1.genblk1.lut1 (4 -> 3)
  Optimizing lut $auto$abc_ops_reintegrate.cc:450:reintegrate$167273.genblk1.genblk1.genblk1.genblk1.genblk1.genblk1.genblk1.lut0.genblk1.genblk1.genblk1.genblk1.genblk1.genblk1.lut0.genblk1.genblk1.genblk1.genblk1.genblk1.lut1 (4 -> 3)
  Optimizing lut $auto$abc_ops_reintegrate.cc:450:reintegrate$167272.genblk1.genblk1.genblk1.genblk1.genblk1.genblk1.genblk1.lut1.genblk1.genblk1.genblk1.genblk1.genblk1.genblk1.lut0.genblk1.genblk1.genblk1.genblk1.genblk1.lut1 (4 -> 3)
  Optimizing lut $auto$abc_ops_reintegrate.cc:450:reintegrate$167272.genblk1.genblk1.genblk1.genblk1.genblk1.genblk1.genblk1.lut0.genblk1.genblk1.genblk1.genblk1.genblk1.genblk1.lut0.genblk1.genblk1.genblk1.genblk1.genblk1.lut1 (4 -> 3)
  Optimizing lut $auto$abc_ops_reintegrate.cc:450:reintegrate$167271.genblk1.genblk1.genblk1.genblk1.genblk1.genblk1.genblk1.lut1.genblk1.genblk1.genblk1.genblk1.genblk1.genblk1.lut0.genblk1.genblk1.genblk1.genblk1.genblk1.lut1 (4 -> 3)
  Optimizing lut $auto$abc_ops_reintegrate.cc:450:reintegrate$167271.genblk1.genblk1.genblk1.genblk1.genblk1.genblk1.genblk1.lut0.genblk1.genblk1.genblk1.genblk1.genblk1.genblk1.lut0.genblk1.genblk1.genblk1.genblk1.genblk1.lut1 (4 -> 3)
  Optimizing lut $auto$abc_ops_reintegrate.cc:450:reintegrate$167270.genblk1.genblk1.genblk1.genblk1.genblk1.genblk1.genblk1.lut1.genblk1.genblk1.genblk1.genblk1.genblk1.genblk1.lut0.genblk1.genblk1.genblk1.genblk1.genblk1.lut1 (4 -> 3)
  Optimizing lut $auto$abc_ops_reintegrate.cc:450:reintegrate$167270.genblk1.genblk1.genblk1.genblk1.genblk1.genblk1.genblk1.lut0.genblk1.genblk1.genblk1.genblk1.genblk1.genblk1.lut0.genblk1.genblk1.genblk1.genblk1.genblk1.lut1 (4 -> 3)
  Optimizing lut $auto$abc_ops_reintegrate.cc:450:reintegrate$167269.genblk1.genblk1.genblk1.genblk1.genblk1.genblk1.genblk1.lut1.genblk1.genblk1.genblk1.genblk1.genblk1.genblk1.lut0.genblk1.genblk1.genblk1.genblk1.genblk1.lut1 (4 -> 3)
  Optimizing lut $auto$abc_ops_reintegrate.cc:450:reintegrate$167269.genblk1.genblk1.genblk1.genblk1.genblk1.genblk1.genblk1.lut0.genblk1.genblk1.genblk1.genblk1.genblk1.genblk1.lut0.genblk1.genblk1.genblk1.genblk1.genblk1.lut1 (4 -> 3)
  Optimizing lut $auto$abc_ops_reintegrate.cc:450:reintegrate$167268.genblk1.genblk1.genblk1.genblk1.genblk1.genblk1.genblk1.lut1.genblk1.genblk1.genblk1.genblk1.genblk1.genblk1.lut0.genblk1.genblk1.genblk1.genblk1.genblk1.lut1 (4 -> 3)
  Optimizing lut $auto$abc_ops_reintegrate.cc:450:reintegrate$167268.genblk1.genblk1.genblk1.genblk1.genblk1.genblk1.genblk1.lut0.genblk1.genblk1.genblk1.genblk1.genblk1.genblk1.lut0.genblk1.genblk1.genblk1.genblk1.genblk1.lut1 (4 -> 3)
  Optimizing lut $auto$abc_ops_reintegrate.cc:450:reintegrate$167267.genblk1.genblk1.genblk1.genblk1.genblk1.genblk1.genblk1.lut1.genblk1.genblk1.genblk1.genblk1.genblk1.genblk1.lut0.genblk1.genblk1.genblk1.genblk1.genblk1.lut1 (4 -> 3)
  Optimizing lut $auto$abc_ops_reintegrate.cc:450:reintegrate$167267.genblk1.genblk1.genblk1.genblk1.genblk1.genblk1.genblk1.lut0.genblk1.genblk1.genblk1.genblk1.genblk1.genblk1.lut0.genblk1.genblk1.genblk1.genblk1.genblk1.lut1 (4 -> 3)
  Optimizing lut $auto$abc_ops_reintegrate.cc:450:reintegrate$167266.genblk1.genblk1.genblk1.genblk1.genblk1.genblk1.genblk1.lut1.genblk1.genblk1.genblk1.genblk1.genblk1.genblk1.lut0.genblk1.genblk1.genblk1.genblk1.genblk1.lut1 (4 -> 3)
  Optimizing lut $auto$abc_ops_reintegrate.cc:450:reintegrate$167266.genblk1.genblk1.genblk1.genblk1.genblk1.genblk1.genblk1.lut0.genblk1.genblk1.genblk1.genblk1.genblk1.genblk1.lut0.genblk1.genblk1.genblk1.genblk1.genblk1.lut1 (4 -> 3)
  Optimizing lut $auto$abc_ops_reintegrate.cc:450:reintegrate$167265.genblk1.genblk1.genblk1.genblk1.genblk1.genblk1.genblk1.lut1.genblk1.genblk1.genblk1.genblk1.genblk1.genblk1.lut0.genblk1.genblk1.genblk1.genblk1.genblk1.lut1 (4 -> 3)
  Optimizing lut $auto$abc_ops_reintegrate.cc:450:reintegrate$167265.genblk1.genblk1.genblk1.genblk1.genblk1.genblk1.genblk1.lut0.genblk1.genblk1.genblk1.genblk1.genblk1.genblk1.lut0.genblk1.genblk1.genblk1.genblk1.genblk1.lut1 (4 -> 3)
  Optimizing lut $auto$abc_ops_reintegrate.cc:450:reintegrate$167264.genblk1.genblk1.genblk1.genblk1.genblk1.genblk1.genblk1.lut1.genblk1.genblk1.genblk1.genblk1.genblk1.genblk1.lut0.genblk1.genblk1.genblk1.genblk1.genblk1.lut1 (4 -> 3)
  Optimizing lut $auto$abc_ops_reintegrate.cc:450:reintegrate$167264.genblk1.genblk1.genblk1.genblk1.genblk1.genblk1.genblk1.lut0.genblk1.genblk1.genblk1.genblk1.genblk1.genblk1.lut0.genblk1.genblk1.genblk1.genblk1.genblk1.lut1 (4 -> 3)
  Optimizing lut $auto$abc_ops_reintegrate.cc:450:reintegrate$167263.genblk1.genblk1.genblk1.genblk1.genblk1.genblk1.genblk1.lut1.genblk1.genblk1.genblk1.genblk1.genblk1.genblk1.lut0.genblk1.genblk1.genblk1.genblk1.genblk1.lut1 (4 -> 3)
  Optimizing lut $auto$abc_ops_reintegrate.cc:450:reintegrate$167263.genblk1.genblk1.genblk1.genblk1.genblk1.genblk1.genblk1.lut0.genblk1.genblk1.genblk1.genblk1.genblk1.genblk1.lut0.genblk1.genblk1.genblk1.genblk1.genblk1.lut1 (4 -> 3)
  Optimizing lut $auto$abc_ops_reintegrate.cc:450:reintegrate$167262.genblk1.genblk1.genblk1.genblk1.genblk1.genblk1.genblk1.lut1.genblk1.genblk1.genblk1.genblk1.genblk1.genblk1.lut0.genblk1.genblk1.genblk1.genblk1.genblk1.lut1 (4 -> 3)
  Optimizing lut $auto$abc_ops_reintegrate.cc:450:reintegrate$167262.genblk1.genblk1.genblk1.genblk1.genblk1.genblk1.genblk1.lut0.genblk1.genblk1.genblk1.genblk1.genblk1.genblk1.lut0.genblk1.genblk1.genblk1.genblk1.genblk1.lut1 (4 -> 3)
  Optimizing lut $auto$abc_ops_reintegrate.cc:450:reintegrate$167261.genblk1.genblk1.genblk1.genblk1.genblk1.genblk1.genblk1.lut1.genblk1.genblk1.genblk1.genblk1.genblk1.genblk1.lut0.genblk1.genblk1.genblk1.genblk1.genblk1.lut1 (4 -> 3)
  Optimizing lut $auto$abc_ops_reintegrate.cc:450:reintegrate$167261.genblk1.genblk1.genblk1.genblk1.genblk1.genblk1.genblk1.lut0.genblk1.genblk1.genblk1.genblk1.genblk1.genblk1.lut0.genblk1.genblk1.genblk1.genblk1.genblk1.lut1 (4 -> 3)
  Optimizing lut $auto$abc_ops_reintegrate.cc:450:reintegrate$167260.genblk1.genblk1.genblk1.genblk1.genblk1.genblk1.genblk1.lut1.genblk1.genblk1.genblk1.genblk1.genblk1.genblk1.lut0.genblk1.genblk1.genblk1.genblk1.genblk1.lut1 (4 -> 3)
  Optimizing lut $auto$abc_ops_reintegrate.cc:450:reintegrate$167260.genblk1.genblk1.genblk1.genblk1.genblk1.genblk1.genblk1.lut0.genblk1.genblk1.genblk1.genblk1.genblk1.genblk1.lut0.genblk1.genblk1.genblk1.genblk1.genblk1.lut1 (4 -> 3)
  Optimizing lut $auto$abc_ops_reintegrate.cc:450:reintegrate$167179.genblk1.genblk1.genblk1.genblk1.genblk1.genblk1.genblk1.lut1.genblk1.genblk1.genblk1.genblk1.genblk1.genblk1.lut0.genblk1.genblk1.genblk1.genblk1.genblk1.lut1 (4 -> 3)
  Optimizing lut $auto$abc_ops_reintegrate.cc:450:reintegrate$167259.genblk1.genblk1.genblk1.genblk1.genblk1.lut1 (4 -> 3)
  Optimizing lut $auto$abc_ops_reintegrate.cc:450:reintegrate$167178.genblk1.genblk1.genblk1.genblk1.genblk1.genblk1.genblk1.lut1.genblk1.genblk1.genblk1.genblk1.genblk1.genblk1.lut0.genblk1.genblk1.genblk1.genblk1.genblk1.lut1 (4 -> 3)
  Optimizing lut $auto$abc_ops_reintegrate.cc:450:reintegrate$167178.genblk1.genblk1.genblk1.genblk1.genblk1.genblk1.genblk1.lut0.genblk1.genblk1.genblk1.genblk1.genblk1.genblk1.lut0.genblk1.genblk1.genblk1.genblk1.genblk1.lut1 (4 -> 3)
  Optimizing lut $auto$abc_ops_reintegrate.cc:450:reintegrate$167177.genblk1.genblk1.genblk1.genblk1.genblk1.genblk1.genblk1.lut1.genblk1.genblk1.genblk1.genblk1.genblk1.genblk1.lut0.genblk1.genblk1.genblk1.genblk1.genblk1.lut1 (4 -> 3)
  Optimizing lut $auto$abc_ops_reintegrate.cc:450:reintegrate$167177.genblk1.genblk1.genblk1.genblk1.genblk1.genblk1.genblk1.lut0.genblk1.genblk1.genblk1.genblk1.genblk1.genblk1.lut0.genblk1.genblk1.genblk1.genblk1.genblk1.lut1 (4 -> 3)
  Optimizing lut $auto$abc_ops_reintegrate.cc:450:reintegrate$167176.genblk1.genblk1.genblk1.genblk1.genblk1.genblk1.genblk1.lut1.genblk1.genblk1.genblk1.genblk1.genblk1.genblk1.lut0.genblk1.genblk1.genblk1.genblk1.genblk1.lut1 (4 -> 3)
  Optimizing lut $auto$abc_ops_reintegrate.cc:450:reintegrate$167176.genblk1.genblk1.genblk1.genblk1.genblk1.genblk1.genblk1.lut0.genblk1.genblk1.genblk1.genblk1.genblk1.genblk1.lut0.genblk1.genblk1.genblk1.genblk1.genblk1.lut1 (4 -> 3)
  Optimizing lut $auto$abc_ops_reintegrate.cc:450:reintegrate$167175.genblk1.genblk1.genblk1.genblk1.genblk1.genblk1.genblk1.lut1.genblk1.genblk1.genblk1.genblk1.genblk1.genblk1.lut0.genblk1.genblk1.genblk1.genblk1.genblk1.lut1 (4 -> 3)
  Optimizing lut $auto$abc_ops_reintegrate.cc:450:reintegrate$167175.genblk1.genblk1.genblk1.genblk1.genblk1.genblk1.genblk1.lut0.genblk1.genblk1.genblk1.genblk1.genblk1.genblk1.lut0.genblk1.genblk1.genblk1.genblk1.genblk1.lut1 (4 -> 3)
  Optimizing lut $auto$abc_ops_reintegrate.cc:450:reintegrate$167174.genblk1.genblk1.genblk1.genblk1.genblk1.genblk1.genblk1.lut1.genblk1.genblk1.genblk1.genblk1.genblk1.genblk1.lut0.genblk1.genblk1.genblk1.genblk1.genblk1.lut1 (4 -> 3)
  Optimizing lut $auto$abc_ops_reintegrate.cc:450:reintegrate$167174.genblk1.genblk1.genblk1.genblk1.genblk1.genblk1.genblk1.lut0.genblk1.genblk1.genblk1.genblk1.genblk1.genblk1.lut0.genblk1.genblk1.genblk1.genblk1.genblk1.lut1 (4 -> 3)
  Optimizing lut $auto$abc_ops_reintegrate.cc:450:reintegrate$167173.genblk1.genblk1.genblk1.genblk1.genblk1.genblk1.genblk1.lut1.genblk1.genblk1.genblk1.genblk1.genblk1.genblk1.lut0.genblk1.genblk1.genblk1.genblk1.genblk1.lut1 (4 -> 3)
  Optimizing lut $auto$abc_ops_reintegrate.cc:450:reintegrate$167173.genblk1.genblk1.genblk1.genblk1.genblk1.genblk1.genblk1.lut0.genblk1.genblk1.genblk1.genblk1.genblk1.genblk1.lut0.genblk1.genblk1.genblk1.genblk1.genblk1.lut1 (4 -> 3)
  Optimizing lut $auto$abc_ops_reintegrate.cc:450:reintegrate$167172.genblk1.genblk1.genblk1.genblk1.genblk1.genblk1.genblk1.lut1.genblk1.genblk1.genblk1.genblk1.genblk1.genblk1.lut0.genblk1.genblk1.genblk1.genblk1.genblk1.lut1 (4 -> 3)
  Optimizing lut $auto$abc_ops_reintegrate.cc:450:reintegrate$167172.genblk1.genblk1.genblk1.genblk1.genblk1.genblk1.genblk1.lut0.genblk1.genblk1.genblk1.genblk1.genblk1.genblk1.lut0.genblk1.genblk1.genblk1.genblk1.genblk1.lut1 (4 -> 3)
  Optimizing lut $auto$abc_ops_reintegrate.cc:450:reintegrate$167171.genblk1.genblk1.genblk1.genblk1.genblk1.genblk1.genblk1.lut1.genblk1.genblk1.genblk1.genblk1.genblk1.genblk1.lut0.genblk1.genblk1.genblk1.genblk1.genblk1.lut1 (4 -> 3)
  Optimizing lut $auto$abc_ops_reintegrate.cc:450:reintegrate$167171.genblk1.genblk1.genblk1.genblk1.genblk1.genblk1.genblk1.lut0.genblk1.genblk1.genblk1.genblk1.genblk1.genblk1.lut0.genblk1.genblk1.genblk1.genblk1.genblk1.lut1 (4 -> 3)
  Optimizing lut $auto$abc_ops_reintegrate.cc:450:reintegrate$167170.genblk1.genblk1.genblk1.genblk1.genblk1.genblk1.genblk1.lut1.genblk1.genblk1.genblk1.genblk1.genblk1.genblk1.lut0.genblk1.genblk1.genblk1.genblk1.genblk1.lut1 (4 -> 3)
  Optimizing lut $auto$abc_ops_reintegrate.cc:450:reintegrate$167170.genblk1.genblk1.genblk1.genblk1.genblk1.genblk1.genblk1.lut0.genblk1.genblk1.genblk1.genblk1.genblk1.genblk1.lut0.genblk1.genblk1.genblk1.genblk1.genblk1.lut1 (4 -> 3)
  Optimizing lut $auto$abc_ops_reintegrate.cc:450:reintegrate$167169.genblk1.genblk1.genblk1.genblk1.genblk1.genblk1.genblk1.lut1.genblk1.genblk1.genblk1.genblk1.genblk1.genblk1.lut0.genblk1.genblk1.genblk1.genblk1.genblk1.lut1 (4 -> 3)
  Optimizing lut $auto$abc_ops_reintegrate.cc:450:reintegrate$167169.genblk1.genblk1.genblk1.genblk1.genblk1.genblk1.genblk1.lut0.genblk1.genblk1.genblk1.genblk1.genblk1.genblk1.lut0.genblk1.genblk1.genblk1.genblk1.genblk1.lut1 (4 -> 3)
  Optimizing lut $auto$abc_ops_reintegrate.cc:450:reintegrate$167168.genblk1.genblk1.genblk1.genblk1.genblk1.genblk1.genblk1.lut1.genblk1.genblk1.genblk1.genblk1.genblk1.genblk1.lut0.genblk1.genblk1.genblk1.genblk1.genblk1.lut1 (4 -> 3)
  Optimizing lut $auto$abc_ops_reintegrate.cc:450:reintegrate$167168.genblk1.genblk1.genblk1.genblk1.genblk1.genblk1.genblk1.lut0.genblk1.genblk1.genblk1.genblk1.genblk1.genblk1.lut0.genblk1.genblk1.genblk1.genblk1.genblk1.lut1 (4 -> 3)
  Optimizing lut $auto$abc_ops_reintegrate.cc:450:reintegrate$167167.genblk1.genblk1.genblk1.genblk1.genblk1.genblk1.genblk1.lut1.genblk1.genblk1.genblk1.genblk1.genblk1.genblk1.lut0.genblk1.genblk1.genblk1.genblk1.genblk1.lut1 (4 -> 3)
  Optimizing lut $auto$abc_ops_reintegrate.cc:450:reintegrate$167167.genblk1.genblk1.genblk1.genblk1.genblk1.genblk1.genblk1.lut0.genblk1.genblk1.genblk1.genblk1.genblk1.genblk1.lut0.genblk1.genblk1.genblk1.genblk1.genblk1.lut1 (4 -> 3)
  Optimizing lut $auto$abc_ops_reintegrate.cc:450:reintegrate$167166.genblk1.genblk1.genblk1.genblk1.genblk1.genblk1.genblk1.lut1.genblk1.genblk1.genblk1.genblk1.genblk1.genblk1.lut0.genblk1.genblk1.genblk1.genblk1.genblk1.lut1 (4 -> 3)
  Optimizing lut $auto$abc_ops_reintegrate.cc:450:reintegrate$167166.genblk1.genblk1.genblk1.genblk1.genblk1.genblk1.genblk1.lut0.genblk1.genblk1.genblk1.genblk1.genblk1.genblk1.lut0.genblk1.genblk1.genblk1.genblk1.genblk1.lut1 (4 -> 3)
  Optimizing lut $auto$abc_ops_reintegrate.cc:450:reintegrate$167165.genblk1.genblk1.genblk1.genblk1.genblk1.genblk1.genblk1.lut1.genblk1.genblk1.genblk1.genblk1.genblk1.genblk1.lut0.genblk1.genblk1.genblk1.genblk1.genblk1.lut1 (4 -> 3)
  Optimizing lut $auto$abc_ops_reintegrate.cc:450:reintegrate$167165.genblk1.genblk1.genblk1.genblk1.genblk1.genblk1.genblk1.lut0.genblk1.genblk1.genblk1.genblk1.genblk1.genblk1.lut0.genblk1.genblk1.genblk1.genblk1.genblk1.lut1 (4 -> 3)
  Optimizing lut $auto$abc_ops_reintegrate.cc:450:reintegrate$167164.genblk1.genblk1.genblk1.genblk1.genblk1.genblk1.genblk1.lut1.genblk1.genblk1.genblk1.genblk1.genblk1.genblk1.lut0.genblk1.genblk1.genblk1.genblk1.genblk1.lut1 (4 -> 3)
  Optimizing lut $auto$abc_ops_reintegrate.cc:450:reintegrate$167164.genblk1.genblk1.genblk1.genblk1.genblk1.genblk1.genblk1.lut0.genblk1.genblk1.genblk1.genblk1.genblk1.genblk1.lut0.genblk1.genblk1.genblk1.genblk1.genblk1.lut1 (4 -> 3)
  Optimizing lut $abc$167024$lut$aiger167023$5602.genblk1.genblk1.genblk1.genblk1.genblk1.genblk1.genblk1.genblk1.lut1.genblk1.genblk1.genblk1.genblk1.genblk1.genblk1.genblk1.lut0.genblk1.genblk1.genblk1.genblk1.genblk1.genblk1.lut1.genblk1.genblk1.genblk1.genblk1.genblk1.lut0 (4 -> 0)
  Optimizing lut $auto$abc_ops_reintegrate.cc:450:reintegrate$167163.genblk1.genblk1.genblk1.genblk1.genblk1.lut1 (4 -> 3)
  Optimizing lut $abc$167024$lut$aiger167023$5602.genblk1.genblk1.genblk1.genblk1.genblk1.genblk1.genblk1.genblk1.lut0.genblk1.genblk1.genblk1.genblk1.genblk1.genblk1.genblk1.lut1.genblk1.genblk1.genblk1.genblk1.genblk1.genblk1.lut1.genblk1.genblk1.genblk1.genblk1.genblk1.lut1 (4 -> 0)
  Optimizing lut $abc$167024$lut$aiger167023$5657.genblk1.genblk1.genblk1.genblk1.genblk1.genblk1.genblk1.genblk1.lut1.genblk1.genblk1.genblk1.genblk1.genblk1.genblk1.genblk1.lut1.genblk1.genblk1.genblk1.genblk1.genblk1.genblk1.lut1.genblk1.genblk1.genblk1.genblk1.genblk1.lut1 (4 -> 1)
  Optimizing lut $abc$167024$lut$aiger167023$5657.genblk1.genblk1.genblk1.genblk1.genblk1.genblk1.genblk1.genblk1.lut0.genblk1.genblk1.genblk1.genblk1.genblk1.genblk1.genblk1.lut1.genblk1.genblk1.genblk1.genblk1.genblk1.genblk1.lut1.genblk1.genblk1.genblk1.genblk1.genblk1.lut1 (4 -> 1)
  Optimizing lut $abc$167024$lut$aiger167023$5670.genblk1.genblk1.genblk1.genblk1.genblk1.genblk1.genblk1.genblk1.lut1.genblk1.genblk1.genblk1.genblk1.genblk1.genblk1.genblk1.lut1.genblk1.genblk1.genblk1.genblk1.genblk1.genblk1.lut1.genblk1.genblk1.genblk1.genblk1.genblk1.lut1 (4 -> 1)
  Optimizing lut $abc$167024$lut$aiger167023$5670.genblk1.genblk1.genblk1.genblk1.genblk1.genblk1.genblk1.genblk1.lut0.genblk1.genblk1.genblk1.genblk1.genblk1.genblk1.genblk1.lut1.genblk1.genblk1.genblk1.genblk1.genblk1.genblk1.lut1.genblk1.genblk1.genblk1.genblk1.genblk1.lut1 (4 -> 1)
  Optimizing lut $abc$167024$lut$aiger167023$5683.genblk1.genblk1.genblk1.genblk1.genblk1.genblk1.genblk1.genblk1.lut1.genblk1.genblk1.genblk1.genblk1.genblk1.genblk1.genblk1.lut1.genblk1.genblk1.genblk1.genblk1.genblk1.genblk1.lut1.genblk1.genblk1.genblk1.genblk1.genblk1.lut1 (4 -> 1)
  Optimizing lut $abc$167024$lut$aiger167023$5683.genblk1.genblk1.genblk1.genblk1.genblk1.genblk1.genblk1.genblk1.lut0.genblk1.genblk1.genblk1.genblk1.genblk1.genblk1.genblk1.lut1.genblk1.genblk1.genblk1.genblk1.genblk1.genblk1.lut1.genblk1.genblk1.genblk1.genblk1.genblk1.lut1 (4 -> 1)
  Optimizing lut $abc$167024$lut$aiger167023$5696.genblk1.genblk1.genblk1.genblk1.genblk1.genblk1.genblk1.genblk1.lut1.genblk1.genblk1.genblk1.genblk1.genblk1.genblk1.genblk1.lut1.genblk1.genblk1.genblk1.genblk1.genblk1.genblk1.lut1.genblk1.genblk1.genblk1.genblk1.genblk1.lut1 (4 -> 1)
  Optimizing lut $abc$167024$lut$aiger167023$5696.genblk1.genblk1.genblk1.genblk1.genblk1.genblk1.genblk1.genblk1.lut0.genblk1.genblk1.genblk1.genblk1.genblk1.genblk1.genblk1.lut1.genblk1.genblk1.genblk1.genblk1.genblk1.genblk1.lut1.genblk1.genblk1.genblk1.genblk1.genblk1.lut1 (4 -> 1)
  Optimizing lut $abc$167024$lut$aiger167023$5722.genblk1.genblk1.genblk1.genblk1.genblk1.genblk1.genblk1.genblk1.lut1.genblk1.genblk1.genblk1.genblk1.genblk1.genblk1.genblk1.lut1.genblk1.genblk1.genblk1.genblk1.genblk1.genblk1.lut1.genblk1.genblk1.genblk1.genblk1.genblk1.lut1 (4 -> 0)
  Optimizing lut $abc$167024$lut$aiger167023$5722.genblk1.genblk1.genblk1.genblk1.genblk1.genblk1.genblk1.genblk1.lut0.genblk1.genblk1.genblk1.genblk1.genblk1.genblk1.genblk1.lut1.genblk1.genblk1.genblk1.genblk1.genblk1.genblk1.lut1.genblk1.genblk1.genblk1.genblk1.genblk1.lut1 (4 -> 0)
  Optimizing lut $abc$167024$lut$aiger167023$5864.genblk1.genblk1.genblk1.genblk1.genblk1.genblk1.genblk1.genblk1.lut1.genblk1.genblk1.genblk1.genblk1.genblk1.genblk1.genblk1.lut1.genblk1.genblk1.genblk1.genblk1.genblk1.genblk1.lut1.genblk1.genblk1.genblk1.genblk1.genblk1.lut1 (4 -> 1)
  Optimizing lut $abc$167024$lut$aiger167023$5864.genblk1.genblk1.genblk1.genblk1.genblk1.genblk1.genblk1.genblk1.lut0.genblk1.genblk1.genblk1.genblk1.genblk1.genblk1.genblk1.lut1.genblk1.genblk1.genblk1.genblk1.genblk1.genblk1.lut1.genblk1.genblk1.genblk1.genblk1.genblk1.lut1 (4 -> 1)
  Optimizing lut $abc$167024$lut$aiger167023$5877.genblk1.genblk1.genblk1.genblk1.genblk1.genblk1.genblk1.genblk1.lut1.genblk1.genblk1.genblk1.genblk1.genblk1.genblk1.genblk1.lut1.genblk1.genblk1.genblk1.genblk1.genblk1.genblk1.lut1.genblk1.genblk1.genblk1.genblk1.genblk1.lut1 (4 -> 1)
  Optimizing lut $abc$167024$lut$aiger167023$5877.genblk1.genblk1.genblk1.genblk1.genblk1.genblk1.genblk1.genblk1.lut0.genblk1.genblk1.genblk1.genblk1.genblk1.genblk1.genblk1.lut1.genblk1.genblk1.genblk1.genblk1.genblk1.genblk1.lut1.genblk1.genblk1.genblk1.genblk1.genblk1.lut1 (4 -> 1)
  Optimizing lut $abc$167024$lut$aiger167023$5916.genblk1.genblk1.genblk1.genblk1.genblk1.genblk1.genblk1.genblk1.lut1.genblk1.genblk1.genblk1.genblk1.genblk1.genblk1.genblk1.lut1.genblk1.genblk1.genblk1.genblk1.genblk1.genblk1.lut1.genblk1.genblk1.genblk1.genblk1.genblk1.lut1 (4 -> 1)
  Optimizing lut $abc$167024$lut$aiger167023$5916.genblk1.genblk1.genblk1.genblk1.genblk1.genblk1.genblk1.genblk1.lut0.genblk1.genblk1.genblk1.genblk1.genblk1.genblk1.genblk1.lut1.genblk1.genblk1.genblk1.genblk1.genblk1.genblk1.lut1.genblk1.genblk1.genblk1.genblk1.genblk1.lut1 (4 -> 1)
  Optimizing lut $abc$167024$lut$aiger167023$5929.genblk1.genblk1.genblk1.genblk1.genblk1.genblk1.genblk1.genblk1.lut1.genblk1.genblk1.genblk1.genblk1.genblk1.genblk1.genblk1.lut1.genblk1.genblk1.genblk1.genblk1.genblk1.genblk1.lut1.genblk1.genblk1.genblk1.genblk1.genblk1.lut1 (4 -> 1)
  Optimizing lut $abc$167024$lut$aiger167023$5929.genblk1.genblk1.genblk1.genblk1.genblk1.genblk1.genblk1.genblk1.lut0.genblk1.genblk1.genblk1.genblk1.genblk1.genblk1.genblk1.lut1.genblk1.genblk1.genblk1.genblk1.genblk1.genblk1.lut1.genblk1.genblk1.genblk1.genblk1.genblk1.lut1 (4 -> 1)
  Optimizing lut $abc$167024$lut$aiger167023$5942.genblk1.genblk1.genblk1.genblk1.genblk1.genblk1.genblk1.genblk1.lut1.genblk1.genblk1.genblk1.genblk1.genblk1.genblk1.genblk1.lut1.genblk1.genblk1.genblk1.genblk1.genblk1.genblk1.lut1.genblk1.genblk1.genblk1.genblk1.genblk1.lut1 (4 -> 1)
  Optimizing lut $abc$167024$lut$aiger167023$5942.genblk1.genblk1.genblk1.genblk1.genblk1.genblk1.genblk1.genblk1.lut0.genblk1.genblk1.genblk1.genblk1.genblk1.genblk1.genblk1.lut1.genblk1.genblk1.genblk1.genblk1.genblk1.genblk1.lut1.genblk1.genblk1.genblk1.genblk1.genblk1.lut1 (4 -> 1)
  Optimizing lut $abc$167024$lut$aiger167023$5955.genblk1.genblk1.genblk1.genblk1.genblk1.genblk1.genblk1.genblk1.lut1.genblk1.genblk1.genblk1.genblk1.genblk1.genblk1.genblk1.lut1.genblk1.genblk1.genblk1.genblk1.genblk1.genblk1.lut1.genblk1.genblk1.genblk1.genblk1.genblk1.lut1 (4 -> 0)
  Optimizing lut $abc$167024$lut$aiger167023$5955.genblk1.genblk1.genblk1.genblk1.genblk1.genblk1.genblk1.genblk1.lut0.genblk1.genblk1.genblk1.genblk1.genblk1.genblk1.genblk1.lut1.genblk1.genblk1.genblk1.genblk1.genblk1.genblk1.lut1.genblk1.genblk1.genblk1.genblk1.genblk1.lut1 (4 -> 0)
  Optimizing lut $abc$167024$lut$aiger167023$6494.genblk1.genblk1.genblk1.genblk1.genblk1.genblk1.lut0.genblk1.genblk1.genblk1.genblk1.genblk1.lut0 (4 -> 1)
  Optimizing lut $abc$167024$lut$aiger167023$6506.genblk1.genblk1.genblk1.genblk1.genblk1.genblk1.lut0.genblk1.genblk1.genblk1.genblk1.genblk1.lut0 (4 -> 1)
  Optimizing lut $abc$167024$lut$aiger167023$6515.genblk1.genblk1.genblk1.genblk1.genblk1.genblk1.lut0.genblk1.genblk1.genblk1.genblk1.genblk1.lut0 (4 -> 1)
  Optimizing lut $abc$167024$lut$aiger167023$6524.genblk1.genblk1.genblk1.genblk1.genblk1.genblk1.lut0.genblk1.genblk1.genblk1.genblk1.genblk1.lut0 (4 -> 1)
  Optimizing lut $abc$167024$lut$aiger167023$6533.genblk1.genblk1.genblk1.genblk1.genblk1.genblk1.lut0.genblk1.genblk1.genblk1.genblk1.genblk1.lut0 (4 -> 1)
  Optimizing lut $abc$167024$lut$aiger167023$6542.genblk1.genblk1.genblk1.genblk1.genblk1.genblk1.lut0.genblk1.genblk1.genblk1.genblk1.genblk1.lut0 (4 -> 1)
  Optimizing lut $abc$167024$lut$aiger167023$6551.genblk1.genblk1.genblk1.genblk1.genblk1.genblk1.lut0.genblk1.genblk1.genblk1.genblk1.genblk1.lut0 (4 -> 1)
  Optimizing lut $abc$167024$lut$aiger167023$6560.genblk1.genblk1.genblk1.genblk1.genblk1.genblk1.lut0.genblk1.genblk1.genblk1.genblk1.genblk1.lut0 (4 -> 1)
  Optimizing lut $abc$167024$lut$aiger167023$6569.genblk1.genblk1.genblk1.genblk1.genblk1.genblk1.lut0.genblk1.genblk1.genblk1.genblk1.genblk1.lut0 (4 -> 1)
  Optimizing lut $abc$167024$lut$aiger167023$6578.genblk1.genblk1.genblk1.genblk1.genblk1.genblk1.lut0.genblk1.genblk1.genblk1.genblk1.genblk1.lut0 (4 -> 1)
  Optimizing lut $abc$167024$lut$aiger167023$6587.genblk1.genblk1.genblk1.genblk1.genblk1.genblk1.lut0.genblk1.genblk1.genblk1.genblk1.genblk1.lut0 (4 -> 1)
  Optimizing lut $abc$167024$lut$aiger167023$6596.genblk1.genblk1.genblk1.genblk1.genblk1.genblk1.lut0.genblk1.genblk1.genblk1.genblk1.genblk1.lut0 (4 -> 1)
  Optimizing lut $abc$167024$lut$aiger167023$6605.genblk1.genblk1.genblk1.genblk1.genblk1.genblk1.lut0.genblk1.genblk1.genblk1.genblk1.genblk1.lut0 (4 -> 1)
  Optimizing lut $abc$167024$lut$aiger167023$6614.genblk1.genblk1.genblk1.genblk1.genblk1.genblk1.lut0.genblk1.genblk1.genblk1.genblk1.genblk1.lut0 (4 -> 1)
  Optimizing lut $abc$167024$lut$aiger167023$6623.genblk1.genblk1.genblk1.genblk1.genblk1.genblk1.lut0.genblk1.genblk1.genblk1.genblk1.genblk1.lut0 (4 -> 1)
  Optimizing lut $abc$167024$lut$aiger167023$6632.genblk1.genblk1.genblk1.genblk1.genblk1.genblk1.lut0.genblk1.genblk1.genblk1.genblk1.genblk1.lut0 (4 -> 1)
  Optimizing lut $abc$167024$lut$aiger167023$7461.genblk1.genblk1.genblk1.genblk1.genblk1.genblk1.lut0.genblk1.genblk1.genblk1.genblk1.genblk1.lut0 (4 -> 1)
  Optimizing lut $abc$167024$lut$aiger167023$7470.genblk1.genblk1.genblk1.genblk1.genblk1.genblk1.lut0.genblk1.genblk1.genblk1.genblk1.genblk1.lut0 (4 -> 1)
  Optimizing lut $abc$167024$lut$aiger167023$7479.genblk1.genblk1.genblk1.genblk1.genblk1.genblk1.lut0.genblk1.genblk1.genblk1.genblk1.genblk1.lut0 (4 -> 1)
  Optimizing lut $abc$167024$lut$aiger167023$7488.genblk1.genblk1.genblk1.genblk1.genblk1.genblk1.lut0.genblk1.genblk1.genblk1.genblk1.genblk1.lut0 (4 -> 1)
  Optimizing lut $abc$167024$lut$aiger167023$7497.genblk1.genblk1.genblk1.genblk1.genblk1.genblk1.lut0.genblk1.genblk1.genblk1.genblk1.genblk1.lut0 (4 -> 1)
  Optimizing lut $abc$167024$lut$aiger167023$7506.genblk1.genblk1.genblk1.genblk1.genblk1.genblk1.lut0.genblk1.genblk1.genblk1.genblk1.genblk1.lut0 (4 -> 1)
  Optimizing lut $abc$167024$lut$aiger167023$7515.genblk1.genblk1.genblk1.genblk1.genblk1.genblk1.lut0.genblk1.genblk1.genblk1.genblk1.genblk1.lut0 (4 -> 1)
  Optimizing lut $abc$167024$lut$aiger167023$7524.genblk1.genblk1.genblk1.genblk1.genblk1.genblk1.lut0.genblk1.genblk1.genblk1.genblk1.genblk1.lut0 (4 -> 1)
  Optimizing lut $abc$167024$lut$aiger167023$7533.genblk1.genblk1.genblk1.genblk1.genblk1.genblk1.lut0.genblk1.genblk1.genblk1.genblk1.genblk1.lut0 (4 -> 1)
  Optimizing lut $abc$167024$lut$aiger167023$7542.genblk1.genblk1.genblk1.genblk1.genblk1.genblk1.lut0.genblk1.genblk1.genblk1.genblk1.genblk1.lut0 (4 -> 1)
  Optimizing lut $abc$167024$lut$aiger167023$7551.genblk1.genblk1.genblk1.genblk1.genblk1.genblk1.lut0.genblk1.genblk1.genblk1.genblk1.genblk1.lut0 (4 -> 1)
  Optimizing lut $abc$167024$lut$aiger167023$7560.genblk1.genblk1.genblk1.genblk1.genblk1.genblk1.lut0.genblk1.genblk1.genblk1.genblk1.genblk1.lut0 (4 -> 1)
  Optimizing lut $abc$167024$lut$aiger167023$7569.genblk1.genblk1.genblk1.genblk1.genblk1.genblk1.lut0.genblk1.genblk1.genblk1.genblk1.genblk1.lut0 (4 -> 1)
  Optimizing lut $abc$167024$lut$aiger167023$7578.genblk1.genblk1.genblk1.genblk1.genblk1.genblk1.lut0.genblk1.genblk1.genblk1.genblk1.genblk1.lut0 (4 -> 1)
  Optimizing lut $abc$167024$lut$aiger167023$7587.genblk1.genblk1.genblk1.genblk1.genblk1.genblk1.lut0.genblk1.genblk1.genblk1.genblk1.genblk1.lut0 (4 -> 1)
  Optimizing lut $abc$167024$lut$aiger167023$7596.genblk1.genblk1.genblk1.genblk1.genblk1.genblk1.lut0.genblk1.genblk1.genblk1.genblk1.genblk1.lut0 (4 -> 1)
  Optimizing lut $abc$167024$lut$aiger167023$12282.genblk1.genblk1.genblk1.genblk1.genblk1.genblk1.lut0.genblk1.genblk1.genblk1.genblk1.genblk1.lut0 (4 -> 0)
  Optimizing lut $abc$167024$lut$aiger167023$12342.genblk1.genblk1.genblk1.genblk1.genblk1.lut1 (4 -> 3)
  Optimizing lut $abc$167024$lut$aiger167023$11440.genblk1.genblk1.genblk1.genblk1.genblk1.genblk1.genblk1.genblk1.lut0.genblk1.genblk1.genblk1.genblk1.genblk1.genblk1.genblk1.lut1.genblk1.genblk1.genblk1.genblk1.genblk1.genblk1.lut1.genblk1.genblk1.genblk1.genblk1.genblk1.lut1 (4 -> 0)
  Optimizing lut $abc$167024$lut$aiger167023$11467.genblk1.genblk1.genblk1.genblk1.genblk1.lut1 (4 -> 0)
  Optimizing lut $abc$167024$lut$aiger167023$12669.genblk1.genblk1.genblk1.genblk1.genblk1.lut1 (4 -> 3)
  Optimizing lut $abc$167024$lut$aiger167023$11851.genblk1.genblk1.genblk1.genblk1.genblk1.genblk1.genblk1.genblk1.lut1.genblk1.genblk1.genblk1.genblk1.genblk1.genblk1.genblk1.lut0.genblk1.genblk1.genblk1.genblk1.genblk1.genblk1.lut1.genblk1.genblk1.genblk1.genblk1.genblk1.lut0 (4 -> 2)
  Optimizing lut $abc$167024$lut$aiger167023$11680.genblk1.genblk1.genblk1.genblk1.genblk1.genblk1.lut0.genblk1.genblk1.genblk1.genblk1.genblk1.lut0 (4 -> 0)
  Optimizing lut $abc$167024$lut$aiger167023$11665.genblk1.genblk1.genblk1.genblk1.genblk1.genblk1.lut1.genblk1.genblk1.genblk1.genblk1.genblk1.lut0 (4 -> 0)
  Optimizing lut $abc$167024$lut$aiger167023$11692.genblk1.genblk1.genblk1.genblk1.genblk1.genblk1.lut1.genblk1.genblk1.genblk1.genblk1.genblk1.lut0 (4 -> 0)
  Optimizing lut $abc$167024$lut$aiger167023$11692.genblk1.genblk1.genblk1.genblk1.genblk1.genblk1.lut0.genblk1.genblk1.genblk1.genblk1.genblk1.lut0 (4 -> 0)
  Optimizing lut $abc$167024$lut$aiger167023$11851.genblk1.genblk1.genblk1.genblk1.genblk1.genblk1.genblk1.genblk1.lut1.genblk1.genblk1.genblk1.genblk1.genblk1.genblk1.genblk1.lut1.genblk1.genblk1.genblk1.genblk1.genblk1.genblk1.lut1.genblk1.genblk1.genblk1.genblk1.genblk1.lut1 (4 -> 3)
  Optimizing lut $abc$167024$lut$aiger167023$11832.genblk1.genblk1.genblk1.genblk1.genblk1.genblk1.lut1.genblk1.genblk1.genblk1.genblk1.genblk1.lut0 (4 -> 0)
  Optimizing lut $abc$167024$lut$aiger167023$11817.genblk1.genblk1.genblk1.genblk1.genblk1.genblk1.lut1.genblk1.genblk1.genblk1.genblk1.genblk1.lut0 (4 -> 0)
  Optimizing lut $abc$167024$lut$aiger167023$11842.genblk1.genblk1.genblk1.genblk1.genblk1.genblk1.lut0.genblk1.genblk1.genblk1.genblk1.genblk1.lut0 (4 -> 0)
  Optimizing lut $abc$167024$lut$aiger167023$11858.genblk1.genblk1.genblk1.genblk1.genblk1.genblk1.genblk1.genblk1.lut1.genblk1.genblk1.genblk1.genblk1.genblk1.genblk1.genblk1.lut1.genblk1.genblk1.genblk1.genblk1.genblk1.genblk1.lut1.genblk1.genblk1.genblk1.genblk1.genblk1.lut1 (4 -> 0)
  Optimizing lut $abc$167024$lut$aiger167023$11858.genblk1.genblk1.genblk1.genblk1.genblk1.genblk1.genblk1.genblk1.lut0.genblk1.genblk1.genblk1.genblk1.genblk1.genblk1.genblk1.lut1.genblk1.genblk1.genblk1.genblk1.genblk1.genblk1.lut1.genblk1.genblk1.genblk1.genblk1.genblk1.lut1 (4 -> 0)
  Optimizing lut $abc$167024$lut$aiger167023$11898.genblk1.genblk1.genblk1.genblk1.genblk1.genblk1.lut1.genblk1.genblk1.genblk1.genblk1.genblk1.lut0 (4 -> 1)
  Optimizing lut $abc$167024$lut$aiger167023$11898.genblk1.genblk1.genblk1.genblk1.genblk1.genblk1.lut0.genblk1.genblk1.genblk1.genblk1.genblk1.lut0 (4 -> 1)
  Optimizing lut $abc$167024$lut$aiger167023$13144.genblk1.genblk1.genblk1.genblk1.genblk1.lut1 (4 -> 3)
  Optimizing lut $abc$167024$lut$aiger167023$11889.genblk1.genblk1.genblk1.genblk1.genblk1.genblk1.lut0.genblk1.genblk1.genblk1.genblk1.genblk1.lut0 (4 -> 1)
  Optimizing lut $abc$167024$lut$aiger167023$13120.genblk1.genblk1.genblk1.genblk1.genblk1.lut1 (4 -> 3)
  Optimizing lut $abc$167024$lut$aiger167023$11880.genblk1.genblk1.genblk1.genblk1.genblk1.genblk1.lut0.genblk1.genblk1.genblk1.genblk1.genblk1.lut0 (4 -> 1)
  Optimizing lut $abc$167024$lut$aiger167023$12606.genblk1.genblk1.genblk1.genblk1.genblk1.genblk1.lut0.genblk1.genblk1.genblk1.genblk1.genblk1.lut0 (4 -> 3)
  Optimizing lut $abc$167024$lut$aiger167023$13048.genblk1.genblk1.genblk1.genblk1.genblk1.lut1 (4 -> 3)
  Optimizing lut $abc$167024$lut$aiger167023$12598.genblk1.genblk1.genblk1.genblk1.genblk1.genblk1.lut0.genblk1.genblk1.genblk1.genblk1.genblk1.lut0 (4 -> 3)
  Optimizing lut $abc$167024$lut$aiger167023$13042.genblk1.genblk1.genblk1.genblk1.genblk1.lut1 (4 -> 3)
  Optimizing lut $abc$167024$lut$aiger167023$11868.genblk1.genblk1.genblk1.genblk1.genblk1.genblk1.lut0.genblk1.genblk1.genblk1.genblk1.genblk1.lut0 (4 -> 1)
  Optimizing lut $abc$167024$lut$aiger167023$12181.genblk1.genblk1.genblk1.genblk1.genblk1.genblk1.genblk1.genblk1.lut1.genblk1.genblk1.genblk1.genblk1.genblk1.genblk1.genblk1.lut1.genblk1.genblk1.genblk1.genblk1.genblk1.genblk1.lut1.genblk1.genblk1.genblk1.genblk1.genblk1.lut1 (4 -> 0)
  Optimizing lut $abc$167024$lut$aiger167023$12181.genblk1.genblk1.genblk1.genblk1.genblk1.genblk1.genblk1.genblk1.lut0.genblk1.genblk1.genblk1.genblk1.genblk1.genblk1.genblk1.lut1.genblk1.genblk1.genblk1.genblk1.genblk1.genblk1.lut1.genblk1.genblk1.genblk1.genblk1.genblk1.lut1 (4 -> 0)
  Optimizing lut $abc$167024$lut$aiger167023$13036.genblk1.genblk1.genblk1.genblk1.genblk1.lut1 (4 -> 3)
  Optimizing lut $abc$167024$lut$aiger167023$12590.genblk1.genblk1.genblk1.genblk1.genblk1.genblk1.lut0.genblk1.genblk1.genblk1.genblk1.genblk1.lut0 (4 -> 3)
  Optimizing lut $abc$167024$lut$aiger167023$13030.genblk1.genblk1.genblk1.genblk1.genblk1.lut1 (4 -> 3)
  Optimizing lut $abc$167024$lut$aiger167023$12582.genblk1.genblk1.genblk1.genblk1.genblk1.genblk1.lut0.genblk1.genblk1.genblk1.genblk1.genblk1.lut0 (4 -> 3)
  Optimizing lut $abc$167024$lut$aiger167023$13024.genblk1.genblk1.genblk1.genblk1.genblk1.lut1 (4 -> 3)
  Optimizing lut $abc$167024$lut$aiger167023$12574.genblk1.genblk1.genblk1.genblk1.genblk1.genblk1.lut0.genblk1.genblk1.genblk1.genblk1.genblk1.lut0 (4 -> 3)
  Optimizing lut $abc$167024$lut$aiger167023$12566.genblk1.genblk1.genblk1.genblk1.genblk1.genblk1.lut0.genblk1.genblk1.genblk1.genblk1.genblk1.lut0 (4 -> 3)
  Optimizing lut $abc$167024$lut$aiger167023$13536.genblk1.genblk1.genblk1.genblk1.genblk1.lut1 (4 -> 3)
  Optimizing lut $abc$167024$lut$aiger167023$12558.genblk1.genblk1.genblk1.genblk1.genblk1.genblk1.lut0.genblk1.genblk1.genblk1.genblk1.genblk1.lut0 (4 -> 3)
  Optimizing lut $abc$167024$lut$aiger167023$12994.genblk1.genblk1.genblk1.genblk1.genblk1.lut1 (4 -> 3)
  Optimizing lut $abc$167024$lut$aiger167023$12550.genblk1.genblk1.genblk1.genblk1.genblk1.genblk1.lut0.genblk1.genblk1.genblk1.genblk1.genblk1.lut0 (4 -> 3)
  Optimizing lut $abc$167024$lut$aiger167023$12259.genblk1.genblk1.genblk1.genblk1.genblk1.lut1 (4 -> 3)
  Optimizing lut $abc$167024$lut$aiger167023$12542.genblk1.genblk1.genblk1.genblk1.genblk1.genblk1.lut0.genblk1.genblk1.genblk1.genblk1.genblk1.lut0 (4 -> 3)
  Optimizing lut $abc$167024$lut$aiger167023$13500.genblk1.genblk1.genblk1.genblk1.genblk1.lut1 (4 -> 3)
  Optimizing lut $abc$167024$lut$aiger167023$12534.genblk1.genblk1.genblk1.genblk1.genblk1.genblk1.lut0.genblk1.genblk1.genblk1.genblk1.genblk1.lut0 (4 -> 3)
  Optimizing lut $abc$167024$lut$aiger167023$13488.genblk1.genblk1.genblk1.genblk1.genblk1.lut1 (4 -> 3)
  Optimizing lut $abc$167024$lut$aiger167023$12526.genblk1.genblk1.genblk1.genblk1.genblk1.genblk1.lut0.genblk1.genblk1.genblk1.genblk1.genblk1.lut0 (4 -> 3)
  Optimizing lut $abc$167024$lut$aiger167023$13476.genblk1.genblk1.genblk1.genblk1.genblk1.lut1 (4 -> 3)
  Optimizing lut $abc$167024$lut$aiger167023$12518.genblk1.genblk1.genblk1.genblk1.genblk1.genblk1.lut0.genblk1.genblk1.genblk1.genblk1.genblk1.lut0 (4 -> 3)
  Optimizing lut $abc$167024$lut$aiger167023$12940.genblk1.genblk1.genblk1.genblk1.genblk1.genblk1.lut0.genblk1.genblk1.genblk1.genblk1.genblk1.lut0 (4 -> 1)
  Optimizing lut $abc$167024$lut$aiger167023$13452.genblk1.genblk1.genblk1.genblk1.genblk1.lut1 (4 -> 3)
  Optimizing lut $abc$167024$lut$aiger167023$12931.genblk1.genblk1.genblk1.genblk1.genblk1.genblk1.lut0.genblk1.genblk1.genblk1.genblk1.genblk1.lut0 (4 -> 1)
  Optimizing lut $abc$167024$lut$aiger167023$12510.genblk1.genblk1.genblk1.genblk1.genblk1.genblk1.lut1.genblk1.genblk1.genblk1.genblk1.genblk1.lut0 (4 -> 3)
  Optimizing lut $abc$167024$lut$aiger167023$12510.genblk1.genblk1.genblk1.genblk1.genblk1.genblk1.lut0.genblk1.genblk1.genblk1.genblk1.genblk1.lut0 (4 -> 3)
  Optimizing lut $abc$167024$lut$aiger167023$12235.genblk1.genblk1.genblk1.genblk1.genblk1.lut1 (4 -> 3)
  Optimizing lut $abc$167024$lut$aiger167023$12922.genblk1.genblk1.genblk1.genblk1.genblk1.genblk1.lut0.genblk1.genblk1.genblk1.genblk1.genblk1.lut0 (4 -> 1)
  Optimizing lut $abc$167024$lut$aiger167023$13440.genblk1.genblk1.genblk1.genblk1.genblk1.lut1 (4 -> 3)
  Optimizing lut $abc$167024$lut$aiger167023$12502.genblk1.genblk1.genblk1.genblk1.genblk1.genblk1.lut0.genblk1.genblk1.genblk1.genblk1.genblk1.lut0 (4 -> 3)
  Optimizing lut $abc$167024$lut$aiger167023$12229.genblk1.genblk1.genblk1.genblk1.genblk1.lut1 (4 -> 3)
  Optimizing lut $abc$167024$lut$aiger167023$12913.genblk1.genblk1.genblk1.genblk1.genblk1.genblk1.lut0.genblk1.genblk1.genblk1.genblk1.genblk1.lut0 (4 -> 1)
  Optimizing lut $abc$167024$lut$aiger167023$12904.genblk1.genblk1.genblk1.genblk1.genblk1.genblk1.lut0.genblk1.genblk1.genblk1.genblk1.genblk1.lut0 (4 -> 1)
  Optimizing lut $abc$167024$lut$aiger167023$12494.genblk1.genblk1.genblk1.genblk1.genblk1.genblk1.lut1.genblk1.genblk1.genblk1.genblk1.genblk1.lut0 (4 -> 3)
  Optimizing lut $abc$167024$lut$aiger167023$12494.genblk1.genblk1.genblk1.genblk1.genblk1.genblk1.lut0.genblk1.genblk1.genblk1.genblk1.genblk1.lut0 (4 -> 3)
  Optimizing lut $abc$167024$lut$aiger167023$13422.genblk1.genblk1.genblk1.genblk1.genblk1.lut1 (4 -> 3)
  Optimizing lut $abc$167024$lut$aiger167023$12895.genblk1.genblk1.genblk1.genblk1.genblk1.genblk1.lut0.genblk1.genblk1.genblk1.genblk1.genblk1.lut0 (4 -> 1)
  Optimizing lut $abc$167024$lut$aiger167023$13416.genblk1.genblk1.genblk1.genblk1.genblk1.lut1 (4 -> 3)
  Optimizing lut $abc$167024$lut$aiger167023$12486.genblk1.genblk1.genblk1.genblk1.genblk1.genblk1.lut0.genblk1.genblk1.genblk1.genblk1.genblk1.lut0 (4 -> 3)
  Optimizing lut $abc$167024$lut$aiger167023$13410.genblk1.genblk1.genblk1.genblk1.genblk1.lut1 (4 -> 3)
  Optimizing lut $abc$167024$lut$aiger167023$12886.genblk1.genblk1.genblk1.genblk1.genblk1.genblk1.lut0.genblk1.genblk1.genblk1.genblk1.genblk1.lut0 (4 -> 1)
  Optimizing lut $abc$167024$lut$aiger167023$12217.genblk1.genblk1.genblk1.genblk1.genblk1.lut1 (4 -> 3)
  Optimizing lut $abc$167024$lut$aiger167023$12006.genblk1.genblk1.genblk1.genblk1.genblk1.genblk1.lut0.genblk1.genblk1.genblk1.genblk1.genblk1.lut0 (4 -> 1)
  Optimizing lut $abc$167024$lut$aiger167023$12877.genblk1.genblk1.genblk1.genblk1.genblk1.genblk1.lut1.genblk1.genblk1.genblk1.genblk1.genblk1.lut0 (4 -> 1)
  Optimizing lut $abc$167024$lut$aiger167023$12877.genblk1.genblk1.genblk1.genblk1.genblk1.genblk1.lut0.genblk1.genblk1.genblk1.genblk1.genblk1.lut0 (4 -> 1)
  Optimizing lut $abc$167024$lut$aiger167023$12478.genblk1.genblk1.genblk1.genblk1.genblk1.lut1 (4 -> 3)
  Optimizing lut $abc$167024$lut$aiger167023$12868.genblk1.genblk1.genblk1.genblk1.genblk1.genblk1.lut0.genblk1.genblk1.genblk1.genblk1.genblk1.lut0 (4 -> 1)
  Optimizing lut $abc$167024$lut$aiger167023$13392.genblk1.genblk1.genblk1.genblk1.genblk1.lut1 (4 -> 3)
  Optimizing lut $abc$167024$lut$aiger167023$12859.genblk1.genblk1.genblk1.genblk1.genblk1.genblk1.lut0.genblk1.genblk1.genblk1.genblk1.genblk1.lut0 (4 -> 1)
  Optimizing lut $abc$167024$lut$aiger167023$11997.genblk1.genblk1.genblk1.genblk1.genblk1.genblk1.lut0.genblk1.genblk1.genblk1.genblk1.genblk1.lut0 (4 -> 1)
  Optimizing lut $abc$167024$lut$aiger167023$13380.genblk1.genblk1.genblk1.genblk1.genblk1.lut1 (4 -> 3)
  Optimizing lut $abc$167024$lut$aiger167023$12850.genblk1.genblk1.genblk1.genblk1.genblk1.genblk1.lut0.genblk1.genblk1.genblk1.genblk1.genblk1.lut0 (4 -> 1)
  Optimizing lut $abc$167024$lut$aiger167023$12205.genblk1.genblk1.genblk1.genblk1.genblk1.lut1 (4 -> 3)
  Optimizing lut $abc$167024$lut$aiger167023$12841.genblk1.genblk1.genblk1.genblk1.genblk1.genblk1.lut0.genblk1.genblk1.genblk1.genblk1.genblk1.lut0 (4 -> 1)
  Optimizing lut $abc$167024$lut$aiger167023$13368.genblk1.genblk1.genblk1.genblk1.genblk1.lut1 (4 -> 3)
  Optimizing lut $abc$167024$lut$aiger167023$12832.genblk1.genblk1.genblk1.genblk1.genblk1.genblk1.lut0.genblk1.genblk1.genblk1.genblk1.genblk1.lut0 (4 -> 1)
  Optimizing lut $abc$167024$lut$aiger167023$12454.genblk1.genblk1.genblk1.genblk1.genblk1.lut1 (4 -> 3)
  Optimizing lut $abc$167024$lut$aiger167023$11988.genblk1.genblk1.genblk1.genblk1.genblk1.genblk1.lut0.genblk1.genblk1.genblk1.genblk1.genblk1.lut0 (4 -> 1)
  Optimizing lut $abc$167024$lut$aiger167023$13356.genblk1.genblk1.genblk1.genblk1.genblk1.genblk1.lut0.genblk1.genblk1.genblk1.genblk1.genblk1.lut0 (4 -> 3)
  Optimizing lut $abc$167024$lut$aiger167023$12823.genblk1.genblk1.genblk1.genblk1.genblk1.genblk1.lut1.genblk1.genblk1.genblk1.genblk1.genblk1.lut0 (4 -> 1)
  Optimizing lut $abc$167024$lut$aiger167023$12823.genblk1.genblk1.genblk1.genblk1.genblk1.genblk1.lut0.genblk1.genblk1.genblk1.genblk1.genblk1.lut0 (4 -> 1)
  Optimizing lut $abc$167024$lut$aiger167023$13348.genblk1.genblk1.genblk1.genblk1.genblk1.genblk1.lut1.genblk1.genblk1.genblk1.genblk1.genblk1.lut0 (4 -> 3)
  Optimizing lut $abc$167024$lut$aiger167023$13348.genblk1.genblk1.genblk1.genblk1.genblk1.genblk1.lut0.genblk1.genblk1.genblk1.genblk1.genblk1.lut0 (4 -> 3)
  Optimizing lut $abc$167024$lut$aiger167023$12448.genblk1.genblk1.genblk1.genblk1.genblk1.lut1 (4 -> 3)
  Optimizing lut $abc$167024$lut$aiger167023$12814.genblk1.genblk1.genblk1.genblk1.genblk1.genblk1.lut0.genblk1.genblk1.genblk1.genblk1.genblk1.lut0 (4 -> 1)
  Optimizing lut $abc$167024$lut$aiger167023$13340.genblk1.genblk1.genblk1.genblk1.genblk1.genblk1.lut1.genblk1.genblk1.genblk1.genblk1.genblk1.lut0 (4 -> 3)
  Optimizing lut $abc$167024$lut$aiger167023$13340.genblk1.genblk1.genblk1.genblk1.genblk1.genblk1.lut0.genblk1.genblk1.genblk1.genblk1.genblk1.lut0 (4 -> 3)
  Optimizing lut $abc$167024$lut$aiger167023$11979.genblk1.genblk1.genblk1.genblk1.genblk1.genblk1.lut1.genblk1.genblk1.genblk1.genblk1.genblk1.lut0 (4 -> 1)
  Optimizing lut $abc$167024$lut$aiger167023$11979.genblk1.genblk1.genblk1.genblk1.genblk1.genblk1.lut0.genblk1.genblk1.genblk1.genblk1.genblk1.lut0 (4 -> 1)
  Optimizing lut $abc$167024$lut$aiger167023$13332.genblk1.genblk1.genblk1.genblk1.genblk1.genblk1.lut0.genblk1.genblk1.genblk1.genblk1.genblk1.lut0 (4 -> 3)
  Optimizing lut $abc$167024$lut$aiger167023$12187.genblk1.genblk1.genblk1.genblk1.genblk1.lut1 (4 -> 3)
  Optimizing lut $abc$167024$lut$aiger167023$13324.genblk1.genblk1.genblk1.genblk1.genblk1.genblk1.lut0.genblk1.genblk1.genblk1.genblk1.genblk1.lut0 (4 -> 3)
  Optimizing lut $abc$167024$lut$aiger167023$12795.genblk1.genblk1.genblk1.genblk1.genblk1.lut1 (4 -> 3)
  Optimizing lut $abc$167024$lut$aiger167023$11970.genblk1.genblk1.genblk1.genblk1.genblk1.genblk1.lut0.genblk1.genblk1.genblk1.genblk1.genblk1.lut0 (4 -> 1)
  Optimizing lut $abc$167024$lut$aiger167023$12430.genblk1.genblk1.genblk1.genblk1.genblk1.lut1 (4 -> 3)
  Optimizing lut $abc$167024$lut$aiger167023$13316.genblk1.genblk1.genblk1.genblk1.genblk1.genblk1.lut0.genblk1.genblk1.genblk1.genblk1.genblk1.lut0 (4 -> 3)
  Optimizing lut $abc$167024$lut$aiger167023$12789.genblk1.genblk1.genblk1.genblk1.genblk1.lut1 (4 -> 3)
  Optimizing lut $abc$167024$lut$aiger167023$13308.genblk1.genblk1.genblk1.genblk1.genblk1.genblk1.lut0.genblk1.genblk1.genblk1.genblk1.genblk1.lut0 (4 -> 3)
  Optimizing lut $abc$167024$lut$aiger167023$12783.genblk1.genblk1.genblk1.genblk1.genblk1.lut1 (4 -> 3)
  Optimizing lut $abc$167024$lut$aiger167023$11961.genblk1.genblk1.genblk1.genblk1.genblk1.genblk1.lut0.genblk1.genblk1.genblk1.genblk1.genblk1.lut0 (4 -> 1)
  Optimizing lut $abc$167024$lut$aiger167023$13300.genblk1.genblk1.genblk1.genblk1.genblk1.genblk1.lut1.genblk1.genblk1.genblk1.genblk1.genblk1.lut0 (4 -> 3)
  Optimizing lut $abc$167024$lut$aiger167023$13300.genblk1.genblk1.genblk1.genblk1.genblk1.genblk1.lut0.genblk1.genblk1.genblk1.genblk1.genblk1.lut0 (4 -> 3)
  Optimizing lut $abc$167024$lut$aiger167023$12777.genblk1.genblk1.genblk1.genblk1.genblk1.lut1 (4 -> 3)
  Optimizing lut $abc$167024$lut$aiger167023$13292.genblk1.genblk1.genblk1.genblk1.genblk1.genblk1.lut0.genblk1.genblk1.genblk1.genblk1.genblk1.lut0 (4 -> 3)
  Optimizing lut $abc$167024$lut$aiger167023$13284.genblk1.genblk1.genblk1.genblk1.genblk1.genblk1.lut0.genblk1.genblk1.genblk1.genblk1.genblk1.lut0 (4 -> 3)
  Optimizing lut $abc$167024$lut$aiger167023$11952.genblk1.genblk1.genblk1.genblk1.genblk1.genblk1.lut0.genblk1.genblk1.genblk1.genblk1.genblk1.lut0 (4 -> 1)
  Optimizing lut $abc$167024$lut$aiger167023$12759.genblk1.genblk1.genblk1.genblk1.genblk1.lut1 (4 -> 3)
  Optimizing lut $abc$167024$lut$aiger167023$13276.genblk1.genblk1.genblk1.genblk1.genblk1.genblk1.lut0.genblk1.genblk1.genblk1.genblk1.genblk1.lut0 (4 -> 3)
  Optimizing lut $abc$167024$lut$aiger167023$12406.genblk1.genblk1.genblk1.genblk1.genblk1.lut1 (4 -> 3)
  Optimizing lut $abc$167024$lut$aiger167023$13268.genblk1.genblk1.genblk1.genblk1.genblk1.genblk1.lut0.genblk1.genblk1.genblk1.genblk1.genblk1.lut0 (4 -> 3)
  Optimizing lut $abc$167024$lut$aiger167023$11943.genblk1.genblk1.genblk1.genblk1.genblk1.genblk1.lut0.genblk1.genblk1.genblk1.genblk1.genblk1.lut0 (4 -> 1)
  Optimizing lut $abc$167024$lut$aiger167023$12400.genblk1.genblk1.genblk1.genblk1.genblk1.lut1 (4 -> 3)
  Optimizing lut $abc$167024$lut$aiger167023$13260.genblk1.genblk1.genblk1.genblk1.genblk1.genblk1.lut0.genblk1.genblk1.genblk1.genblk1.genblk1.lut0 (4 -> 3)
  Optimizing lut $abc$167024$lut$aiger167023$13252.genblk1.genblk1.genblk1.genblk1.genblk1.genblk1.lut0.genblk1.genblk1.genblk1.genblk1.genblk1.lut0 (4 -> 3)
  Optimizing lut $abc$167024$lut$aiger167023$11934.genblk1.genblk1.genblk1.genblk1.genblk1.genblk1.lut1.genblk1.genblk1.genblk1.genblk1.genblk1.lut0 (4 -> 1)
  Optimizing lut $abc$167024$lut$aiger167023$11934.genblk1.genblk1.genblk1.genblk1.genblk1.genblk1.lut0.genblk1.genblk1.genblk1.genblk1.genblk1.lut0 (4 -> 1)
  Optimizing lut $abc$167024$lut$aiger167023$12735.genblk1.genblk1.genblk1.genblk1.genblk1.lut1 (4 -> 3)
  Optimizing lut $abc$167024$lut$aiger167023$13244.genblk1.genblk1.genblk1.genblk1.genblk1.genblk1.lut0.genblk1.genblk1.genblk1.genblk1.genblk1.lut0 (4 -> 3)
  Optimizing lut $abc$167024$lut$aiger167023$12729.genblk1.genblk1.genblk1.genblk1.genblk1.lut1 (4 -> 3)
  Optimizing lut $abc$167024$lut$aiger167023$13236.genblk1.genblk1.genblk1.genblk1.genblk1.genblk1.lut0.genblk1.genblk1.genblk1.genblk1.genblk1.lut0 (4 -> 3)
  Optimizing lut $abc$167024$lut$aiger167023$11925.genblk1.genblk1.genblk1.genblk1.genblk1.genblk1.lut0.genblk1.genblk1.genblk1.genblk1.genblk1.lut0 (4 -> 1)
  Optimizing lut $abc$167024$lut$aiger167023$13228.genblk1.genblk1.genblk1.genblk1.genblk1.lut1 (4 -> 3)
  Optimizing lut $abc$167024$lut$aiger167023$11916.genblk1.genblk1.genblk1.genblk1.genblk1.genblk1.lut0.genblk1.genblk1.genblk1.genblk1.genblk1.lut0 (4 -> 1)
  Optimizing lut $abc$167024$lut$aiger167023$12705.genblk1.genblk1.genblk1.genblk1.genblk1.lut1 (4 -> 3)
  Optimizing lut $abc$167024$lut$aiger167023$11907.genblk1.genblk1.genblk1.genblk1.genblk1.genblk1.lut0.genblk1.genblk1.genblk1.genblk1.genblk1.lut0 (4 -> 1)
  Optimizing lut $abc$167024$lut$aiger167023$13186.genblk1.genblk1.genblk1.genblk1.genblk1.lut1 (4 -> 3)
  Optimizing lut $abc$167024$lut$aiger167023$12693.genblk1.genblk1.genblk1.genblk1.genblk1.lut0 (4 -> 3)
  Optimizing lut $abc$167024$lut$aiger167023$13198.genblk1.genblk1.genblk1.genblk1.genblk1.lut0 (4 -> 3)
  Optimizing lut $abc$167024$lut$aiger167023$13204.genblk1.genblk1.genblk1.genblk1.genblk1.lut0 (4 -> 3)
  Optimizing lut $abc$167024$lut$aiger167023$12705.genblk1.genblk1.genblk1.genblk1.genblk1.lut0 (4 -> 3)
  Optimizing lut $abc$167024$lut$aiger167023$13210.genblk1.genblk1.genblk1.genblk1.genblk1.lut0 (4 -> 3)
  Optimizing lut $abc$167024$lut$aiger167023$12378.genblk1.genblk1.genblk1.genblk1.genblk1.lut0 (4 -> 3)
  Optimizing lut $abc$167024$lut$aiger167023$12717.genblk1.genblk1.genblk1.genblk1.genblk1.lut0 (4 -> 3)
  Optimizing lut $abc$167024$lut$aiger167023$13236.genblk1.genblk1.genblk1.genblk1.genblk1.genblk1.lut0.genblk1.genblk1.genblk1.genblk1.genblk1.lut1 (4 -> 3)
  Optimizing lut $abc$167024$lut$aiger167023$12388.genblk1.genblk1.genblk1.genblk1.genblk1.lut0 (4 -> 3)
  Optimizing lut $abc$167024$lut$aiger167023$12741.genblk1.genblk1.genblk1.genblk1.genblk1.lut0 (4 -> 3)
  Optimizing lut $abc$167024$lut$aiger167023$12771.genblk1.genblk1.genblk1.genblk1.genblk1.lut0 (4 -> 3)
  Optimizing lut $abc$167024$lut$aiger167023$13316.genblk1.genblk1.genblk1.genblk1.genblk1.genblk1.lut0.genblk1.genblk1.genblk1.genblk1.genblk1.lut1 (4 -> 3)
  Optimizing lut $abc$167024$lut$aiger167023$12436.genblk1.genblk1.genblk1.genblk1.genblk1.lut0 (4 -> 3)
  Optimizing lut $abc$167024$lut$aiger167023$10433.genblk1.genblk1.genblk1.genblk1.genblk1.lut0 (4 -> 3)
  Optimizing lut $abc$167024$lut$aiger167023$12454.genblk1.genblk1.genblk1.genblk1.genblk1.lut0 (4 -> 3)
  Optimizing lut $abc$167024$lut$aiger167023$13362.genblk1.genblk1.genblk1.genblk1.genblk1.lut0 (4 -> 3)
  Optimizing lut $abc$167024$lut$aiger167023$12205.genblk1.genblk1.genblk1.genblk1.genblk1.lut0 (4 -> 3)
  Optimizing lut $abc$167024$lut$aiger167023$12211.genblk1.genblk1.genblk1.genblk1.genblk1.lut0 (4 -> 3)
  Optimizing lut $abc$167024$lut$aiger167023$12478.genblk1.genblk1.genblk1.genblk1.genblk1.lut0 (4 -> 3)
  Optimizing lut $abc$167024$lut$aiger167023$13410.genblk1.genblk1.genblk1.genblk1.genblk1.lut0 (4 -> 3)
  Optimizing lut $abc$167024$lut$aiger167023$13416.genblk1.genblk1.genblk1.genblk1.genblk1.lut0 (4 -> 3)
  Optimizing lut $abc$167024$lut$aiger167023$12494.genblk1.genblk1.genblk1.genblk1.genblk1.genblk1.lut0.genblk1.genblk1.genblk1.genblk1.genblk1.lut1 (4 -> 3)
  Optimizing lut $abc$167024$lut$aiger167023$12502.genblk1.genblk1.genblk1.genblk1.genblk1.genblk1.lut0.genblk1.genblk1.genblk1.genblk1.genblk1.lut1 (4 -> 3)
  Optimizing lut $abc$167024$lut$aiger167023$13434.genblk1.genblk1.genblk1.genblk1.genblk1.lut0 (4 -> 3)
  Optimizing lut $abc$167024$lut$aiger167023$12229.genblk1.genblk1.genblk1.genblk1.genblk1.lut0 (4 -> 3)
  Optimizing lut $abc$167024$lut$aiger167023$13452.genblk1.genblk1.genblk1.genblk1.genblk1.lut0 (4 -> 3)
  Optimizing lut $abc$167024$lut$aiger167023$13458.genblk1.genblk1.genblk1.genblk1.genblk1.lut0 (4 -> 3)
  Optimizing lut $abc$167024$lut$aiger167023$12526.genblk1.genblk1.genblk1.genblk1.genblk1.genblk1.lut0.genblk1.genblk1.genblk1.genblk1.genblk1.lut1 (4 -> 3)
  Optimizing lut $abc$167024$lut$aiger167023$13464.genblk1.genblk1.genblk1.genblk1.genblk1.lut0 (4 -> 3)
  Optimizing lut $abc$167024$lut$aiger167023$12241.genblk1.genblk1.genblk1.genblk1.genblk1.lut0 (4 -> 3)
  Optimizing lut $abc$167024$lut$aiger167023$12946.genblk1.genblk1.genblk1.genblk1.genblk1.lut0 (4 -> 3)
  Optimizing lut $abc$167024$lut$aiger167023$12958.genblk1.genblk1.genblk1.genblk1.genblk1.lut0 (4 -> 3)
  Optimizing lut $abc$167024$lut$aiger167023$13506.genblk1.genblk1.genblk1.genblk1.genblk1.lut0 (4 -> 3)
  Optimizing lut $abc$167024$lut$aiger167023$12259.genblk1.genblk1.genblk1.genblk1.genblk1.lut0 (4 -> 3)
  Optimizing lut $abc$167024$lut$aiger167023$12566.genblk1.genblk1.genblk1.genblk1.genblk1.genblk1.lut0.genblk1.genblk1.genblk1.genblk1.genblk1.lut1 (4 -> 3)
  Optimizing lut $abc$167024$lut$aiger167023$13530.genblk1.genblk1.genblk1.genblk1.genblk1.lut0 (4 -> 3)
  Optimizing lut $abc$167024$lut$aiger167023$12271.genblk1.genblk1.genblk1.genblk1.genblk1.lut0 (4 -> 3)
  Optimizing lut $abc$167024$lut$aiger167023$12277.genblk1.genblk1.genblk1.genblk1.genblk1.lut0 (4 -> 3)
  Optimizing lut $abc$167024$lut$aiger167023$12582.genblk1.genblk1.genblk1.genblk1.genblk1.genblk1.lut0.genblk1.genblk1.genblk1.genblk1.genblk1.lut1 (4 -> 3)
  Optimizing lut $abc$167024$lut$aiger167023$12288.genblk1.genblk1.genblk1.genblk1.genblk1.lut0 (4 -> 3)
  Optimizing lut $abc$167024$lut$aiger167023$13042.genblk1.genblk1.genblk1.genblk1.genblk1.lut0 (4 -> 3)
  Optimizing lut $abc$167024$lut$aiger167023$12300.genblk1.genblk1.genblk1.genblk1.genblk1.lut0 (4 -> 3)
  Optimizing lut $abc$167024$lut$aiger167023$12621.genblk1.genblk1.genblk1.genblk1.genblk1.lut0 (4 -> 3)
  Optimizing lut $abc$167024$lut$aiger167023$13096.genblk1.genblk1.genblk1.genblk1.genblk1.lut0 (4 -> 3)
  Optimizing lut $abc$167024$lut$aiger167023$12633.genblk1.genblk1.genblk1.genblk1.genblk1.lut0 (4 -> 3)
  Optimizing lut $abc$167024$lut$aiger167023$12318.genblk1.genblk1.genblk1.genblk1.genblk1.lut0 (4 -> 3)
  Optimizing lut $abc$167024$lut$aiger167023$12645.genblk1.genblk1.genblk1.genblk1.genblk1.lut0 (4 -> 3)
  Optimizing lut $abc$167024$lut$aiger167023$13120.genblk1.genblk1.genblk1.genblk1.genblk1.lut0 (4 -> 3)
  Optimizing lut $abc$167024$lut$aiger167023$12330.genblk1.genblk1.genblk1.genblk1.genblk1.lut0 (4 -> 3)
  Optimizing lut $abc$167024$lut$aiger167023$12336.genblk1.genblk1.genblk1.genblk1.genblk1.lut0 (4 -> 3)
  Optimizing lut $abc$167024$lut$aiger167023$12663.genblk1.genblk1.genblk1.genblk1.genblk1.lut0 (4 -> 3)
  Optimizing lut $abc$167024$lut$aiger167023$11858.genblk1.genblk1.genblk1.genblk1.genblk1.genblk1.genblk1.genblk1.lut1.genblk1.genblk1.genblk1.genblk1.genblk1.genblk1.genblk1.lut0.genblk1.genblk1.genblk1.genblk1.genblk1.genblk1.lut1.genblk1.genblk1.genblk1.genblk1.genblk1.lut1 (4 -> 0)
  Optimizing lut $abc$167024$lut$aiger167023$11804.genblk1.genblk1.genblk1.genblk1.genblk1.lut0 (4 -> 0)
  Optimizing lut $abc$167024$lut$aiger167023$11680.genblk1.genblk1.genblk1.genblk1.genblk1.genblk1.lut0.genblk1.genblk1.genblk1.genblk1.genblk1.lut1 (4 -> 0)
  Optimizing lut $abc$167024$lut$aiger167023$13150.genblk1.genblk1.genblk1.genblk1.genblk1.lut0 (4 -> 3)
  Optimizing lut $abc$167024$lut$aiger167023$12342.genblk1.genblk1.genblk1.genblk1.genblk1.lut0 (4 -> 3)
  Optimizing lut $abc$167024$lut$aiger167023$7596.genblk1.genblk1.genblk1.genblk1.genblk1.genblk1.lut0.genblk1.genblk1.genblk1.genblk1.genblk1.lut1 (4 -> 1)
  Optimizing lut $abc$167024$lut$aiger167023$12382.genblk1.genblk1.genblk1.genblk1.genblk1.lut0 (4 -> 0)
  Optimizing lut $abc$167024$lut$aiger167023$7578.genblk1.genblk1.genblk1.genblk1.genblk1.genblk1.lut0.genblk1.genblk1.genblk1.genblk1.genblk1.lut1 (4 -> 1)
  Optimizing lut $abc$167024$lut$aiger167023$7569.genblk1.genblk1.genblk1.genblk1.genblk1.genblk1.lut0.genblk1.genblk1.genblk1.genblk1.genblk1.lut1 (4 -> 1)
  Optimizing lut $abc$167024$lut$aiger167023$7560.genblk1.genblk1.genblk1.genblk1.genblk1.genblk1.lut0.genblk1.genblk1.genblk1.genblk1.genblk1.lut1 (4 -> 1)
  Optimizing lut $abc$167024$lut$aiger167023$7551.genblk1.genblk1.genblk1.genblk1.genblk1.genblk1.lut0.genblk1.genblk1.genblk1.genblk1.genblk1.lut1 (4 -> 1)
  Optimizing lut $abc$167024$lut$aiger167023$7542.genblk1.genblk1.genblk1.genblk1.genblk1.genblk1.lut0.genblk1.genblk1.genblk1.genblk1.genblk1.lut1 (4 -> 1)
  Optimizing lut $abc$167024$lut$aiger167023$7533.genblk1.genblk1.genblk1.genblk1.genblk1.genblk1.lut0.genblk1.genblk1.genblk1.genblk1.genblk1.lut1 (4 -> 1)
  Optimizing lut $abc$167024$lut$aiger167023$7524.genblk1.genblk1.genblk1.genblk1.genblk1.genblk1.lut0.genblk1.genblk1.genblk1.genblk1.genblk1.lut1 (4 -> 1)
  Optimizing lut $abc$167024$lut$aiger167023$7515.genblk1.genblk1.genblk1.genblk1.genblk1.genblk1.lut0.genblk1.genblk1.genblk1.genblk1.genblk1.lut1 (4 -> 1)
  Optimizing lut $abc$167024$lut$aiger167023$7506.genblk1.genblk1.genblk1.genblk1.genblk1.genblk1.lut0.genblk1.genblk1.genblk1.genblk1.genblk1.lut1 (4 -> 1)
  Optimizing lut $abc$167024$lut$aiger167023$7497.genblk1.genblk1.genblk1.genblk1.genblk1.genblk1.lut0.genblk1.genblk1.genblk1.genblk1.genblk1.lut1 (4 -> 1)
  Optimizing lut $abc$167024$lut$aiger167023$7488.genblk1.genblk1.genblk1.genblk1.genblk1.genblk1.lut0.genblk1.genblk1.genblk1.genblk1.genblk1.lut1 (4 -> 1)
  Optimizing lut $abc$167024$lut$aiger167023$7479.genblk1.genblk1.genblk1.genblk1.genblk1.genblk1.lut0.genblk1.genblk1.genblk1.genblk1.genblk1.lut1 (4 -> 1)
  Optimizing lut $abc$167024$lut$aiger167023$7470.genblk1.genblk1.genblk1.genblk1.genblk1.genblk1.lut0.genblk1.genblk1.genblk1.genblk1.genblk1.lut1 (4 -> 1)
  Optimizing lut $abc$167024$lut$aiger167023$7461.genblk1.genblk1.genblk1.genblk1.genblk1.genblk1.lut0.genblk1.genblk1.genblk1.genblk1.genblk1.lut1 (4 -> 1)
  Optimizing lut $abc$167024$lut$aiger167023$6632.genblk1.genblk1.genblk1.genblk1.genblk1.genblk1.lut0.genblk1.genblk1.genblk1.genblk1.genblk1.lut1 (4 -> 1)
  Optimizing lut $abc$167024$lut$aiger167023$6614.genblk1.genblk1.genblk1.genblk1.genblk1.genblk1.lut0.genblk1.genblk1.genblk1.genblk1.genblk1.lut1 (4 -> 1)
  Optimizing lut $abc$167024$lut$aiger167023$6605.genblk1.genblk1.genblk1.genblk1.genblk1.genblk1.lut0.genblk1.genblk1.genblk1.genblk1.genblk1.lut1 (4 -> 1)
  Optimizing lut $abc$167024$lut$aiger167023$6596.genblk1.genblk1.genblk1.genblk1.genblk1.genblk1.lut0.genblk1.genblk1.genblk1.genblk1.genblk1.lut1 (4 -> 1)
  Optimizing lut $abc$167024$lut$aiger167023$6587.genblk1.genblk1.genblk1.genblk1.genblk1.genblk1.lut0.genblk1.genblk1.genblk1.genblk1.genblk1.lut1 (4 -> 1)
  Optimizing lut $abc$167024$lut$aiger167023$6578.genblk1.genblk1.genblk1.genblk1.genblk1.genblk1.lut0.genblk1.genblk1.genblk1.genblk1.genblk1.lut1 (4 -> 1)
  Optimizing lut $abc$167024$lut$aiger167023$6569.genblk1.genblk1.genblk1.genblk1.genblk1.genblk1.lut0.genblk1.genblk1.genblk1.genblk1.genblk1.lut1 (4 -> 1)
  Optimizing lut $abc$167024$lut$aiger167023$6560.genblk1.genblk1.genblk1.genblk1.genblk1.genblk1.lut0.genblk1.genblk1.genblk1.genblk1.genblk1.lut1 (4 -> 1)
  Optimizing lut $abc$167024$lut$aiger167023$6551.genblk1.genblk1.genblk1.genblk1.genblk1.genblk1.lut0.genblk1.genblk1.genblk1.genblk1.genblk1.lut1 (4 -> 1)
  Optimizing lut $abc$167024$lut$aiger167023$6542.genblk1.genblk1.genblk1.genblk1.genblk1.genblk1.lut0.genblk1.genblk1.genblk1.genblk1.genblk1.lut1 (4 -> 1)
  Optimizing lut $abc$167024$lut$aiger167023$6533.genblk1.genblk1.genblk1.genblk1.genblk1.genblk1.lut0.genblk1.genblk1.genblk1.genblk1.genblk1.lut1 (4 -> 1)
  Optimizing lut $abc$167024$lut$aiger167023$6524.genblk1.genblk1.genblk1.genblk1.genblk1.genblk1.lut0.genblk1.genblk1.genblk1.genblk1.genblk1.lut1 (4 -> 1)
  Optimizing lut $abc$167024$lut$aiger167023$6515.genblk1.genblk1.genblk1.genblk1.genblk1.genblk1.lut0.genblk1.genblk1.genblk1.genblk1.genblk1.lut1 (4 -> 1)
  Optimizing lut $abc$167024$lut$aiger167023$6506.genblk1.genblk1.genblk1.genblk1.genblk1.genblk1.lut0.genblk1.genblk1.genblk1.genblk1.genblk1.lut1 (4 -> 1)
  Optimizing lut $abc$167024$lut$aiger167023$6494.genblk1.genblk1.genblk1.genblk1.genblk1.genblk1.lut0.genblk1.genblk1.genblk1.genblk1.genblk1.lut1 (4 -> 1)
  Optimizing lut $abc$167024$lut$aiger167023$6485.genblk1.genblk1.genblk1.genblk1.genblk1.lut0 (4 -> 3)
  Optimizing lut $abc$167024$lut$aiger167023$5942.genblk1.genblk1.genblk1.genblk1.genblk1.genblk1.genblk1.genblk1.lut1.genblk1.genblk1.genblk1.genblk1.genblk1.genblk1.genblk1.lut0.genblk1.genblk1.genblk1.genblk1.genblk1.genblk1.lut1.genblk1.genblk1.genblk1.genblk1.genblk1.lut1 (4 -> 1)
  Optimizing lut $abc$167024$lut$aiger167023$5929.genblk1.genblk1.genblk1.genblk1.genblk1.genblk1.genblk1.genblk1.lut1.genblk1.genblk1.genblk1.genblk1.genblk1.genblk1.genblk1.lut0.genblk1.genblk1.genblk1.genblk1.genblk1.genblk1.lut1.genblk1.genblk1.genblk1.genblk1.genblk1.lut1 (4 -> 1)
  Optimizing lut $abc$167024$lut$aiger167023$5916.genblk1.genblk1.genblk1.genblk1.genblk1.genblk1.genblk1.genblk1.lut1.genblk1.genblk1.genblk1.genblk1.genblk1.genblk1.genblk1.lut0.genblk1.genblk1.genblk1.genblk1.genblk1.genblk1.lut1.genblk1.genblk1.genblk1.genblk1.genblk1.lut1 (4 -> 1)
  Optimizing lut $abc$167024$lut$aiger167023$5877.genblk1.genblk1.genblk1.genblk1.genblk1.genblk1.genblk1.genblk1.lut1.genblk1.genblk1.genblk1.genblk1.genblk1.genblk1.genblk1.lut0.genblk1.genblk1.genblk1.genblk1.genblk1.genblk1.lut1.genblk1.genblk1.genblk1.genblk1.genblk1.lut1 (4 -> 1)
  Optimizing lut $abc$167024$lut$aiger167023$5864.genblk1.genblk1.genblk1.genblk1.genblk1.genblk1.genblk1.genblk1.lut1.genblk1.genblk1.genblk1.genblk1.genblk1.genblk1.genblk1.lut0.genblk1.genblk1.genblk1.genblk1.genblk1.genblk1.lut1.genblk1.genblk1.genblk1.genblk1.genblk1.lut1 (4 -> 1)
  Optimizing lut $abc$167024$lut$aiger167023$5696.genblk1.genblk1.genblk1.genblk1.genblk1.genblk1.genblk1.genblk1.lut1.genblk1.genblk1.genblk1.genblk1.genblk1.genblk1.genblk1.lut0.genblk1.genblk1.genblk1.genblk1.genblk1.genblk1.lut1.genblk1.genblk1.genblk1.genblk1.genblk1.lut1 (4 -> 1)
  Optimizing lut $abc$167024$lut$aiger167023$5683.genblk1.genblk1.genblk1.genblk1.genblk1.genblk1.genblk1.genblk1.lut1.genblk1.genblk1.genblk1.genblk1.genblk1.genblk1.genblk1.lut0.genblk1.genblk1.genblk1.genblk1.genblk1.genblk1.lut1.genblk1.genblk1.genblk1.genblk1.genblk1.lut1 (4 -> 1)
  Optimizing lut $abc$167024$lut$aiger167023$5670.genblk1.genblk1.genblk1.genblk1.genblk1.genblk1.genblk1.genblk1.lut1.genblk1.genblk1.genblk1.genblk1.genblk1.genblk1.genblk1.lut0.genblk1.genblk1.genblk1.genblk1.genblk1.genblk1.lut1.genblk1.genblk1.genblk1.genblk1.genblk1.lut1 (4 -> 1)
  Optimizing lut $abc$167024$lut$aiger167023$5657.genblk1.genblk1.genblk1.genblk1.genblk1.genblk1.genblk1.genblk1.lut1.genblk1.genblk1.genblk1.genblk1.genblk1.genblk1.genblk1.lut0.genblk1.genblk1.genblk1.genblk1.genblk1.genblk1.lut1.genblk1.genblk1.genblk1.genblk1.genblk1.lut1 (4 -> 1)
  Optimizing lut $auto$abc_ops_reintegrate.cc:450:reintegrate$167085.genblk1.genblk1.genblk1.genblk1.genblk1.lut0 (4 -> 3)
  Optimizing lut $auto$abc_ops_reintegrate.cc:450:reintegrate$167086.genblk1.genblk1.genblk1.genblk1.genblk1.lut0 (4 -> 3)
  Optimizing lut $auto$abc_ops_reintegrate.cc:450:reintegrate$167087.genblk1.genblk1.genblk1.genblk1.genblk1.lut0 (4 -> 3)
  Optimizing lut $auto$abc_ops_reintegrate.cc:450:reintegrate$167088.genblk1.genblk1.genblk1.genblk1.genblk1.lut0 (4 -> 3)
  Optimizing lut $auto$abc_ops_reintegrate.cc:450:reintegrate$167089.genblk1.genblk1.genblk1.genblk1.genblk1.lut0 (4 -> 3)
  Optimizing lut $auto$abc_ops_reintegrate.cc:450:reintegrate$167090.genblk1.genblk1.genblk1.genblk1.genblk1.lut0 (4 -> 3)
  Optimizing lut $auto$abc_ops_reintegrate.cc:450:reintegrate$167091.genblk1.genblk1.genblk1.genblk1.genblk1.lut0 (4 -> 3)
  Optimizing lut $auto$abc_ops_reintegrate.cc:450:reintegrate$167092.genblk1.genblk1.genblk1.genblk1.genblk1.lut0 (4 -> 3)
  Optimizing lut $auto$abc_ops_reintegrate.cc:450:reintegrate$167093.genblk1.genblk1.genblk1.genblk1.genblk1.lut0 (4 -> 3)
  Optimizing lut $auto$abc_ops_reintegrate.cc:450:reintegrate$167094.genblk1.genblk1.genblk1.genblk1.genblk1.lut0 (4 -> 3)
  Optimizing lut $auto$abc_ops_reintegrate.cc:450:reintegrate$167095.genblk1.genblk1.genblk1.genblk1.genblk1.lut0 (4 -> 3)
  Optimizing lut $auto$abc_ops_reintegrate.cc:450:reintegrate$167096.genblk1.genblk1.genblk1.genblk1.genblk1.lut0 (4 -> 3)
  Optimizing lut $auto$abc_ops_reintegrate.cc:450:reintegrate$167097.genblk1.genblk1.genblk1.genblk1.genblk1.lut0 (4 -> 3)
  Optimizing lut $auto$abc_ops_reintegrate.cc:450:reintegrate$167098.genblk1.genblk1.genblk1.genblk1.genblk1.lut0 (4 -> 3)
  Optimizing lut $auto$abc_ops_reintegrate.cc:450:reintegrate$167099.genblk1.genblk1.genblk1.genblk1.genblk1.lut0 (4 -> 3)
  Optimizing lut $auto$abc_ops_reintegrate.cc:450:reintegrate$167100.genblk1.genblk1.genblk1.genblk1.genblk1.lut0 (4 -> 3)
  Optimizing lut $auto$abc_ops_reintegrate.cc:450:reintegrate$167101.genblk1.genblk1.genblk1.genblk1.genblk1.lut0 (4 -> 3)
  Optimizing lut $auto$abc_ops_reintegrate.cc:450:reintegrate$167102.genblk1.genblk1.genblk1.genblk1.genblk1.lut0 (4 -> 3)
  Optimizing lut $auto$abc_ops_reintegrate.cc:450:reintegrate$167103.genblk1.genblk1.genblk1.genblk1.genblk1.lut0 (4 -> 3)
  Optimizing lut $auto$abc_ops_reintegrate.cc:450:reintegrate$167104.genblk1.genblk1.genblk1.genblk1.genblk1.lut0 (4 -> 3)
  Optimizing lut $auto$abc_ops_reintegrate.cc:450:reintegrate$167105.genblk1.genblk1.genblk1.genblk1.genblk1.lut0 (4 -> 3)
  Optimizing lut $auto$abc_ops_reintegrate.cc:450:reintegrate$167106.genblk1.genblk1.genblk1.genblk1.genblk1.lut0 (4 -> 3)
  Optimizing lut $auto$abc_ops_reintegrate.cc:450:reintegrate$167107.genblk1.genblk1.genblk1.genblk1.genblk1.lut0 (4 -> 3)
  Optimizing lut $auto$abc_ops_reintegrate.cc:450:reintegrate$167108.genblk1.genblk1.genblk1.genblk1.genblk1.lut0 (4 -> 3)
  Optimizing lut $auto$abc_ops_reintegrate.cc:450:reintegrate$167109.genblk1.genblk1.genblk1.genblk1.genblk1.lut0 (4 -> 3)
  Optimizing lut $auto$abc_ops_reintegrate.cc:450:reintegrate$167110.genblk1.genblk1.genblk1.genblk1.genblk1.lut0 (4 -> 3)
  Optimizing lut $auto$abc_ops_reintegrate.cc:450:reintegrate$167111.genblk1.genblk1.genblk1.genblk1.genblk1.lut0 (4 -> 3)
  Optimizing lut $auto$abc_ops_reintegrate.cc:450:reintegrate$167112.genblk1.genblk1.genblk1.genblk1.genblk1.lut0 (4 -> 3)
  Optimizing lut $auto$abc_ops_reintegrate.cc:450:reintegrate$167113.genblk1.genblk1.genblk1.genblk1.genblk1.lut0 (4 -> 3)
  Optimizing lut $auto$abc_ops_reintegrate.cc:450:reintegrate$167114.genblk1.genblk1.genblk1.genblk1.genblk1.lut0 (4 -> 3)
  Optimizing lut $auto$abc_ops_reintegrate.cc:450:reintegrate$167115.genblk1.genblk1.genblk1.genblk1.genblk1.lut0 (4 -> 3)
  Optimizing lut $auto$abc_ops_reintegrate.cc:450:reintegrate$167116.genblk1.genblk1.genblk1.genblk1.genblk1.lut0 (4 -> 3)
  Optimizing lut $auto$abc_ops_reintegrate.cc:450:reintegrate$167117.genblk1.genblk1.genblk1.genblk1.genblk1.lut0 (4 -> 3)
  Optimizing lut $auto$abc_ops_reintegrate.cc:450:reintegrate$167118.genblk1.genblk1.genblk1.genblk1.genblk1.lut0 (4 -> 3)
  Optimizing lut $auto$abc_ops_reintegrate.cc:450:reintegrate$167119.genblk1.genblk1.genblk1.genblk1.genblk1.lut0 (4 -> 3)
  Optimizing lut $auto$abc_ops_reintegrate.cc:450:reintegrate$167120.genblk1.genblk1.genblk1.genblk1.genblk1.lut0 (4 -> 3)
  Optimizing lut $auto$abc_ops_reintegrate.cc:450:reintegrate$167121.genblk1.genblk1.genblk1.genblk1.genblk1.lut0 (4 -> 3)
  Optimizing lut $auto$abc_ops_reintegrate.cc:450:reintegrate$167122.genblk1.genblk1.genblk1.genblk1.genblk1.lut0 (4 -> 3)
  Optimizing lut $auto$abc_ops_reintegrate.cc:450:reintegrate$167123.genblk1.genblk1.genblk1.genblk1.genblk1.lut0 (4 -> 3)
  Optimizing lut $auto$abc_ops_reintegrate.cc:450:reintegrate$167124.genblk1.genblk1.genblk1.genblk1.genblk1.lut0 (4 -> 3)
  Optimizing lut $auto$abc_ops_reintegrate.cc:450:reintegrate$167125.genblk1.genblk1.genblk1.genblk1.genblk1.lut0 (4 -> 3)
  Optimizing lut $auto$abc_ops_reintegrate.cc:450:reintegrate$167126.genblk1.genblk1.genblk1.genblk1.genblk1.lut0 (4 -> 3)
  Optimizing lut $auto$abc_ops_reintegrate.cc:450:reintegrate$167127.genblk1.genblk1.genblk1.genblk1.genblk1.lut0 (4 -> 3)
  Optimizing lut $auto$abc_ops_reintegrate.cc:450:reintegrate$167128.genblk1.genblk1.genblk1.genblk1.genblk1.lut0 (4 -> 3)
  Optimizing lut $auto$abc_ops_reintegrate.cc:450:reintegrate$167129.genblk1.genblk1.genblk1.genblk1.genblk1.lut0 (4 -> 3)
  Optimizing lut $auto$abc_ops_reintegrate.cc:450:reintegrate$167130.genblk1.genblk1.genblk1.genblk1.genblk1.lut0 (4 -> 3)
  Optimizing lut $auto$abc_ops_reintegrate.cc:450:reintegrate$167131.genblk1.genblk1.genblk1.genblk1.genblk1.lut0 (4 -> 3)
  Optimizing lut $auto$abc_ops_reintegrate.cc:450:reintegrate$167132.genblk1.genblk1.genblk1.genblk1.genblk1.lut0 (4 -> 3)
  Optimizing lut $auto$abc_ops_reintegrate.cc:450:reintegrate$167133.genblk1.genblk1.genblk1.genblk1.genblk1.lut0 (4 -> 3)
  Optimizing lut $auto$abc_ops_reintegrate.cc:450:reintegrate$167134.genblk1.genblk1.genblk1.genblk1.genblk1.lut0 (4 -> 3)
  Optimizing lut $auto$abc_ops_reintegrate.cc:450:reintegrate$167135.genblk1.genblk1.genblk1.genblk1.genblk1.lut0 (4 -> 3)
  Optimizing lut $auto$abc_ops_reintegrate.cc:450:reintegrate$167136.genblk1.genblk1.genblk1.genblk1.genblk1.lut0 (4 -> 3)
  Optimizing lut $auto$abc_ops_reintegrate.cc:450:reintegrate$167137.genblk1.genblk1.genblk1.genblk1.genblk1.lut0 (4 -> 3)
  Optimizing lut $auto$abc_ops_reintegrate.cc:450:reintegrate$167138.genblk1.genblk1.genblk1.genblk1.genblk1.lut0 (4 -> 3)
  Optimizing lut $auto$abc_ops_reintegrate.cc:450:reintegrate$167139.genblk1.genblk1.genblk1.genblk1.genblk1.lut0 (4 -> 3)
  Optimizing lut $auto$abc_ops_reintegrate.cc:450:reintegrate$167140.genblk1.genblk1.genblk1.genblk1.genblk1.lut0 (4 -> 3)
  Optimizing lut $auto$abc_ops_reintegrate.cc:450:reintegrate$167141.genblk1.genblk1.genblk1.genblk1.genblk1.lut0 (4 -> 3)
  Optimizing lut $auto$abc_ops_reintegrate.cc:450:reintegrate$167142.genblk1.genblk1.genblk1.genblk1.genblk1.lut0 (4 -> 3)
  Optimizing lut $auto$abc_ops_reintegrate.cc:450:reintegrate$167143.genblk1.genblk1.genblk1.genblk1.genblk1.lut0 (4 -> 3)
  Optimizing lut $auto$abc_ops_reintegrate.cc:450:reintegrate$167144.genblk1.genblk1.genblk1.genblk1.genblk1.lut0 (4 -> 3)
  Optimizing lut $auto$abc_ops_reintegrate.cc:450:reintegrate$167145.genblk1.genblk1.genblk1.genblk1.genblk1.lut0 (4 -> 3)
  Optimizing lut $auto$abc_ops_reintegrate.cc:450:reintegrate$167146.genblk1.genblk1.genblk1.genblk1.genblk1.lut0 (4 -> 3)
  Optimizing lut $auto$abc_ops_reintegrate.cc:450:reintegrate$167147.genblk1.genblk1.genblk1.genblk1.genblk1.lut0 (4 -> 3)
  Optimizing lut $auto$abc_ops_reintegrate.cc:450:reintegrate$167148.genblk1.genblk1.genblk1.genblk1.genblk1.lut0 (4 -> 3)
  Optimizing lut $auto$abc_ops_reintegrate.cc:450:reintegrate$167149.genblk1.genblk1.genblk1.genblk1.genblk1.lut0 (4 -> 3)
  Optimizing lut $auto$abc_ops_reintegrate.cc:450:reintegrate$167150.genblk1.genblk1.genblk1.genblk1.genblk1.lut0 (4 -> 3)
  Optimizing lut $auto$abc_ops_reintegrate.cc:450:reintegrate$167151.genblk1.genblk1.genblk1.genblk1.genblk1.lut0 (4 -> 3)
  Optimizing lut $auto$abc_ops_reintegrate.cc:450:reintegrate$167152.genblk1.genblk1.genblk1.genblk1.genblk1.lut0 (4 -> 3)
  Optimizing lut $auto$abc_ops_reintegrate.cc:450:reintegrate$167153.genblk1.genblk1.genblk1.genblk1.genblk1.lut0 (4 -> 3)
  Optimizing lut $auto$abc_ops_reintegrate.cc:450:reintegrate$167154.genblk1.genblk1.genblk1.genblk1.genblk1.lut0 (4 -> 3)
  Optimizing lut $auto$abc_ops_reintegrate.cc:450:reintegrate$167155.genblk1.genblk1.genblk1.genblk1.genblk1.lut0 (4 -> 3)
  Optimizing lut $auto$abc_ops_reintegrate.cc:450:reintegrate$167156.genblk1.genblk1.genblk1.genblk1.genblk1.lut0 (4 -> 3)
  Optimizing lut $auto$abc_ops_reintegrate.cc:450:reintegrate$167157.genblk1.genblk1.genblk1.genblk1.genblk1.lut0 (4 -> 3)
  Optimizing lut $auto$abc_ops_reintegrate.cc:450:reintegrate$167158.genblk1.genblk1.genblk1.genblk1.genblk1.lut0 (4 -> 3)
  Optimizing lut $auto$abc_ops_reintegrate.cc:450:reintegrate$167159.genblk1.genblk1.genblk1.genblk1.genblk1.lut0 (4 -> 3)
  Optimizing lut $auto$abc_ops_reintegrate.cc:450:reintegrate$167160.genblk1.genblk1.genblk1.genblk1.genblk1.lut0 (4 -> 3)
  Optimizing lut $auto$abc_ops_reintegrate.cc:450:reintegrate$167161.genblk1.genblk1.genblk1.genblk1.genblk1.lut0 (4 -> 3)
  Optimizing lut $auto$abc_ops_reintegrate.cc:450:reintegrate$167162.genblk1.genblk1.genblk1.genblk1.genblk1.lut0 (4 -> 3)
  Optimizing lut $auto$abc_ops_reintegrate.cc:450:reintegrate$167163.genblk1.genblk1.genblk1.genblk1.genblk1.lut0 (4 -> 3)
  Optimizing lut $auto$abc_ops_reintegrate.cc:450:reintegrate$167164.genblk1.genblk1.genblk1.genblk1.genblk1.genblk1.genblk1.lut1.genblk1.genblk1.genblk1.genblk1.genblk1.genblk1.lut1.genblk1.genblk1.genblk1.genblk1.genblk1.lut1 (4 -> 3)
  Optimizing lut $auto$abc_ops_reintegrate.cc:450:reintegrate$167165.genblk1.genblk1.genblk1.genblk1.genblk1.genblk1.genblk1.lut1.genblk1.genblk1.genblk1.genblk1.genblk1.genblk1.lut1.genblk1.genblk1.genblk1.genblk1.genblk1.lut1 (4 -> 3)
  Optimizing lut $auto$abc_ops_reintegrate.cc:450:reintegrate$167166.genblk1.genblk1.genblk1.genblk1.genblk1.genblk1.genblk1.lut1.genblk1.genblk1.genblk1.genblk1.genblk1.genblk1.lut1.genblk1.genblk1.genblk1.genblk1.genblk1.lut1 (4 -> 3)
  Optimizing lut $auto$abc_ops_reintegrate.cc:450:reintegrate$167167.genblk1.genblk1.genblk1.genblk1.genblk1.genblk1.genblk1.lut1.genblk1.genblk1.genblk1.genblk1.genblk1.genblk1.lut1.genblk1.genblk1.genblk1.genblk1.genblk1.lut1 (4 -> 3)
  Optimizing lut $auto$abc_ops_reintegrate.cc:450:reintegrate$167168.genblk1.genblk1.genblk1.genblk1.genblk1.genblk1.genblk1.lut1.genblk1.genblk1.genblk1.genblk1.genblk1.genblk1.lut1.genblk1.genblk1.genblk1.genblk1.genblk1.lut1 (4 -> 3)
  Optimizing lut $auto$abc_ops_reintegrate.cc:450:reintegrate$167169.genblk1.genblk1.genblk1.genblk1.genblk1.genblk1.genblk1.lut1.genblk1.genblk1.genblk1.genblk1.genblk1.genblk1.lut1.genblk1.genblk1.genblk1.genblk1.genblk1.lut1 (4 -> 3)
  Optimizing lut $auto$abc_ops_reintegrate.cc:450:reintegrate$167170.genblk1.genblk1.genblk1.genblk1.genblk1.genblk1.genblk1.lut1.genblk1.genblk1.genblk1.genblk1.genblk1.genblk1.lut1.genblk1.genblk1.genblk1.genblk1.genblk1.lut1 (4 -> 3)
  Optimizing lut $auto$abc_ops_reintegrate.cc:450:reintegrate$167171.genblk1.genblk1.genblk1.genblk1.genblk1.genblk1.genblk1.lut1.genblk1.genblk1.genblk1.genblk1.genblk1.genblk1.lut1.genblk1.genblk1.genblk1.genblk1.genblk1.lut1 (4 -> 3)
  Optimizing lut $auto$abc_ops_reintegrate.cc:450:reintegrate$167172.genblk1.genblk1.genblk1.genblk1.genblk1.genblk1.genblk1.lut1.genblk1.genblk1.genblk1.genblk1.genblk1.genblk1.lut1.genblk1.genblk1.genblk1.genblk1.genblk1.lut1 (4 -> 3)
  Optimizing lut $auto$abc_ops_reintegrate.cc:450:reintegrate$167173.genblk1.genblk1.genblk1.genblk1.genblk1.genblk1.genblk1.lut1.genblk1.genblk1.genblk1.genblk1.genblk1.genblk1.lut1.genblk1.genblk1.genblk1.genblk1.genblk1.lut1 (4 -> 3)
  Optimizing lut $auto$abc_ops_reintegrate.cc:450:reintegrate$167174.genblk1.genblk1.genblk1.genblk1.genblk1.genblk1.genblk1.lut1.genblk1.genblk1.genblk1.genblk1.genblk1.genblk1.lut1.genblk1.genblk1.genblk1.genblk1.genblk1.lut1 (4 -> 3)
  Optimizing lut $auto$abc_ops_reintegrate.cc:450:reintegrate$167175.genblk1.genblk1.genblk1.genblk1.genblk1.genblk1.genblk1.lut1.genblk1.genblk1.genblk1.genblk1.genblk1.genblk1.lut1.genblk1.genblk1.genblk1.genblk1.genblk1.lut1 (4 -> 3)
  Optimizing lut $auto$abc_ops_reintegrate.cc:450:reintegrate$167176.genblk1.genblk1.genblk1.genblk1.genblk1.genblk1.genblk1.lut1.genblk1.genblk1.genblk1.genblk1.genblk1.genblk1.lut1.genblk1.genblk1.genblk1.genblk1.genblk1.lut1 (4 -> 3)
  Optimizing lut $auto$abc_ops_reintegrate.cc:450:reintegrate$167177.genblk1.genblk1.genblk1.genblk1.genblk1.genblk1.genblk1.lut1.genblk1.genblk1.genblk1.genblk1.genblk1.genblk1.lut1.genblk1.genblk1.genblk1.genblk1.genblk1.lut1 (4 -> 3)
  Optimizing lut $auto$abc_ops_reintegrate.cc:450:reintegrate$167178.genblk1.genblk1.genblk1.genblk1.genblk1.genblk1.genblk1.lut1.genblk1.genblk1.genblk1.genblk1.genblk1.genblk1.lut1.genblk1.genblk1.genblk1.genblk1.genblk1.lut1 (4 -> 3)
  Optimizing lut $auto$abc_ops_reintegrate.cc:450:reintegrate$167179.genblk1.genblk1.genblk1.genblk1.genblk1.genblk1.genblk1.lut1.genblk1.genblk1.genblk1.genblk1.genblk1.genblk1.lut1.genblk1.genblk1.genblk1.genblk1.genblk1.lut1 (4 -> 3)
  Optimizing lut $auto$abc_ops_reintegrate.cc:450:reintegrate$167180.genblk1.genblk1.genblk1.genblk1.genblk1.lut0 (4 -> 3)
  Optimizing lut $auto$abc_ops_reintegrate.cc:450:reintegrate$167181.genblk1.genblk1.genblk1.genblk1.genblk1.lut0 (4 -> 3)
  Optimizing lut $auto$abc_ops_reintegrate.cc:450:reintegrate$167182.genblk1.genblk1.genblk1.genblk1.genblk1.lut0 (4 -> 3)
  Optimizing lut $auto$abc_ops_reintegrate.cc:450:reintegrate$167183.genblk1.genblk1.genblk1.genblk1.genblk1.lut0 (4 -> 3)
  Optimizing lut $auto$abc_ops_reintegrate.cc:450:reintegrate$167184.genblk1.genblk1.genblk1.genblk1.genblk1.lut0 (4 -> 3)
  Optimizing lut $auto$abc_ops_reintegrate.cc:450:reintegrate$167185.genblk1.genblk1.genblk1.genblk1.genblk1.lut0 (4 -> 3)
  Optimizing lut $auto$abc_ops_reintegrate.cc:450:reintegrate$167186.genblk1.genblk1.genblk1.genblk1.genblk1.lut0 (4 -> 3)
  Optimizing lut $auto$abc_ops_reintegrate.cc:450:reintegrate$167187.genblk1.genblk1.genblk1.genblk1.genblk1.lut0 (4 -> 3)
  Optimizing lut $auto$abc_ops_reintegrate.cc:450:reintegrate$167188.genblk1.genblk1.genblk1.genblk1.genblk1.lut0 (4 -> 3)
  Optimizing lut $auto$abc_ops_reintegrate.cc:450:reintegrate$167189.genblk1.genblk1.genblk1.genblk1.genblk1.lut0 (4 -> 3)
  Optimizing lut $auto$abc_ops_reintegrate.cc:450:reintegrate$167190.genblk1.genblk1.genblk1.genblk1.genblk1.lut0 (4 -> 3)
  Optimizing lut $auto$abc_ops_reintegrate.cc:450:reintegrate$167191.genblk1.genblk1.genblk1.genblk1.genblk1.lut0 (4 -> 3)
  Optimizing lut $auto$abc_ops_reintegrate.cc:450:reintegrate$167192.genblk1.genblk1.genblk1.genblk1.genblk1.lut0 (4 -> 3)
  Optimizing lut $auto$abc_ops_reintegrate.cc:450:reintegrate$167193.genblk1.genblk1.genblk1.genblk1.genblk1.lut0 (4 -> 3)
  Optimizing lut $auto$abc_ops_reintegrate.cc:450:reintegrate$167194.genblk1.genblk1.genblk1.genblk1.genblk1.lut0 (4 -> 3)
  Optimizing lut $auto$abc_ops_reintegrate.cc:450:reintegrate$167195.genblk1.genblk1.genblk1.genblk1.genblk1.lut0 (4 -> 3)
  Optimizing lut $auto$abc_ops_reintegrate.cc:450:reintegrate$167197.genblk1.genblk1.genblk1.genblk1.genblk1.lut0 (4 -> 3)
  Optimizing lut $auto$abc_ops_reintegrate.cc:450:reintegrate$167198.genblk1.genblk1.genblk1.genblk1.genblk1.lut0 (4 -> 3)
  Optimizing lut $auto$abc_ops_reintegrate.cc:450:reintegrate$167199.genblk1.genblk1.genblk1.genblk1.genblk1.lut0 (4 -> 3)
  Optimizing lut $auto$abc_ops_reintegrate.cc:450:reintegrate$167200.genblk1.genblk1.genblk1.genblk1.genblk1.lut0 (4 -> 3)
  Optimizing lut $auto$abc_ops_reintegrate.cc:450:reintegrate$167201.genblk1.genblk1.genblk1.genblk1.genblk1.lut0 (4 -> 3)
  Optimizing lut $auto$abc_ops_reintegrate.cc:450:reintegrate$167202.genblk1.genblk1.genblk1.genblk1.genblk1.lut0 (4 -> 3)
  Optimizing lut $auto$abc_ops_reintegrate.cc:450:reintegrate$167203.genblk1.genblk1.genblk1.genblk1.genblk1.lut0 (4 -> 3)
  Optimizing lut $auto$abc_ops_reintegrate.cc:450:reintegrate$167204.genblk1.genblk1.genblk1.genblk1.genblk1.lut0 (4 -> 3)
  Optimizing lut $auto$abc_ops_reintegrate.cc:450:reintegrate$167205.genblk1.genblk1.genblk1.genblk1.genblk1.lut0 (4 -> 3)
  Optimizing lut $auto$abc_ops_reintegrate.cc:450:reintegrate$167206.genblk1.genblk1.genblk1.genblk1.genblk1.lut0 (4 -> 3)
  Optimizing lut $auto$abc_ops_reintegrate.cc:450:reintegrate$167207.genblk1.genblk1.genblk1.genblk1.genblk1.lut0 (4 -> 3)
  Optimizing lut $auto$abc_ops_reintegrate.cc:450:reintegrate$167208.genblk1.genblk1.genblk1.genblk1.genblk1.lut0 (4 -> 3)
  Optimizing lut $auto$abc_ops_reintegrate.cc:450:reintegrate$167209.genblk1.genblk1.genblk1.genblk1.genblk1.lut0 (4 -> 3)
  Optimizing lut $auto$abc_ops_reintegrate.cc:450:reintegrate$167210.genblk1.genblk1.genblk1.genblk1.genblk1.lut0 (4 -> 3)
  Optimizing lut $auto$abc_ops_reintegrate.cc:450:reintegrate$167211.genblk1.genblk1.genblk1.genblk1.genblk1.lut0 (4 -> 3)
  Optimizing lut $auto$abc_ops_reintegrate.cc:450:reintegrate$167212.genblk1.genblk1.genblk1.genblk1.genblk1.lut0 (4 -> 3)
  Optimizing lut $auto$abc_ops_reintegrate.cc:450:reintegrate$167213.genblk1.genblk1.genblk1.genblk1.genblk1.lut0 (4 -> 3)
  Optimizing lut $auto$abc_ops_reintegrate.cc:450:reintegrate$167214.genblk1.genblk1.genblk1.genblk1.genblk1.lut0 (4 -> 3)
  Optimizing lut $auto$abc_ops_reintegrate.cc:450:reintegrate$167215.genblk1.genblk1.genblk1.genblk1.genblk1.lut0 (4 -> 3)
  Optimizing lut $auto$abc_ops_reintegrate.cc:450:reintegrate$167216.genblk1.genblk1.genblk1.genblk1.genblk1.lut0 (4 -> 3)
  Optimizing lut $auto$abc_ops_reintegrate.cc:450:reintegrate$167217.genblk1.genblk1.genblk1.genblk1.genblk1.lut0 (4 -> 3)
  Optimizing lut $auto$abc_ops_reintegrate.cc:450:reintegrate$167218.genblk1.genblk1.genblk1.genblk1.genblk1.lut0 (4 -> 3)
  Optimizing lut $auto$abc_ops_reintegrate.cc:450:reintegrate$167219.genblk1.genblk1.genblk1.genblk1.genblk1.lut0 (4 -> 3)
  Optimizing lut $auto$abc_ops_reintegrate.cc:450:reintegrate$167220.genblk1.genblk1.genblk1.genblk1.genblk1.lut0 (4 -> 3)
  Optimizing lut $auto$abc_ops_reintegrate.cc:450:reintegrate$167221.genblk1.genblk1.genblk1.genblk1.genblk1.lut0 (4 -> 3)
  Optimizing lut $auto$abc_ops_reintegrate.cc:450:reintegrate$167222.genblk1.genblk1.genblk1.genblk1.genblk1.lut0 (4 -> 3)
  Optimizing lut $auto$abc_ops_reintegrate.cc:450:reintegrate$167223.genblk1.genblk1.genblk1.genblk1.genblk1.lut0 (4 -> 3)
  Optimizing lut $auto$abc_ops_reintegrate.cc:450:reintegrate$167224.genblk1.genblk1.genblk1.genblk1.genblk1.lut0 (4 -> 3)
  Optimizing lut $auto$abc_ops_reintegrate.cc:450:reintegrate$167225.genblk1.genblk1.genblk1.genblk1.genblk1.lut0 (4 -> 3)
  Optimizing lut $auto$abc_ops_reintegrate.cc:450:reintegrate$167226.genblk1.genblk1.genblk1.genblk1.genblk1.lut0 (4 -> 3)
  Optimizing lut $auto$abc_ops_reintegrate.cc:450:reintegrate$167227.genblk1.genblk1.genblk1.genblk1.genblk1.lut0 (4 -> 3)
  Optimizing lut $auto$abc_ops_reintegrate.cc:450:reintegrate$167229.genblk1.genblk1.genblk1.genblk1.genblk1.lut0 (4 -> 3)
  Optimizing lut $auto$abc_ops_reintegrate.cc:450:reintegrate$167230.genblk1.genblk1.genblk1.genblk1.genblk1.lut0 (4 -> 3)
  Optimizing lut $auto$abc_ops_reintegrate.cc:450:reintegrate$167231.genblk1.genblk1.genblk1.genblk1.genblk1.lut0 (4 -> 3)
  Optimizing lut $auto$abc_ops_reintegrate.cc:450:reintegrate$167232.genblk1.genblk1.genblk1.genblk1.genblk1.lut0 (4 -> 3)
  Optimizing lut $auto$abc_ops_reintegrate.cc:450:reintegrate$167233.genblk1.genblk1.genblk1.genblk1.genblk1.lut0 (4 -> 3)
  Optimizing lut $auto$abc_ops_reintegrate.cc:450:reintegrate$167234.genblk1.genblk1.genblk1.genblk1.genblk1.lut0 (4 -> 3)
  Optimizing lut $auto$abc_ops_reintegrate.cc:450:reintegrate$167235.genblk1.genblk1.genblk1.genblk1.genblk1.lut0 (4 -> 3)
  Optimizing lut $auto$abc_ops_reintegrate.cc:450:reintegrate$167236.genblk1.genblk1.genblk1.genblk1.genblk1.lut0 (4 -> 3)
  Optimizing lut $auto$abc_ops_reintegrate.cc:450:reintegrate$167237.genblk1.genblk1.genblk1.genblk1.genblk1.lut0 (4 -> 3)
  Optimizing lut $auto$abc_ops_reintegrate.cc:450:reintegrate$167238.genblk1.genblk1.genblk1.genblk1.genblk1.lut0 (4 -> 3)
  Optimizing lut $auto$abc_ops_reintegrate.cc:450:reintegrate$167239.genblk1.genblk1.genblk1.genblk1.genblk1.lut0 (4 -> 3)
  Optimizing lut $auto$abc_ops_reintegrate.cc:450:reintegrate$167240.genblk1.genblk1.genblk1.genblk1.genblk1.lut0 (4 -> 3)
  Optimizing lut $auto$abc_ops_reintegrate.cc:450:reintegrate$167241.genblk1.genblk1.genblk1.genblk1.genblk1.lut0 (4 -> 3)
  Optimizing lut $auto$abc_ops_reintegrate.cc:450:reintegrate$167242.genblk1.genblk1.genblk1.genblk1.genblk1.lut0 (4 -> 3)
  Optimizing lut $auto$abc_ops_reintegrate.cc:450:reintegrate$167243.genblk1.genblk1.genblk1.genblk1.genblk1.lut0 (4 -> 3)
  Optimizing lut $auto$abc_ops_reintegrate.cc:450:reintegrate$167245.genblk1.genblk1.genblk1.genblk1.genblk1.lut0 (4 -> 3)
  Optimizing lut $auto$abc_ops_reintegrate.cc:450:reintegrate$167246.genblk1.genblk1.genblk1.genblk1.genblk1.lut0 (4 -> 3)
  Optimizing lut $auto$abc_ops_reintegrate.cc:450:reintegrate$167247.genblk1.genblk1.genblk1.genblk1.genblk1.lut0 (4 -> 3)
  Optimizing lut $auto$abc_ops_reintegrate.cc:450:reintegrate$167248.genblk1.genblk1.genblk1.genblk1.genblk1.lut0 (4 -> 3)
  Optimizing lut $auto$abc_ops_reintegrate.cc:450:reintegrate$167249.genblk1.genblk1.genblk1.genblk1.genblk1.lut0 (4 -> 3)
  Optimizing lut $auto$abc_ops_reintegrate.cc:450:reintegrate$167250.genblk1.genblk1.genblk1.genblk1.genblk1.lut0 (4 -> 3)
  Optimizing lut $auto$abc_ops_reintegrate.cc:450:reintegrate$167251.genblk1.genblk1.genblk1.genblk1.genblk1.lut0 (4 -> 3)
  Optimizing lut $auto$abc_ops_reintegrate.cc:450:reintegrate$167252.genblk1.genblk1.genblk1.genblk1.genblk1.lut0 (4 -> 3)
  Optimizing lut $auto$abc_ops_reintegrate.cc:450:reintegrate$167253.genblk1.genblk1.genblk1.genblk1.genblk1.lut0 (4 -> 3)
  Optimizing lut $auto$abc_ops_reintegrate.cc:450:reintegrate$167254.genblk1.genblk1.genblk1.genblk1.genblk1.lut0 (4 -> 3)
  Optimizing lut $auto$abc_ops_reintegrate.cc:450:reintegrate$167255.genblk1.genblk1.genblk1.genblk1.genblk1.lut0 (4 -> 3)
  Optimizing lut $auto$abc_ops_reintegrate.cc:450:reintegrate$167256.genblk1.genblk1.genblk1.genblk1.genblk1.lut0 (4 -> 3)
  Optimizing lut $auto$abc_ops_reintegrate.cc:450:reintegrate$167257.genblk1.genblk1.genblk1.genblk1.genblk1.lut0 (4 -> 3)
  Optimizing lut $auto$abc_ops_reintegrate.cc:450:reintegrate$167258.genblk1.genblk1.genblk1.genblk1.genblk1.lut0 (4 -> 3)
  Optimizing lut $auto$abc_ops_reintegrate.cc:450:reintegrate$167259.genblk1.genblk1.genblk1.genblk1.genblk1.lut0 (4 -> 3)
  Optimizing lut $auto$abc_ops_reintegrate.cc:450:reintegrate$167261.genblk1.genblk1.genblk1.genblk1.genblk1.genblk1.genblk1.lut1.genblk1.genblk1.genblk1.genblk1.genblk1.genblk1.lut1.genblk1.genblk1.genblk1.genblk1.genblk1.lut1 (4 -> 3)
  Optimizing lut $auto$abc_ops_reintegrate.cc:450:reintegrate$167262.genblk1.genblk1.genblk1.genblk1.genblk1.genblk1.genblk1.lut1.genblk1.genblk1.genblk1.genblk1.genblk1.genblk1.lut1.genblk1.genblk1.genblk1.genblk1.genblk1.lut1 (4 -> 3)
  Optimizing lut $auto$abc_ops_reintegrate.cc:450:reintegrate$167263.genblk1.genblk1.genblk1.genblk1.genblk1.genblk1.genblk1.lut1.genblk1.genblk1.genblk1.genblk1.genblk1.genblk1.lut1.genblk1.genblk1.genblk1.genblk1.genblk1.lut1 (4 -> 3)
  Optimizing lut $auto$abc_ops_reintegrate.cc:450:reintegrate$167264.genblk1.genblk1.genblk1.genblk1.genblk1.genblk1.genblk1.lut1.genblk1.genblk1.genblk1.genblk1.genblk1.genblk1.lut1.genblk1.genblk1.genblk1.genblk1.genblk1.lut1 (4 -> 3)
  Optimizing lut $auto$abc_ops_reintegrate.cc:450:reintegrate$167265.genblk1.genblk1.genblk1.genblk1.genblk1.genblk1.genblk1.lut1.genblk1.genblk1.genblk1.genblk1.genblk1.genblk1.lut1.genblk1.genblk1.genblk1.genblk1.genblk1.lut1 (4 -> 3)
  Optimizing lut $auto$abc_ops_reintegrate.cc:450:reintegrate$167266.genblk1.genblk1.genblk1.genblk1.genblk1.genblk1.genblk1.lut1.genblk1.genblk1.genblk1.genblk1.genblk1.genblk1.lut1.genblk1.genblk1.genblk1.genblk1.genblk1.lut1 (4 -> 3)
  Optimizing lut $auto$abc_ops_reintegrate.cc:450:reintegrate$167267.genblk1.genblk1.genblk1.genblk1.genblk1.genblk1.genblk1.lut1.genblk1.genblk1.genblk1.genblk1.genblk1.genblk1.lut1.genblk1.genblk1.genblk1.genblk1.genblk1.lut1 (4 -> 3)
  Optimizing lut $auto$abc_ops_reintegrate.cc:450:reintegrate$167268.genblk1.genblk1.genblk1.genblk1.genblk1.genblk1.genblk1.lut1.genblk1.genblk1.genblk1.genblk1.genblk1.genblk1.lut1.genblk1.genblk1.genblk1.genblk1.genblk1.lut1 (4 -> 3)
  Optimizing lut $auto$abc_ops_reintegrate.cc:450:reintegrate$167269.genblk1.genblk1.genblk1.genblk1.genblk1.genblk1.genblk1.lut1.genblk1.genblk1.genblk1.genblk1.genblk1.genblk1.lut1.genblk1.genblk1.genblk1.genblk1.genblk1.lut1 (4 -> 3)
  Optimizing lut $auto$abc_ops_reintegrate.cc:450:reintegrate$167270.genblk1.genblk1.genblk1.genblk1.genblk1.genblk1.genblk1.lut1.genblk1.genblk1.genblk1.genblk1.genblk1.genblk1.lut1.genblk1.genblk1.genblk1.genblk1.genblk1.lut1 (4 -> 3)
  Optimizing lut $auto$abc_ops_reintegrate.cc:450:reintegrate$167271.genblk1.genblk1.genblk1.genblk1.genblk1.genblk1.genblk1.lut1.genblk1.genblk1.genblk1.genblk1.genblk1.genblk1.lut1.genblk1.genblk1.genblk1.genblk1.genblk1.lut1 (4 -> 3)
  Optimizing lut $auto$abc_ops_reintegrate.cc:450:reintegrate$167272.genblk1.genblk1.genblk1.genblk1.genblk1.genblk1.genblk1.lut1.genblk1.genblk1.genblk1.genblk1.genblk1.genblk1.lut1.genblk1.genblk1.genblk1.genblk1.genblk1.lut1 (4 -> 3)
  Optimizing lut $auto$abc_ops_reintegrate.cc:450:reintegrate$167273.genblk1.genblk1.genblk1.genblk1.genblk1.genblk1.genblk1.lut1.genblk1.genblk1.genblk1.genblk1.genblk1.genblk1.lut1.genblk1.genblk1.genblk1.genblk1.genblk1.lut1 (4 -> 3)
  Optimizing lut $auto$abc_ops_reintegrate.cc:450:reintegrate$167274.genblk1.genblk1.genblk1.genblk1.genblk1.genblk1.genblk1.lut1.genblk1.genblk1.genblk1.genblk1.genblk1.genblk1.lut1.genblk1.genblk1.genblk1.genblk1.genblk1.lut1 (4 -> 3)
  Optimizing lut $auto$abc_ops_reintegrate.cc:450:reintegrate$167275.genblk1.genblk1.genblk1.genblk1.genblk1.genblk1.genblk1.lut1.genblk1.genblk1.genblk1.genblk1.genblk1.genblk1.lut1.genblk1.genblk1.genblk1.genblk1.genblk1.lut1 (4 -> 3)
  Optimizing lut $abc$167024$lut$aiger167023$6094.genblk1.genblk1.genblk1.genblk1.genblk1.lut0 (4 -> 0)
  Optimizing lut $abc$167024$lut$aiger167023$6079.genblk1.genblk1.genblk1.genblk1.genblk1.genblk1.genblk1.lut1.genblk1.genblk1.genblk1.genblk1.genblk1.genblk1.lut1.genblk1.genblk1.genblk1.genblk1.genblk1.lut1 (4 -> 3)
  Optimizing lut $abc$167024$lut$aiger167023$6065.genblk1.genblk1.genblk1.genblk1.genblk1.genblk1.genblk1.lut1.genblk1.genblk1.genblk1.genblk1.genblk1.genblk1.lut1.genblk1.genblk1.genblk1.genblk1.genblk1.lut1 (4 -> 2)
  Optimizing lut $abc$167024$lut$aiger167023$5903.genblk1.genblk1.genblk1.genblk1.genblk1.genblk1.genblk1.genblk1.lut1.genblk1.genblk1.genblk1.genblk1.genblk1.genblk1.genblk1.lut0.genblk1.genblk1.genblk1.genblk1.genblk1.genblk1.lut1.genblk1.genblk1.genblk1.genblk1.genblk1.lut1 (4 -> 1)
  Optimizing lut $abc$167024$lut$aiger167023$6037.genblk1.genblk1.genblk1.genblk1.genblk1.genblk1.genblk1.lut0.genblk1.genblk1.genblk1.genblk1.genblk1.genblk1.lut1.genblk1.genblk1.genblk1.genblk1.genblk1.lut0 (4 -> 0)
  Optimizing lut $abc$167024$lut$aiger167023$6037.genblk1.genblk1.genblk1.genblk1.genblk1.genblk1.genblk1.lut1.genblk1.genblk1.genblk1.genblk1.genblk1.genblk1.lut1.genblk1.genblk1.genblk1.genblk1.genblk1.lut1 (4 -> 1)
  Optimizing lut $abc$167024$lut$aiger167023$5890.genblk1.genblk1.genblk1.genblk1.genblk1.genblk1.genblk1.genblk1.lut0.genblk1.genblk1.genblk1.genblk1.genblk1.genblk1.genblk1.lut0.genblk1.genblk1.genblk1.genblk1.genblk1.genblk1.lut0.genblk1.genblk1.genblk1.genblk1.genblk1.lut1 (4 -> 1)
  Optimizing lut $abc$167024$lut$aiger167023$5890.genblk1.genblk1.genblk1.genblk1.genblk1.genblk1.genblk1.genblk1.lut1.genblk1.genblk1.genblk1.genblk1.genblk1.genblk1.genblk1.lut0.genblk1.genblk1.genblk1.genblk1.genblk1.genblk1.lut1.genblk1.genblk1.genblk1.genblk1.genblk1.lut1 (4 -> 1)
  Optimizing lut $abc$167024$lut$aiger167023$5851.genblk1.genblk1.genblk1.genblk1.genblk1.genblk1.genblk1.genblk1.lut1.genblk1.genblk1.genblk1.genblk1.genblk1.genblk1.genblk1.lut0.genblk1.genblk1.genblk1.genblk1.genblk1.genblk1.lut1.genblk1.genblk1.genblk1.genblk1.genblk1.lut1 (4 -> 1)
  Optimizing lut $abc$167024$lut$aiger167023$5838.genblk1.genblk1.genblk1.genblk1.genblk1.genblk1.genblk1.genblk1.lut1.genblk1.genblk1.genblk1.genblk1.genblk1.genblk1.genblk1.lut0.genblk1.genblk1.genblk1.genblk1.genblk1.genblk1.lut1.genblk1.genblk1.genblk1.genblk1.genblk1.lut1 (4 -> 1)
  Optimizing lut $abc$167024$lut$aiger167023$6022.genblk1.genblk1.genblk1.genblk1.genblk1.genblk1.genblk1.lut1.genblk1.genblk1.genblk1.genblk1.genblk1.genblk1.lut1.genblk1.genblk1.genblk1.genblk1.genblk1.lut1 (4 -> 0)
  Optimizing lut $abc$167024$lut$aiger167023$6010.genblk1.genblk1.genblk1.genblk1.genblk1.genblk1.genblk1.lut1.genblk1.genblk1.genblk1.genblk1.genblk1.genblk1.lut1.genblk1.genblk1.genblk1.genblk1.genblk1.lut1 (4 -> 2)
  Optimizing lut $abc$167024$lut$aiger167023$5822.genblk1.genblk1.genblk1.genblk1.genblk1.genblk1.genblk1.genblk1.lut1.genblk1.genblk1.genblk1.genblk1.genblk1.genblk1.genblk1.lut0.genblk1.genblk1.genblk1.genblk1.genblk1.genblk1.lut1.genblk1.genblk1.genblk1.genblk1.genblk1.lut1 (4 -> 1)
  Optimizing lut $abc$167024$lut$aiger167023$5806.genblk1.genblk1.genblk1.genblk1.genblk1.genblk1.genblk1.genblk1.lut1.genblk1.genblk1.genblk1.genblk1.genblk1.genblk1.genblk1.lut0.genblk1.genblk1.genblk1.genblk1.genblk1.genblk1.lut1.genblk1.genblk1.genblk1.genblk1.genblk1.lut1 (4 -> 1)
  Optimizing lut $abc$167024$lut$aiger167023$5771.genblk1.genblk1.genblk1.genblk1.genblk1.lut0 (4 -> 0)
  Optimizing lut $abc$167024$lut$aiger167023$5620.genblk1.genblk1.genblk1.genblk1.genblk1.genblk1.genblk1.genblk1.lut1.genblk1.genblk1.genblk1.genblk1.genblk1.genblk1.genblk1.lut0.genblk1.genblk1.genblk1.genblk1.genblk1.genblk1.lut1.genblk1.genblk1.genblk1.genblk1.genblk1.lut1 (4 -> 1)
  Optimizing lut $abc$167024$lut$aiger167023$11346.genblk1.genblk1.genblk1.genblk1.genblk1.genblk1.lut0.genblk1.genblk1.genblk1.genblk1.genblk1.lut1 (4 -> 0)
  Optimizing lut $abc$167024$lut$aiger167023$11758.genblk1.genblk1.genblk1.genblk1.genblk1.lut0 (4 -> 1)
  Optimizing lut $abc$167024$lut$aiger167023$11754.genblk1.genblk1.genblk1.genblk1.genblk1.genblk1.genblk1.lut1.genblk1.genblk1.genblk1.genblk1.genblk1.genblk1.lut1.genblk1.genblk1.genblk1.genblk1.genblk1.lut1 (4 -> 0)
  Optimizing lut $abc$167024$lut$aiger167023$11594.genblk1.genblk1.genblk1.genblk1.genblk1.lut0 (4 -> 0)
  Optimizing lut $abc$167024$lut$aiger167023$11580.genblk1.genblk1.genblk1.genblk1.genblk1.genblk1.genblk1.lut0.genblk1.genblk1.genblk1.genblk1.genblk1.genblk1.lut1.genblk1.genblk1.genblk1.genblk1.genblk1.lut0 (4 -> 2)
  Optimizing lut $abc$167024$lut$aiger167023$11652.genblk1.genblk1.genblk1.genblk1.genblk1.lut0 (4 -> 0)
  Optimizing lut $abc$167024$lut$aiger167023$11638.genblk1.genblk1.genblk1.genblk1.genblk1.genblk1.genblk1.lut0.genblk1.genblk1.genblk1.genblk1.genblk1.genblk1.lut0.genblk1.genblk1.genblk1.genblk1.genblk1.lut1 (4 -> 0)
  Optimizing lut $auto$abc_ops_reintegrate.cc:450:reintegrate$167323.genblk1.genblk1.genblk1.genblk1.genblk1.genblk1.lut1.genblk1.genblk1.genblk1.genblk1.genblk1.lut1 (4 -> 3)
  Optimizing lut $auto$abc_ops_reintegrate.cc:450:reintegrate$167338.genblk1.genblk1.genblk1.genblk1.genblk1.genblk1.lut0.genblk1.genblk1.genblk1.genblk1.genblk1.lut1 (4 -> 2)
  Optimizing lut $abc$167024$lut$aiger167023$12669.genblk1.genblk1.genblk1.genblk1.genblk1.lut0 (4 -> 3)
  Optimizing lut $abc$167024$lut$aiger167023$11898.genblk1.genblk1.genblk1.genblk1.genblk1.genblk1.lut1.genblk1.genblk1.genblk1.genblk1.genblk1.lut1 (4 -> 1)
  Optimizing lut $abc$167024$lut$aiger167023$11858.genblk1.genblk1.genblk1.genblk1.genblk1.genblk1.genblk1.genblk1.lut0.genblk1.genblk1.genblk1.genblk1.genblk1.genblk1.genblk1.lut0.genblk1.genblk1.genblk1.genblk1.genblk1.genblk1.lut0.genblk1.genblk1.genblk1.genblk1.genblk1.lut1 (4 -> 0)
  Optimizing lut $auto$abc_ops_reintegrate.cc:450:reintegrate$167315.genblk1.genblk1.genblk1.genblk1.genblk1.genblk1.genblk1.genblk1.lut0.genblk1.genblk1.genblk1.genblk1.genblk1.genblk1.genblk1.lut0.genblk1.genblk1.genblk1.genblk1.genblk1.genblk1.lut1.genblk1.genblk1.genblk1.genblk1.genblk1.lut1 (4 -> 0)
  Optimizing lut $abc$167024$lut$aiger167023$12663.genblk1.genblk1.genblk1.genblk1.genblk1.lut1 (4 -> 3)
  Optimizing lut $abc$167024$lut$aiger167023$13144.genblk1.genblk1.genblk1.genblk1.genblk1.lut0 (4 -> 3)
  Optimizing lut $abc$167024$lut$aiger167023$8319.genblk1.genblk1.genblk1.genblk1.genblk1.lut0 (4 -> 3)
  Optimizing lut $abc$167024$lut$aiger167023$13138.genblk1.genblk1.genblk1.genblk1.genblk1.lut1 (4 -> 3)
  Optimizing lut $abc$167024$lut$aiger167023$13138.genblk1.genblk1.genblk1.genblk1.genblk1.lut0 (4 -> 3)
  Optimizing lut $abc$167024$lut$aiger167023$11622.genblk1.genblk1.genblk1.genblk1.genblk1.genblk1.genblk1.lut0.genblk1.genblk1.genblk1.genblk1.genblk1.genblk1.lut1.genblk1.genblk1.genblk1.genblk1.genblk1.lut0 (4 -> 0)
  Optimizing lut $abc$167024$lut$aiger167023$13132.genblk1.genblk1.genblk1.genblk1.genblk1.lut1 (4 -> 3)
  Optimizing lut $auto$abc_ops_reintegrate.cc:450:reintegrate$167323.genblk1.genblk1.genblk1.genblk1.genblk1.genblk1.lut1.genblk1.genblk1.genblk1.genblk1.genblk1.lut0 (4 -> 3)
  Optimizing lut $abc$167024$lut$aiger167023$12657.genblk1.genblk1.genblk1.genblk1.genblk1.lut1 (4 -> 3)
  Optimizing lut $abc$167024$lut$aiger167023$13132.genblk1.genblk1.genblk1.genblk1.genblk1.lut0 (4 -> 3)
  Optimizing lut $abc$167024$lut$aiger167023$12330.genblk1.genblk1.genblk1.genblk1.genblk1.lut1 (4 -> 3)
  Optimizing lut $abc$167024$lut$aiger167023$12657.genblk1.genblk1.genblk1.genblk1.genblk1.lut0 (4 -> 3)
  Optimizing lut $abc$167024$lut$aiger167023$13126.genblk1.genblk1.genblk1.genblk1.genblk1.lut1 (4 -> 3)
  Optimizing lut $abc$167024$lut$aiger167023$12651.genblk1.genblk1.genblk1.genblk1.genblk1.lut1 (4 -> 3)
  Optimizing lut $abc$167024$lut$aiger167023$13126.genblk1.genblk1.genblk1.genblk1.genblk1.lut0 (4 -> 3)
  Optimizing lut $abc$167024$lut$aiger167023$11889.genblk1.genblk1.genblk1.genblk1.genblk1.genblk1.lut1.genblk1.genblk1.genblk1.genblk1.genblk1.lut0 (4 -> 1)
  Optimizing lut $abc$167024$lut$aiger167023$12651.genblk1.genblk1.genblk1.genblk1.genblk1.lut0 (4 -> 3)
  Optimizing lut $abc$167024$lut$aiger167023$11889.genblk1.genblk1.genblk1.genblk1.genblk1.genblk1.lut1.genblk1.genblk1.genblk1.genblk1.genblk1.lut1 (4 -> 1)
  Optimizing lut $abc$167024$lut$aiger167023$12324.genblk1.genblk1.genblk1.genblk1.genblk1.lut1 (4 -> 3)
  Optimizing lut $abc$167024$lut$aiger167023$11490.genblk1.genblk1.genblk1.genblk1.genblk1.genblk1.genblk1.genblk1.lut1.genblk1.genblk1.genblk1.genblk1.genblk1.genblk1.genblk1.lut1.genblk1.genblk1.genblk1.genblk1.genblk1.genblk1.lut1.genblk1.genblk1.genblk1.genblk1.genblk1.lut1 (4 -> 3)
  Optimizing lut $auto$abc_ops_reintegrate.cc:450:reintegrate$167276.genblk1.genblk1.genblk1.genblk1.genblk1.lut1 (4 -> 1)
  Optimizing lut $auto$abc_ops_reintegrate.cc:450:reintegrate$167275.genblk1.genblk1.genblk1.genblk1.genblk1.genblk1.genblk1.lut0.genblk1.genblk1.genblk1.genblk1.genblk1.genblk1.lut0.genblk1.genblk1.genblk1.genblk1.genblk1.lut1 (4 -> 3)
  Optimizing lut $auto$abc_ops_reintegrate.cc:450:reintegrate$167275.genblk1.genblk1.genblk1.genblk1.genblk1.genblk1.genblk1.lut0.genblk1.genblk1.genblk1.genblk1.genblk1.genblk1.lut1.genblk1.genblk1.genblk1.genblk1.genblk1.lut1 (4 -> 3)
  Optimizing lut $auto$abc_ops_reintegrate.cc:450:reintegrate$167274.genblk1.genblk1.genblk1.genblk1.genblk1.genblk1.genblk1.lut0.genblk1.genblk1.genblk1.genblk1.genblk1.genblk1.lut1.genblk1.genblk1.genblk1.genblk1.genblk1.lut1 (4 -> 3)
  Optimizing lut $auto$abc_ops_reintegrate.cc:450:reintegrate$167273.genblk1.genblk1.genblk1.genblk1.genblk1.genblk1.genblk1.lut0.genblk1.genblk1.genblk1.genblk1.genblk1.genblk1.lut1.genblk1.genblk1.genblk1.genblk1.genblk1.lut1 (4 -> 3)
  Optimizing lut $abc$167024$lut$aiger167023$12645.genblk1.genblk1.genblk1.genblk1.genblk1.lut1 (4 -> 3)
  Optimizing lut $abc$167024$lut$aiger167023$12324.genblk1.genblk1.genblk1.genblk1.genblk1.lut0 (4 -> 3)
  Optimizing lut $abc$167024$lut$aiger167023$13114.genblk1.genblk1.genblk1.genblk1.genblk1.lut1 (4 -> 3)
  Optimizing lut $auto$abc_ops_reintegrate.cc:450:reintegrate$167272.genblk1.genblk1.genblk1.genblk1.genblk1.genblk1.genblk1.lut0.genblk1.genblk1.genblk1.genblk1.genblk1.genblk1.lut1.genblk1.genblk1.genblk1.genblk1.genblk1.lut1 (4 -> 3)
  Optimizing lut $auto$abc_ops_reintegrate.cc:450:reintegrate$167271.genblk1.genblk1.genblk1.genblk1.genblk1.genblk1.genblk1.lut0.genblk1.genblk1.genblk1.genblk1.genblk1.genblk1.lut1.genblk1.genblk1.genblk1.genblk1.genblk1.lut1 (4 -> 3)
  Optimizing lut $auto$abc_ops_reintegrate.cc:450:reintegrate$167270.genblk1.genblk1.genblk1.genblk1.genblk1.genblk1.genblk1.lut0.genblk1.genblk1.genblk1.genblk1.genblk1.genblk1.lut1.genblk1.genblk1.genblk1.genblk1.genblk1.lut1 (4 -> 3)
  Optimizing lut $auto$abc_ops_reintegrate.cc:450:reintegrate$167269.genblk1.genblk1.genblk1.genblk1.genblk1.genblk1.genblk1.lut0.genblk1.genblk1.genblk1.genblk1.genblk1.genblk1.lut1.genblk1.genblk1.genblk1.genblk1.genblk1.lut1 (4 -> 3)
  Optimizing lut $abc$167024$lut$aiger167023$13114.genblk1.genblk1.genblk1.genblk1.genblk1.lut0 (4 -> 3)
  Optimizing lut $auto$abc_ops_reintegrate.cc:450:reintegrate$167268.genblk1.genblk1.genblk1.genblk1.genblk1.genblk1.genblk1.lut0.genblk1.genblk1.genblk1.genblk1.genblk1.genblk1.lut1.genblk1.genblk1.genblk1.genblk1.genblk1.lut1 (4 -> 3)
  Optimizing lut $auto$abc_ops_reintegrate.cc:450:reintegrate$167267.genblk1.genblk1.genblk1.genblk1.genblk1.genblk1.genblk1.lut0.genblk1.genblk1.genblk1.genblk1.genblk1.genblk1.lut1.genblk1.genblk1.genblk1.genblk1.genblk1.lut1 (4 -> 3)
  Optimizing lut $auto$abc_ops_reintegrate.cc:450:reintegrate$167266.genblk1.genblk1.genblk1.genblk1.genblk1.genblk1.genblk1.lut0.genblk1.genblk1.genblk1.genblk1.genblk1.genblk1.lut1.genblk1.genblk1.genblk1.genblk1.genblk1.lut1 (4 -> 3)
  Optimizing lut $auto$abc_ops_reintegrate.cc:450:reintegrate$167265.genblk1.genblk1.genblk1.genblk1.genblk1.genblk1.genblk1.lut0.genblk1.genblk1.genblk1.genblk1.genblk1.genblk1.lut1.genblk1.genblk1.genblk1.genblk1.genblk1.lut1 (4 -> 3)
  Optimizing lut $auto$abc_ops_reintegrate.cc:450:reintegrate$167264.genblk1.genblk1.genblk1.genblk1.genblk1.genblk1.genblk1.lut0.genblk1.genblk1.genblk1.genblk1.genblk1.genblk1.lut1.genblk1.genblk1.genblk1.genblk1.genblk1.lut1 (4 -> 3)
  Optimizing lut $auto$abc_ops_reintegrate.cc:450:reintegrate$167263.genblk1.genblk1.genblk1.genblk1.genblk1.genblk1.genblk1.lut0.genblk1.genblk1.genblk1.genblk1.genblk1.genblk1.lut1.genblk1.genblk1.genblk1.genblk1.genblk1.lut1 (4 -> 3)
  Optimizing lut $abc$167024$lut$aiger167023$13108.genblk1.genblk1.genblk1.genblk1.genblk1.lut1 (4 -> 3)
  Optimizing lut $abc$167024$lut$aiger167023$13693.genblk1.genblk1.genblk1.genblk1.genblk1.lut0 (4 -> 0)
  Optimizing lut $auto$abc_ops_reintegrate.cc:450:reintegrate$167262.genblk1.genblk1.genblk1.genblk1.genblk1.genblk1.genblk1.lut0.genblk1.genblk1.genblk1.genblk1.genblk1.genblk1.lut1.genblk1.genblk1.genblk1.genblk1.genblk1.lut1 (4 -> 3)
  Optimizing lut $auto$abc_ops_reintegrate.cc:450:reintegrate$167261.genblk1.genblk1.genblk1.genblk1.genblk1.genblk1.genblk1.lut0.genblk1.genblk1.genblk1.genblk1.genblk1.genblk1.lut1.genblk1.genblk1.genblk1.genblk1.genblk1.lut1 (4 -> 3)
  Optimizing lut $auto$abc_ops_reintegrate.cc:450:reintegrate$167260.genblk1.genblk1.genblk1.genblk1.genblk1.genblk1.genblk1.lut0.genblk1.genblk1.genblk1.genblk1.genblk1.genblk1.lut1.genblk1.genblk1.genblk1.genblk1.genblk1.lut1 (4 -> 3)
  Optimizing lut $abc$167024$lut$aiger167023$13108.genblk1.genblk1.genblk1.genblk1.genblk1.lut0 (4 -> 3)
  Optimizing lut $auto$abc_ops_reintegrate.cc:450:reintegrate$167258.genblk1.genblk1.genblk1.genblk1.genblk1.lut1 (4 -> 3)
  Optimizing lut $abc$167024$lut$aiger167023$12639.genblk1.genblk1.genblk1.genblk1.genblk1.lut1 (4 -> 3)
  Optimizing lut $auto$abc_ops_reintegrate.cc:450:reintegrate$167257.genblk1.genblk1.genblk1.genblk1.genblk1.lut1 (4 -> 3)
  Optimizing lut $abc$167024$lut$aiger167023$12318.genblk1.genblk1.genblk1.genblk1.genblk1.lut1 (4 -> 3)
  Optimizing lut $auto$abc_ops_reintegrate.cc:450:reintegrate$167256.genblk1.genblk1.genblk1.genblk1.genblk1.lut1 (4 -> 3)
  Optimizing lut $auto$abc_ops_reintegrate.cc:450:reintegrate$167255.genblk1.genblk1.genblk1.genblk1.genblk1.lut1 (4 -> 3)
  Optimizing lut $auto$abc_ops_reintegrate.cc:450:reintegrate$167254.genblk1.genblk1.genblk1.genblk1.genblk1.lut1 (4 -> 3)
  Optimizing lut $auto$abc_ops_reintegrate.cc:450:reintegrate$167253.genblk1.genblk1.genblk1.genblk1.genblk1.lut1 (4 -> 3)
  Optimizing lut $abc$167024$lut$aiger167023$13102.genblk1.genblk1.genblk1.genblk1.genblk1.lut1 (4 -> 3)
  Optimizing lut $auto$abc_ops_reintegrate.cc:450:reintegrate$167252.genblk1.genblk1.genblk1.genblk1.genblk1.lut1 (4 -> 3)
  Optimizing lut $auto$abc_ops_reintegrate.cc:450:reintegrate$167251.genblk1.genblk1.genblk1.genblk1.genblk1.lut1 (4 -> 3)
  Optimizing lut $abc$167024$lut$aiger167023$13102.genblk1.genblk1.genblk1.genblk1.genblk1.lut0 (4 -> 3)
  Optimizing lut $auto$abc_ops_reintegrate.cc:450:reintegrate$167250.genblk1.genblk1.genblk1.genblk1.genblk1.lut1 (4 -> 3)
  Optimizing lut $auto$abc_ops_reintegrate.cc:450:reintegrate$167249.genblk1.genblk1.genblk1.genblk1.genblk1.lut1 (4 -> 3)
  Optimizing lut $auto$abc_ops_reintegrate.cc:450:reintegrate$167248.genblk1.genblk1.genblk1.genblk1.genblk1.lut1 (4 -> 3)
  Optimizing lut $auto$abc_ops_reintegrate.cc:450:reintegrate$167247.genblk1.genblk1.genblk1.genblk1.genblk1.lut1 (4 -> 3)
  Optimizing lut $abc$167024$lut$aiger167023$12633.genblk1.genblk1.genblk1.genblk1.genblk1.lut1 (4 -> 3)
  Optimizing lut $abc$167024$lut$aiger167023$13675.genblk1.genblk1.genblk1.genblk1.genblk1.lut0 (4 -> 3)
  Optimizing lut $auto$abc_ops_reintegrate.cc:450:reintegrate$167246.genblk1.genblk1.genblk1.genblk1.genblk1.lut1 (4 -> 3)
  Optimizing lut $abc$167024$lut$aiger167023$11346.genblk1.genblk1.genblk1.genblk1.genblk1.genblk1.lut1.genblk1.genblk1.genblk1.genblk1.genblk1.lut1 (4 -> 0)
  Optimizing lut $abc$167024$lut$aiger167023$13096.genblk1.genblk1.genblk1.genblk1.genblk1.lut1 (4 -> 3)
  Optimizing lut $auto$abc_ops_reintegrate.cc:450:reintegrate$167245.genblk1.genblk1.genblk1.genblk1.genblk1.lut1 (4 -> 3)
  Optimizing lut $abc$167024$lut$aiger167023$11880.genblk1.genblk1.genblk1.genblk1.genblk1.genblk1.lut1.genblk1.genblk1.genblk1.genblk1.genblk1.lut0 (4 -> 1)
  Optimizing lut $auto$abc_ops_reintegrate.cc:450:reintegrate$167244.genblk1.genblk1.genblk1.genblk1.genblk1.lut1 (4 -> 3)
  Optimizing lut $abc$167024$lut$aiger167023$11880.genblk1.genblk1.genblk1.genblk1.genblk1.genblk1.lut1.genblk1.genblk1.genblk1.genblk1.genblk1.lut1 (4 -> 1)
  Optimizing lut $auto$abc_ops_reintegrate.cc:450:reintegrate$167243.genblk1.genblk1.genblk1.genblk1.genblk1.lut1 (4 -> 3)
  Optimizing lut $abc$167024$lut$aiger167023$14282.genblk1.genblk1.genblk1.genblk1.genblk1.lut1 (4 -> 0)
  Optimizing lut $auto$abc_ops_reintegrate.cc:450:reintegrate$167242.genblk1.genblk1.genblk1.genblk1.genblk1.lut1 (4 -> 3)
  Optimizing lut $auto$abc_ops_reintegrate.cc:450:reintegrate$167241.genblk1.genblk1.genblk1.genblk1.genblk1.lut1 (4 -> 3)
  Optimizing lut $auto$abc_ops_reintegrate.cc:450:reintegrate$167240.genblk1.genblk1.genblk1.genblk1.genblk1.lut1 (4 -> 3)
  Optimizing lut $abc$167024$lut$aiger167023$13090.genblk1.genblk1.genblk1.genblk1.genblk1.lut1 (4 -> 3)
  Optimizing lut $auto$abc_ops_reintegrate.cc:450:reintegrate$167239.genblk1.genblk1.genblk1.genblk1.genblk1.lut1 (4 -> 3)
  Optimizing lut $auto$abc_ops_reintegrate.cc:450:reintegrate$167238.genblk1.genblk1.genblk1.genblk1.genblk1.lut1 (4 -> 3)
  Optimizing lut $auto$abc_ops_reintegrate.cc:450:reintegrate$167237.genblk1.genblk1.genblk1.genblk1.genblk1.lut1 (4 -> 3)
  Optimizing lut $auto$abc_ops_reintegrate.cc:450:reintegrate$167236.genblk1.genblk1.genblk1.genblk1.genblk1.lut1 (4 -> 3)
  Optimizing lut $abc$167024$lut$aiger167023$12627.genblk1.genblk1.genblk1.genblk1.genblk1.lut1 (4 -> 3)
  Optimizing lut $auto$abc_ops_reintegrate.cc:450:reintegrate$167235.genblk1.genblk1.genblk1.genblk1.genblk1.lut1 (4 -> 3)
  Optimizing lut $auto$abc_ops_reintegrate.cc:450:reintegrate$167234.genblk1.genblk1.genblk1.genblk1.genblk1.lut1 (4 -> 3)
  Optimizing lut $abc$167024$lut$aiger167023$12312.genblk1.genblk1.genblk1.genblk1.genblk1.lut1 (4 -> 3)
  Optimizing lut $abc$167024$lut$aiger167023$12627.genblk1.genblk1.genblk1.genblk1.genblk1.lut0 (4 -> 3)
  Optimizing lut $auto$abc_ops_reintegrate.cc:450:reintegrate$167233.genblk1.genblk1.genblk1.genblk1.genblk1.lut1 (4 -> 3)
  Optimizing lut $auto$abc_ops_reintegrate.cc:450:reintegrate$167232.genblk1.genblk1.genblk1.genblk1.genblk1.lut1 (4 -> 3)
  Optimizing lut $auto$abc_ops_reintegrate.cc:450:reintegrate$167231.genblk1.genblk1.genblk1.genblk1.genblk1.lut1 (4 -> 3)
  Optimizing lut $abc$167024$lut$aiger167023$13090.genblk1.genblk1.genblk1.genblk1.genblk1.lut0 (4 -> 3)
  Optimizing lut $abc$167024$lut$aiger167023$13084.genblk1.genblk1.genblk1.genblk1.genblk1.lut1 (4 -> 3)
  Optimizing lut $auto$abc_ops_reintegrate.cc:450:reintegrate$167230.genblk1.genblk1.genblk1.genblk1.genblk1.lut1 (4 -> 3)
  Optimizing lut $abc$167024$lut$aiger167023$14272.genblk1.genblk1.genblk1.genblk1.genblk1.lut1 (4 -> 0)
  Optimizing lut $abc$167024$lut$aiger167023$12312.genblk1.genblk1.genblk1.genblk1.genblk1.lut0 (4 -> 3)
  Optimizing lut $abc$167024$lut$aiger167023$12621.genblk1.genblk1.genblk1.genblk1.genblk1.lut1 (4 -> 3)
  Optimizing lut $auto$abc_ops_reintegrate.cc:450:reintegrate$167229.genblk1.genblk1.genblk1.genblk1.genblk1.lut1 (4 -> 3)
  Optimizing lut $auto$abc_ops_reintegrate.cc:450:reintegrate$167228.genblk1.genblk1.genblk1.genblk1.genblk1.lut1 (4 -> 3)
  Optimizing lut $auto$abc_ops_reintegrate.cc:450:reintegrate$167227.genblk1.genblk1.genblk1.genblk1.genblk1.lut1 (4 -> 3)
  Optimizing lut $abc$167024$lut$aiger167023$11638.genblk1.genblk1.genblk1.genblk1.genblk1.genblk1.genblk1.lut0.genblk1.genblk1.genblk1.genblk1.genblk1.genblk1.lut1.genblk1.genblk1.genblk1.genblk1.genblk1.lut1 (4 -> 0)
  Optimizing lut $auto$abc_ops_reintegrate.cc:450:reintegrate$167226.genblk1.genblk1.genblk1.genblk1.genblk1.lut1 (4 -> 3)
  Optimizing lut $auto$abc_ops_reintegrate.cc:450:reintegrate$167225.genblk1.genblk1.genblk1.genblk1.genblk1.lut1 (4 -> 3)
  Optimizing lut $auto$abc_ops_reintegrate.cc:450:reintegrate$167224.genblk1.genblk1.genblk1.genblk1.genblk1.lut1 (4 -> 3)
  Optimizing lut $abc$167024$lut$aiger167023$13084.genblk1.genblk1.genblk1.genblk1.genblk1.lut0 (4 -> 3)
  Optimizing lut $auto$abc_ops_reintegrate.cc:450:reintegrate$167223.genblk1.genblk1.genblk1.genblk1.genblk1.lut1 (4 -> 3)
  Optimizing lut $auto$abc_ops_reintegrate.cc:450:reintegrate$167222.genblk1.genblk1.genblk1.genblk1.genblk1.lut1 (4 -> 3)
  Optimizing lut $abc$167024$lut$aiger167023$13078.genblk1.genblk1.genblk1.genblk1.genblk1.lut1 (4 -> 3)
  Optimizing lut $abc$167024$lut$aiger167023$12084.genblk1.genblk1.genblk1.genblk1.genblk1.lut1 (4 -> 2)
  Optimizing lut $abc$167024$lut$aiger167023$13078.genblk1.genblk1.genblk1.genblk1.genblk1.lut0 (4 -> 3)
  Optimizing lut $auto$abc_ops_reintegrate.cc:450:reintegrate$167221.genblk1.genblk1.genblk1.genblk1.genblk1.lut1 (4 -> 3)
  Optimizing lut $auto$abc_ops_reintegrate.cc:450:reintegrate$167220.genblk1.genblk1.genblk1.genblk1.genblk1.lut1 (4 -> 3)
  Optimizing lut $abc$167024$lut$aiger167023$12306.genblk1.genblk1.genblk1.genblk1.genblk1.lut1 (4 -> 3)
  Optimizing lut $auto$abc_ops_reintegrate.cc:450:reintegrate$167219.genblk1.genblk1.genblk1.genblk1.genblk1.lut1 (4 -> 3)
  Optimizing lut $abc$167024$lut$aiger167023$11765.genblk1.genblk1.genblk1.genblk1.genblk1.genblk1.genblk1.genblk1.lut0.genblk1.genblk1.genblk1.genblk1.genblk1.genblk1.genblk1.lut0.genblk1.genblk1.genblk1.genblk1.genblk1.genblk1.lut0.genblk1.genblk1.genblk1.genblk1.genblk1.lut1 (4 -> 0)
  Optimizing lut $auto$abc_ops_reintegrate.cc:450:reintegrate$167218.genblk1.genblk1.genblk1.genblk1.genblk1.lut1 (4 -> 3)
  Optimizing lut $auto$abc_ops_reintegrate.cc:450:reintegrate$167217.genblk1.genblk1.genblk1.genblk1.genblk1.lut1 (4 -> 3)
  Optimizing lut $abc$167024$lut$aiger167023$13072.genblk1.genblk1.genblk1.genblk1.genblk1.lut1 (4 -> 3)
  Optimizing lut $abc$167024$lut$aiger167023$12306.genblk1.genblk1.genblk1.genblk1.genblk1.lut0 (4 -> 3)
  Optimizing lut $auto$abc_ops_reintegrate.cc:450:reintegrate$167216.genblk1.genblk1.genblk1.genblk1.genblk1.lut1 (4 -> 3)
  Optimizing lut $auto$abc_ops_reintegrate.cc:450:reintegrate$167215.genblk1.genblk1.genblk1.genblk1.genblk1.lut1 (4 -> 3)
  Optimizing lut $abc$167024$lut$aiger167023$12615.genblk1.genblk1.genblk1.genblk1.genblk1.lut1 (4 -> 3)
  Optimizing lut $auto$abc_ops_reintegrate.cc:450:reintegrate$167214.genblk1.genblk1.genblk1.genblk1.genblk1.lut1 (4 -> 3)
  Optimizing lut $auto$abc_ops_reintegrate.cc:450:reintegrate$167213.genblk1.genblk1.genblk1.genblk1.genblk1.lut1 (4 -> 3)
  Optimizing lut $abc$167024$lut$aiger167023$13072.genblk1.genblk1.genblk1.genblk1.genblk1.lut0 (4 -> 3)
  Optimizing lut $auto$abc_ops_reintegrate.cc:450:reintegrate$167212.genblk1.genblk1.genblk1.genblk1.genblk1.lut1 (4 -> 3)
  Optimizing lut $abc$167024$lut$aiger167023$13066.genblk1.genblk1.genblk1.genblk1.genblk1.lut1 (4 -> 3)
  Optimizing lut $abc$167024$lut$aiger167023$12615.genblk1.genblk1.genblk1.genblk1.genblk1.lut0 (4 -> 3)
  Optimizing lut $auto$abc_ops_reintegrate.cc:450:reintegrate$167211.genblk1.genblk1.genblk1.genblk1.genblk1.lut1 (4 -> 3)
  Optimizing lut $auto$abc_ops_reintegrate.cc:450:reintegrate$167210.genblk1.genblk1.genblk1.genblk1.genblk1.lut1 (4 -> 3)
  Optimizing lut $auto$abc_ops_reintegrate.cc:450:reintegrate$167209.genblk1.genblk1.genblk1.genblk1.genblk1.lut1 (4 -> 3)
  Optimizing lut $auto$abc_ops_reintegrate.cc:450:reintegrate$167208.genblk1.genblk1.genblk1.genblk1.genblk1.lut1 (4 -> 3)
  Optimizing lut $auto$abc_ops_reintegrate.cc:450:reintegrate$167207.genblk1.genblk1.genblk1.genblk1.genblk1.lut1 (4 -> 3)
  Optimizing lut $abc$167024$lut$aiger167023$13066.genblk1.genblk1.genblk1.genblk1.genblk1.lut0 (4 -> 3)
  Optimizing lut $auto$abc_ops_reintegrate.cc:450:reintegrate$167206.genblk1.genblk1.genblk1.genblk1.genblk1.lut1 (4 -> 3)
  Optimizing lut $auto$abc_ops_reintegrate.cc:450:reintegrate$167205.genblk1.genblk1.genblk1.genblk1.genblk1.lut1 (4 -> 3)
  Optimizing lut $abc$167024$lut$aiger167023$12300.genblk1.genblk1.genblk1.genblk1.genblk1.lut1 (4 -> 3)
  Optimizing lut $auto$abc_ops_reintegrate.cc:450:reintegrate$167204.genblk1.genblk1.genblk1.genblk1.genblk1.lut1 (4 -> 3)
  Optimizing lut $auto$abc_ops_reintegrate.cc:450:reintegrate$167203.genblk1.genblk1.genblk1.genblk1.genblk1.lut1 (4 -> 3)
  Optimizing lut $auto$abc_ops_reintegrate.cc:450:reintegrate$167202.genblk1.genblk1.genblk1.genblk1.genblk1.lut1 (4 -> 3)
  Optimizing lut $abc$167024$lut$aiger167023$13060.genblk1.genblk1.genblk1.genblk1.genblk1.lut1 (4 -> 3)
  Optimizing lut $auto$abc_ops_reintegrate.cc:450:reintegrate$167201.genblk1.genblk1.genblk1.genblk1.genblk1.lut1 (4 -> 3)
  Optimizing lut $abc$167024$lut$aiger167023$11490.genblk1.genblk1.genblk1.genblk1.genblk1.genblk1.genblk1.genblk1.lut1.genblk1.genblk1.genblk1.genblk1.genblk1.genblk1.genblk1.lut0.genblk1.genblk1.genblk1.genblk1.genblk1.genblk1.lut1.genblk1.genblk1.genblk1.genblk1.genblk1.lut1 (4 -> 0)
  Optimizing lut $abc$167024$lut$aiger167023$13060.genblk1.genblk1.genblk1.genblk1.genblk1.lut0 (4 -> 3)
  Optimizing lut $auto$abc_ops_reintegrate.cc:450:reintegrate$167200.genblk1.genblk1.genblk1.genblk1.genblk1.lut1 (4 -> 3)
  Optimizing lut $auto$abc_ops_reintegrate.cc:450:reintegrate$167199.genblk1.genblk1.genblk1.genblk1.genblk1.lut1 (4 -> 3)
  Optimizing lut $auto$abc_ops_reintegrate.cc:450:reintegrate$167198.genblk1.genblk1.genblk1.genblk1.genblk1.lut1 (4 -> 3)
  Optimizing lut $abc$167024$lut$aiger167023$14387.genblk1.genblk1.genblk1.genblk1.genblk1.lut1 (4 -> 3)
  Optimizing lut $auto$abc_ops_reintegrate.cc:450:reintegrate$167197.genblk1.genblk1.genblk1.genblk1.genblk1.lut1 (4 -> 3)
  Optimizing lut $auto$abc_ops_reintegrate.cc:450:reintegrate$167196.genblk1.genblk1.genblk1.genblk1.genblk1.lut1 (4 -> 3)
  Optimizing lut $auto$abc_ops_reintegrate.cc:450:reintegrate$167195.genblk1.genblk1.genblk1.genblk1.genblk1.lut1 (4 -> 3)
  Optimizing lut $auto$abc_ops_reintegrate.cc:450:reintegrate$167194.genblk1.genblk1.genblk1.genblk1.genblk1.lut1 (4 -> 3)
  Optimizing lut $abc$167024$lut$aiger167023$13054.genblk1.genblk1.genblk1.genblk1.genblk1.lut1 (4 -> 3)
  Optimizing lut $abc$167024$lut$aiger167023$13156.genblk1.genblk1.genblk1.genblk1.genblk1.lut0 (4 -> 3)
  Optimizing lut $abc$167024$lut$aiger167023$12606.genblk1.genblk1.genblk1.genblk1.genblk1.genblk1.lut1.genblk1.genblk1.genblk1.genblk1.genblk1.lut0 (4 -> 3)
  Optimizing lut $auto$abc_ops_reintegrate.cc:450:reintegrate$167193.genblk1.genblk1.genblk1.genblk1.genblk1.lut1 (4 -> 3)
  Optimizing lut $abc$167024$lut$aiger167023$13054.genblk1.genblk1.genblk1.genblk1.genblk1.lut0 (4 -> 3)
  Optimizing lut $auto$abc_ops_reintegrate.cc:450:reintegrate$167192.genblk1.genblk1.genblk1.genblk1.genblk1.lut1 (4 -> 3)
  Optimizing lut $auto$abc_ops_reintegrate.cc:450:reintegrate$167191.genblk1.genblk1.genblk1.genblk1.genblk1.lut1 (4 -> 3)
  Optimizing lut $auto$abc_ops_reintegrate.cc:450:reintegrate$167190.genblk1.genblk1.genblk1.genblk1.genblk1.lut1 (4 -> 3)
  Optimizing lut $abc$167024$lut$aiger167023$12606.genblk1.genblk1.genblk1.genblk1.genblk1.genblk1.lut1.genblk1.genblk1.genblk1.genblk1.genblk1.lut1 (4 -> 3)
  Optimizing lut $auto$abc_ops_reintegrate.cc:450:reintegrate$167189.genblk1.genblk1.genblk1.genblk1.genblk1.lut1 (4 -> 3)
  Optimizing lut $abc$167024$lut$aiger167023$14260.genblk1.genblk1.genblk1.genblk1.genblk1.lut1 (4 -> 2)
  Optimizing lut $abc$167024$lut$aiger167023$13048.genblk1.genblk1.genblk1.genblk1.genblk1.lut0 (4 -> 3)
  Optimizing lut $abc$167024$lut$aiger167023$12294.genblk1.genblk1.genblk1.genblk1.genblk1.lut1 (4 -> 3)
  Optimizing lut $auto$abc_ops_reintegrate.cc:450:reintegrate$167188.genblk1.genblk1.genblk1.genblk1.genblk1.lut1 (4 -> 3)
  Optimizing lut $abc$167024$lut$aiger167023$12598.genblk1.genblk1.genblk1.genblk1.genblk1.genblk1.lut1.genblk1.genblk1.genblk1.genblk1.genblk1.lut0 (4 -> 3)
  Optimizing lut $auto$abc_ops_reintegrate.cc:450:reintegrate$167187.genblk1.genblk1.genblk1.genblk1.genblk1.lut1 (4 -> 3)
  Optimizing lut $auto$abc_ops_reintegrate.cc:450:reintegrate$167186.genblk1.genblk1.genblk1.genblk1.genblk1.lut1 (4 -> 3)
  Optimizing lut $abc$167024$lut$aiger167023$12294.genblk1.genblk1.genblk1.genblk1.genblk1.lut0 (4 -> 3)
  Optimizing lut $auto$abc_ops_reintegrate.cc:450:reintegrate$167185.genblk1.genblk1.genblk1.genblk1.genblk1.lut1 (4 -> 3)
  Optimizing lut $auto$abc_ops_reintegrate.cc:450:reintegrate$167184.genblk1.genblk1.genblk1.genblk1.genblk1.lut1 (4 -> 3)
  Optimizing lut $abc$167024$lut$aiger167023$12598.genblk1.genblk1.genblk1.genblk1.genblk1.genblk1.lut1.genblk1.genblk1.genblk1.genblk1.genblk1.lut1 (4 -> 3)
  Optimizing lut $auto$abc_ops_reintegrate.cc:450:reintegrate$167183.genblk1.genblk1.genblk1.genblk1.genblk1.lut1 (4 -> 3)
  Optimizing lut $abc$167024$lut$aiger167023$12606.genblk1.genblk1.genblk1.genblk1.genblk1.genblk1.lut0.genblk1.genblk1.genblk1.genblk1.genblk1.lut1 (4 -> 3)
  Optimizing lut $auto$abc_ops_reintegrate.cc:450:reintegrate$167182.genblk1.genblk1.genblk1.genblk1.genblk1.lut1 (4 -> 3)
  Optimizing lut $auto$abc_ops_reintegrate.cc:450:reintegrate$167181.genblk1.genblk1.genblk1.genblk1.genblk1.lut1 (4 -> 3)
  Optimizing lut $auto$abc_ops_reintegrate.cc:450:reintegrate$167180.genblk1.genblk1.genblk1.genblk1.genblk1.lut1 (4 -> 3)
  Optimizing lut $auto$abc_ops_reintegrate.cc:450:reintegrate$167179.genblk1.genblk1.genblk1.genblk1.genblk1.genblk1.genblk1.lut0.genblk1.genblk1.genblk1.genblk1.genblk1.genblk1.lut0.genblk1.genblk1.genblk1.genblk1.genblk1.lut1 (4 -> 3)
  Optimizing lut $auto$abc_ops_reintegrate.cc:450:reintegrate$167179.genblk1.genblk1.genblk1.genblk1.genblk1.genblk1.genblk1.lut0.genblk1.genblk1.genblk1.genblk1.genblk1.genblk1.lut1.genblk1.genblk1.genblk1.genblk1.genblk1.lut1 (4 -> 3)
  Optimizing lut $auto$abc_ops_reintegrate.cc:450:reintegrate$167178.genblk1.genblk1.genblk1.genblk1.genblk1.genblk1.genblk1.lut0.genblk1.genblk1.genblk1.genblk1.genblk1.genblk1.lut1.genblk1.genblk1.genblk1.genblk1.genblk1.lut1 (4 -> 3)
  Optimizing lut $abc$167024$lut$aiger167023$11868.genblk1.genblk1.genblk1.genblk1.genblk1.genblk1.lut1.genblk1.genblk1.genblk1.genblk1.genblk1.lut0 (4 -> 1)
  Optimizing lut $auto$abc_ops_reintegrate.cc:450:reintegrate$167177.genblk1.genblk1.genblk1.genblk1.genblk1.genblk1.genblk1.lut0.genblk1.genblk1.genblk1.genblk1.genblk1.genblk1.lut1.genblk1.genblk1.genblk1.genblk1.genblk1.lut1 (4 -> 3)
  Optimizing lut $auto$abc_ops_reintegrate.cc:450:reintegrate$167176.genblk1.genblk1.genblk1.genblk1.genblk1.genblk1.genblk1.lut0.genblk1.genblk1.genblk1.genblk1.genblk1.genblk1.lut1.genblk1.genblk1.genblk1.genblk1.genblk1.lut1 (4 -> 3)
  Optimizing lut $abc$167024$lut$aiger167023$12639.genblk1.genblk1.genblk1.genblk1.genblk1.lut0 (4 -> 3)
  Optimizing lut $auto$abc_ops_reintegrate.cc:450:reintegrate$167175.genblk1.genblk1.genblk1.genblk1.genblk1.genblk1.genblk1.lut0.genblk1.genblk1.genblk1.genblk1.genblk1.genblk1.lut1.genblk1.genblk1.genblk1.genblk1.genblk1.lut1 (4 -> 3)
  Optimizing lut $auto$abc_ops_reintegrate.cc:450:reintegrate$167174.genblk1.genblk1.genblk1.genblk1.genblk1.genblk1.genblk1.lut0.genblk1.genblk1.genblk1.genblk1.genblk1.genblk1.lut1.genblk1.genblk1.genblk1.genblk1.genblk1.lut1 (4 -> 3)
  Optimizing lut $auto$abc_ops_reintegrate.cc:450:reintegrate$167173.genblk1.genblk1.genblk1.genblk1.genblk1.genblk1.genblk1.lut0.genblk1.genblk1.genblk1.genblk1.genblk1.genblk1.lut1.genblk1.genblk1.genblk1.genblk1.genblk1.lut1 (4 -> 3)
  Optimizing lut $auto$abc_ops_reintegrate.cc:450:reintegrate$167172.genblk1.genblk1.genblk1.genblk1.genblk1.genblk1.genblk1.lut0.genblk1.genblk1.genblk1.genblk1.genblk1.genblk1.lut1.genblk1.genblk1.genblk1.genblk1.genblk1.lut1 (4 -> 3)
  Optimizing lut $auto$abc_ops_reintegrate.cc:450:reintegrate$167171.genblk1.genblk1.genblk1.genblk1.genblk1.genblk1.genblk1.lut0.genblk1.genblk1.genblk1.genblk1.genblk1.genblk1.lut1.genblk1.genblk1.genblk1.genblk1.genblk1.lut1 (4 -> 3)
  Optimizing lut $abc$167024$lut$aiger167023$11868.genblk1.genblk1.genblk1.genblk1.genblk1.genblk1.lut1.genblk1.genblk1.genblk1.genblk1.genblk1.lut1 (4 -> 1)
  Optimizing lut $abc$167024$lut$aiger167023$12598.genblk1.genblk1.genblk1.genblk1.genblk1.genblk1.lut0.genblk1.genblk1.genblk1.genblk1.genblk1.lut1 (4 -> 3)
  Optimizing lut $abc$167024$lut$aiger167023$12288.genblk1.genblk1.genblk1.genblk1.genblk1.lut1 (4 -> 3)
  Optimizing lut $abc$167024$lut$aiger167023$11665.genblk1.genblk1.genblk1.genblk1.genblk1.genblk1.lut0.genblk1.genblk1.genblk1.genblk1.genblk1.lut1 (4 -> 0)
  Optimizing lut $abc$167024$lut$aiger167023$13036.genblk1.genblk1.genblk1.genblk1.genblk1.lut0 (4 -> 3)
  Optimizing lut $auto$abc_ops_reintegrate.cc:450:reintegrate$167170.genblk1.genblk1.genblk1.genblk1.genblk1.genblk1.genblk1.lut0.genblk1.genblk1.genblk1.genblk1.genblk1.genblk1.lut1.genblk1.genblk1.genblk1.genblk1.genblk1.lut1 (4 -> 3)
  Optimizing lut $abc$167024$lut$aiger167023$12590.genblk1.genblk1.genblk1.genblk1.genblk1.genblk1.lut1.genblk1.genblk1.genblk1.genblk1.genblk1.lut0 (4 -> 3)
  Optimizing lut $auto$abc_ops_reintegrate.cc:450:reintegrate$167169.genblk1.genblk1.genblk1.genblk1.genblk1.genblk1.genblk1.lut0.genblk1.genblk1.genblk1.genblk1.genblk1.genblk1.lut1.genblk1.genblk1.genblk1.genblk1.genblk1.lut1 (4 -> 3)
  Optimizing lut $abc$167024$lut$aiger167023$12590.genblk1.genblk1.genblk1.genblk1.genblk1.genblk1.lut1.genblk1.genblk1.genblk1.genblk1.genblk1.lut1 (4 -> 3)
  Optimizing lut $abc$167024$lut$aiger167023$12181.genblk1.genblk1.genblk1.genblk1.genblk1.genblk1.genblk1.genblk1.lut0.genblk1.genblk1.genblk1.genblk1.genblk1.genblk1.genblk1.lut0.genblk1.genblk1.genblk1.genblk1.genblk1.genblk1.lut0.genblk1.genblk1.genblk1.genblk1.genblk1.lut1 (4 -> 0)
  Optimizing lut $auto$abc_ops_reintegrate.cc:450:reintegrate$167328.genblk1.genblk1.genblk1.genblk1.genblk1.lut1 (4 -> 2)
  Optimizing lut $abc$167024$lut$aiger167023$11580.genblk1.genblk1.genblk1.genblk1.genblk1.genblk1.genblk1.lut0.genblk1.genblk1.genblk1.genblk1.genblk1.genblk1.lut1.genblk1.genblk1.genblk1.genblk1.genblk1.lut1 (4 -> 2)
  Optimizing lut $auto$abc_ops_reintegrate.cc:450:reintegrate$167168.genblk1.genblk1.genblk1.genblk1.genblk1.genblk1.genblk1.lut0.genblk1.genblk1.genblk1.genblk1.genblk1.genblk1.lut1.genblk1.genblk1.genblk1.genblk1.genblk1.lut1 (4 -> 3)
  Optimizing lut $auto$abc_ops_reintegrate.cc:450:reintegrate$167167.genblk1.genblk1.genblk1.genblk1.genblk1.genblk1.genblk1.lut0.genblk1.genblk1.genblk1.genblk1.genblk1.genblk1.lut1.genblk1.genblk1.genblk1.genblk1.genblk1.lut1 (4 -> 3)
  Optimizing lut $auto$abc_ops_reintegrate.cc:450:reintegrate$167166.genblk1.genblk1.genblk1.genblk1.genblk1.genblk1.genblk1.lut0.genblk1.genblk1.genblk1.genblk1.genblk1.genblk1.lut1.genblk1.genblk1.genblk1.genblk1.genblk1.lut1 (4 -> 3)
  Optimizing lut $abc$167024$lut$aiger167023$13030.genblk1.genblk1.genblk1.genblk1.genblk1.lut0 (4 -> 3)
  Optimizing lut $auto$abc_ops_reintegrate.cc:450:reintegrate$167165.genblk1.genblk1.genblk1.genblk1.genblk1.genblk1.genblk1.lut0.genblk1.genblk1.genblk1.genblk1.genblk1.genblk1.lut1.genblk1.genblk1.genblk1.genblk1.genblk1.lut1 (4 -> 3)
  Optimizing lut $auto$abc_ops_reintegrate.cc:450:reintegrate$167164.genblk1.genblk1.genblk1.genblk1.genblk1.genblk1.genblk1.lut0.genblk1.genblk1.genblk1.genblk1.genblk1.genblk1.lut1.genblk1.genblk1.genblk1.genblk1.genblk1.lut1 (4 -> 3)
  Optimizing lut $auto$abc_ops_reintegrate.cc:450:reintegrate$167162.genblk1.genblk1.genblk1.genblk1.genblk1.lut1 (4 -> 3)
  Optimizing lut $auto$abc_ops_reintegrate.cc:450:reintegrate$167161.genblk1.genblk1.genblk1.genblk1.genblk1.lut1 (4 -> 3)
  Optimizing lut $abc$167024$lut$aiger167023$12582.genblk1.genblk1.genblk1.genblk1.genblk1.genblk1.lut1.genblk1.genblk1.genblk1.genblk1.genblk1.lut0 (4 -> 3)
  Optimizing lut $abc$167024$lut$aiger167023$12282.genblk1.genblk1.genblk1.genblk1.genblk1.genblk1.lut1.genblk1.genblk1.genblk1.genblk1.genblk1.lut1 (4 -> 0)
  Optimizing lut $abc$167024$lut$aiger167023$12582.genblk1.genblk1.genblk1.genblk1.genblk1.genblk1.lut1.genblk1.genblk1.genblk1.genblk1.genblk1.lut1 (4 -> 3)
  Optimizing lut $auto$abc_ops_reintegrate.cc:450:reintegrate$167160.genblk1.genblk1.genblk1.genblk1.genblk1.lut1 (4 -> 3)
  Optimizing lut $abc$167024$lut$aiger167023$12590.genblk1.genblk1.genblk1.genblk1.genblk1.genblk1.lut0.genblk1.genblk1.genblk1.genblk1.genblk1.lut1 (4 -> 3)
  Optimizing lut $auto$abc_ops_reintegrate.cc:450:reintegrate$167159.genblk1.genblk1.genblk1.genblk1.genblk1.lut1 (4 -> 3)
  Optimizing lut $abc$167024$lut$aiger167023$13018.genblk1.genblk1.genblk1.genblk1.genblk1.lut1 (4 -> 3)
  Optimizing lut $auto$abc_ops_reintegrate.cc:450:reintegrate$167158.genblk1.genblk1.genblk1.genblk1.genblk1.lut1 (4 -> 3)
  Optimizing lut $abc$167024$lut$aiger167023$13024.genblk1.genblk1.genblk1.genblk1.genblk1.lut0 (4 -> 3)
  Optimizing lut $auto$abc_ops_reintegrate.cc:450:reintegrate$167157.genblk1.genblk1.genblk1.genblk1.genblk1.lut1 (4 -> 3)
  Optimizing lut $auto$abc_ops_reintegrate.cc:450:reintegrate$167156.genblk1.genblk1.genblk1.genblk1.genblk1.lut1 (4 -> 3)
  Optimizing lut $auto$abc_ops_reintegrate.cc:450:reintegrate$167155.genblk1.genblk1.genblk1.genblk1.genblk1.lut1 (4 -> 3)
  Optimizing lut $auto$abc_ops_reintegrate.cc:450:reintegrate$167154.genblk1.genblk1.genblk1.genblk1.genblk1.lut1 (4 -> 3)
  Optimizing lut $abc$167024$lut$aiger167023$11333.genblk1.genblk1.genblk1.genblk1.genblk1.lut0 (4 -> 0)
  Optimizing lut $auto$abc_ops_reintegrate.cc:450:reintegrate$167153.genblk1.genblk1.genblk1.genblk1.genblk1.lut1 (4 -> 3)
  Optimizing lut $abc$167024$lut$aiger167023$12574.genblk1.genblk1.genblk1.genblk1.genblk1.genblk1.lut1.genblk1.genblk1.genblk1.genblk1.genblk1.lut0 (4 -> 3)
  Optimizing lut $auto$abc_ops_reintegrate.cc:450:reintegrate$167152.genblk1.genblk1.genblk1.genblk1.genblk1.lut1 (4 -> 3)
  Optimizing lut $abc$167024$lut$aiger167023$13018.genblk1.genblk1.genblk1.genblk1.genblk1.lut0 (4 -> 3)
  Optimizing lut $auto$abc_ops_reintegrate.cc:450:reintegrate$167151.genblk1.genblk1.genblk1.genblk1.genblk1.lut1 (4 -> 3)
  Optimizing lut $abc$167024$lut$aiger167023$12574.genblk1.genblk1.genblk1.genblk1.genblk1.genblk1.lut1.genblk1.genblk1.genblk1.genblk1.genblk1.lut1 (4 -> 3)
  Optimizing lut $abc$167024$lut$aiger167023$13556.genblk1.genblk1.genblk1.genblk1.genblk1.lut0 (4 -> 0)
  Optimizing lut $auto$abc_ops_reintegrate.cc:450:reintegrate$167150.genblk1.genblk1.genblk1.genblk1.genblk1.lut1 (4 -> 3)
  Optimizing lut $abc$167024$lut$aiger167023$12277.genblk1.genblk1.genblk1.genblk1.genblk1.lut1 (4 -> 3)
  Optimizing lut $auto$abc_ops_reintegrate.cc:450:reintegrate$167149.genblk1.genblk1.genblk1.genblk1.genblk1.lut1 (4 -> 3)
  Optimizing lut $abc$167024$lut$aiger167023$13012.genblk1.genblk1.genblk1.genblk1.genblk1.lut1 (4 -> 3)
  Optimizing lut $abc$167024$lut$aiger167023$11523.genblk1.genblk1.genblk1.genblk1.genblk1.genblk1.lut1.genblk1.genblk1.genblk1.genblk1.genblk1.lut0 (4 -> 0)
  Optimizing lut $abc$167024$lut$aiger167023$13548.genblk1.genblk1.genblk1.genblk1.genblk1.lut1 (4 -> 3)
  Optimizing lut $abc$167024$lut$aiger167023$13012.genblk1.genblk1.genblk1.genblk1.genblk1.lut0 (4 -> 3)
  Optimizing lut $abc$167024$lut$aiger167023$11858.genblk1.genblk1.genblk1.genblk1.genblk1.genblk1.genblk1.genblk1.lut0.genblk1.genblk1.genblk1.genblk1.genblk1.genblk1.genblk1.lut0.genblk1.genblk1.genblk1.genblk1.genblk1.genblk1.lut1.genblk1.genblk1.genblk1.genblk1.genblk1.lut1 (4 -> 0)
  Optimizing lut $auto$abc_ops_reintegrate.cc:450:reintegrate$167148.genblk1.genblk1.genblk1.genblk1.genblk1.lut1 (4 -> 3)
  Optimizing lut $abc$167024$lut$aiger167023$12271.genblk1.genblk1.genblk1.genblk1.genblk1.lut1 (4 -> 3)
  Optimizing lut $abc$167024$lut$aiger167023$13548.genblk1.genblk1.genblk1.genblk1.genblk1.lut0 (4 -> 3)
  Optimizing lut $abc$167024$lut$aiger167023$11851.genblk1.genblk1.genblk1.genblk1.genblk1.genblk1.genblk1.genblk1.lut0.genblk1.genblk1.genblk1.genblk1.genblk1.genblk1.genblk1.lut0.genblk1.genblk1.genblk1.genblk1.genblk1.genblk1.lut1.genblk1.genblk1.genblk1.genblk1.genblk1.lut1 (4 -> 0)
  Optimizing lut $auto$abc_ops_reintegrate.cc:450:reintegrate$167147.genblk1.genblk1.genblk1.genblk1.genblk1.lut1 (4 -> 3)
  Optimizing lut $abc$167024$lut$aiger167023$13542.genblk1.genblk1.genblk1.genblk1.genblk1.lut1 (4 -> 3)
  Optimizing lut $abc$167024$lut$aiger167023$13006.genblk1.genblk1.genblk1.genblk1.genblk1.lut1 (4 -> 3)
  Optimizing lut $abc$167024$lut$aiger167023$13542.genblk1.genblk1.genblk1.genblk1.genblk1.lut0 (4 -> 3)
  Optimizing lut $auto$abc_ops_reintegrate.cc:450:reintegrate$167146.genblk1.genblk1.genblk1.genblk1.genblk1.lut1 (4 -> 3)
  Optimizing lut $abc$167024$lut$aiger167023$11409.genblk1.genblk1.genblk1.genblk1.genblk1.genblk1.genblk1.lut1.genblk1.genblk1.genblk1.genblk1.genblk1.genblk1.lut1.genblk1.genblk1.genblk1.genblk1.genblk1.lut1 (4 -> 0)
  Optimizing lut $abc$167024$lut$aiger167023$12566.genblk1.genblk1.genblk1.genblk1.genblk1.genblk1.lut1.genblk1.genblk1.genblk1.genblk1.genblk1.lut0 (4 -> 3)
  Optimizing lut $abc$167024$lut$aiger167023$13006.genblk1.genblk1.genblk1.genblk1.genblk1.lut0 (4 -> 3)
  Optimizing lut $abc$167024$lut$aiger167023$12566.genblk1.genblk1.genblk1.genblk1.genblk1.genblk1.lut1.genblk1.genblk1.genblk1.genblk1.genblk1.lut1 (4 -> 3)
  Optimizing lut $abc$167024$lut$aiger167023$12574.genblk1.genblk1.genblk1.genblk1.genblk1.genblk1.lut0.genblk1.genblk1.genblk1.genblk1.genblk1.lut1 (4 -> 3)
  Optimizing lut $auto$abc_ops_reintegrate.cc:450:reintegrate$167145.genblk1.genblk1.genblk1.genblk1.genblk1.lut1 (4 -> 3)
  Optimizing lut $auto$abc_ops_reintegrate.cc:450:reintegrate$167144.genblk1.genblk1.genblk1.genblk1.genblk1.lut1 (4 -> 3)
  Optimizing lut $abc$167024$lut$aiger167023$13000.genblk1.genblk1.genblk1.genblk1.genblk1.lut1 (4 -> 3)
  Optimizing lut $abc$167024$lut$aiger167023$13536.genblk1.genblk1.genblk1.genblk1.genblk1.lut0 (4 -> 3)
  Optimizing lut $auto$abc_ops_reintegrate.cc:450:reintegrate$167143.genblk1.genblk1.genblk1.genblk1.genblk1.lut1 (4 -> 3)
  Optimizing lut $abc$167024$lut$aiger167023$13530.genblk1.genblk1.genblk1.genblk1.genblk1.lut1 (4 -> 3)
  Optimizing lut $auto$abc_ops_reintegrate.cc:450:reintegrate$167142.genblk1.genblk1.genblk1.genblk1.genblk1.lut1 (4 -> 3)
  Optimizing lut $auto$abc_ops_reintegrate.cc:450:reintegrate$167141.genblk1.genblk1.genblk1.genblk1.genblk1.lut1 (4 -> 3)
  Optimizing lut $abc$167024$lut$aiger167023$13000.genblk1.genblk1.genblk1.genblk1.genblk1.lut0 (4 -> 3)
  Optimizing lut $abc$167024$lut$aiger167023$12265.genblk1.genblk1.genblk1.genblk1.genblk1.lut1 (4 -> 3)
  Optimizing lut $abc$167024$lut$aiger167023$11632.genblk1.genblk1.genblk1.genblk1.genblk1.genblk1.genblk1.lut0.genblk1.genblk1.genblk1.genblk1.genblk1.genblk1.lut1.genblk1.genblk1.genblk1.genblk1.genblk1.lut1 (4 -> 0)
  Optimizing lut $abc$167024$lut$aiger167023$12265.genblk1.genblk1.genblk1.genblk1.genblk1.lut0 (4 -> 3)
  Optimizing lut $auto$abc_ops_reintegrate.cc:450:reintegrate$167140.genblk1.genblk1.genblk1.genblk1.genblk1.lut1 (4 -> 3)
  Optimizing lut $auto$abc_ops_reintegrate.cc:450:reintegrate$167139.genblk1.genblk1.genblk1.genblk1.genblk1.lut1 (4 -> 3)
  Optimizing lut $abc$167024$lut$aiger167023$12558.genblk1.genblk1.genblk1.genblk1.genblk1.genblk1.lut1.genblk1.genblk1.genblk1.genblk1.genblk1.lut0 (4 -> 3)
  Optimizing lut $abc$167024$lut$aiger167023$12558.genblk1.genblk1.genblk1.genblk1.genblk1.genblk1.lut1.genblk1.genblk1.genblk1.genblk1.genblk1.lut1 (4 -> 3)
  Optimizing lut $auto$abc_ops_reintegrate.cc:450:reintegrate$167138.genblk1.genblk1.genblk1.genblk1.genblk1.lut1 (4 -> 3)
  Optimizing lut $abc$167024$lut$aiger167023$13524.genblk1.genblk1.genblk1.genblk1.genblk1.lut1 (4 -> 3)
  Optimizing lut $abc$167024$lut$aiger167023$12994.genblk1.genblk1.genblk1.genblk1.genblk1.lut0 (4 -> 3)
  Optimizing lut $auto$abc_ops_reintegrate.cc:450:reintegrate$167137.genblk1.genblk1.genblk1.genblk1.genblk1.lut1 (4 -> 3)
  Optimizing lut $abc$167024$lut$aiger167023$13524.genblk1.genblk1.genblk1.genblk1.genblk1.lut0 (4 -> 3)
  Optimizing lut $auto$abc_ops_reintegrate.cc:450:reintegrate$167136.genblk1.genblk1.genblk1.genblk1.genblk1.lut1 (4 -> 3)
  Optimizing lut $abc$167024$lut$aiger167023$13518.genblk1.genblk1.genblk1.genblk1.genblk1.lut1 (4 -> 3)
  Optimizing lut $auto$abc_ops_reintegrate.cc:450:reintegrate$167135.genblk1.genblk1.genblk1.genblk1.genblk1.lut1 (4 -> 3)
  Optimizing lut $abc$167024$lut$aiger167023$11817.genblk1.genblk1.genblk1.genblk1.genblk1.genblk1.lut0.genblk1.genblk1.genblk1.genblk1.genblk1.lut1 (4 -> 0)
  Optimizing lut $auto$abc_ops_reintegrate.cc:450:reintegrate$167134.genblk1.genblk1.genblk1.genblk1.genblk1.lut1 (4 -> 3)
  Optimizing lut $auto$abc_ops_reintegrate.cc:450:reintegrate$167133.genblk1.genblk1.genblk1.genblk1.genblk1.lut1 (4 -> 3)
  Optimizing lut $abc$167024$lut$aiger167023$12988.genblk1.genblk1.genblk1.genblk1.genblk1.lut1 (4 -> 3)
  Optimizing lut $abc$167024$lut$aiger167023$13518.genblk1.genblk1.genblk1.genblk1.genblk1.lut0 (4 -> 3)
  Optimizing lut $abc$167024$lut$aiger167023$12550.genblk1.genblk1.genblk1.genblk1.genblk1.genblk1.lut1.genblk1.genblk1.genblk1.genblk1.genblk1.lut0 (4 -> 3)
  Optimizing lut $abc$167024$lut$aiger167023$12988.genblk1.genblk1.genblk1.genblk1.genblk1.lut0 (4 -> 3)
  Optimizing lut $auto$abc_ops_reintegrate.cc:450:reintegrate$167132.genblk1.genblk1.genblk1.genblk1.genblk1.lut1 (4 -> 3)
  Optimizing lut $abc$167024$lut$aiger167023$12550.genblk1.genblk1.genblk1.genblk1.genblk1.genblk1.lut1.genblk1.genblk1.genblk1.genblk1.genblk1.lut1 (4 -> 3)
  Optimizing lut $abc$167024$lut$aiger167023$12558.genblk1.genblk1.genblk1.genblk1.genblk1.genblk1.lut0.genblk1.genblk1.genblk1.genblk1.genblk1.lut1 (4 -> 3)
  Optimizing lut $abc$167024$lut$aiger167023$13512.genblk1.genblk1.genblk1.genblk1.genblk1.lut1 (4 -> 3)
  Optimizing lut $abc$167024$lut$aiger167023$12982.genblk1.genblk1.genblk1.genblk1.genblk1.lut1 (4 -> 3)
  Optimizing lut $auto$abc_ops_reintegrate.cc:450:reintegrate$167131.genblk1.genblk1.genblk1.genblk1.genblk1.lut1 (4 -> 3)
  Optimizing lut $auto$abc_ops_reintegrate.cc:450:reintegrate$167332.genblk1.genblk1.genblk1.genblk1.genblk1.lut1 (4 -> 0)
  Optimizing lut $abc$167024$lut$aiger167023$13512.genblk1.genblk1.genblk1.genblk1.genblk1.lut0 (4 -> 3)
  Optimizing lut $abc$167024$lut$aiger167023$13506.genblk1.genblk1.genblk1.genblk1.genblk1.lut1 (4 -> 3)
  Optimizing lut $abc$167024$lut$aiger167023$12982.genblk1.genblk1.genblk1.genblk1.genblk1.lut0 (4 -> 3)
  Optimizing lut $auto$abc_ops_reintegrate.cc:450:reintegrate$167130.genblk1.genblk1.genblk1.genblk1.genblk1.lut1 (4 -> 3)
  Optimizing lut $auto$abc_ops_reintegrate.cc:450:reintegrate$167129.genblk1.genblk1.genblk1.genblk1.genblk1.lut1 (4 -> 3)
  Optimizing lut $abc$167024$lut$aiger167023$12976.genblk1.genblk1.genblk1.genblk1.genblk1.lut1 (4 -> 3)
  Optimizing lut $auto$abc_ops_reintegrate.cc:450:reintegrate$167128.genblk1.genblk1.genblk1.genblk1.genblk1.lut1 (4 -> 3)
  Optimizing lut $auto$abc_ops_reintegrate.cc:450:reintegrate$167127.genblk1.genblk1.genblk1.genblk1.genblk1.lut1 (4 -> 3)
  Optimizing lut $abc$167024$lut$aiger167023$11425.genblk1.genblk1.genblk1.genblk1.genblk1.genblk1.genblk1.genblk1.lut0.genblk1.genblk1.genblk1.genblk1.genblk1.genblk1.genblk1.lut0.genblk1.genblk1.genblk1.genblk1.genblk1.genblk1.lut1.genblk1.genblk1.genblk1.genblk1.genblk1.lut1 (4 -> 0)
  Optimizing lut $abc$167024$lut$aiger167023$12542.genblk1.genblk1.genblk1.genblk1.genblk1.genblk1.lut1.genblk1.genblk1.genblk1.genblk1.genblk1.lut0 (4 -> 3)
  Optimizing lut $abc$167024$lut$aiger167023$12976.genblk1.genblk1.genblk1.genblk1.genblk1.lut0 (4 -> 3)
  Optimizing lut $auto$abc_ops_reintegrate.cc:450:reintegrate$167126.genblk1.genblk1.genblk1.genblk1.genblk1.lut1 (4 -> 3)
  Optimizing lut $abc$167024$lut$aiger167023$12542.genblk1.genblk1.genblk1.genblk1.genblk1.genblk1.lut1.genblk1.genblk1.genblk1.genblk1.genblk1.lut1 (4 -> 3)
  Optimizing lut $abc$167024$lut$aiger167023$12336.genblk1.genblk1.genblk1.genblk1.genblk1.lut1 (4 -> 3)
  Optimizing lut $abc$167024$lut$aiger167023$12550.genblk1.genblk1.genblk1.genblk1.genblk1.genblk1.lut0.genblk1.genblk1.genblk1.genblk1.genblk1.lut1 (4 -> 3)
  Optimizing lut $auto$abc_ops_reintegrate.cc:450:reintegrate$167125.genblk1.genblk1.genblk1.genblk1.genblk1.lut1 (4 -> 3)
  Optimizing lut $abc$167024$lut$aiger167023$12253.genblk1.genblk1.genblk1.genblk1.genblk1.lut1 (4 -> 3)
  Optimizing lut $abc$167024$lut$aiger167023$13500.genblk1.genblk1.genblk1.genblk1.genblk1.lut0 (4 -> 3)
  Optimizing lut $abc$167024$lut$aiger167023$12253.genblk1.genblk1.genblk1.genblk1.genblk1.lut0 (4 -> 3)
  Optimizing lut $abc$167024$lut$aiger167023$12970.genblk1.genblk1.genblk1.genblk1.genblk1.lut1 (4 -> 3)
  Optimizing lut $auto$abc_ops_reintegrate.cc:450:reintegrate$167124.genblk1.genblk1.genblk1.genblk1.genblk1.lut1 (4 -> 3)
  Optimizing lut $auto$abc_ops_reintegrate.cc:450:reintegrate$167123.genblk1.genblk1.genblk1.genblk1.genblk1.lut1 (4 -> 3)
  Optimizing lut $auto$abc_ops_reintegrate.cc:450:reintegrate$167122.genblk1.genblk1.genblk1.genblk1.genblk1.lut1 (4 -> 3)
  Optimizing lut $abc$167024$lut$aiger167023$13494.genblk1.genblk1.genblk1.genblk1.genblk1.lut1 (4 -> 3)
  Optimizing lut $abc$167024$lut$aiger167023$12970.genblk1.genblk1.genblk1.genblk1.genblk1.lut0 (4 -> 3)
  Optimizing lut $auto$abc_ops_reintegrate.cc:450:reintegrate$167121.genblk1.genblk1.genblk1.genblk1.genblk1.lut1 (4 -> 3)
  Optimizing lut $abc$167024$lut$aiger167023$12534.genblk1.genblk1.genblk1.genblk1.genblk1.genblk1.lut1.genblk1.genblk1.genblk1.genblk1.genblk1.lut0 (4 -> 3)
  Optimizing lut $auto$abc_ops_reintegrate.cc:450:reintegrate$167120.genblk1.genblk1.genblk1.genblk1.genblk1.lut1 (4 -> 3)
  Optimizing lut $auto$abc_ops_reintegrate.cc:450:reintegrate$167119.genblk1.genblk1.genblk1.genblk1.genblk1.lut1 (4 -> 3)
  Optimizing lut $abc$167024$lut$aiger167023$13494.genblk1.genblk1.genblk1.genblk1.genblk1.lut0 (4 -> 3)
  Optimizing lut $auto$abc_ops_reintegrate.cc:450:reintegrate$167118.genblk1.genblk1.genblk1.genblk1.genblk1.lut1 (4 -> 3)
  Optimizing lut $auto$abc_ops_reintegrate.cc:450:reintegrate$167117.genblk1.genblk1.genblk1.genblk1.genblk1.lut1 (4 -> 3)
  Optimizing lut $abc$167024$lut$aiger167023$12534.genblk1.genblk1.genblk1.genblk1.genblk1.genblk1.lut1.genblk1.genblk1.genblk1.genblk1.genblk1.lut1 (4 -> 3)
  Optimizing lut $abc$167024$lut$aiger167023$12542.genblk1.genblk1.genblk1.genblk1.genblk1.genblk1.lut0.genblk1.genblk1.genblk1.genblk1.genblk1.lut1 (4 -> 3)
  Optimizing lut $abc$167024$lut$aiger167023$12964.genblk1.genblk1.genblk1.genblk1.genblk1.lut1 (4 -> 3)
  Optimizing lut $abc$167024$lut$aiger167023$13488.genblk1.genblk1.genblk1.genblk1.genblk1.lut0 (4 -> 3)
  Optimizing lut $abc$167024$lut$aiger167023$12964.genblk1.genblk1.genblk1.genblk1.genblk1.lut0 (4 -> 3)
  Optimizing lut $auto$abc_ops_reintegrate.cc:450:reintegrate$167116.genblk1.genblk1.genblk1.genblk1.genblk1.lut1 (4 -> 3)
  Optimizing lut $auto$abc_ops_reintegrate.cc:450:reintegrate$167115.genblk1.genblk1.genblk1.genblk1.genblk1.lut1 (4 -> 3)
  Optimizing lut $abc$167024$lut$aiger167023$13482.genblk1.genblk1.genblk1.genblk1.genblk1.lut1 (4 -> 3)
  Optimizing lut $abc$167024$lut$aiger167023$6079.genblk1.genblk1.genblk1.genblk1.genblk1.genblk1.genblk1.lut0.genblk1.genblk1.genblk1.genblk1.genblk1.genblk1.lut1.genblk1.genblk1.genblk1.genblk1.genblk1.lut0 (4 -> 0)
  Optimizing lut $abc$167024$lut$aiger167023$12958.genblk1.genblk1.genblk1.genblk1.genblk1.lut1 (4 -> 3)
  Optimizing lut $abc$167024$lut$aiger167023$13482.genblk1.genblk1.genblk1.genblk1.genblk1.lut0 (4 -> 3)
  Optimizing lut $abc$167024$lut$aiger167023$12247.genblk1.genblk1.genblk1.genblk1.genblk1.lut1 (4 -> 3)
  Optimizing lut $abc$167024$lut$aiger167023$11523.genblk1.genblk1.genblk1.genblk1.genblk1.genblk1.lut0.genblk1.genblk1.genblk1.genblk1.genblk1.lut1 (4 -> 0)
  Optimizing lut $abc$167024$lut$aiger167023$5602.genblk1.genblk1.genblk1.genblk1.genblk1.genblk1.genblk1.genblk1.lut1.genblk1.genblk1.genblk1.genblk1.genblk1.genblk1.genblk1.lut1.genblk1.genblk1.genblk1.genblk1.genblk1.genblk1.lut1.genblk1.genblk1.genblk1.genblk1.genblk1.lut1 (4 -> 0)
  Optimizing lut $abc$167024$lut$aiger167023$12526.genblk1.genblk1.genblk1.genblk1.genblk1.genblk1.lut1.genblk1.genblk1.genblk1.genblk1.genblk1.lut0 (4 -> 3)
  Optimizing lut $abc$167024$lut$aiger167023$12247.genblk1.genblk1.genblk1.genblk1.genblk1.lut0 (4 -> 3)
  Optimizing lut $auto$abc_ops_reintegrate.cc:450:reintegrate$167114.genblk1.genblk1.genblk1.genblk1.genblk1.lut1 (4 -> 3)
  Optimizing lut $abc$167024$lut$aiger167023$12526.genblk1.genblk1.genblk1.genblk1.genblk1.genblk1.lut1.genblk1.genblk1.genblk1.genblk1.genblk1.lut1 (4 -> 3)
  Optimizing lut $abc$167024$lut$aiger167023$12534.genblk1.genblk1.genblk1.genblk1.genblk1.genblk1.lut0.genblk1.genblk1.genblk1.genblk1.genblk1.lut1 (4 -> 3)
  Optimizing lut $abc$167024$lut$aiger167023$12952.genblk1.genblk1.genblk1.genblk1.genblk1.lut1 (4 -> 3)
  Optimizing lut $abc$167024$lut$aiger167023$13476.genblk1.genblk1.genblk1.genblk1.genblk1.lut0 (4 -> 3)
  Optimizing lut $auto$abc_ops_reintegrate.cc:450:reintegrate$167113.genblk1.genblk1.genblk1.genblk1.genblk1.lut1 (4 -> 3)
  Optimizing lut $abc$167024$lut$aiger167023$11440.genblk1.genblk1.genblk1.genblk1.genblk1.genblk1.genblk1.genblk1.lut1.genblk1.genblk1.genblk1.genblk1.genblk1.genblk1.genblk1.lut0.genblk1.genblk1.genblk1.genblk1.genblk1.genblk1.lut1.genblk1.genblk1.genblk1.genblk1.genblk1.lut1 (4 -> 0)
  Optimizing lut $auto$abc_ops_reintegrate.cc:450:reintegrate$167112.genblk1.genblk1.genblk1.genblk1.genblk1.lut1 (4 -> 3)
  Optimizing lut $abc$167024$lut$aiger167023$11719.genblk1.genblk1.genblk1.genblk1.genblk1.lut1 (4 -> 0)
  Optimizing lut $auto$abc_ops_reintegrate.cc:450:reintegrate$167111.genblk1.genblk1.genblk1.genblk1.genblk1.lut1 (4 -> 3)
  Optimizing lut $abc$167024$lut$aiger167023$12952.genblk1.genblk1.genblk1.genblk1.genblk1.lut0 (4 -> 3)
  Optimizing lut $abc$167024$lut$aiger167023$13470.genblk1.genblk1.genblk1.genblk1.genblk1.lut1 (4 -> 3)
  Optimizing lut $abc$167024$lut$aiger167023$12946.genblk1.genblk1.genblk1.genblk1.genblk1.lut1 (4 -> 3)
  Optimizing lut $abc$167024$lut$aiger167023$13470.genblk1.genblk1.genblk1.genblk1.genblk1.lut0 (4 -> 3)
  Optimizing lut $auto$abc_ops_reintegrate.cc:450:reintegrate$167110.genblk1.genblk1.genblk1.genblk1.genblk1.lut1 (4 -> 3)
  Optimizing lut $auto$abc_ops_reintegrate.cc:450:reintegrate$167109.genblk1.genblk1.genblk1.genblk1.genblk1.lut1 (4 -> 3)
  Optimizing lut $abc$167024$lut$aiger167023$12241.genblk1.genblk1.genblk1.genblk1.genblk1.lut1 (4 -> 3)
  Optimizing lut $abc$167024$lut$aiger167023$13464.genblk1.genblk1.genblk1.genblk1.genblk1.lut1 (4 -> 3)
  Optimizing lut $abc$167024$lut$aiger167023$12518.genblk1.genblk1.genblk1.genblk1.genblk1.genblk1.lut1.genblk1.genblk1.genblk1.genblk1.genblk1.lut0 (4 -> 3)
  Optimizing lut $abc$167024$lut$aiger167023$12518.genblk1.genblk1.genblk1.genblk1.genblk1.genblk1.lut1.genblk1.genblk1.genblk1.genblk1.genblk1.lut1 (4 -> 3)
  Optimizing lut $auto$abc_ops_reintegrate.cc:450:reintegrate$167108.genblk1.genblk1.genblk1.genblk1.genblk1.lut1 (4 -> 3)
  Optimizing lut $abc$167024$lut$aiger167023$13458.genblk1.genblk1.genblk1.genblk1.genblk1.lut1 (4 -> 3)
  Optimizing lut $abc$167024$lut$aiger167023$11851.genblk1.genblk1.genblk1.genblk1.genblk1.genblk1.genblk1.genblk1.lut1.genblk1.genblk1.genblk1.genblk1.genblk1.genblk1.genblk1.lut0.genblk1.genblk1.genblk1.genblk1.genblk1.genblk1.lut1.genblk1.genblk1.genblk1.genblk1.genblk1.lut1 (4 -> 0)
  Optimizing lut $auto$abc_ops_reintegrate.cc:450:reintegrate$167107.genblk1.genblk1.genblk1.genblk1.genblk1.lut1 (4 -> 3)
  Optimizing lut $abc$167024$lut$aiger167023$12940.genblk1.genblk1.genblk1.genblk1.genblk1.genblk1.lut1.genblk1.genblk1.genblk1.genblk1.genblk1.lut0 (4 -> 1)
  Optimizing lut $abc$167024$lut$aiger167023$12940.genblk1.genblk1.genblk1.genblk1.genblk1.genblk1.lut1.genblk1.genblk1.genblk1.genblk1.genblk1.lut1 (4 -> 1)
  Optimizing lut $abc$167024$lut$aiger167023$12518.genblk1.genblk1.genblk1.genblk1.genblk1.genblk1.lut0.genblk1.genblk1.genblk1.genblk1.genblk1.lut1 (4 -> 3)
  Optimizing lut $auto$abc_ops_reintegrate.cc:450:reintegrate$167106.genblk1.genblk1.genblk1.genblk1.genblk1.lut1 (4 -> 3)
  Optimizing lut $auto$abc_ops_reintegrate.cc:450:reintegrate$167105.genblk1.genblk1.genblk1.genblk1.genblk1.lut1 (4 -> 3)
  Optimizing lut $abc$167024$lut$aiger167023$12931.genblk1.genblk1.genblk1.genblk1.genblk1.genblk1.lut1.genblk1.genblk1.genblk1.genblk1.genblk1.lut0 (4 -> 1)
  Optimizing lut $abc$167024$lut$aiger167023$11832.genblk1.genblk1.genblk1.genblk1.genblk1.genblk1.lut1.genblk1.genblk1.genblk1.genblk1.genblk1.lut1 (4 -> 0)
  Optimizing lut $abc$167024$lut$aiger167023$12931.genblk1.genblk1.genblk1.genblk1.genblk1.genblk1.lut1.genblk1.genblk1.genblk1.genblk1.genblk1.lut1 (4 -> 1)
  Optimizing lut $abc$167024$lut$aiger167023$11714.genblk1.genblk1.genblk1.genblk1.genblk1.lut0 (4 -> 0)
  Optimizing lut $abc$167024$lut$aiger167023$12510.genblk1.genblk1.genblk1.genblk1.genblk1.genblk1.lut1.genblk1.genblk1.genblk1.genblk1.genblk1.lut1 (4 -> 3)
  Optimizing lut $abc$167024$lut$aiger167023$13446.genblk1.genblk1.genblk1.genblk1.genblk1.lut1 (4 -> 3)
  Optimizing lut $abc$167024$lut$aiger167023$12235.genblk1.genblk1.genblk1.genblk1.genblk1.lut0 (4 -> 3)
  Optimizing lut $abc$167024$lut$aiger167023$13446.genblk1.genblk1.genblk1.genblk1.genblk1.lut0 (4 -> 3)
  Optimizing lut $auto$abc_ops_reintegrate.cc:450:reintegrate$167104.genblk1.genblk1.genblk1.genblk1.genblk1.lut1 (4 -> 3)
  Optimizing lut $abc$167024$lut$aiger167023$12922.genblk1.genblk1.genblk1.genblk1.genblk1.genblk1.lut1.genblk1.genblk1.genblk1.genblk1.genblk1.lut0 (4 -> 1)
  Optimizing lut $abc$167024$lut$aiger167023$12922.genblk1.genblk1.genblk1.genblk1.genblk1.genblk1.lut1.genblk1.genblk1.genblk1.genblk1.genblk1.lut1 (4 -> 1)
  Optimizing lut $abc$167024$lut$aiger167023$12510.genblk1.genblk1.genblk1.genblk1.genblk1.genblk1.lut0.genblk1.genblk1.genblk1.genblk1.genblk1.lut1 (4 -> 3)
  Optimizing lut $abc$167024$lut$aiger167023$12502.genblk1.genblk1.genblk1.genblk1.genblk1.genblk1.lut1.genblk1.genblk1.genblk1.genblk1.genblk1.lut0 (4 -> 3)
  Optimizing lut $auto$abc_ops_reintegrate.cc:450:reintegrate$167103.genblk1.genblk1.genblk1.genblk1.genblk1.lut1 (4 -> 3)
  Optimizing lut $abc$167024$lut$aiger167023$13440.genblk1.genblk1.genblk1.genblk1.genblk1.lut0 (4 -> 3)
  Optimizing lut $auto$abc_ops_reintegrate.cc:450:reintegrate$167102.genblk1.genblk1.genblk1.genblk1.genblk1.lut1 (4 -> 3)
  Optimizing lut $abc$167024$lut$aiger167023$12502.genblk1.genblk1.genblk1.genblk1.genblk1.genblk1.lut1.genblk1.genblk1.genblk1.genblk1.genblk1.lut1 (4 -> 3)
  Optimizing lut $abc$167024$lut$aiger167023$13434.genblk1.genblk1.genblk1.genblk1.genblk1.lut1 (4 -> 3)
  Optimizing lut $abc$167024$lut$aiger167023$12913.genblk1.genblk1.genblk1.genblk1.genblk1.genblk1.lut1.genblk1.genblk1.genblk1.genblk1.genblk1.lut0 (4 -> 1)
  Optimizing lut $abc$167024$lut$aiger167023$12913.genblk1.genblk1.genblk1.genblk1.genblk1.genblk1.lut1.genblk1.genblk1.genblk1.genblk1.genblk1.lut1 (4 -> 1)
  Optimizing lut $auto$abc_ops_reintegrate.cc:450:reintegrate$167101.genblk1.genblk1.genblk1.genblk1.genblk1.lut1 (4 -> 3)
  Optimizing lut $abc$167024$lut$aiger167023$13428.genblk1.genblk1.genblk1.genblk1.genblk1.lut1 (4 -> 3)
  Optimizing lut $abc$167024$lut$aiger167023$11707.genblk1.genblk1.genblk1.genblk1.genblk1.lut0 (4 -> 0)
  Optimizing lut $auto$abc_ops_reintegrate.cc:450:reintegrate$167100.genblk1.genblk1.genblk1.genblk1.genblk1.lut1 (4 -> 3)
  Optimizing lut $auto$abc_ops_reintegrate.cc:450:reintegrate$167099.genblk1.genblk1.genblk1.genblk1.genblk1.lut1 (4 -> 3)
  Optimizing lut $abc$167024$lut$aiger167023$12904.genblk1.genblk1.genblk1.genblk1.genblk1.genblk1.lut1.genblk1.genblk1.genblk1.genblk1.genblk1.lut0 (4 -> 1)
  Optimizing lut $abc$167024$lut$aiger167023$13428.genblk1.genblk1.genblk1.genblk1.genblk1.lut0 (4 -> 3)
  Optimizing lut $abc$167024$lut$aiger167023$11550.genblk1.genblk1.genblk1.genblk1.genblk1.lut1 (4 -> 0)
  Optimizing lut $abc$167024$lut$aiger167023$12904.genblk1.genblk1.genblk1.genblk1.genblk1.genblk1.lut1.genblk1.genblk1.genblk1.genblk1.genblk1.lut1 (4 -> 1)
  Optimizing lut $abc$167024$lut$aiger167023$12494.genblk1.genblk1.genblk1.genblk1.genblk1.genblk1.lut1.genblk1.genblk1.genblk1.genblk1.genblk1.lut1 (4 -> 3)
  Optimizing lut $auto$abc_ops_reintegrate.cc:450:reintegrate$167098.genblk1.genblk1.genblk1.genblk1.genblk1.lut1 (4 -> 3)
  Optimizing lut $auto$abc_ops_reintegrate.cc:450:reintegrate$167097.genblk1.genblk1.genblk1.genblk1.genblk1.lut1 (4 -> 3)
  Optimizing lut $abc$167024$lut$aiger167023$13422.genblk1.genblk1.genblk1.genblk1.genblk1.lut0 (4 -> 3)
  Optimizing lut $abc$167024$lut$aiger167023$12223.genblk1.genblk1.genblk1.genblk1.genblk1.lut1 (4 -> 3)
  Optimizing lut $abc$167024$lut$aiger167023$12223.genblk1.genblk1.genblk1.genblk1.genblk1.lut0 (4 -> 3)
  Optimizing lut $auto$abc_ops_reintegrate.cc:450:reintegrate$167096.genblk1.genblk1.genblk1.genblk1.genblk1.lut1 (4 -> 3)
  Optimizing lut $abc$167024$lut$aiger167023$12895.genblk1.genblk1.genblk1.genblk1.genblk1.genblk1.lut1.genblk1.genblk1.genblk1.genblk1.genblk1.lut0 (4 -> 1)
  Optimizing lut $abc$167024$lut$aiger167023$12895.genblk1.genblk1.genblk1.genblk1.genblk1.genblk1.lut1.genblk1.genblk1.genblk1.genblk1.genblk1.lut1 (4 -> 1)
  Optimizing lut $auto$abc_ops_reintegrate.cc:450:reintegrate$167095.genblk1.genblk1.genblk1.genblk1.genblk1.lut1 (4 -> 3)
  Optimizing lut $abc$167024$lut$aiger167023$11622.genblk1.genblk1.genblk1.genblk1.genblk1.genblk1.genblk1.lut0.genblk1.genblk1.genblk1.genblk1.genblk1.genblk1.lut1.genblk1.genblk1.genblk1.genblk1.genblk1.lut1 (4 -> 0)
  Optimizing lut $abc$167024$lut$aiger167023$12486.genblk1.genblk1.genblk1.genblk1.genblk1.genblk1.lut1.genblk1.genblk1.genblk1.genblk1.genblk1.lut0 (4 -> 3)
  Optimizing lut $auto$abc_ops_reintegrate.cc:450:reintegrate$167094.genblk1.genblk1.genblk1.genblk1.genblk1.lut1 (4 -> 3)
  Optimizing lut $abc$167024$lut$aiger167023$12486.genblk1.genblk1.genblk1.genblk1.genblk1.genblk1.lut1.genblk1.genblk1.genblk1.genblk1.genblk1.lut1 (4 -> 3)
  Optimizing lut $auto$abc_ops_reintegrate.cc:450:reintegrate$167093.genblk1.genblk1.genblk1.genblk1.genblk1.lut1 (4 -> 3)
  Optimizing lut $auto$abc_ops_reintegrate.cc:450:reintegrate$167092.genblk1.genblk1.genblk1.genblk1.genblk1.lut1 (4 -> 3)
  Optimizing lut $abc$167024$lut$aiger167023$12886.genblk1.genblk1.genblk1.genblk1.genblk1.genblk1.lut1.genblk1.genblk1.genblk1.genblk1.genblk1.lut0 (4 -> 1)
  Optimizing lut $abc$167024$lut$aiger167023$12886.genblk1.genblk1.genblk1.genblk1.genblk1.genblk1.lut1.genblk1.genblk1.genblk1.genblk1.genblk1.lut1 (4 -> 1)
  Optimizing lut $abc$167024$lut$aiger167023$12486.genblk1.genblk1.genblk1.genblk1.genblk1.genblk1.lut0.genblk1.genblk1.genblk1.genblk1.genblk1.lut1 (4 -> 3)
  Optimizing lut $abc$167024$lut$aiger167023$13404.genblk1.genblk1.genblk1.genblk1.genblk1.lut1 (4 -> 3)
  Optimizing lut $abc$167024$lut$aiger167023$12217.genblk1.genblk1.genblk1.genblk1.genblk1.lut0 (4 -> 3)
  Optimizing lut $auto$abc_ops_reintegrate.cc:450:reintegrate$167091.genblk1.genblk1.genblk1.genblk1.genblk1.lut1 (4 -> 3)
  Optimizing lut $abc$167024$lut$aiger167023$12006.genblk1.genblk1.genblk1.genblk1.genblk1.genblk1.lut1.genblk1.genblk1.genblk1.genblk1.genblk1.lut0 (4 -> 1)
  Optimizing lut $abc$167024$lut$aiger167023$13404.genblk1.genblk1.genblk1.genblk1.genblk1.lut0 (4 -> 3)
  Optimizing lut $abc$167024$lut$aiger167023$11817.genblk1.genblk1.genblk1.genblk1.genblk1.genblk1.lut1.genblk1.genblk1.genblk1.genblk1.genblk1.lut1 (4 -> 0)
  Optimizing lut $abc$167024$lut$aiger167023$12006.genblk1.genblk1.genblk1.genblk1.genblk1.genblk1.lut1.genblk1.genblk1.genblk1.genblk1.genblk1.lut1 (4 -> 1)
  Optimizing lut $abc$167024$lut$aiger167023$12877.genblk1.genblk1.genblk1.genblk1.genblk1.genblk1.lut1.genblk1.genblk1.genblk1.genblk1.genblk1.lut1 (4 -> 1)
  Optimizing lut $auto$abc_ops_reintegrate.cc:450:reintegrate$167090.genblk1.genblk1.genblk1.genblk1.genblk1.lut1 (4 -> 3)
  Optimizing lut $abc$167024$lut$aiger167023$13398.genblk1.genblk1.genblk1.genblk1.genblk1.lut1 (4 -> 3)
  Optimizing lut $auto$abc_ops_reintegrate.cc:450:reintegrate$167089.genblk1.genblk1.genblk1.genblk1.genblk1.lut1 (4 -> 3)
  Optimizing lut $abc$167024$lut$aiger167023$12211.genblk1.genblk1.genblk1.genblk1.genblk1.lut1 (4 -> 3)
  Optimizing lut $abc$167024$lut$aiger167023$13398.genblk1.genblk1.genblk1.genblk1.genblk1.lut0 (4 -> 3)
  Optimizing lut $auto$abc_ops_reintegrate.cc:450:reintegrate$167334.genblk1.genblk1.genblk1.genblk1.genblk1.lut1 (4 -> 0)
  Optimizing lut $auto$abc_ops_reintegrate.cc:450:reintegrate$167088.genblk1.genblk1.genblk1.genblk1.genblk1.lut1 (4 -> 3)
  Optimizing lut $abc$167024$lut$aiger167023$12868.genblk1.genblk1.genblk1.genblk1.genblk1.genblk1.lut1.genblk1.genblk1.genblk1.genblk1.genblk1.lut0 (4 -> 1)
  Optimizing lut $abc$167024$lut$aiger167023$12868.genblk1.genblk1.genblk1.genblk1.genblk1.genblk1.lut1.genblk1.genblk1.genblk1.genblk1.genblk1.lut1 (4 -> 1)
  Optimizing lut $abc$167024$lut$aiger167023$13392.genblk1.genblk1.genblk1.genblk1.genblk1.lut0 (4 -> 3)
  Optimizing lut $abc$167024$lut$aiger167023$12472.genblk1.genblk1.genblk1.genblk1.genblk1.lut1 (4 -> 3)
  Optimizing lut $abc$167024$lut$aiger167023$11851.genblk1.genblk1.genblk1.genblk1.genblk1.genblk1.genblk1.genblk1.lut0.genblk1.genblk1.genblk1.genblk1.genblk1.genblk1.genblk1.lut0.genblk1.genblk1.genblk1.genblk1.genblk1.genblk1.lut0.genblk1.genblk1.genblk1.genblk1.genblk1.lut1 (4 -> 0)
  Optimizing lut $auto$abc_ops_reintegrate.cc:450:reintegrate$167087.genblk1.genblk1.genblk1.genblk1.genblk1.lut1 (4 -> 3)
  Optimizing lut $abc$167024$lut$aiger167023$13386.genblk1.genblk1.genblk1.genblk1.genblk1.lut1 (4 -> 3)
  Optimizing lut $abc$167024$lut$aiger167023$12472.genblk1.genblk1.genblk1.genblk1.genblk1.lut0 (4 -> 3)
  Optimizing lut $abc$167024$lut$aiger167023$12859.genblk1.genblk1.genblk1.genblk1.genblk1.genblk1.lut1.genblk1.genblk1.genblk1.genblk1.genblk1.lut0 (4 -> 1)
  Optimizing lut $abc$167024$lut$aiger167023$13386.genblk1.genblk1.genblk1.genblk1.genblk1.lut0 (4 -> 3)
  Optimizing lut $abc$167024$lut$aiger167023$12859.genblk1.genblk1.genblk1.genblk1.genblk1.genblk1.lut1.genblk1.genblk1.genblk1.genblk1.genblk1.lut1 (4 -> 1)
  Optimizing lut $auto$abc_ops_reintegrate.cc:450:reintegrate$167086.genblk1.genblk1.genblk1.genblk1.genblk1.lut1 (4 -> 3)
  Optimizing lut $abc$167024$lut$aiger167023$11997.genblk1.genblk1.genblk1.genblk1.genblk1.genblk1.lut1.genblk1.genblk1.genblk1.genblk1.genblk1.lut0 (4 -> 1)
  Optimizing lut $abc$167024$lut$aiger167023$11997.genblk1.genblk1.genblk1.genblk1.genblk1.genblk1.lut1.genblk1.genblk1.genblk1.genblk1.genblk1.lut1 (4 -> 1)
  Optimizing lut $auto$abc_ops_reintegrate.cc:450:reintegrate$167085.genblk1.genblk1.genblk1.genblk1.genblk1.lut1 (4 -> 3)
  Optimizing lut $abc$167024$lut$aiger167023$13380.genblk1.genblk1.genblk1.genblk1.genblk1.lut0 (4 -> 3)
  Optimizing lut $auto$abc_ops_reintegrate.cc:450:reintegrate$167084.genblk1.genblk1.genblk1.genblk1.genblk1.lut1 (4 -> 3)
  Optimizing lut $abc$167024$lut$aiger167023$12466.genblk1.genblk1.genblk1.genblk1.genblk1.lut1 (4 -> 3)
  Optimizing lut $abc$167024$lut$aiger167023$12850.genblk1.genblk1.genblk1.genblk1.genblk1.genblk1.lut1.genblk1.genblk1.genblk1.genblk1.genblk1.lut0 (4 -> 1)
  Optimizing lut $abc$167024$lut$aiger167023$12466.genblk1.genblk1.genblk1.genblk1.genblk1.lut0 (4 -> 3)
  Optimizing lut $abc$167024$lut$aiger167023$12850.genblk1.genblk1.genblk1.genblk1.genblk1.genblk1.lut1.genblk1.genblk1.genblk1.genblk1.genblk1.lut1 (4 -> 1)
  Optimizing lut $abc$167024$lut$aiger167023$8358.genblk1.genblk1.genblk1.genblk1.genblk1.lut1 (4 -> 1)
  Optimizing lut $abc$167024$lut$aiger167023$13374.genblk1.genblk1.genblk1.genblk1.genblk1.lut1 (4 -> 3)
  Optimizing lut $auto$abc_ops_reintegrate.cc:450:reintegrate$167084.genblk1.genblk1.genblk1.genblk1.genblk1.lut0 (4 -> 3)
  Optimizing lut $abc$167024$lut$aiger167023$12841.genblk1.genblk1.genblk1.genblk1.genblk1.genblk1.lut1.genblk1.genblk1.genblk1.genblk1.genblk1.lut0 (4 -> 1)
  Optimizing lut $abc$167024$lut$aiger167023$13374.genblk1.genblk1.genblk1.genblk1.genblk1.lut0 (4 -> 3)
  Optimizing lut $abc$167024$lut$aiger167023$11573.genblk1.genblk1.genblk1.genblk1.genblk1.lut0 (4 -> 0)
  Optimizing lut $abc$167024$lut$aiger167023$11361.genblk1.genblk1.genblk1.genblk1.genblk1.genblk1.lut1.genblk1.genblk1.genblk1.genblk1.genblk1.lut0 (4 -> 0)
  Optimizing lut $abc$167024$lut$aiger167023$12841.genblk1.genblk1.genblk1.genblk1.genblk1.genblk1.lut1.genblk1.genblk1.genblk1.genblk1.genblk1.lut1 (4 -> 1)
  Optimizing lut $abc$167024$lut$aiger167023$12460.genblk1.genblk1.genblk1.genblk1.genblk1.lut1 (4 -> 3)
  Optimizing lut $abc$167024$lut$aiger167023$13368.genblk1.genblk1.genblk1.genblk1.genblk1.lut0 (4 -> 3)
  Optimizing lut $abc$167024$lut$aiger167023$12460.genblk1.genblk1.genblk1.genblk1.genblk1.lut0 (4 -> 3)
  Optimizing lut $abc$167024$lut$aiger167023$13362.genblk1.genblk1.genblk1.genblk1.genblk1.lut1 (4 -> 3)
  Optimizing lut $abc$167024$lut$aiger167023$12199.genblk1.genblk1.genblk1.genblk1.genblk1.lut1 (4 -> 3)
  Optimizing lut $abc$167024$lut$aiger167023$12832.genblk1.genblk1.genblk1.genblk1.genblk1.genblk1.lut1.genblk1.genblk1.genblk1.genblk1.genblk1.lut0 (4 -> 1)
  Optimizing lut $abc$167024$lut$aiger167023$12199.genblk1.genblk1.genblk1.genblk1.genblk1.lut0 (4 -> 3)
  Optimizing lut $abc$167024$lut$aiger167023$12832.genblk1.genblk1.genblk1.genblk1.genblk1.genblk1.lut1.genblk1.genblk1.genblk1.genblk1.genblk1.lut1 (4 -> 1)
  Optimizing lut $abc$167024$lut$aiger167023$11988.genblk1.genblk1.genblk1.genblk1.genblk1.genblk1.lut1.genblk1.genblk1.genblk1.genblk1.genblk1.lut0 (4 -> 1)
  Optimizing lut $abc$167024$lut$aiger167023$11988.genblk1.genblk1.genblk1.genblk1.genblk1.genblk1.lut1.genblk1.genblk1.genblk1.genblk1.genblk1.lut1 (4 -> 1)
  Optimizing lut $abc$167024$lut$aiger167023$13356.genblk1.genblk1.genblk1.genblk1.genblk1.genblk1.lut1.genblk1.genblk1.genblk1.genblk1.genblk1.lut0 (4 -> 3)
  Optimizing lut $abc$167024$lut$aiger167023$13356.genblk1.genblk1.genblk1.genblk1.genblk1.genblk1.lut1.genblk1.genblk1.genblk1.genblk1.genblk1.lut1 (4 -> 3)
  Optimizing lut $abc$167024$lut$aiger167023$12823.genblk1.genblk1.genblk1.genblk1.genblk1.genblk1.lut1.genblk1.genblk1.genblk1.genblk1.genblk1.lut1 (4 -> 1)
  Optimizing lut $abc$167024$lut$aiger167023$13356.genblk1.genblk1.genblk1.genblk1.genblk1.genblk1.lut0.genblk1.genblk1.genblk1.genblk1.genblk1.lut1 (4 -> 3)
  Optimizing lut $abc$167024$lut$aiger167023$13348.genblk1.genblk1.genblk1.genblk1.genblk1.genblk1.lut1.genblk1.genblk1.genblk1.genblk1.genblk1.lut1 (4 -> 3)
  Optimizing lut $abc$167024$lut$aiger167023$11397.genblk1.genblk1.genblk1.genblk1.genblk1.genblk1.lut1.genblk1.genblk1.genblk1.genblk1.genblk1.lut1 (4 -> 0)
  Optimizing lut $abc$167024$lut$aiger167023$12448.genblk1.genblk1.genblk1.genblk1.genblk1.lut0 (4 -> 3)
  Optimizing lut $abc$167024$lut$aiger167023$12193.genblk1.genblk1.genblk1.genblk1.genblk1.lut1 (4 -> 3)
  Optimizing lut $abc$167024$lut$aiger167023$12193.genblk1.genblk1.genblk1.genblk1.genblk1.lut0 (4 -> 3)
  Optimizing lut $abc$167024$lut$aiger167023$12814.genblk1.genblk1.genblk1.genblk1.genblk1.genblk1.lut1.genblk1.genblk1.genblk1.genblk1.genblk1.lut0 (4 -> 1)
  Optimizing lut $abc$167024$lut$aiger167023$11842.genblk1.genblk1.genblk1.genblk1.genblk1.genblk1.lut1.genblk1.genblk1.genblk1.genblk1.genblk1.lut0 (4 -> 0)
  Optimizing lut $abc$167024$lut$aiger167023$12814.genblk1.genblk1.genblk1.genblk1.genblk1.genblk1.lut1.genblk1.genblk1.genblk1.genblk1.genblk1.lut1 (4 -> 1)
  Optimizing lut $abc$167024$lut$aiger167023$13348.genblk1.genblk1.genblk1.genblk1.genblk1.genblk1.lut0.genblk1.genblk1.genblk1.genblk1.genblk1.lut1 (4 -> 3)
  Optimizing lut $abc$167024$lut$aiger167023$13340.genblk1.genblk1.genblk1.genblk1.genblk1.genblk1.lut1.genblk1.genblk1.genblk1.genblk1.genblk1.lut1 (4 -> 3)
  Optimizing lut $abc$167024$lut$aiger167023$11979.genblk1.genblk1.genblk1.genblk1.genblk1.genblk1.lut1.genblk1.genblk1.genblk1.genblk1.genblk1.lut1 (4 -> 1)
  Optimizing lut $abc$167024$lut$aiger167023$13340.genblk1.genblk1.genblk1.genblk1.genblk1.genblk1.lut0.genblk1.genblk1.genblk1.genblk1.genblk1.lut1 (4 -> 3)
  Optimizing lut $abc$167024$lut$aiger167023$12442.genblk1.genblk1.genblk1.genblk1.genblk1.lut1 (4 -> 3)
  Optimizing lut $abc$167024$lut$aiger167023$12805.genblk1.genblk1.genblk1.genblk1.genblk1.lut1 (4 -> 1)
  Optimizing lut $abc$167024$lut$aiger167023$12442.genblk1.genblk1.genblk1.genblk1.genblk1.lut0 (4 -> 3)
  Optimizing lut $abc$167024$lut$aiger167023$11832.genblk1.genblk1.genblk1.genblk1.genblk1.genblk1.lut0.genblk1.genblk1.genblk1.genblk1.genblk1.lut1 (4 -> 0)
  Optimizing lut $abc$167024$lut$aiger167023$13332.genblk1.genblk1.genblk1.genblk1.genblk1.genblk1.lut1.genblk1.genblk1.genblk1.genblk1.genblk1.lut0 (4 -> 3)
  Optimizing lut $abc$167024$lut$aiger167023$13332.genblk1.genblk1.genblk1.genblk1.genblk1.genblk1.lut1.genblk1.genblk1.genblk1.genblk1.genblk1.lut1 (4 -> 3)
  Optimizing lut $abc$167024$lut$aiger167023$12436.genblk1.genblk1.genblk1.genblk1.genblk1.lut1 (4 -> 3)
  Optimizing lut $abc$167024$lut$aiger167023$12187.genblk1.genblk1.genblk1.genblk1.genblk1.lut0 (4 -> 3)
  Optimizing lut $abc$167024$lut$aiger167023$11680.genblk1.genblk1.genblk1.genblk1.genblk1.genblk1.lut1.genblk1.genblk1.genblk1.genblk1.genblk1.lut1 (4 -> 0)
  Optimizing lut $abc$167024$lut$aiger167023$12801.genblk1.genblk1.genblk1.genblk1.genblk1.lut1 (4 -> 3)
  Optimizing lut $abc$167024$lut$aiger167023$12801.genblk1.genblk1.genblk1.genblk1.genblk1.lut0 (4 -> 3)
  Optimizing lut $abc$167024$lut$aiger167023$13324.genblk1.genblk1.genblk1.genblk1.genblk1.genblk1.lut1.genblk1.genblk1.genblk1.genblk1.genblk1.lut0 (4 -> 3)
  Optimizing lut $abc$167024$lut$aiger167023$13324.genblk1.genblk1.genblk1.genblk1.genblk1.genblk1.lut1.genblk1.genblk1.genblk1.genblk1.genblk1.lut1 (4 -> 3)
  Optimizing lut $abc$167024$lut$aiger167023$13332.genblk1.genblk1.genblk1.genblk1.genblk1.genblk1.lut0.genblk1.genblk1.genblk1.genblk1.genblk1.lut1 (4 -> 3)
  Optimizing lut $abc$167024$lut$aiger167023$11970.genblk1.genblk1.genblk1.genblk1.genblk1.genblk1.lut1.genblk1.genblk1.genblk1.genblk1.genblk1.lut0 (4 -> 1)
  Optimizing lut $abc$167024$lut$aiger167023$12795.genblk1.genblk1.genblk1.genblk1.genblk1.lut0 (4 -> 3)
  Optimizing lut $abc$167024$lut$aiger167023$11970.genblk1.genblk1.genblk1.genblk1.genblk1.genblk1.lut1.genblk1.genblk1.genblk1.genblk1.genblk1.lut1 (4 -> 1)
  Optimizing lut $abc$167024$lut$aiger167023$13324.genblk1.genblk1.genblk1.genblk1.genblk1.genblk1.lut0.genblk1.genblk1.genblk1.genblk1.genblk1.lut1 (4 -> 3)
  Optimizing lut $abc$167024$lut$aiger167023$12181.genblk1.genblk1.genblk1.genblk1.genblk1.genblk1.genblk1.genblk1.lut0.genblk1.genblk1.genblk1.genblk1.genblk1.genblk1.genblk1.lut0.genblk1.genblk1.genblk1.genblk1.genblk1.genblk1.lut1.genblk1.genblk1.genblk1.genblk1.genblk1.lut1 (4 -> 0)
  Optimizing lut $abc$167024$lut$aiger167023$13316.genblk1.genblk1.genblk1.genblk1.genblk1.genblk1.lut1.genblk1.genblk1.genblk1.genblk1.genblk1.lut0 (4 -> 3)
  Optimizing lut $abc$167024$lut$aiger167023$12430.genblk1.genblk1.genblk1.genblk1.genblk1.lut0 (4 -> 3)
  Optimizing lut $abc$167024$lut$aiger167023$13316.genblk1.genblk1.genblk1.genblk1.genblk1.genblk1.lut1.genblk1.genblk1.genblk1.genblk1.genblk1.lut1 (4 -> 3)
  Optimizing lut $abc$167024$lut$aiger167023$12789.genblk1.genblk1.genblk1.genblk1.genblk1.lut0 (4 -> 3)
  Optimizing lut $abc$167024$lut$aiger167023$11607.genblk1.genblk1.genblk1.genblk1.genblk1.genblk1.lut1.genblk1.genblk1.genblk1.genblk1.genblk1.lut1 (4 -> 0)
  Optimizing lut $abc$167024$lut$aiger167023$13308.genblk1.genblk1.genblk1.genblk1.genblk1.genblk1.lut1.genblk1.genblk1.genblk1.genblk1.genblk1.lut0 (4 -> 3)
  Optimizing lut $abc$167024$lut$aiger167023$13308.genblk1.genblk1.genblk1.genblk1.genblk1.genblk1.lut1.genblk1.genblk1.genblk1.genblk1.genblk1.lut1 (4 -> 3)
  Optimizing lut $abc$167024$lut$aiger167023$12783.genblk1.genblk1.genblk1.genblk1.genblk1.lut0 (4 -> 3)
  Optimizing lut $abc$167024$lut$aiger167023$12424.genblk1.genblk1.genblk1.genblk1.genblk1.lut1 (4 -> 3)
  Optimizing lut $abc$167024$lut$aiger167023$11961.genblk1.genblk1.genblk1.genblk1.genblk1.genblk1.lut1.genblk1.genblk1.genblk1.genblk1.genblk1.lut0 (4 -> 1)
  Optimizing lut $abc$167024$lut$aiger167023$12424.genblk1.genblk1.genblk1.genblk1.genblk1.lut0 (4 -> 3)
  Optimizing lut $abc$167024$lut$aiger167023$11961.genblk1.genblk1.genblk1.genblk1.genblk1.genblk1.lut1.genblk1.genblk1.genblk1.genblk1.genblk1.lut1 (4 -> 1)
  Optimizing lut $abc$167024$lut$aiger167023$13308.genblk1.genblk1.genblk1.genblk1.genblk1.genblk1.lut0.genblk1.genblk1.genblk1.genblk1.genblk1.lut1 (4 -> 3)
  Optimizing lut $abc$167024$lut$aiger167023$13300.genblk1.genblk1.genblk1.genblk1.genblk1.genblk1.lut1.genblk1.genblk1.genblk1.genblk1.genblk1.lut1 (4 -> 3)
  Optimizing lut $abc$167024$lut$aiger167023$12418.genblk1.genblk1.genblk1.genblk1.genblk1.lut1 (4 -> 3)
  Optimizing lut $abc$167024$lut$aiger167023$12777.genblk1.genblk1.genblk1.genblk1.genblk1.lut0 (4 -> 3)
  Optimizing lut $abc$167024$lut$aiger167023$12771.genblk1.genblk1.genblk1.genblk1.genblk1.lut1 (4 -> 3)
  Optimizing lut $abc$167024$lut$aiger167023$12418.genblk1.genblk1.genblk1.genblk1.genblk1.lut0 (4 -> 3)
  Optimizing lut $abc$167024$lut$aiger167023$13292.genblk1.genblk1.genblk1.genblk1.genblk1.genblk1.lut1.genblk1.genblk1.genblk1.genblk1.genblk1.lut0 (4 -> 3)
  Optimizing lut $abc$167024$lut$aiger167023$13292.genblk1.genblk1.genblk1.genblk1.genblk1.genblk1.lut1.genblk1.genblk1.genblk1.genblk1.genblk1.lut1 (4 -> 3)
  Optimizing lut $abc$167024$lut$aiger167023$13300.genblk1.genblk1.genblk1.genblk1.genblk1.genblk1.lut0.genblk1.genblk1.genblk1.genblk1.genblk1.lut1 (4 -> 3)
  Optimizing lut $abc$167024$lut$aiger167023$12412.genblk1.genblk1.genblk1.genblk1.genblk1.lut1 (4 -> 3)
  Optimizing lut $abc$167024$lut$aiger167023$11490.genblk1.genblk1.genblk1.genblk1.genblk1.genblk1.genblk1.genblk1.lut0.genblk1.genblk1.genblk1.genblk1.genblk1.genblk1.genblk1.lut0.genblk1.genblk1.genblk1.genblk1.genblk1.genblk1.lut1.genblk1.genblk1.genblk1.genblk1.genblk1.lut1 (4 -> 0)
  Optimizing lut $abc$167024$lut$aiger167023$12765.genblk1.genblk1.genblk1.genblk1.genblk1.lut1 (4 -> 3)
  Optimizing lut $abc$167024$lut$aiger167023$12412.genblk1.genblk1.genblk1.genblk1.genblk1.lut0 (4 -> 3)
  Optimizing lut $abc$167024$lut$aiger167023$13284.genblk1.genblk1.genblk1.genblk1.genblk1.genblk1.lut1.genblk1.genblk1.genblk1.genblk1.genblk1.lut0 (4 -> 3)
  Optimizing lut $abc$167024$lut$aiger167023$12765.genblk1.genblk1.genblk1.genblk1.genblk1.lut0 (4 -> 3)
  Optimizing lut $abc$167024$lut$aiger167023$13284.genblk1.genblk1.genblk1.genblk1.genblk1.genblk1.lut1.genblk1.genblk1.genblk1.genblk1.genblk1.lut1 (4 -> 3)
  Optimizing lut $abc$167024$lut$aiger167023$13292.genblk1.genblk1.genblk1.genblk1.genblk1.genblk1.lut0.genblk1.genblk1.genblk1.genblk1.genblk1.lut1 (4 -> 3)
  Optimizing lut $abc$167024$lut$aiger167023$11952.genblk1.genblk1.genblk1.genblk1.genblk1.genblk1.lut1.genblk1.genblk1.genblk1.genblk1.genblk1.lut0 (4 -> 1)
  Optimizing lut $abc$167024$lut$aiger167023$11952.genblk1.genblk1.genblk1.genblk1.genblk1.genblk1.lut1.genblk1.genblk1.genblk1.genblk1.genblk1.lut1 (4 -> 1)
  Optimizing lut $abc$167024$lut$aiger167023$13284.genblk1.genblk1.genblk1.genblk1.genblk1.genblk1.lut0.genblk1.genblk1.genblk1.genblk1.genblk1.lut1 (4 -> 3)
  Optimizing lut $abc$167024$lut$aiger167023$13276.genblk1.genblk1.genblk1.genblk1.genblk1.genblk1.lut1.genblk1.genblk1.genblk1.genblk1.genblk1.lut0 (4 -> 3)
  Optimizing lut $abc$167024$lut$aiger167023$12759.genblk1.genblk1.genblk1.genblk1.genblk1.lut0 (4 -> 3)
  Optimizing lut $abc$167024$lut$aiger167023$13276.genblk1.genblk1.genblk1.genblk1.genblk1.genblk1.lut1.genblk1.genblk1.genblk1.genblk1.genblk1.lut1 (4 -> 3)
  Optimizing lut $auto$abc_ops_reintegrate.cc:450:reintegrate$167336.genblk1.genblk1.genblk1.genblk1.genblk1.lut1 (4 -> 0)
  Optimizing lut $abc$167024$lut$aiger167023$12406.genblk1.genblk1.genblk1.genblk1.genblk1.lut0 (4 -> 3)
  Optimizing lut $abc$167024$lut$aiger167023$12753.genblk1.genblk1.genblk1.genblk1.genblk1.lut1 (4 -> 3)
  Optimizing lut $abc$167024$lut$aiger167023$13268.genblk1.genblk1.genblk1.genblk1.genblk1.genblk1.lut1.genblk1.genblk1.genblk1.genblk1.genblk1.lut0 (4 -> 3)
  Optimizing lut $abc$167024$lut$aiger167023$12753.genblk1.genblk1.genblk1.genblk1.genblk1.lut0 (4 -> 3)
  Optimizing lut $abc$167024$lut$aiger167023$13268.genblk1.genblk1.genblk1.genblk1.genblk1.genblk1.lut1.genblk1.genblk1.genblk1.genblk1.genblk1.lut1 (4 -> 3)
  Optimizing lut $abc$167024$lut$aiger167023$13276.genblk1.genblk1.genblk1.genblk1.genblk1.genblk1.lut0.genblk1.genblk1.genblk1.genblk1.genblk1.lut1 (4 -> 3)
  Optimizing lut $abc$167024$lut$aiger167023$11943.genblk1.genblk1.genblk1.genblk1.genblk1.genblk1.lut1.genblk1.genblk1.genblk1.genblk1.genblk1.lut0 (4 -> 1)
  Optimizing lut $abc$167024$lut$aiger167023$11943.genblk1.genblk1.genblk1.genblk1.genblk1.genblk1.lut1.genblk1.genblk1.genblk1.genblk1.genblk1.lut1 (4 -> 1)
  Optimizing lut $abc$167024$lut$aiger167023$13268.genblk1.genblk1.genblk1.genblk1.genblk1.genblk1.lut0.genblk1.genblk1.genblk1.genblk1.genblk1.lut1 (4 -> 3)
  Optimizing lut $abc$167024$lut$aiger167023$12747.genblk1.genblk1.genblk1.genblk1.genblk1.lut1 (4 -> 3)
  Optimizing lut $abc$167024$lut$aiger167023$12400.genblk1.genblk1.genblk1.genblk1.genblk1.lut0 (4 -> 3)
  Optimizing lut $abc$167024$lut$aiger167023$13260.genblk1.genblk1.genblk1.genblk1.genblk1.genblk1.lut1.genblk1.genblk1.genblk1.genblk1.genblk1.lut0 (4 -> 3)
  Optimizing lut $abc$167024$lut$aiger167023$11665.genblk1.genblk1.genblk1.genblk1.genblk1.genblk1.lut1.genblk1.genblk1.genblk1.genblk1.genblk1.lut1 (4 -> 0)
  Optimizing lut $abc$167024$lut$aiger167023$12747.genblk1.genblk1.genblk1.genblk1.genblk1.lut0 (4 -> 3)
  Optimizing lut $abc$167024$lut$aiger167023$13260.genblk1.genblk1.genblk1.genblk1.genblk1.genblk1.lut1.genblk1.genblk1.genblk1.genblk1.genblk1.lut1 (4 -> 3)
  Optimizing lut $abc$167024$lut$aiger167023$12394.genblk1.genblk1.genblk1.genblk1.genblk1.lut1 (4 -> 3)
  Optimizing lut $abc$167024$lut$aiger167023$12741.genblk1.genblk1.genblk1.genblk1.genblk1.lut1 (4 -> 3)
  Optimizing lut $abc$167024$lut$aiger167023$12394.genblk1.genblk1.genblk1.genblk1.genblk1.lut0 (4 -> 3)
  Optimizing lut $abc$167024$lut$aiger167023$13252.genblk1.genblk1.genblk1.genblk1.genblk1.genblk1.lut1.genblk1.genblk1.genblk1.genblk1.genblk1.lut0 (4 -> 3)
  Optimizing lut $abc$167024$lut$aiger167023$13252.genblk1.genblk1.genblk1.genblk1.genblk1.genblk1.lut1.genblk1.genblk1.genblk1.genblk1.genblk1.lut1 (4 -> 3)
  Optimizing lut $abc$167024$lut$aiger167023$13260.genblk1.genblk1.genblk1.genblk1.genblk1.genblk1.lut0.genblk1.genblk1.genblk1.genblk1.genblk1.lut1 (4 -> 3)
  Optimizing lut $abc$167024$lut$aiger167023$11934.genblk1.genblk1.genblk1.genblk1.genblk1.genblk1.lut1.genblk1.genblk1.genblk1.genblk1.genblk1.lut1 (4 -> 1)
  Optimizing lut $abc$167024$lut$aiger167023$13252.genblk1.genblk1.genblk1.genblk1.genblk1.genblk1.lut0.genblk1.genblk1.genblk1.genblk1.genblk1.lut1 (4 -> 3)
  Optimizing lut $abc$167024$lut$aiger167023$12735.genblk1.genblk1.genblk1.genblk1.genblk1.lut0 (4 -> 3)
  Optimizing lut $abc$167024$lut$aiger167023$12388.genblk1.genblk1.genblk1.genblk1.genblk1.lut1 (4 -> 3)
  Optimizing lut $abc$167024$lut$aiger167023$13244.genblk1.genblk1.genblk1.genblk1.genblk1.genblk1.lut1.genblk1.genblk1.genblk1.genblk1.genblk1.lut0 (4 -> 3)
  Optimizing lut $abc$167024$lut$aiger167023$13244.genblk1.genblk1.genblk1.genblk1.genblk1.genblk1.lut1.genblk1.genblk1.genblk1.genblk1.genblk1.lut1 (4 -> 3)
  Optimizing lut $abc$167024$lut$aiger167023$11638.genblk1.genblk1.genblk1.genblk1.genblk1.genblk1.genblk1.lut0.genblk1.genblk1.genblk1.genblk1.genblk1.genblk1.lut1.genblk1.genblk1.genblk1.genblk1.genblk1.lut0 (4 -> 0)
  Optimizing lut $abc$167024$lut$aiger167023$13236.genblk1.genblk1.genblk1.genblk1.genblk1.genblk1.lut1.genblk1.genblk1.genblk1.genblk1.genblk1.lut0 (4 -> 3)
  Optimizing lut $abc$167024$lut$aiger167023$12729.genblk1.genblk1.genblk1.genblk1.genblk1.lut0 (4 -> 3)
  Optimizing lut $abc$167024$lut$aiger167023$11361.genblk1.genblk1.genblk1.genblk1.genblk1.genblk1.lut1.genblk1.genblk1.genblk1.genblk1.genblk1.lut1 (4 -> 0)
  Optimizing lut $abc$167024$lut$aiger167023$13236.genblk1.genblk1.genblk1.genblk1.genblk1.genblk1.lut1.genblk1.genblk1.genblk1.genblk1.genblk1.lut1 (4 -> 3)
  Optimizing lut $abc$167024$lut$aiger167023$13244.genblk1.genblk1.genblk1.genblk1.genblk1.genblk1.lut0.genblk1.genblk1.genblk1.genblk1.genblk1.lut1 (4 -> 3)
  Optimizing lut $abc$167024$lut$aiger167023$13156.genblk1.genblk1.genblk1.genblk1.genblk1.lut1 (4 -> 3)
  Optimizing lut $abc$167024$lut$aiger167023$11580.genblk1.genblk1.genblk1.genblk1.genblk1.genblk1.genblk1.lut0.genblk1.genblk1.genblk1.genblk1.genblk1.genblk1.lut0.genblk1.genblk1.genblk1.genblk1.genblk1.lut1 (4 -> 2)
  Optimizing lut $abc$167024$lut$aiger167023$12723.genblk1.genblk1.genblk1.genblk1.genblk1.lut1 (4 -> 3)
  Optimizing lut $abc$167024$lut$aiger167023$11765.genblk1.genblk1.genblk1.genblk1.genblk1.genblk1.genblk1.genblk1.lut1.genblk1.genblk1.genblk1.genblk1.genblk1.genblk1.genblk1.lut0.genblk1.genblk1.genblk1.genblk1.genblk1.genblk1.lut1.genblk1.genblk1.genblk1.genblk1.genblk1.lut1 (4 -> 0)
  Optimizing lut $abc$167024$lut$aiger167023$12723.genblk1.genblk1.genblk1.genblk1.genblk1.lut0 (4 -> 3)
  Optimizing lut $abc$167024$lut$aiger167023$11925.genblk1.genblk1.genblk1.genblk1.genblk1.genblk1.lut1.genblk1.genblk1.genblk1.genblk1.genblk1.lut0 (4 -> 1)
  Optimizing lut $abc$167024$lut$aiger167023$11925.genblk1.genblk1.genblk1.genblk1.genblk1.genblk1.lut1.genblk1.genblk1.genblk1.genblk1.genblk1.lut1 (4 -> 1)
  Optimizing lut $abc$167024$lut$aiger167023$12717.genblk1.genblk1.genblk1.genblk1.genblk1.lut1 (4 -> 3)
  Optimizing lut $abc$167024$lut$aiger167023$13228.genblk1.genblk1.genblk1.genblk1.genblk1.lut0 (4 -> 3)
  Optimizing lut $abc$167024$lut$aiger167023$11523.genblk1.genblk1.genblk1.genblk1.genblk1.genblk1.lut1.genblk1.genblk1.genblk1.genblk1.genblk1.lut1 (4 -> 0)
  Optimizing lut $abc$167024$lut$aiger167023$12378.genblk1.genblk1.genblk1.genblk1.genblk1.lut1 (4 -> 3)
  Optimizing lut $abc$167024$lut$aiger167023$13222.genblk1.genblk1.genblk1.genblk1.genblk1.lut1 (4 -> 3)
  Optimizing lut $abc$167024$lut$aiger167023$11765.genblk1.genblk1.genblk1.genblk1.genblk1.genblk1.genblk1.genblk1.lut0.genblk1.genblk1.genblk1.genblk1.genblk1.genblk1.genblk1.lut0.genblk1.genblk1.genblk1.genblk1.genblk1.genblk1.lut1.genblk1.genblk1.genblk1.genblk1.genblk1.lut1 (4 -> 0)
  Optimizing lut $abc$167024$lut$aiger167023$12372.genblk1.genblk1.genblk1.genblk1.genblk1.lut1 (4 -> 3)
  Optimizing lut $abc$167024$lut$aiger167023$13222.genblk1.genblk1.genblk1.genblk1.genblk1.lut0 (4 -> 3)
  Optimizing lut $abc$167024$lut$aiger167023$12372.genblk1.genblk1.genblk1.genblk1.genblk1.lut0 (4 -> 3)
  Optimizing lut $abc$167024$lut$aiger167023$13216.genblk1.genblk1.genblk1.genblk1.genblk1.lut1 (4 -> 3)
  Optimizing lut $abc$167024$lut$aiger167023$12711.genblk1.genblk1.genblk1.genblk1.genblk1.lut1 (4 -> 3)
  Optimizing lut $abc$167024$lut$aiger167023$13216.genblk1.genblk1.genblk1.genblk1.genblk1.lut0 (4 -> 3)
  Optimizing lut $abc$167024$lut$aiger167023$13210.genblk1.genblk1.genblk1.genblk1.genblk1.lut1 (4 -> 3)
  Optimizing lut $abc$167024$lut$aiger167023$12711.genblk1.genblk1.genblk1.genblk1.genblk1.lut0 (4 -> 3)
  Optimizing lut $abc$167024$lut$aiger167023$11765.genblk1.genblk1.genblk1.genblk1.genblk1.genblk1.genblk1.genblk1.lut1.genblk1.genblk1.genblk1.genblk1.genblk1.genblk1.genblk1.lut1.genblk1.genblk1.genblk1.genblk1.genblk1.genblk1.lut1.genblk1.genblk1.genblk1.genblk1.genblk1.lut1 (4 -> 0)
  Optimizing lut $abc$167024$lut$aiger167023$11916.genblk1.genblk1.genblk1.genblk1.genblk1.genblk1.lut1.genblk1.genblk1.genblk1.genblk1.genblk1.lut0 (4 -> 1)
  Optimizing lut $abc$167024$lut$aiger167023$11916.genblk1.genblk1.genblk1.genblk1.genblk1.genblk1.lut1.genblk1.genblk1.genblk1.genblk1.genblk1.lut1 (4 -> 1)
  Optimizing lut $abc$167024$lut$aiger167023$11632.genblk1.genblk1.genblk1.genblk1.genblk1.genblk1.genblk1.lut0.genblk1.genblk1.genblk1.genblk1.genblk1.genblk1.lut0.genblk1.genblk1.genblk1.genblk1.genblk1.lut1 (4 -> 0)
  Optimizing lut $abc$167024$lut$aiger167023$12366.genblk1.genblk1.genblk1.genblk1.genblk1.lut1 (4 -> 3)
  Optimizing lut $abc$167024$lut$aiger167023$13204.genblk1.genblk1.genblk1.genblk1.genblk1.lut1 (4 -> 3)
  Optimizing lut $abc$167024$lut$aiger167023$12366.genblk1.genblk1.genblk1.genblk1.genblk1.lut0 (4 -> 3)
  Optimizing lut $abc$167024$lut$aiger167023$13198.genblk1.genblk1.genblk1.genblk1.genblk1.lut1 (4 -> 3)
  Optimizing lut $abc$167024$lut$aiger167023$12699.genblk1.genblk1.genblk1.genblk1.genblk1.lut1 (4 -> 3)
  Optimizing lut $abc$167024$lut$aiger167023$12360.genblk1.genblk1.genblk1.genblk1.genblk1.lut1 (4 -> 3)
  Optimizing lut $abc$167024$lut$aiger167023$12699.genblk1.genblk1.genblk1.genblk1.genblk1.lut0 (4 -> 3)
  Optimizing lut $abc$167024$lut$aiger167023$13192.genblk1.genblk1.genblk1.genblk1.genblk1.lut1 (4 -> 3)
  Optimizing lut $abc$167024$lut$aiger167023$12360.genblk1.genblk1.genblk1.genblk1.genblk1.lut0 (4 -> 3)
  Optimizing lut $abc$167024$lut$aiger167023$12693.genblk1.genblk1.genblk1.genblk1.genblk1.lut1 (4 -> 3)
  Optimizing lut $abc$167024$lut$aiger167023$13192.genblk1.genblk1.genblk1.genblk1.genblk1.lut0 (4 -> 3)
  Optimizing lut $abc$167024$lut$aiger167023$11907.genblk1.genblk1.genblk1.genblk1.genblk1.genblk1.lut1.genblk1.genblk1.genblk1.genblk1.genblk1.lut0 (4 -> 1)
  Optimizing lut $abc$167024$lut$aiger167023$11907.genblk1.genblk1.genblk1.genblk1.genblk1.genblk1.lut1.genblk1.genblk1.genblk1.genblk1.genblk1.lut1 (4 -> 1)
  Optimizing lut $abc$167024$lut$aiger167023$12354.genblk1.genblk1.genblk1.genblk1.genblk1.lut1 (4 -> 3)
  Optimizing lut $abc$167024$lut$aiger167023$13186.genblk1.genblk1.genblk1.genblk1.genblk1.lut0 (4 -> 3)
  Optimizing lut $abc$167024$lut$aiger167023$12354.genblk1.genblk1.genblk1.genblk1.genblk1.lut0 (4 -> 3)
  Optimizing lut $abc$167024$lut$aiger167023$13180.genblk1.genblk1.genblk1.genblk1.genblk1.lut1 (4 -> 3)
  Optimizing lut $abc$167024$lut$aiger167023$12687.genblk1.genblk1.genblk1.genblk1.genblk1.lut1 (4 -> 3)
  Optimizing lut $abc$167024$lut$aiger167023$13180.genblk1.genblk1.genblk1.genblk1.genblk1.lut0 (4 -> 3)
  Optimizing lut $abc$167024$lut$aiger167023$13174.genblk1.genblk1.genblk1.genblk1.genblk1.lut1 (4 -> 3)
  Optimizing lut $abc$167024$lut$aiger167023$12687.genblk1.genblk1.genblk1.genblk1.genblk1.lut0 (4 -> 3)
  Optimizing lut $abc$167024$lut$aiger167023$12681.genblk1.genblk1.genblk1.genblk1.genblk1.lut1 (4 -> 3)
  Optimizing lut $abc$167024$lut$aiger167023$13174.genblk1.genblk1.genblk1.genblk1.genblk1.lut0 (4 -> 3)
  Optimizing lut $abc$167024$lut$aiger167023$13168.genblk1.genblk1.genblk1.genblk1.genblk1.lut1 (4 -> 3)
  Optimizing lut $abc$167024$lut$aiger167023$12681.genblk1.genblk1.genblk1.genblk1.genblk1.lut0 (4 -> 3)
  Optimizing lut $abc$167024$lut$aiger167023$13168.genblk1.genblk1.genblk1.genblk1.genblk1.lut0 (4 -> 3)
  Optimizing lut $abc$167024$lut$aiger167023$12348.genblk1.genblk1.genblk1.genblk1.genblk1.lut1 (4 -> 3)
  Optimizing lut $abc$167024$lut$aiger167023$13162.genblk1.genblk1.genblk1.genblk1.genblk1.lut1 (4 -> 3)
  Optimizing lut $abc$167024$lut$aiger167023$12348.genblk1.genblk1.genblk1.genblk1.genblk1.lut0 (4 -> 3)
  Optimizing lut $abc$167024$lut$aiger167023$12675.genblk1.genblk1.genblk1.genblk1.genblk1.lut1 (4 -> 3)
  Optimizing lut $abc$167024$lut$aiger167023$13162.genblk1.genblk1.genblk1.genblk1.genblk1.lut0 (4 -> 3)
  Optimizing lut $abc$167024$lut$aiger167023$13150.genblk1.genblk1.genblk1.genblk1.genblk1.lut1 (4 -> 3)
  Optimizing lut $abc$167024$lut$aiger167023$12675.genblk1.genblk1.genblk1.genblk1.genblk1.lut0 (4 -> 3)
  Optimizing lut $abc$167024$lut$aiger167023$5620.genblk1.genblk1.genblk1.genblk1.genblk1.genblk1.genblk1.genblk1.lut1.genblk1.genblk1.genblk1.genblk1.genblk1.genblk1.genblk1.lut1.genblk1.genblk1.genblk1.genblk1.genblk1.genblk1.lut1.genblk1.genblk1.genblk1.genblk1.genblk1.lut1 (4 -> 1)
  Optimizing lut $abc$167024$lut$aiger167023$5709.genblk1.genblk1.genblk1.genblk1.genblk1.genblk1.genblk1.genblk1.lut1.genblk1.genblk1.genblk1.genblk1.genblk1.genblk1.genblk1.lut0.genblk1.genblk1.genblk1.genblk1.genblk1.genblk1.lut1.genblk1.genblk1.genblk1.genblk1.genblk1.lut1 (4 -> 1)
  Optimizing lut $abc$167024$lut$aiger167023$5780.genblk1.genblk1.genblk1.genblk1.genblk1.genblk1.genblk1.genblk1.lut0.genblk1.genblk1.genblk1.genblk1.genblk1.genblk1.genblk1.lut0.genblk1.genblk1.genblk1.genblk1.genblk1.genblk1.lut1.genblk1.genblk1.genblk1.genblk1.genblk1.lut1 (4 -> 2)
  Optimizing lut $abc$167024$lut$aiger167023$5780.genblk1.genblk1.genblk1.genblk1.genblk1.genblk1.genblk1.genblk1.lut1.genblk1.genblk1.genblk1.genblk1.genblk1.genblk1.genblk1.lut0.genblk1.genblk1.genblk1.genblk1.genblk1.genblk1.lut1.genblk1.genblk1.genblk1.genblk1.genblk1.lut1 (4 -> 2)
  Optimizing lut $abc$167024$lut$aiger167023$5722.genblk1.genblk1.genblk1.genblk1.genblk1.genblk1.genblk1.genblk1.lut1.genblk1.genblk1.genblk1.genblk1.genblk1.genblk1.genblk1.lut0.genblk1.genblk1.genblk1.genblk1.genblk1.genblk1.lut1.genblk1.genblk1.genblk1.genblk1.genblk1.lut1 (4 -> 0)
  Optimizing lut $abc$167024$lut$aiger167023$5806.genblk1.genblk1.genblk1.genblk1.genblk1.genblk1.genblk1.genblk1.lut0.genblk1.genblk1.genblk1.genblk1.genblk1.genblk1.genblk1.lut0.genblk1.genblk1.genblk1.genblk1.genblk1.genblk1.lut1.genblk1.genblk1.genblk1.genblk1.genblk1.lut1 (4 -> 1)
  Optimizing lut $abc$167024$lut$aiger167023$5822.genblk1.genblk1.genblk1.genblk1.genblk1.genblk1.genblk1.genblk1.lut0.genblk1.genblk1.genblk1.genblk1.genblk1.genblk1.genblk1.lut0.genblk1.genblk1.genblk1.genblk1.genblk1.genblk1.lut1.genblk1.genblk1.genblk1.genblk1.genblk1.lut1 (4 -> 1)
  Optimizing lut $abc$167024$lut$aiger167023$5838.genblk1.genblk1.genblk1.genblk1.genblk1.genblk1.genblk1.genblk1.lut0.genblk1.genblk1.genblk1.genblk1.genblk1.genblk1.genblk1.lut0.genblk1.genblk1.genblk1.genblk1.genblk1.genblk1.lut1.genblk1.genblk1.genblk1.genblk1.genblk1.lut1 (4 -> 1)
  Optimizing lut $abc$167024$lut$aiger167023$5877.genblk1.genblk1.genblk1.genblk1.genblk1.genblk1.genblk1.genblk1.lut0.genblk1.genblk1.genblk1.genblk1.genblk1.genblk1.genblk1.lut0.genblk1.genblk1.genblk1.genblk1.genblk1.genblk1.lut1.genblk1.genblk1.genblk1.genblk1.genblk1.lut1 (4 -> 1)
  Optimizing lut $abc$167024$lut$aiger167023$5890.genblk1.genblk1.genblk1.genblk1.genblk1.genblk1.genblk1.genblk1.lut0.genblk1.genblk1.genblk1.genblk1.genblk1.genblk1.genblk1.lut0.genblk1.genblk1.genblk1.genblk1.genblk1.genblk1.lut1.genblk1.genblk1.genblk1.genblk1.genblk1.lut1 (4 -> 1)
  Optimizing lut $abc$167024$lut$aiger167023$5903.genblk1.genblk1.genblk1.genblk1.genblk1.genblk1.genblk1.genblk1.lut0.genblk1.genblk1.genblk1.genblk1.genblk1.genblk1.genblk1.lut0.genblk1.genblk1.genblk1.genblk1.genblk1.genblk1.lut1.genblk1.genblk1.genblk1.genblk1.genblk1.lut1 (4 -> 1)
  Optimizing lut $abc$167024$lut$aiger167023$5916.genblk1.genblk1.genblk1.genblk1.genblk1.genblk1.genblk1.genblk1.lut0.genblk1.genblk1.genblk1.genblk1.genblk1.genblk1.genblk1.lut0.genblk1.genblk1.genblk1.genblk1.genblk1.genblk1.lut1.genblk1.genblk1.genblk1.genblk1.genblk1.lut1 (4 -> 1)
  Optimizing lut $abc$167024$lut$aiger167023$5929.genblk1.genblk1.genblk1.genblk1.genblk1.genblk1.genblk1.genblk1.lut0.genblk1.genblk1.genblk1.genblk1.genblk1.genblk1.genblk1.lut0.genblk1.genblk1.genblk1.genblk1.genblk1.genblk1.lut1.genblk1.genblk1.genblk1.genblk1.genblk1.lut1 (4 -> 1)
  Optimizing lut $abc$167024$lut$aiger167023$5942.genblk1.genblk1.genblk1.genblk1.genblk1.genblk1.genblk1.genblk1.lut0.genblk1.genblk1.genblk1.genblk1.genblk1.genblk1.genblk1.lut0.genblk1.genblk1.genblk1.genblk1.genblk1.genblk1.lut1.genblk1.genblk1.genblk1.genblk1.genblk1.lut1 (4 -> 1)
  Optimizing lut $abc$167024$lut$aiger167023$5955.genblk1.genblk1.genblk1.genblk1.genblk1.genblk1.genblk1.genblk1.lut0.genblk1.genblk1.genblk1.genblk1.genblk1.genblk1.genblk1.lut0.genblk1.genblk1.genblk1.genblk1.genblk1.genblk1.lut1.genblk1.genblk1.genblk1.genblk1.genblk1.lut1 (4 -> 0)
  Optimizing lut $abc$167024$lut$aiger167023$5955.genblk1.genblk1.genblk1.genblk1.genblk1.genblk1.genblk1.genblk1.lut1.genblk1.genblk1.genblk1.genblk1.genblk1.genblk1.genblk1.lut0.genblk1.genblk1.genblk1.genblk1.genblk1.genblk1.lut1.genblk1.genblk1.genblk1.genblk1.genblk1.lut1 (4 -> 0)
  Optimizing lut $abc$167024$lut$aiger167023$5982.genblk1.genblk1.genblk1.genblk1.genblk1.genblk1.genblk1.genblk1.lut0.genblk1.genblk1.genblk1.genblk1.genblk1.genblk1.genblk1.lut0.genblk1.genblk1.genblk1.genblk1.genblk1.genblk1.lut1.genblk1.genblk1.genblk1.genblk1.genblk1.lut1 (4 -> 3)
  Optimizing lut $abc$167024$lut$aiger167023$5982.genblk1.genblk1.genblk1.genblk1.genblk1.genblk1.genblk1.genblk1.lut1.genblk1.genblk1.genblk1.genblk1.genblk1.genblk1.genblk1.lut0.genblk1.genblk1.genblk1.genblk1.genblk1.genblk1.lut1.genblk1.genblk1.genblk1.genblk1.genblk1.lut1 (4 -> 3)
  Optimizing lut $abc$167024$lut$aiger167023$6010.genblk1.genblk1.genblk1.genblk1.genblk1.genblk1.genblk1.lut0.genblk1.genblk1.genblk1.genblk1.genblk1.genblk1.lut1.genblk1.genblk1.genblk1.genblk1.genblk1.lut1 (4 -> 2)
  Optimizing lut $abc$167024$lut$aiger167023$6022.genblk1.genblk1.genblk1.genblk1.genblk1.genblk1.genblk1.lut0.genblk1.genblk1.genblk1.genblk1.genblk1.genblk1.lut1.genblk1.genblk1.genblk1.genblk1.genblk1.lut1 (4 -> 0)
  Optimizing lut $abc$167024$lut$aiger167023$6028.genblk1.genblk1.genblk1.genblk1.genblk1.genblk1.lut1.genblk1.genblk1.genblk1.genblk1.genblk1.lut1 (4 -> 2)
  Optimizing lut $abc$167024$lut$aiger167023$6037.genblk1.genblk1.genblk1.genblk1.genblk1.genblk1.genblk1.lut0.genblk1.genblk1.genblk1.genblk1.genblk1.genblk1.lut1.genblk1.genblk1.genblk1.genblk1.genblk1.lut1 (4 -> 1)
  Optimizing lut $abc$167024$lut$aiger167023$6065.genblk1.genblk1.genblk1.genblk1.genblk1.genblk1.genblk1.lut0.genblk1.genblk1.genblk1.genblk1.genblk1.genblk1.lut1.genblk1.genblk1.genblk1.genblk1.genblk1.lut1 (4 -> 2)
  Optimizing lut $abc$167024$lut$aiger167023$6079.genblk1.genblk1.genblk1.genblk1.genblk1.genblk1.genblk1.lut0.genblk1.genblk1.genblk1.genblk1.genblk1.genblk1.lut1.genblk1.genblk1.genblk1.genblk1.genblk1.lut1 (4 -> 0)
  Optimizing lut $abc$167024$lut$aiger167023$6083.genblk1.genblk1.genblk1.genblk1.genblk1.lut0 (4 -> 0)
  Optimizing lut $abc$167024$lut$aiger167023$6098.genblk1.genblk1.genblk1.genblk1.genblk1.lut0 (4 -> 0)
  Optimizing lut $auto$abc_ops_reintegrate.cc:450:reintegrate$167339.genblk1.genblk1.genblk1.genblk1.genblk1.lut1 (4 -> 3)
  Optimizing lut $auto$abc_ops_reintegrate.cc:450:reintegrate$167340.genblk1.genblk1.genblk1.genblk1.genblk1.lut0 (4 -> 3)
  Optimizing lut $abc$167024$lut$aiger167023$6259.genblk1.genblk1.genblk1.genblk1.genblk1.lut0 (4 -> 0)
  Optimizing lut $abc$167024$lut$aiger167023$6270.genblk1.genblk1.genblk1.genblk1.genblk1.lut0 (4 -> 0)
  Optimizing lut $abc$167024$lut$aiger167023$6318.genblk1.genblk1.genblk1.genblk1.genblk1.lut0 (4 -> 0)
  Optimizing lut $abc$167024$lut$aiger167023$6367.genblk1.genblk1.genblk1.genblk1.genblk1.lut0 (4 -> 0)
  Optimizing lut $abc$167024$lut$aiger167023$6417.genblk1.genblk1.genblk1.genblk1.genblk1.lut0 (4 -> 0)
  Optimizing lut $abc$167024$lut$aiger167023$6435.genblk1.genblk1.genblk1.genblk1.genblk1.lut0 (4 -> 0)
  Optimizing lut $auto$abc_ops_reintegrate.cc:450:reintegrate$167276.genblk1.genblk1.genblk1.genblk1.genblk1.lut0 (4 -> 3)
  Optimizing lut $abc$167024$lut$aiger167023$6451.genblk1.genblk1.genblk1.genblk1.genblk1.lut0 (4 -> 0)
  Optimizing lut $auto$abc_ops_reintegrate.cc:450:reintegrate$167196.genblk1.genblk1.genblk1.genblk1.genblk1.lut0 (4 -> 3)
  Optimizing lut $abc$167024$lut$aiger167023$6494.genblk1.genblk1.genblk1.genblk1.genblk1.genblk1.lut1.genblk1.genblk1.genblk1.genblk1.genblk1.lut1 (4 -> 1)
  Optimizing lut $abc$167024$lut$aiger167023$5955.genblk1.genblk1.genblk1.genblk1.genblk1.genblk1.genblk1.genblk1.lut0.genblk1.genblk1.genblk1.genblk1.genblk1.genblk1.genblk1.lut0.genblk1.genblk1.genblk1.genblk1.genblk1.genblk1.lut0.genblk1.genblk1.genblk1.genblk1.genblk1.lut1 (4 -> 0)
  Optimizing lut $abc$167024$lut$aiger167023$6506.genblk1.genblk1.genblk1.genblk1.genblk1.genblk1.lut1.genblk1.genblk1.genblk1.genblk1.genblk1.lut1 (4 -> 1)
  Optimizing lut $abc$167024$lut$aiger167023$6515.genblk1.genblk1.genblk1.genblk1.genblk1.genblk1.lut1.genblk1.genblk1.genblk1.genblk1.genblk1.lut1 (4 -> 1)
  Optimizing lut $abc$167024$lut$aiger167023$6524.genblk1.genblk1.genblk1.genblk1.genblk1.genblk1.lut1.genblk1.genblk1.genblk1.genblk1.genblk1.lut1 (4 -> 1)
  Optimizing lut $abc$167024$lut$aiger167023$6533.genblk1.genblk1.genblk1.genblk1.genblk1.genblk1.lut1.genblk1.genblk1.genblk1.genblk1.genblk1.lut1 (4 -> 1)
  Optimizing lut $abc$167024$lut$aiger167023$6542.genblk1.genblk1.genblk1.genblk1.genblk1.genblk1.lut1.genblk1.genblk1.genblk1.genblk1.genblk1.lut1 (4 -> 1)
  Optimizing lut $abc$167024$lut$aiger167023$6551.genblk1.genblk1.genblk1.genblk1.genblk1.genblk1.lut1.genblk1.genblk1.genblk1.genblk1.genblk1.lut1 (4 -> 1)
  Optimizing lut $abc$167024$lut$aiger167023$6560.genblk1.genblk1.genblk1.genblk1.genblk1.genblk1.lut1.genblk1.genblk1.genblk1.genblk1.genblk1.lut1 (4 -> 1)
  Optimizing lut $abc$167024$lut$aiger167023$6569.genblk1.genblk1.genblk1.genblk1.genblk1.genblk1.lut1.genblk1.genblk1.genblk1.genblk1.genblk1.lut1 (4 -> 1)
  Optimizing lut $abc$167024$lut$aiger167023$6578.genblk1.genblk1.genblk1.genblk1.genblk1.genblk1.lut1.genblk1.genblk1.genblk1.genblk1.genblk1.lut1 (4 -> 1)
  Optimizing lut $abc$167024$lut$aiger167023$6587.genblk1.genblk1.genblk1.genblk1.genblk1.genblk1.lut1.genblk1.genblk1.genblk1.genblk1.genblk1.lut1 (4 -> 1)
  Optimizing lut $abc$167024$lut$aiger167023$6596.genblk1.genblk1.genblk1.genblk1.genblk1.genblk1.lut1.genblk1.genblk1.genblk1.genblk1.genblk1.lut1 (4 -> 1)
  Optimizing lut $abc$167024$lut$aiger167023$6605.genblk1.genblk1.genblk1.genblk1.genblk1.genblk1.lut1.genblk1.genblk1.genblk1.genblk1.genblk1.lut1 (4 -> 1)
  Optimizing lut $abc$167024$lut$aiger167023$6614.genblk1.genblk1.genblk1.genblk1.genblk1.genblk1.lut1.genblk1.genblk1.genblk1.genblk1.genblk1.lut1 (4 -> 1)
  Optimizing lut $abc$167024$lut$aiger167023$6623.genblk1.genblk1.genblk1.genblk1.genblk1.genblk1.lut1.genblk1.genblk1.genblk1.genblk1.genblk1.lut1 (4 -> 1)
  Optimizing lut $abc$167024$lut$aiger167023$6632.genblk1.genblk1.genblk1.genblk1.genblk1.genblk1.lut1.genblk1.genblk1.genblk1.genblk1.genblk1.lut1 (4 -> 1)
  Optimizing lut $abc$167024$lut$aiger167023$6623.genblk1.genblk1.genblk1.genblk1.genblk1.genblk1.lut0.genblk1.genblk1.genblk1.genblk1.genblk1.lut1 (4 -> 1)
  Optimizing lut $auto$abc_ops_reintegrate.cc:450:reintegrate$167260.genblk1.genblk1.genblk1.genblk1.genblk1.genblk1.genblk1.lut1.genblk1.genblk1.genblk1.genblk1.genblk1.genblk1.lut1.genblk1.genblk1.genblk1.genblk1.genblk1.lut1 (4 -> 3)
  Optimizing lut $auto$abc_ops_reintegrate.cc:450:reintegrate$167244.genblk1.genblk1.genblk1.genblk1.genblk1.lut0 (4 -> 3)
  Optimizing lut $auto$abc_ops_reintegrate.cc:450:reintegrate$167228.genblk1.genblk1.genblk1.genblk1.genblk1.lut0 (4 -> 3)
  Optimizing lut $abc$167024$lut$aiger167023$7587.genblk1.genblk1.genblk1.genblk1.genblk1.genblk1.lut0.genblk1.genblk1.genblk1.genblk1.genblk1.lut1 (4 -> 1)
  Optimizing lut $abc$167024$lut$aiger167023$7542.genblk1.genblk1.genblk1.genblk1.genblk1.genblk1.lut1.genblk1.genblk1.genblk1.genblk1.genblk1.lut1 (4 -> 1)
  Optimizing lut $abc$167024$lut$aiger167023$7533.genblk1.genblk1.genblk1.genblk1.genblk1.genblk1.lut1.genblk1.genblk1.genblk1.genblk1.genblk1.lut1 (4 -> 1)
  Optimizing lut $abc$167024$lut$aiger167023$7524.genblk1.genblk1.genblk1.genblk1.genblk1.genblk1.lut1.genblk1.genblk1.genblk1.genblk1.genblk1.lut1 (4 -> 1)
  Optimizing lut $abc$167024$lut$aiger167023$7515.genblk1.genblk1.genblk1.genblk1.genblk1.genblk1.lut1.genblk1.genblk1.genblk1.genblk1.genblk1.lut1 (4 -> 1)
  Optimizing lut $abc$167024$lut$aiger167023$7506.genblk1.genblk1.genblk1.genblk1.genblk1.genblk1.lut1.genblk1.genblk1.genblk1.genblk1.genblk1.lut1 (4 -> 1)
  Optimizing lut $abc$167024$lut$aiger167023$7497.genblk1.genblk1.genblk1.genblk1.genblk1.genblk1.lut1.genblk1.genblk1.genblk1.genblk1.genblk1.lut1 (4 -> 1)
  Optimizing lut $abc$167024$lut$aiger167023$7479.genblk1.genblk1.genblk1.genblk1.genblk1.genblk1.lut1.genblk1.genblk1.genblk1.genblk1.genblk1.lut1 (4 -> 1)
  Optimizing lut $abc$167024$lut$aiger167023$7488.genblk1.genblk1.genblk1.genblk1.genblk1.genblk1.lut1.genblk1.genblk1.genblk1.genblk1.genblk1.lut1 (4 -> 1)
  Optimizing lut $abc$167024$lut$aiger167023$7470.genblk1.genblk1.genblk1.genblk1.genblk1.genblk1.lut1.genblk1.genblk1.genblk1.genblk1.genblk1.lut1 (4 -> 1)
  Optimizing lut $abc$167024$lut$aiger167023$7461.genblk1.genblk1.genblk1.genblk1.genblk1.genblk1.lut1.genblk1.genblk1.genblk1.genblk1.genblk1.lut1 (4 -> 1)
  Optimizing lut $abc$167024$lut$aiger167023$5864.genblk1.genblk1.genblk1.genblk1.genblk1.genblk1.genblk1.genblk1.lut0.genblk1.genblk1.genblk1.genblk1.genblk1.genblk1.genblk1.lut0.genblk1.genblk1.genblk1.genblk1.genblk1.genblk1.lut1.genblk1.genblk1.genblk1.genblk1.genblk1.lut1 (4 -> 1)
  Optimizing lut $abc$167024$lut$aiger167023$5851.genblk1.genblk1.genblk1.genblk1.genblk1.genblk1.genblk1.genblk1.lut0.genblk1.genblk1.genblk1.genblk1.genblk1.genblk1.genblk1.lut0.genblk1.genblk1.genblk1.genblk1.genblk1.genblk1.lut1.genblk1.genblk1.genblk1.genblk1.genblk1.lut1 (4 -> 1)
  Optimizing lut $abc$167024$lut$aiger167023$7578.genblk1.genblk1.genblk1.genblk1.genblk1.genblk1.lut1.genblk1.genblk1.genblk1.genblk1.genblk1.lut1 (4 -> 1)
  Optimizing lut $abc$167024$lut$aiger167023$7569.genblk1.genblk1.genblk1.genblk1.genblk1.genblk1.lut1.genblk1.genblk1.genblk1.genblk1.genblk1.lut1 (4 -> 1)
  Optimizing lut $abc$167024$lut$aiger167023$7560.genblk1.genblk1.genblk1.genblk1.genblk1.genblk1.lut1.genblk1.genblk1.genblk1.genblk1.genblk1.lut1 (4 -> 1)
  Optimizing lut $abc$167024$lut$aiger167023$7551.genblk1.genblk1.genblk1.genblk1.genblk1.genblk1.lut1.genblk1.genblk1.genblk1.genblk1.genblk1.lut1 (4 -> 1)
  Optimizing lut $abc$167024$lut$aiger167023$7596.genblk1.genblk1.genblk1.genblk1.genblk1.genblk1.lut1.genblk1.genblk1.genblk1.genblk1.genblk1.lut1 (4 -> 1)
  Optimizing lut $abc$167024$lut$aiger167023$7587.genblk1.genblk1.genblk1.genblk1.genblk1.genblk1.lut1.genblk1.genblk1.genblk1.genblk1.genblk1.lut1 (4 -> 1)
  Optimizing lut $auto$abc_ops_reintegrate.cc:450:reintegrate$167348.genblk1.genblk1.genblk1.genblk1.genblk1.lut1 (4 -> 1)
  Optimizing lut $auto$abc_ops_reintegrate.cc:450:reintegrate$167315.genblk1.genblk1.genblk1.genblk1.genblk1.genblk1.genblk1.genblk1.lut1.genblk1.genblk1.genblk1.genblk1.genblk1.genblk1.genblk1.lut1.genblk1.genblk1.genblk1.genblk1.genblk1.genblk1.lut1.genblk1.genblk1.genblk1.genblk1.genblk1.lut1 (4 -> 0)
  Optimizing lut $auto$abc_ops_reintegrate.cc:450:reintegrate$167348.genblk1.genblk1.genblk1.genblk1.genblk1.lut0 (4 -> 3)
  Optimizing lut $abc$167024$lut$aiger167023$5602.genblk1.genblk1.genblk1.genblk1.genblk1.genblk1.genblk1.genblk1.lut0.genblk1.genblk1.genblk1.genblk1.genblk1.genblk1.genblk1.lut0.genblk1.genblk1.genblk1.genblk1.genblk1.genblk1.lut1.genblk1.genblk1.genblk1.genblk1.genblk1.lut1 (4 -> 0)
  Optimizing lut $abc$167024$lut$aiger167023$5620.genblk1.genblk1.genblk1.genblk1.genblk1.genblk1.genblk1.genblk1.lut0.genblk1.genblk1.genblk1.genblk1.genblk1.genblk1.genblk1.lut0.genblk1.genblk1.genblk1.genblk1.genblk1.genblk1.lut1.genblk1.genblk1.genblk1.genblk1.genblk1.lut1 (4 -> 1)
  Optimizing lut $abc$167024$lut$aiger167023$5602.genblk1.genblk1.genblk1.genblk1.genblk1.genblk1.genblk1.genblk1.lut1.genblk1.genblk1.genblk1.genblk1.genblk1.genblk1.genblk1.lut0.genblk1.genblk1.genblk1.genblk1.genblk1.genblk1.lut1.genblk1.genblk1.genblk1.genblk1.genblk1.lut1 (4 -> 0)
  Optimizing lut $auto$abc_ops_reintegrate.cc:450:reintegrate$167315.genblk1.genblk1.genblk1.genblk1.genblk1.genblk1.genblk1.genblk1.lut1.genblk1.genblk1.genblk1.genblk1.genblk1.genblk1.genblk1.lut0.genblk1.genblk1.genblk1.genblk1.genblk1.genblk1.lut1.genblk1.genblk1.genblk1.genblk1.genblk1.lut1 (4 -> 0)
  Optimizing lut $abc$167024$lut$aiger167023$5657.genblk1.genblk1.genblk1.genblk1.genblk1.genblk1.genblk1.genblk1.lut0.genblk1.genblk1.genblk1.genblk1.genblk1.genblk1.genblk1.lut0.genblk1.genblk1.genblk1.genblk1.genblk1.genblk1.lut1.genblk1.genblk1.genblk1.genblk1.genblk1.lut1 (4 -> 1)
  Optimizing lut $abc$167024$lut$aiger167023$5670.genblk1.genblk1.genblk1.genblk1.genblk1.genblk1.genblk1.genblk1.lut0.genblk1.genblk1.genblk1.genblk1.genblk1.genblk1.genblk1.lut0.genblk1.genblk1.genblk1.genblk1.genblk1.genblk1.lut1.genblk1.genblk1.genblk1.genblk1.genblk1.lut1 (4 -> 1)
  Optimizing lut $abc$167024$lut$aiger167023$5683.genblk1.genblk1.genblk1.genblk1.genblk1.genblk1.genblk1.genblk1.lut0.genblk1.genblk1.genblk1.genblk1.genblk1.genblk1.genblk1.lut0.genblk1.genblk1.genblk1.genblk1.genblk1.genblk1.lut1.genblk1.genblk1.genblk1.genblk1.genblk1.lut1 (4 -> 1)
  Optimizing lut $abc$167024$lut$aiger167023$5696.genblk1.genblk1.genblk1.genblk1.genblk1.genblk1.genblk1.genblk1.lut0.genblk1.genblk1.genblk1.genblk1.genblk1.genblk1.genblk1.lut0.genblk1.genblk1.genblk1.genblk1.genblk1.genblk1.lut1.genblk1.genblk1.genblk1.genblk1.genblk1.lut1 (4 -> 1)
  Optimizing lut $abc$167024$lut$aiger167023$5709.genblk1.genblk1.genblk1.genblk1.genblk1.genblk1.genblk1.genblk1.lut0.genblk1.genblk1.genblk1.genblk1.genblk1.genblk1.genblk1.lut0.genblk1.genblk1.genblk1.genblk1.genblk1.genblk1.lut1.genblk1.genblk1.genblk1.genblk1.genblk1.lut1 (4 -> 1)
  Optimizing lut $abc$167024$lut$aiger167023$5722.genblk1.genblk1.genblk1.genblk1.genblk1.genblk1.genblk1.genblk1.lut0.genblk1.genblk1.genblk1.genblk1.genblk1.genblk1.genblk1.lut0.genblk1.genblk1.genblk1.genblk1.genblk1.genblk1.lut1.genblk1.genblk1.genblk1.genblk1.genblk1.lut1 (4 -> 0)
  Optimizing lut $abc$167024$lut$aiger167023$11425.genblk1.genblk1.genblk1.genblk1.genblk1.genblk1.genblk1.genblk1.lut1.genblk1.genblk1.genblk1.genblk1.genblk1.genblk1.genblk1.lut0.genblk1.genblk1.genblk1.genblk1.genblk1.genblk1.lut1.genblk1.genblk1.genblk1.genblk1.genblk1.lut1 (4 -> 0)

8.47. Executing HILOMAP pass (mapping to constant drivers).
Removed 0 unused cells and 10491 unused wires.

8.48. Executing AUTONAME pass.
Renamed 12573 objects in module matching_engine (1105 iterations).
<suppressed ~12573 debug messages>

8.49. Executing HIERARCHY pass (managing design hierarchy).
Attribute `top' found on module `matching_engine'. Setting top module to matching_engine.

8.49.1. Analyzing design hierarchy..
Top module:  \matching_engine

8.49.2. Analyzing design hierarchy..
Top module:  \matching_engine
Removed 0 unused modules.

8.50. Printing statistics.

=== matching_engine ===

        +----------Local Count, excluding submodules.
        | 
     5684 wires
     9451 wire bits
     5684 public wires
     9451 public wire bits
       12 ports
       12 port bits
     5082 cells
        7   $scopeinfo
        1   GND
        2   IBUF
      713   LUT1
      253   LUT2
     1651   LUT3
      883   LUT4
     1109   MUX2_LUT5
      319   MUX2_LUT6
      103   MUX2_LUT7
       30   MUX2_LUT8
       10   OBUF
        1   VCC
     1975 submodules
      410   ALU
       12   DFF
     1474   DFFE
        8   DFFR
       70   DFFRE
        1   DFFSE

=== design hierarchy ===

        +----------Count including submodules.
        | 
     5082 matching_engine

        +----------Count including submodules.
        | 
     5684 wires
     9451 wire bits
     5684 public wires
     9451 public wire bits
       12 ports
       12 port bits
        - memories
        - memory bits
        - processes
     5082 cells
        7   $scopeinfo
        1   GND
        2   IBUF
      713   LUT1
      253   LUT2
     1651   LUT3
      883   LUT4
     1109   MUX2_LUT5
      319   MUX2_LUT6
      103   MUX2_LUT7
       30   MUX2_LUT8
       10   OBUF
        1   VCC
     1975 submodules
      410   ALU
       12   DFF
     1474   DFFE
        8   DFFR
       70   DFFRE
        1   DFFSE

8.51. Executing CHECK pass (checking for obvious problems).
Checking module matching_engine...
Found and reported 0 problems.

9. Printing statistics.

=== matching_engine ===

        +----------Local Count, excluding submodules.
        | 
     5684 wires
     9451 wire bits
     5684 public wires
     9451 public wire bits
       12 ports
       12 port bits
     7057 cells
        7   $scopeinfo
      410   ALU
       12   DFF
     1474   DFFE
        8   DFFR
       70   DFFRE
        1   DFFSE
        1   GND
        2   IBUF
      713   LUT1
      253   LUT2
     1651   LUT3
      883   LUT4
     1109   MUX2_LUT5
      319   MUX2_LUT6
      103   MUX2_LUT7
       30   MUX2_LUT8
       10   OBUF
        1   VCC

End of script. Logfile hash: 685fc8c76b, time: 4.42s, user: 3.28s, system: 0.12s, MEM: 239.91 MB peak
Yosys 0.66+91 (git sha1 8869ce61d, Release, Clang /usr/local/osxcross/target/bin/aarch64-apple-darwin23.5-clang++ 18.1.8)
Time spent: 26% 1x abc9_exe (1 sec), 19% 1x autoname (0 sec), ...
